{"3":[0.501,0.501,0.501,0.0501,0.05103,0.501,0.501,0.501,0.5005,0.501,0.501,0.0503,0.501,0.501,0.05026,0.501,0.501,0.501,0.5005,0.501,0.501,0.501,0.501,0.501,0.501,0.501,0.501,0.501,0.5005,0.501,0.501,0.501,0.501,0.501,0.501,0.501,0.501,0.501,0.501,0.5005,0.05048,0.501,0.501,0.501,0.501,0.9497,0.501,0.5005,0.501,0.501,0.501,0.5,0.501,0.501,0.501,0.501,0.9497,0.501,0.501,0.5005,0.501,0.501,0.05164,0.501,0.501,0.501,0.501,0.501,0.501,0.501,0.05148,0.501,0.501,0.501,0.501,0.501,0.501,0.501,0.501,0.5005,0.05023,0.5005,0.501,0.5005,0.5005,0.501,0.501,0.5005,0.501,0.501,0.501,0.501,0.5005,0.95,0.501,0.501,0.501,0.501,0.501,0.501],"4":[0.4995,0.4995,0.4995,0.4995,0.95,0.4998,0.4995,0.948,0.4998,0.4995,0.4995,0.4995,0.4995,0.4995,0.4995,0.95,0.95,0.4995,0.4995,0.4995,0.95,0.4995,0.4995,0.4995,0.4995,0.9497,0.95,0.4995,0.4995,0.4995,0.4995,0.4995,0.4995,0.948,0.4995,0.4995,0.95,0.4995,0.4995,0.4995,0.4995,0.4995,0.4995,0.4995,0.4995,0.4995,0.4995,0.4995,0.4995,0.4995,0.4995,0.4995,0.9497,0.95,0.4998,0.4995,0.4995,0.95,0.4995,0.4995,0.4995,0.95,0.95,0.4995,0.4995,0.4998,0.4998,0.4995,0.4995,0.4995,0.4995,0.4995,0.4995,0.4998,0.95,0.5,0.4995,0.4995,0.4995,0.4995,0.4998,0.4998,0.95,0.4998,0.95,0.4998,0.4995,0.4995,0.4998,0.4995,0.4995,0.4995,0.4998,0.4998,0.4998,0.4995,0.95,0.4998,0.5,0.4995],"1":[0.5005,0.501,0.501,0.501,0.501,0.501,0.501,0.501,0.501,0.501,0.501,0.501,0.501,0.501,0.501,0.501,0.501,0.501,0.501,0.501,0.501,0.501,0.501,0.501,0.501,0.501,0.05023,0.501,0.501,0.501,0.501,0.501,0.501,0.05072,0.501,0.501,0.501,0.501,0.5005,0.501,0.501,0.501,0.501,0.501,0.501,0.501,0.05017,0.501,0.05124,0.501,0.501,0.501,0.05078,0.501,0.05112,0.501,0.501,0.501,0.501,0.05045,0.501,0.0506,0.501,0.0503,0.05023,0.5005,0.501,0.0506,0.501,0.501,0.501,0.501,0.05023,0.501,0.501,0.501,0.501,0.501,0.501,0.501,0.5005,0.5005,0.501,0.0502,0.501,0.501,0.501,0.501,0.0509,0.501,0.05035,0.501,0.501,0.501,0.501,0.501,0.5005,0.501,0.501,0.501],"5":[0.4988,0.499,0.499,0.4995,0.4985,0.4988,0.4993,0.4985,0.95,0.95,0.498,0.4985,0.499,0.95,0.95,0.95,0.95,0.4985,0.95,0.499,0.95,0.4988,0.499,0.499,0.4988,0.499,0.4993,0.499,0.4985,0.95,0.95,0.4983,0.95,0.95,0.95,0.95,0.95,0.4995,0.498,0.4993,0.499,0.95,0.4993,0.95,0.4993,0.95,0.95,0.499,0.95,0.499,0.95,0.4985,0.95,0.4985,0.95,0.4993,0.4985,0.95,0.4993,0.4985,0.4988,0.499,0.499,0.499,0.4988,0.95,0.499,0.499,0.4988,0.95,0.4988,0.95,0.4988,0.95,0.95,0.95,0.95,0.95,0.4988,0.95,0.4988,0.499,0.4985,0.4985,0.4988,0.4993,0.95,0.499,0.95,0.95,0.499,0.95,0.95,0.499,0.95,0.499,0.499,0.95,0.4993,0.95],"2":[0.948,0.05,0.05,0.05,0.949,0.05,0.05,0.05,0.949,0.05,0.948,0.9487,0.949,0.949,0.05,0.9487,0.05,0.948,0.948,0.05,0.9487,0.949,0.948,0.05,0.948,0.948,0.949,0.948,0.949,0.948,0.949,0.9487,0.9487,0.949,0.949,0.9487,0.949,0.948,0.9497,0.9487,0.949,0.948,0.05,0.9497,0.948,0.9487,0.949,0.948,0.9497,0.949,0.05,0.948,0.949,0.05,0.05,0.05,0.949,0.05,0.949,0.949,0.948,0.948,0.948,0.949,0.948,0.05,0.05,0.948,0.949,0.949,0.949,0.05,0.05,0.05,0.948,0.948,0.9487,0.05,0.949,0.948,0.949,0.9497,0.949,0.05,0.05,0.05,0.948,0.05,0.948,0.05,0.948,0.948,0.949,0.949,0.05,0.9487,0.05,0.9487,0.9487,0.05],"6":[0.4995,0.4995,0.4995,0.4998,0.4995,0.4995,0.05182,0.4995,0.4995,0.4995,0.4995,0.4995,0.949,0.4995,0.4995,0.95,0.4995,0.4995,0.4995,0.4995,0.4995,0.4995,0.4995,0.4995,0.4998,0.4995,0.4995,0.4995,0.4998,0.4995,0.4995,0.4995,0.95,0.4995,0.4995,0.4995,0.4995,0.4995,0.4995,0.4995,0.4995,0.4995,0.4998,0.4995,0.4995,0.4995,0.4995,0.4995,0.4995,0.4995,0.4995,0.4995,0.95,0.0501,0.4995,0.4995,0.95,0.9497,0.4995,0.95,0.4995,0.4995,0.4995,0.0501,0.05206,0.4995,0.4995,0.4998,0.4995,0.4995,0.4995,0.4998,0.4998,0.4995,0.4995,0.95,0.4998,0.4995,0.4998,0.949,0.4995,0.4995,0.05182,0.4995,0.4995,0.4995,0.4995,0.4998,0.0501,0.4995,0.4995,0.4995,0.4995,0.4995,0.4995,0.4995,0.4995,0.4998,0.4995,0.4995],"7":[0.05106,0.0511,0.5015,0.502,0.502,0.05096,0.502,0.05023,0.0512,0.502,0.5015,0.5015,0.0503,0.501,0.502,0.05072,0.5015,0.501,0.0509,0.502,0.5015,0.502,0.502,0.05045,0.501,0.5015,0.0506,0.05115,0.502,0.5005,0.5015,0.5015,0.502,0.5015,0.0511,0.502,0.0506,0.502,0.0505,0.05057,0.05045,0.5015,0.5015,0.05103,0.5015,0.05038,0.502,0.501,0.501,0.502,0.05115,0.0509,0.05115,0.5015,0.501,0.05112,0.5015,0.502,0.05072,0.05145,0.05096,0.502,0.501,0.5024,0.501,0.05096,0.501,0.501,0.05124,0.5024,0.5015,0.501,0.05045,0.5015,0.501,0.5015,0.5015,0.5015,0.5015,0.5015,0.502,0.051,0.502,0.502,0.05112,0.05124,0.501,0.501,0.05115,0.502,0.501,0.501,0.501,0.5015,0.05124,0.5015,0.501,0.502,0.05048,0.05057],"10":[0.0512,0.502,0.502,0.5015,0.502,0.501,0.5015,0.05087,0.501,0.502,0.502,0.0512,0.5015,0.05023,0.502,0.502,0.502,0.5015,0.502,0.5015,0.05096,0.502,0.502,0.502,0.502,0.05063,0.502,0.0504,0.5015,0.502,0.502,0.05215,0.5015,0.5015,0.502,0.502,0.5015,0.5015,0.502,0.502,0.502,0.5015,0.502,0.05084,0.5015,0.05048,0.502,0.501,0.502,0.502,0.502,0.5015,0.502,0.502,0.0508,0.502,0.501,0.502,0.502,0.05194,0.5005,0.5005,0.502,0.501,0.5005,0.05084,0.502,0.5015,0.502,0.501,0.502,0.502,0.501,0.05072,0.502,0.501,0.05045,0.5015,0.502,0.5005,0.503,0.502,0.502,0.502,0.5015,0.502,0.501,0.502,0.0504,0.5005,0.05066,0.502,0.502,0.501,0.05084,0.05087,0.502,0.502,0.0503,0.501],"9":[0.05048,0.5005,0.5015,0.501,0.5015,0.501,0.502,0.05035,0.501,0.501,0.5015,0.5005,0.05045,0.502,0.5005,0.501,0.5015,0.5015,0.502,0.501,0.0503,0.0503,0.5015,0.501,0.5015,0.501,0.5015,0.5015,0.05072,0.501,0.501,0.501,0.501,0.5015,0.05048,0.5005,0.502,0.501,0.501,0.05035,0.501,0.501,0.0504,0.501,0.501,0.05048,0.502,0.05066,0.5005,0.5015,0.502,0.501,0.5015,0.5015,0.501,0.5005,0.5015,0.501,0.5015,0.501,0.501,0.5005,0.501,0.05063,0.502,0.501,0.5005,0.501,0.5015,0.5015,0.501,0.05023,0.05078,0.5015,0.501,0.5015,0.502,0.501,0.05072,0.5005,0.0504,0.5015,0.501,0.501,0.501,0.501,0.502,0.5005,0.502,0.05023,0.501,0.0504,0.05045,0.502,0.5015,0.5015,0.5015,0.05072,0.501,0.501],"8":[0.501,0.501,0.501,0.501,0.501,0.95,0.501,0.5005,0.501,0.0509,0.501,0.501,0.501,0.501,0.501,0.0509,0.5005,0.501,0.501,0.5005,0.501,0.501,0.501,0.501,0.05127,0.501,0.501,0.501,0.501,0.501,0.05072,0.501,0.501,0.501,0.501,0.501,0.501,0.501,0.501,0.501,0.501,0.05084,0.501,0.501,0.501,0.501,0.501,0.5005,0.05023,0.501,0.501,0.501,0.05072,0.501,0.501,0.501,0.501,0.0519,0.5005,0.501,0.501,0.501,0.501,0.501,0.501,0.501,0.5005,0.05035,0.501,0.501,0.501,0.5005,0.501,0.501,0.501,0.501,0.501,0.501,0.501,0.501,0.501,0.5005,0.501,0.501,0.5005,0.501,0.501,0.5,0.5005,0.05206,0.501,0.501,0.501,0.501,0.05206,0.501,0.501,0.501,0.501,0.501]}