{"5":{"(Float16(0.499), Float16(0.509))":43,"(Float16(0.0501), Float16(0.06012))":29,"(Float16(0.949), Float16(0.959))":28},"56":{"(Float16(0.4983), Float16(0.5083))":45,"(Float16(0.05002), Float16(0.06003))":29,"(Float16(0.949), Float16(0.959))":26},"55":{"(Float16(0.5), Float16(0.51))":53,"(Float16(0.9478), Float16(0.9575))":25,"(Float16(0.05002), Float16(0.06003))":22},"35":{"(Float16(0.9497), Float16(0.9595))":20,"(Float16(0.05), Float16(0.06))":26,"(Float16(0.4995), Float16(0.5093))":54},"60":{"(Float16(0.5), Float16(0.51))":58,"(Float16(0.05002), Float16(0.06003))":21,"(Float16(0.949), Float16(0.959))":21},"30":{"(Float16(0.9497), Float16(0.9595))":24,"(Float16(0.05), Float16(0.06))":24,"(Float16(0.5), Float16(0.51))":52},"32":{"(Float16(0.5), Float16(0.51))":43,"(Float16(0.05002), Float16(0.06003))":26,"(Float16(0.9487), Float16(0.9585))":31},"6":{"(Float16(0.4985), Float16(0.5083))":56,"(Float16(0.0501), Float16(0.06012))":17,"(Float16(0.949), Float16(0.959))":27},"67":{"(Float16(0.05), Float16(0.06))":24,"(Float16(0.5), Float16(0.51))":60,"(Float16(0.949), Float16(0.959))":16},"45":{"(Float16(0.05005), Float16(0.06006))":20,"(Float16(0.948), Float16(0.958))":15,"(Float16(0.499), Float16(0.509))":65},"73":{"(Float16(0.948), Float16(0.958))":34,"(Float16(0.05002), Float16(0.06003))":29,"(Float16(0.4993), Float16(0.5093))":37},"64":{"(Float16(0.05), Float16(0.06))":24,"(Float16(0.949), Float16(0.959))":18,"(Float16(0.5005), Float16(0.5103))":58},"90":{"(Float16(0.05005), Float16(0.06006))":24,"(Float16(0.5), Float16(0.51))":42,"(Float16(0.948), Float16(0.958))":34},"4":{"(Float16(0.948), Float16(0.958))":28,"(Float16(0.4995), Float16(0.5093))":51,"(Float16(0.05002), Float16(0.06003))":21},"13":{"(Float16(0.05), Float16(0.06))":27,"(Float16(0.949), Float16(0.959))":19,"(Float16(0.5005), Float16(0.5103))":54},"54":{"(Float16(0.05005), Float16(0.06006))":22,"(Float16(0.5), Float16(0.51))":56,"(Float16(0.9487), Float16(0.9585))":22},"63":{"(Float16(0.9497), Float16(0.9595))":22,"(Float16(0.05), Float16(0.06))":28,"(Float16(0.5005), Float16(0.5103))":50},"86":{"(Float16(0.05), Float16(0.06))":19,"(Float16(0.5), Float16(0.51))":43,"(Float16(0.949), Float16(0.959))":38},"91":{"(Float16(0.05), Float16(0.06))":28,"(Float16(0.5), Float16(0.51))":48,"(Float16(0.949), Float16(0.959))":24},"62":{"(Float16(0.05), Float16(0.06))":35,"(Float16(0.4995), Float16(0.5093))":39,"(Float16(0.949), Float16(0.959))":26},"58":{"(Float16(0.05), Float16(0.06))":21,"(Float16(0.4995), Float16(0.5093))":52,"(Float16(0.949), Float16(0.959))":27},"52":{"(Float16(0.498), Float16(0.508))":49,"(Float16(0.948), Float16(0.958))":29,"(Float16(0.05002), Float16(0.06003))":22},"12":{"(Float16(0.4995), Float16(0.5093))":58,"(Float16(0.0501), Float16(0.06012))":20,"(Float16(0.949), Float16(0.959))":22},"28":{"(Float16(0.9497), Float16(0.9595))":23,"(Float16(0.05), Float16(0.06))":28,"(Float16(0.4995), Float16(0.5093))":49},"75":{"(Float16(0.9497), Float16(0.9595))":20,"(Float16(0.5), Float16(0.51))":47,"(Float16(0.05002), Float16(0.06003))":33},"23":{"(Float16(0.9497), Float16(0.9595))":20,"(Float16(0.4995), Float16(0.5093))":55,"(Float16(0.05002), Float16(0.06003))":25},"92":{"(Float16(0.05005), Float16(0.06006))":26,"(Float16(0.499), Float16(0.509))":50,"(Float16(0.949), Float16(0.959))":24},"41":{"(Float16(0.05), Float16(0.06))":18,"(Float16(0.9478), Float16(0.9575))":32,"(Float16(0.4995), Float16(0.5093))":50},"43":{"(Float16(0.05), Float16(0.06))":36,"(Float16(0.4988), Float16(0.509))":40,"(Float16(0.949), Float16(0.959))":24},"69":{"(Float16(0.05), Float16(0.06))":30,"(Float16(0.949), Float16(0.959))":15,"(Float16(0.5005), Float16(0.5103))":55},"11":{"(Float16(0.4983), Float16(0.5083))":52,"(Float16(0.05005), Float16(0.06006))":20,"(Float16(0.948), Float16(0.958))":28},"68":{"(Float16(0.499), Float16(0.509))":52,"(Float16(0.05002), Float16(0.06003))":23,"(Float16(0.949), Float16(0.959))":25},"98":{"(Float16(0.05005), Float16(0.06006))":21,"(Float16(0.499), Float16(0.509))":52,"(Float16(0.949), Float16(0.959))":27},"36":{"(Float16(0.4995), Float16(0.5093))":48,"(Float16(0.05002), Float16(0.06003))":23,"(Float16(0.9487), Float16(0.9585))":29},"82":{"(Float16(0.05), Float16(0.06))":26,"(Float16(0.5), Float16(0.51))":44,"(Float16(0.949), Float16(0.959))":30},"85":{"(Float16(0.05), Float16(0.06))":28,"(Float16(0.5), Float16(0.51))":49,"(Float16(0.949), Float16(0.959))":23},"39":{"(Float16(0.05), Float16(0.06))":20,"(Float16(0.4998), Float16(0.51))":51,"(Float16(0.949), Float16(0.959))":29},"84":{"(Float16(0.05), Float16(0.06))":24,"(Float16(0.5), Float16(0.51))":45,"(Float16(0.949), Float16(0.959))":31},"77":{"(Float16(0.5), Float16(0.51))":53,"(Float16(0.05002), Float16(0.06003))":22,"(Float16(0.949), Float16(0.959))":25},"7":{"(Float16(0.05), Float16(0.06))":31,"(Float16(0.5), Float16(0.51))":51,"(Float16(0.949), Float16(0.959))":18},"25":{"(Float16(0.05), Float16(0.06))":27,"(Float16(0.5), Float16(0.51))":49,"(Float16(0.948), Float16(0.958))":24},"95":{"(Float16(0.05), Float16(0.06))":27,"(Float16(0.95), Float16(0.96))":13,"(Float16(0.5005), Float16(0.5103))":60},"71":{"(Float16(0.05), Float16(0.06))":21,"(Float16(0.9487), Float16(0.9585))":27,"(Float16(0.5005), Float16(0.5103))":52},"66":{"(Float16(0.5), Float16(0.51))":39,"(Float16(0.05017), Float16(0.06018))":31,"(Float16(0.9487), Float16(0.9585))":30},"76":{"(Float16(0.5), Float16(0.51))":56,"(Float16(0.948), Float16(0.958))":22,"(Float16(0.05002), Float16(0.06003))":22},"93":{"(Float16(0.05005), Float16(0.06006))":27,"(Float16(0.4995), Float16(0.5093))":39,"(Float16(0.9487), Float16(0.9585))":34},"50":{"(Float16(0.05005), Float16(0.06006))":19,"(Float16(0.5), Float16(0.51))":63,"(Float16(0.9487), Float16(0.9585))":18},"59":{"(Float16(0.05017), Float16(0.06018))":26,"(Float16(0.499), Float16(0.509))":43,"(Float16(0.949), Float16(0.959))":31},"34":{"(Float16(0.05), Float16(0.06))":25,"(Float16(0.5), Float16(0.51))":48,"(Float16(0.949), Float16(0.959))":27},"2":{"(Float16(0.05), Float16(0.06))":26,"(Float16(0.9487), Float16(0.9585))":22,"(Float16(0.5005), Float16(0.5103))":52},"27":{"(Float16(0.05), Float16(0.06))":31,"(Float16(0.5), Float16(0.51))":45,"(Float16(0.9487), Float16(0.9585))":24},"10":{"(Float16(0.05002), Float16(0.06003))":21,"(Float16(0.949), Float16(0.959))":23,"(Float16(0.5005), Float16(0.5103))":56},"26":{"(Float16(0.5), Float16(0.51))":56,"(Float16(0.948), Float16(0.958))":24,"(Float16(0.04962), Float16(0.05963))":20},"18":{"(Float16(0.05005), Float16(0.06006))":20,"(Float16(0.948), Float16(0.958))":21,"(Float16(0.4995), Float16(0.5093))":59},"42":{"(Float16(0.9497), Float16(0.9595))":23,"(Float16(0.5), Float16(0.51))":49,"(Float16(0.05002), Float16(0.06003))":28},"87":{"(Float16(0.4995), Float16(0.5093))":71,"(Float16(0.9487), Float16(0.9585))":18,"(Float16(0.05008), Float16(0.0601))":11},"100":{"(Float16(0.05005), Float16(0.06006))":27,"(Float16(0.499), Float16(0.509))":42,"(Float16(0.949), Float16(0.959))":31},"79":{"(Float16(0.05), Float16(0.06))":23,"(Float16(0.5), Float16(0.51))":43,"(Float16(0.949), Float16(0.959))":34},"16":{"(Float16(0.05), Float16(0.06))":26,"(Float16(0.5), Float16(0.51))":44,"(Float16(0.949), Float16(0.959))":30},"81":{"(Float16(0.948), Float16(0.958))":29,"(Float16(0.0501), Float16(0.06012))":34,"(Float16(0.4998), Float16(0.51))":37},"20":{"(Float16(0.05), Float16(0.06))":23,"(Float16(0.5), Float16(0.51))":50,"(Float16(0.948), Float16(0.958))":27},"19":{"(Float16(0.05), Float16(0.06))":26,"(Float16(0.5), Float16(0.51))":41,"(Float16(0.948), Float16(0.958))":33},"49":{"(Float16(0.9497), Float16(0.9595))":30,"(Float16(0.4995), Float16(0.5093))":46,"(Float16(0.05002), Float16(0.06003))":24},"44":{"(Float16(0.05), Float16(0.06))":23,"(Float16(0.5), Float16(0.51))":44,"(Float16(0.95), Float16(0.96))":33},"31":{"(Float16(0.05), Float16(0.06))":24,"(Float16(0.5), Float16(0.51))":50,"(Float16(0.949), Float16(0.959))":26},"9":{"(Float16(0.05005), Float16(0.06006))":24,