{"5":{"(Float16(0.498), Float16(0.508))":86,"(Float16(0.95), Float16(0.96))":14},"56":{"(Float16(0.05), Float16(0.06))":25,"(Float16(0.5005), Float16(0.5103))":75},"35":{"(Float16(0.05), Float16(0.06))":13,"(Float16(0.5005), Float16(0.5103))":87},"55":{"(Float16(0.05026), Float16(0.06027))":2,"(Float16(0.949), Float16(0.959))":16,"(Float16(0.4976), Float16(0.5073))":82},"60":{"(Float16(0.9497), Float16(0.9595))":28,"(Float16(0.4983), Float16(0.5083))":72},"30":{"(Float16(0.9497), Float16(0.9595))":8,"(Float16(0.05008), Float16(0.0601))":22,"(Float16(0.5005), Float16(0.5103))":70},"32":{"(Float16(0.0501), Float16(0.06012))":17,"(Float16(0.5005), Float16(0.5103))":81,"(Float16(0.949), Float16(0.959))":2},"6":{"(Float16(0.05002), Float16(0.06003))":30,"(Float16(0.5005), Float16(0.5103))":70},"67":{"(Float16(0.05057), Float16(0.06058))":12,"(Float16(0.95), Float16(0.96))":4,"(Float16(0.5005), Float16(0.5103))":84},"45":{"(Float16(0.05005), Float16(0.06006))":26,"(Float16(0.5005), Float16(0.5103))":71,"(Float16(0.949), Float16(0.959))":3},"73":{"(Float16(0.05002), Float16(0.06003))":29,"(Float16(0.5005), Float16(0.5103))":71},"64":{"(Float16(0.4985), Float16(0.5083))":84,"(Float16(0.0505), Float16(0.06052))":1,"(Float16(0.948), Float16(0.958))":15},"90":{"(Float16(0.05014), Float16(0.06015))":11,"(Float16(0.499), Float16(0.509))":67,"(Float16(0.9478), Float16(0.9575))":22},"4":{"(Float16(0.05005), Float16(0.06006))":22,"(Float16(0.5), Float16(0.51))":47,"(Float16(0.9487), Float16(0.9585))":31},"13":{"(Float16(0.498), Float16(0.508))":69,"(Float16(0.05023), Float16(0.06024))":9,"(Float16(0.948), Float16(0.958))":22},"54":{"(Float16(0.05008), Float16(0.0601))":19,"(Float16(0.5005), Float16(0.5103))":81},"63":{"(Float16(0.05017), Float16(0.06018))":12,"(Float16(0.5005), Float16(0.5103))":81,"(Float16(0.949), Float16(0.959))":7},"86":{"(Float16(0.05002), Float16(0.06003))":30,"(Float16(0.5005), Float16(0.5103))":64,"(Float16(0.949), Float16(0.959))":6},"91":{"(Float16(0.0502), Float16(0.0602))":21,"(Float16(0.5005), Float16(0.5103))":74,"(Float16(0.949), Float16(0.959))":5},"62":{"(Float16(0.05), Float16(0.06))":32,"(Float16(0.5005), Float16(0.5103))":68},"58":{"(Float16(0.05005), Float16(0.06006))":14,"(Float16(0.5005), Float16(0.5103))":85,"(Float16(0.949), Float16(0.959))":1},"52":{"(Float16(0.05002), Float16(0.06003))":25,"(Float16(0.5005), Float16(0.5103))":75},"12":{"(Float16(0.4983), Float16(0.5083))":80,"(Float16(0.949), Float16(0.959))":20},"28":{"(Float16(0.4985), Float16(0.5083))":72,"(Float16(0.05), Float16(0.06))":3,"(Float16(0.949), Float16(0.959))":25},"75":{"(Float16(0.4983), Float16(0.5083))":80,"(Float16(0.05032), Float16(0.06033))":5,"(Float16(0.949), Float16(0.959))":15},"23":{"(Float16(0.9497), Float16(0.9595))":25,"(Float16(0.498), Float16(0.508))":75},"92":{"(Float16(0.499), Float16(0.509))":78,"(Float16(0.9487), Float16(0.9585))":22},"41":{"(Float16(0.9497), Float16(0.9595))":6,"(Float16(0.0501), Float16(0.06012))":18,"(Float16(0.5005), Float16(0.5103))":76},"43":{"(Float16(0.05014), Float16(0.06015))":23,"(Float16(0.95), Float16(0.96))":13,"(Float16(0.5005), Float16(0.5103))":64},"11":{"(Float16(0.05005), Float16(0.06006))":31,"(Float16(0.5005), Float16(0.5103))":67,"(Float16(0.949), Float16(0.959))":2},"36":{"(Float16(0.4985), Float16(0.5083))":93,"(Float16(0.949), Float16(0.959))":7},"68":{"(Float16(0.05038), Float16(0.0604))":19,"(Float16(0.5005), Float16(0.5103))":79,"(Float16(0.949), Float16(0.959))":2},"69":{"(Float16(0.498), Float16(0.508))":68,"(Float16(0.949), Float16(0.959))":32},"98":{"(Float16(0.498), Float16(0.508))":83,"(Float16(0.949), Float16(0.959))":17},"82":{"(Float16(0.498), Float16(0.508))":81,"(Float16(0.95), Float16(0.96))":19},"85":{"(Float16(0.498), Float16(0.508))":70,"(Float16(0.949), Float16(0.959))":30},"39":{"(Float16(0.95), Float16(0.96))":1,"(Float16(0.05008), Float16(0.0601))":21,"(Float16(0.5005), Float16(0.5103))":78},"84":{"(Float16(0.948), Float16(0.958))":8,"(Float16(0.4995), Float16(0.5093))":74,"(Float16(0.0503), Float16(0.0603))":18},"77":{"(Float16(0.05), Float16(0.06))":29,"(Float16(0.5005), Float16(0.5103))":71},"7":{"(Float16(0.498), Float16(0.508))":71,"(Float16(0.948), Float16(0.958))":29},"25":{"(Float16(0.05), Float16(0.06))":36,"(Float16(0.948), Float16(0.958))":64},"95":{"(Float16(0.501), Float16(0.5107))":72,"(Float16(0.05008), Float16(0.0601))":28},"71":{"(Float16(0.05005), Float16(0.06006))":17,"(Float16(0.5005), Float16(0.5103))":80,"(Float16(0.949), Float16(0.959))":3},"66":{"(Float16(0.9473), Float16(0.957))":2,"(Float16(0.0501), Float16(0.06012))":26,"(Float16(0.5005), Float16(0.5103))":72},"76":{"(Float16(0.0501), Float16(0.06012))":12,"(Float16(0.5005), Float16(0.5103))":83,"(Float16(0.949), Float16(0.959))":5},"34":{"(Float16(0.05014), Float16(0.06015))":5,"(Float16(0.498), Float16(0.508))":82,"(Float16(0.95), Float16(0.96))":13},"50":{"(Float16(0.95), Float16(0.96))":23,"(Float16(0.4976), Float16(0.5073))":77},"59":{"(Float16(0.05), Float16(0.06))":14,"(Float16(0.95), Float16(0.96))":1,"(Float16(0.5005), Float16(0.5103))":85},"93":{"(Float16(0.498), Float16(0.508))":64,"(Float16(0.05005), Float16(0.06006))":4,"(Float16(0.948), Float16(0.958))":32},"2":{"(Float16(0.0511), Float16(0.0611))":1,"(Float16(0.948), Float16(0.958))":13,"(Float16(0.4978), Float16(0.508))":86},"10":{"(Float16(0.05054), Float16(0.06055))":9,"(Float16(0.5005), Float16(0.5103))":86,"(Float16(0.949), Float16(0.959))":5},"18":{"(Float16(0.4995), Float16(0.5093))":74,"(Float16(0.05002), Float16(0.06003))":9,"(Float16(0.949), Float16(0.959))":17},"26":{"(Float16(0.05002), Float16(0.06003))":13,"(Float16(0.5005), Float16(0.5103))":87},"27":{"(Float16(0.498), Float16(0.508))":76,"(Float16(0.05026), Float16(0.06027))":2,"(Float16(0.949), Float16(0.959))":22},"42":{"(Float16(0.498), Float16(0.508))":70,"(Float16(0.05017), Float16(0.06018))":3,"(Float16(0.948), Float16(0.958))":27},"87":{"(Float16(0.4995), Float16(0.5093))":87,"(Float16(0.949), Float16(0.959))":12,"(Float16(0.05127), Float16(0.06128))":1},"100":{"(Float16(0.5), Float16(0.51))":92,"(Float16(0.05048), Float16(0.0605))":8},"79":{"(Float16(0.0506), Float16(0.0606))":1,"(Float16(0.949), Float16(0.959))":23,"(Float16(0.4976), Float16(0.5073))":76},"16":{"(Float16(0.05), Float16(0.06))":29,"(Float16(0.5005), Float16(0.5103))":71},"20":{"(Float16(0.5), Float16(0.51))":68,"(Float16(0.05002), Float16(0.06003))":21,"(Float16(0.9487), Float16(0.9585))":11},"81":{"(Float16(0.9497), Float16(0.9595))":29,"(Float16(0.4983), Float16(0.5083))":71},"19":{"(Float16(0.05005), Float16(0.06006))":30,"(Float16(0.5005), Float16(0.5103))":70},"49":{"(Float16(0.05017), Float16(0.06018))":23,"(Float16(0.95), Float16(0.96))":5,"(Float16(0.5005), Float16(0.5103))":72},"44":{"(Float16(0.05093), Float16(0.06094))":11,"(Float16(0.9473), Float16(0.957))":12,"(Float16(0.499), Float16(0.509))":77},"9":{"(Float16(0.05017), Float16(0.06018))":18,"(Float16(0.5005), Float16(0.5103))":70,"(Float16(0.949), Float16(0.959))":12},"31":{"(Float16(0.05005), Float16(0.06006))":39,"(Float16(0.5), Float16(0.51))":22,"(Float16(0.949), Float16(0.959))":39},"74":{"(Float16(0.05008), Float16(0.0601))":25,"(Float16(0.5005), Float16(0.5103))":75},"61":{"(Float16(0.05), Float16(0.06))":18,"(Float16(0.5005), Float16(0.5103))":82},"29":{"(Float16(0.498), Float16(0.508))":74,"(Float16(0.05005), Float16(0.06006))":2,"(Float16(0.9487), Float16(0.9585))":24},"94":{"(Float16(0.4983), Float16(0.5083))":75,"(Float16(0.949), Float16(0.959))":25},"46":{"(Float16(0.05023), Float16(0.06024))":16,"(Float16(0.5005), Float16(0.5103))":81,"(Float16(0.949), Float16(0.959))":3},"57":{"(Float16(0.9497), Float16(0.9595))":8,"(Float16(0.05), Float16(0.06))":19,"(Float16(0.5005), Float16(0.5103))":73},"70":{"(Float16(0.498), Float16(0.508))":65,"(Float16(0.948), Float16(0.958))":35},"21":{"(Float16(0.05), Float16(0.06))":7,"(Float16(0.5005), Float16(0.5103))":93},"38":{"(Float16(0.9497), Float16(0.9595))":19,