{"5":{"(Float16(0.05017), Float16(0.06018))":59,"(Float16(0.949), Float16(0.959))":41},"56":{"(Float16(0.05026), Float16(0.06027))":71,"(Float16(0.949), Float16(0.959))":29},"55":{"(Float16(0.05026), Float16(0.06027))":94,"(Float16(0.949), Float16(0.959))":6},"35":{"(Float16(0.0501), Float16(0.06012))":48,"(Float16(0.949), Float16(0.959))":52},"60":{"(Float16(0.05017), Float16(0.06018))":37,"(Float16(0.9487), Float16(0.9585))":63},"30":{"(Float16(0.05054), Float16(0.06055))":100},"32":{"(Float16(0.05026), Float16(0.06027))":58,"(Float16(0.948), Float16(0.958))":42},"6":{"(Float16(0.05023), Float16(0.06024))":66,"(Float16(0.9487), Float16(0.9585))":34},"67":{"(Float16(0.05023), Float16(0.06024))":40,"(Float16(0.9473), Float16(0.957))":60},"45":{"(Float16(0.0502), Float16(0.0602))":34,"(Float16(0.9478), Float16(0.9575))":66},"73":{"(Float16(0.948), Float16(0.958))":62,"(Float16(0.0501), Float16(0.06012))":38},"64":{"(Float16(0.0502), Float16(0.0602))":40,"(Float16(0.948), Float16(0.958))":60},"90":{"(Float16(0.05005), Float16(0.06006))":2,"(Float16(0.948), Float16(0.958))":98},"4":{"(Float16(0.05002), Float16(0.06003))":16,"(Float16(0.9487), Float16(0.9585))":84},"13":{"(Float16(0.05026), Float16(0.06027))":64,"(Float16(0.9487), Float16(0.9585))":36},"54":{"(Float16(0.0503), Float16(0.0603))":58,"(Float16(0.949), Float16(0.959))":42},"63":{"(Float16(0.05017), Float16(0.06018))":46,"(Float16(0.948), Float16(0.958))":54},"86":{"(Float16(0.05023), Float16(0.06024))":61,"(Float16(0.949), Float16(0.959))":39},"91":{"(Float16(0.0502), Float16(0.0602))":42,"(Float16(0.948), Float16(0.958))":58},"62":{"(Float16(0.05014), Float16(0.06015))":5,"(Float16(0.948), Float16(0.958))":95},"58":{"(Float16(0.05023), Float16(0.06024))":26,"(Float16(0.9478), Float16(0.9575))":74},"52":{"(Float16(0.948), Float16(0.958))":38,"(Float16(0.05008), Float16(0.0601))":62},"12":{"(Float16(0.05035), Float16(0.06036))":48,"(Float16(0.948), Float16(0.958))":52},"28":{"(Float16(0.05017), Float16(0.06018))":62,"(Float16(0.9487), Float16(0.9585))":38},"75":{"(Float16(0.948), Float16(0.958))":56,"(Float16(0.0503), Float16(0.0603))":44},"23":{"(Float16(0.0502), Float16(0.0602))":38,"(Float16(0.948), Float16(0.958))":62},"92":{"(Float16(0.9473), Float16(0.957))":47,"(Float16(0.0504), Float16(0.06042))":53},"41":{"(Float16(0.05032), Float16(0.06033))":91,"(Float16(0.949), Float16(0.959))":9},"43":{"(Float16(0.05005), Float16(0.06006))":17,"(Float16(0.949), Float16(0.959))":83},"69":{"(Float16(0.05014), Float16(0.06015))":59,"(Float16(0.948), Float16(0.958))":41},"11":{"(Float16(0.05005), Float16(0.06006))":14,"(Float16(0.948), Float16(0.958))":86},"68":{"(Float16(0.05017), Float16(0.06018))":64,"(Float16(0.9487), Float16(0.9585))":36},"98":{"(Float16(0.05017), Float16(0.06018))":47,"(Float16(0.9487), Float16(0.9585))":53},"36":{"(Float16(0.948), Float16(0.958))":57,"(Float16(0.0501), Float16(0.06012))":43},"82":{"(Float16(0.05035), Float16(0.06036))":41,"(Float16(0.949), Float16(0.959))":59},"85":{"(Float16(0.05026), Float16(0.06027))":52,"(Float16(0.9487), Float16(0.9585))":48},"39":{"(Float16(0.948), Float16(0.958))":44,"(Float16(0.0503), Float16(0.0603))":56},"84":{"(Float16(0.0504), Float16(0.06042))":48,"(Float16(0.949), Float16(0.959))":52},"77":{"(Float16(0.05035), Float16(0.06036))":52,"(Float16(0.949), Float16(0.959))":48},"7":{"(Float16(0.948), Float16(0.958))":40,"(Float16(0.0504), Float16(0.06042))":60},"25":{"(Float16(0.05026), Float16(0.06027))":48,"(Float16(0.948), Float16(0.958))":52},"95":{"(Float16(0.9487), Float16(0.9585))":100},"71":{"(Float16(0.0502), Float16(0.0602))":32,"(Float16(0.948), Float16(0.958))":68},"66":{"(Float16(0.05005), Float16(0.06006))":61,"(Float16(0.949), Float16(0.959))":39},"76":{"(Float16(0.05032), Float16(0.06033))":69,"(Float16(0.948), Float16(0.958))":31},"93":{"(Float16(0.05017), Float16(0.06018))":76,"(Float16(0.948), Float16(0.958))":24},"50":{"(Float16(0.05023), Float16(0.06024))":43,"(Float16(0.948), Float16(0.958))":57},"59":{"(Float16(0.05023), Float16(0.06024))":56,"(Float16(0.9478), Float16(0.9575))":44},"34":{"(Float16(0.0504), Float16(0.06042))":60,"(Float16(0.949), Float16(0.959))":40},"2":{"(Float16(0.05035), Float16(0.06036))":68,"(Float16(0.9487), Float16(0.9585))":32},"27":{"(Float16(0.05014), Float16(0.06015))":26,"(Float16(0.948), Float16(0.958))":74},"10":{"(Float16(0.05005), Float16(0.06006))":90,"(Float16(0.949), Float16(0.959))":10},"26":{"(Float16(0.0502), Float16(0.0602))":46,"(Float16(0.949), Float16(0.959))":54},"18":{"(Float16(0.0502), Float16(0.0602))":63,"(Float16(0.9487), Float16(0.9585))":37},"42":{"(Float16(0.949), Float16(0.959))":38,"(Float16(0.05008), Float16(0.0601))":62},"87":{"(Float16(0.05014), Float16(0.06015))":56,"(Float16(0.948), Float16(0.958))":44},"100":{"(Float16(0.05023), Float16(0.06024))":55,"(Float16(0.949), Float16(0.959))":45},"79":{"(Float16(0.05023), Float16(0.06024))":67,"(Float16(0.949), Float16(0.959))":33},"16":{"(Float16(0.05035), Float16(0.06036))":29,"(Float16(0.948), Float16(0.958))":71},"81":{"(Float16(0.05005), Float16(0.06006))":35,"(Float16(0.948), Float16(0.958))":65},"20":{"(Float16(0.05026), Float16(0.06027))":49,"(Float16(0.948), Float16(0.958))":51},"19":{"(Float16(0.05023), Float16(0.06024))":50,"(Float16(0.948), Float16(0.958))":50},"49":{"(Float16(0.05014), Float16(0.06015))":35,"(Float16(0.948), Float16(0.958))":65},"44":{"(Float16(0.948), Float16(0.958))":53,"(Float16(0.0503), Float16(0.0603))":47},"31":{"(Float16(0.0501), Float16(0.06012))":87,"(Float16(0.9487), Float16(0.9585))":13},"9":{"(Float16(0.0502), Float16(0.0602))":61,"(Float16(0.948), Float16(0.958))":39},"74":{"(Float16(0.0504), Float16(0.06042))":100},"61":{"(Float16(0.05005), Float16(0.06006))":22,"(Float16(0.948), Float16(0.958))":78},"29":{"(Float16(0.05005), Float16(0.06006))":4,"(Float16(0.948), Float16(0.958))":96},"94":{"(Float16(0.948), Float16(0.958))":52,"(Float16(0.05038), Float16(0.0604))":48},"46":{"(Float16(0.05032), Float16(0.06033))":61,"(Float16(0.9487), Float16(0.9585))":39},"57":{"(Float16(0.95), Float16(0.96))":4,"(Float16(0.05048), Float16(0.0605))":96},"70":{"(Float16(0.05014), Float16(0.06015))":42,"(Float16(0.948), Float16(0.958))":58},"21":{"(Float16(0.948), Float16(0.958))":62,"(Float16(0.0501), Float16(0.06012))":38},"88":{"(Float16(0.05035), Float16(0.06036))":55,"(Float16(0.9487), Float16(0.9585))":45},"38":{"(Float16(0.05017), Float16(0.06018))":44,"(Float16(0.948), Float16(0.958))":56},"78":{"(Float16(0.948), Float16(0.958))":64,"(Float16(0.0501), Float16(0.06012))":36},"72":{"(Float16(0.0503), Float16(0.0603))":41,"(Float16(0.949), Float16(0.959))":59},"24":{"(Float16(0.05005), Float16(0.06006))":2,"(Float16(0.948), Float16(0.958))":98},"8":{"(Float16(0.9487), Float16(0.9585))":29,"(Float16(0.0503), Float16(0.0603))":71},"17":{"(Float16(0.05023), Float16(0.06024))":56,"(Float16(0.948), Float16(0.958))":44},"37":{"(Float16(0.05023), Float16(0.06024))":47,"(Float16(0.948), Float16(0.958))":53},"1":{"(Float16(0.05005), Float16(0.06006))":28,"(Float16(0.948), Float16(0.958))":72},"53":{"(Float16(0.05023), Float16(0.06024))":52,"(Float16(0.948), Float16(0.958))":48},"22":{"(Float16(0.05017), Float16(0.06018))":54,"(Float16(0.949), Float16(0.959))":46},"47":{"(Float16(0.05014), Float16(0.06015))":53,"(Float16(0.949), Float16(0.959))":47},"83":{"(Float16(0.05017), Float16(0.06018))":37,"(Float16(0.948), Float16(0.958))":63},"99":{"(Float16(0.0501), Float16(0.06012))":49,"(Float16(0.949), Float16(0.959))":51},"89":{"(Float16(0.0503), Float16(0.0603))":56,"(Float16(0.949), Float16(0.959))":44},"14":{"(Float16(0.05023), Float16(0.06024))":54,"(Float16(0.949), Float16(0.959))":46},"80":{"(Float16(0.948), Float16(0.958))":63,"(Float16(0.0501), Float16(0.06012))":37},"3":{"(Float16(0.9487), Float16(0.9585))":70,"(Float16(0.05008), Float16(0.0601))":30},"96":{"(Float16(0.0503), Float16(0.0603))":46,"(Float16(0.949), Float16(0.959))":54},"51":{"(Float16(0.05014), Float16(0.06015))":40,