{"5":{"(Float16(0.501), Float16(0.701))":60,"(Float16(0.000918), Float16(0.2009))":19,"(Float16(0.9976), Float16(1.197))":21},"56":{"(Float16(0.501), Float16(0.701))":40,"(Float16(0.0005393), Float16(0.2006))":37,"(Float16(0.9976), Float16(1.197))":23},"35":{"(Float16(0.501), Float16(0.701))":39,"(Float16(0.9985), Float16(1.198))":27,"(Float16(0.000573), Float16(0.2006))":34},"55":{"(Float16(0.998), Float16(1.198))":27,"(Float16(0.00038), Float16(0.2004))":31,"(Float16(0.4995), Float16(0.6997))":42},"60":{"(Float16(0.9985), Float16(1.198))":30,"(Float16(0.4995), Float16(0.6997))":43,"(Float16(0.000756), Float16(0.2008))":27},"30":{"(Float16(0.4995), Float16(0.6997))":53,"(Float16(0.999), Float16(1.199))":29,"(Float16(0.000625), Float16(0.2007))":18},"32":{"(Float16(0.4995), Float16(0.6997))":51,"(Float16(0.996), Float16(1.196))":27,"(Float16(0.000387), Float16(0.2004))":22},"6":{"(Float16(0.0004625), Float16(0.2004))":35,"(Float16(0.501), Float16(0.701))":41,"(Float16(0.999), Float16(1.199))":24},"67":{"(Float16(0.9985), Float16(1.198))":40,"(Float16(0.000836), Float16(0.2008))":28,"(Float16(0.499), Float16(0.699))":32},"45":{"(Float16(0.998), Float16(1.198))":25,"(Float16(0.4995), Float16(0.6997))":41,"(Float16(0.0007615), Float16(0.2008))":34},"73":{"(Float16(0.501), Float16(0.701))":48,"(Float16(0.9976), Float16(1.197))":20,"(Float16(0.0006876), Float16(0.2007))":32},"64":{"(Float16(0.4995), Float16(0.6997))":39,"(Float16(0.0004578), Float16(0.2004))":33,"(Float16(0.999), Float16(1.199))":28},"90":{"(Float16(0.501), Float16(0.701))":41,"(Float16(0.998), Float16(1.198))":30,"(Float16(0.0006104), Float16(0.2006))":29},"4":{"(Float16(0.0004458), Float16(0.2004))":23,"(Float16(0.4995), Float16(0.6997))":52,"(Float16(0.999), Float16(1.199))":25},"13":{"(Float16(0.501), Float16(0.701))":34,"(Float16(0.0006113), Float16(0.2006))":32,"(Float16(0.998), Float16(1.198))":34},"54":{"(Float16(0.501), Float16(0.701))":64,"(Float16(0.001066), Float16(0.201))":19,"(Float16(0.998), Float16(1.198))":17},"63":{"(Float16(0.501), Float16(0.701))":45,"(Float16(0.000362), Float16(0.2003))":31,"(Float16(0.999), Float16(1.199))":24},"86":{"(Float16(0.0002792), Float16(0.2003))":16,"(Float16(0.998), Float16(1.198))":37,"(Float16(0.499), Float16(0.699))":47},"91":{"(Float16(0.4995), Float16(0.6997))":41,"(Float16(0.0003855), Float16(0.2004))":30,"(Float16(0.997), Float16(1.197))":29},"62":{"(Float16(0.998), Float16(1.198))":30,"(Float16(0.4995), Float16(0.6997))":37,"(Float16(0.000645), Float16(0.2007))":33},"58":{"(Float16(0.0004597), Float16(0.2004))":35,"(Float16(0.4995), Float16(0.6997))":40,"(Float16(0.999), Float16(1.199))":25},"52":{"(Float16(0.000269), Float16(0.2003))":29,"(Float16(0.997), Float16(1.197))":36,"(Float16(0.5), Float16(0.7))":35},"12":{"(Float16(0.000763), Float16(0.2008))":16,"(Float16(0.9976), Float16(1.197))":32,"(Float16(0.499), Float16(0.699))":52},"28":{"(Float16(0.4995), Float16(0.6997))":38,"(Float16(0.999), Float16(1.199))":30,"(Float16(0.000595), Float16(0.2006))":32},"75":{"(Float16(0.501), Float16(0.701))":42,"(Float16(0.9985), Float16(1.198))":24,"(Float16(0.000808), Float16(0.2008))":34},"23":{"(Float16(0.4995), Float16(0.6997))":45,"(Float16(0.000639), Float16(0.2007))":35,"(Float16(0.999), Float16(1.199))":20},"92":{"(Float16(0.501), Float16(0.701))":45,"(Float16(0.999), Float16(1.199))":19,"(Float16(0.0007005), Float16(0.2007))":36},"41":{"(Float16(0.0004287), Float16(0.2004))":20,"(Float16(0.4995), Float16(0.6997))":44,"(Float16(0.997), Float16(1.197))":36},"43":{"(Float16(0.001108), Float16(0.201))":20,"(Float16(0.4995), Float16(0.6997))":53,"(Float16(0.997), Float16(1.197))":27},"11":{"(Float16(0.0009623), Float16(0.2009))":27,"(Float16(0.4995), Float16(0.6997))":38,"(Float16(0.999), Float16(1.199))":35},"36":{"(Float16(0.501), Float16(0.701))":47,"(Float16(0.998), Float16(1.198))":30,"(Float16(0.0004861), Float16(0.2004))":23},"68":{"(Float16(0.0003247), Float16(0.2003))":25,"(Float16(0.4995), Float16(0.6997))":39,"(Float16(0.9976), Float16(1.197))":36},"69":{"(Float16(0.501), Float16(0.701))":44,"(Float16(0.998), Float16(1.198))":26,"(Float16(0.000642), Float16(0.2007))":30},"98":{"(Float16(0.501), Float16(0.701))":51,"(Float16(0.0008235), Float16(0.2008))":27,"(Float16(0.997), Float16(1.197))":22},"82":{"(Float16(0.998), Float16(1.198))":29,"(Float16(0.4995), Float16(0.6997))":45,"(Float16(0.000795), Float16(0.2008))":26},"85":{"(Float16(0.501), Float16(0.701))":44,"(Float16(0.000498), Float16(0.2004))":33,"(Float16(0.999), Float16(1.199))":23},"39":{"(Float16(0.501), Float16(0.701))":48,"(Float16(0.999), Float16(1.199))":18,"(Float16(0.0006447), Float16(0.2007))":34},"84":{"(Float16(0.998), Float16(1.198))":33,"(Float16(0.4995), Float16(0.6997))":39,"(Float16(0.000762), Float16(0.2008))":28},"77":{"(Float16(0.0005403), Float16(0.2006))":44,"(Float16(0.501), Float16(0.701))":42,"(Float16(0.999), Float16(1.199))":14},"7":{"(Float16(0.501), Float16(0.701))":52,"(Float16(0.998), Float16(1.198))":19,"(Float16(0.0008), Float16(0.2008))":29},"25":{"(Float16(0.4995), Float16(0.6997))":52,"(Float16(0.0006437), Float16(0.2007))":24,"(Float16(0.999), Float16(1.199))":24},"95":{"(Float16(0.998), Float16(1.198))":18,"(Float16(0.4995), Float16(0.6997))":57,"(Float16(0.0007863), Float16(0.2008))":25},"71":{"(Float16(0.501), Float16(0.701))":40,"(Float16(0.0005975), Float16(0.2006))":25,"(Float16(0.9966), Float16(1.196))":35},"66":{"(Float16(0.501), Float16(0.701))":41,"(Float16(0.999), Float16(1.199))":25,"(Float16(0.000671), Float16(0.2007))":34},"76":{"(Float16(0.5), Float16(0.7))":42,"(Float16(0.998), Float16(1.198))":33,"(Float16(0.000772), Float16(0.2008))":25},"34":{"(Float16(0.501), Float16(0.701))":42,"(Float16(0.000516), Float16(0.2006))":33,"(Float16(0.9985), Float16(1.198))":25},"50":{"(Float16(0.999), Float16(1.199))":39,"(Float16(0.000926), Float16(0.2009))":22,"(Float16(0.5), Float16(0.7))":39},"59":{"(Float16(0.501), Float16(0.701))":42,"(Float16(0.000739), Float16(0.2007))":33,"(Float16(0.999), Float16(1.199))":25},"93":{"(Float16(0.501), Float16(0.701))":42,"(Float16(0.999), Float16(1.199))":27,"(Float16(0.0006466), Float16(0.2007))":31},"2":{"(Float16(0.501), Float16(0.701))":44,"(Float16(0.000656), Float16(0.2007))":25,"(Float16(0.999), Float16(1.199))":31},"10":{"(Float16(0.501), Float16(0.701))":52,"(Float16(0.9985), Float16(1.198))":27,"(Float16(0.001089), Float16(0.201))":21},"18":{"(Float16(0.998), Float16(1.198))":28,"(Float16(0.4995), Float16(0.6997))":44,"(Float16(0.0002003), Float16(0.2002))":28},"26":{"(Float16(0.501), Float16(0.701))":52,"(Float16(0.000805), Float16(0.2008))":16,"(Float16(0.9976), Float16(1.197))":32},"27":{"(Float16(0.501), Float16(0.701))":54,"(Float16(0.000552), Float16(0.2006))":30,"(Float16(0.999), Float16(1.199))":16},"42":{"(Float16(0.501), Float16(0.701))":48,"(Float16(0.000678), Float16(0.2007))":34,"(Float16(0.999), Float16(1.199))":18},"87":{"(Float16(0.998), Float16(1.198))":24,"(Float16(0.4995), Float16(0.6997))":47,"(Float16(0.000328), Float16(0.2003))":29},"100":{"(Float16(0.4995), Float16(0.6997))":34,"(Float16(0.0005574), Float16(0.2006))":29,"(Float16(0.999), Float16(1.199))":37},"79":{"(Float16(0.4995), Float16(0.6997))":45,"(Float16(0.0007787), Float16(0.2008))":32,"(Float16(0.999), Float16(1.199))":23},"16":{"(Float16(0.4995), Float16(0.6997))":45,"(Float16(0.999), Float16(1.199))":22,"(Float16(0.001015), Float16(0.201))":33},"20":{"(Float16(0.501), Float16(0.701))":55,"(Float16(0.0007906), Float16(0.2008))":27,"(Float16(0.999), Float16(1.199))":18},"81":{"(Float16(0.001087), Float16(0.201))":29,"(Float16(0.9976), Float16(1.197))":26,"(Float16(0.5), Float16(0.7))":45},"19":{"(Float16(0.001234), Float16(0.2013))":18,"(Float16(0.4995), Float16(0.6997))":54,"(Float16(0.999), Float16(1.199))":28},"49":{"(Float16(0.4995), Float16(0.6997))":48,"(Float16(0.000698), Float16(0.2007))":13,"(Float16(0.999), Float16(1.199))":39},"44":{"(Float16(0.997), Float16(1.197))":31,