{"5":{"(Float16(0.5), Float16(0.51))":38,"(Float16(0.05017), Float16(0.06018))":31,"(Float16(0.948), Float16(0.958))":31},"56":{"(Float16(0.05), Float16(0.06))":31,"(Float16(0.5005), Float16(0.5103))":69},"35":{"(Float16(0.05023), Float16(0.06024))":28,"(Float16(0.5), Float16(0.51))":41,"(Float16(0.948), Float16(0.958))":31},"55":{"(Float16(0.95), Float16(0.96))":15,"(Float16(0.0501), Float16(0.06012))":37,"(Float16(0.5005), Float16(0.5103))":46,"(Float16(0.269), Float16(0.279))":2},"60":{"(Float16(0.9497), Float16(0.9595))":23,"(Float16(0.0503), Float16(0.0603))":16,"(Float16(0.5005), Float16(0.5103))":61},"30":{"(Float16(0.5), Float16(0.51))":40,"(Float16(0.9478), Float16(0.9575))":27,"(Float16(0.0503), Float16(0.0603))":33},"32":{"(Float16(0.05), Float16(0.06))":20,"(Float16(0.4995), Float16(0.5093))":48,"(Float16(0.949), Float16(0.959))":32},"6":{"(Float16(0.9497), Float16(0.9595))":9,"(Float16(0.05005), Float16(0.06006))":33,"(Float16(0.5005), Float16(0.5103))":58},"67":{"(Float16(0.05057), Float16(0.06058))":33,"(Float16(0.5), Float16(0.51))":35,"(Float16(0.948), Float16(0.958))":32},"45":{"(Float16(0.05035), Float16(0.06036))":36,"(Float16(0.5), Float16(0.51))":38,"(Float16(0.948), Float16(0.958))":26},"73":{"(Float16(0.9497), Float16(0.9595))":19,"(Float16(0.05005), Float16(0.06006))":33,"(Float16(0.5005), Float16(0.5103))":48},"64":{"(Float16(0.05017), Float16(0.06018))":31,"(Float16(0.95), Float16(0.96))":6,"(Float16(0.5005), Float16(0.5103))":63},"90":{"(Float16(0.05017), Float16(0.06018))":28,"(Float16(0.95), Float16(0.96))":17,"(Float16(0.5005), Float16(0.5103))":55},"4":{"(Float16(0.05014), Float16(0.06015))":33,"(Float16(0.95), Float16(0.96))":15,"(Float16(0.5005), Float16(0.5103))":52},"13":{"(Float16(0.5), Float16(0.51))":16,"(Float16(0.95), Float16(0.96))":24,"(Float16(0.05048), Float16(0.0605))":60},"54":{"(Float16(0.05005), Float16(0.06006))":30,"(Float16(0.948), Float16(0.958))":27,"(Float16(0.4993), Float16(0.5093))":43},"63":{"(Float16(0.5), Float16(0.51))":40,"(Float16(0.948), Float16(0.958))":28,"(Float16(0.0501), Float16(0.06012))":32},"86":{"(Float16(0.5), Float16(0.51))":28,"(Float16(0.05008), Float16(0.0601))":33,"(Float16(0.949), Float16(0.959))":39},"91":{"(Float16(0.948), Float16(0.958))":22,"(Float16(0.0501), Float16(0.06012))":35,"(Float16(0.5005), Float16(0.5103))":43},"62":{"(Float16(0.499), Float16(0.509))":42,"(Float16(0.05002), Float16(0.06003))":28,"(Float16(0.949), Float16(0.959))":30},"58":{"(Float16(0.05048), Float16(0.0605))":26,"(Float16(0.4995), Float16(0.5093))":45,"(Float16(0.949), Float16(0.959))":29},"52":{"(Float16(0.9473), Float16(0.957))":24,"(Float16(0.05005), Float16(0.06006))":23,"(Float16(0.5), Float16(0.51))":53},"12":{"(Float16(0.4985), Float16(0.5083))":34,"(Float16(0.948), Float16(0.958))":39,"(Float16(0.0501), Float16(0.06012))":27},"28":{"(Float16(0.05005), Float16(0.06006))":27,"(Float16(0.4995), Float16(0.5093))":49,"(Float16(0.9478), Float16(0.9575))":24},"75":{"(Float16(0.9473), Float16(0.957))":33,"(Float16(0.4988), Float16(0.509))":52,"(Float16(0.05017), Float16(0.06018))":15},"23":{"(Float16(0.9473), Float16(0.957))":23,"(Float16(0.4995), Float16(0.5093))":47,"(Float16(0.05008), Float16(0.0601))":30},"92":{"(Float16(0.05), Float16(0.06))":31,"(Float16(0.5005), Float16(0.5103))":64,"(Float16(0.949), Float16(0.959))":4,"(Float16(0.2788), Float16(0.2888))":1},"41":{"(Float16(0.0502), Float16(0.0602))":21,"(Float16(0.948), Float16(0.958))":31,"(Float16(0.4995), Float16(0.5093))":48},"43":{"(Float16(0.05023), Float16(0.06024))":36,"(Float16(0.5), Float16(0.51))":36,"(Float16(0.948), Float16(0.958))":28},"11":{"(Float16(0.05014), Float16(0.06015))":42,"(Float16(0.9473), Float16(0.957))":30,"(Float16(0.5), Float16(0.51))":28},"36":{"(Float16(0.4995), Float16(0.5093))":43,"(Float16(0.0504), Float16(0.06042))":17,"(Float16(0.949), Float16(0.959))":40},"68":{"(Float16(0.05023), Float16(0.06024))":31,"(Float16(0.4995), Float16(0.5093))":38,"(Float16(0.9487), Float16(0.9585))":31},"69":{"(Float16(0.05005), Float16(0.06006))":27,"(Float16(0.948), Float16(0.958))":29,"(Float16(0.4995), Float16(0.5093))":44},"98":{"(Float16(0.9497), Float16(0.9595))":20,"(Float16(0.05008), Float16(0.0601))":32,"(Float16(0.5005), Float16(0.5103))":48},"82":{"(Float16(0.9497), Float16(0.9595))":23,"(Float16(0.05005), Float16(0.06006))":34,"(Float16(0.5), Float16(0.51))":43},"85":{"(Float16(0.05023), Float16(0.06024))":32,"(Float16(0.5), Float16(0.51))":41,"(Float16(0.9478), Float16(0.9575))":27},"39":{"(Float16(0.05005), Float16(0.06006))":34,"(Float16(0.95), Float16(0.96))":24,"(Float16(0.5005), Float16(0.5103))":42},"84":{"(Float16(0.05005), Float16(0.06006))":16,"(Float16(0.5005), Float16(0.5103))":62,"(Float16(0.949), Float16(0.959))":22},"77":{"(Float16(0.5), Float16(0.51))":31,"(Float16(0.05072), Float16(0.06073))":37,"(Float16(0.949), Float16(0.959))":32},"7":{"(Float16(0.05066), Float16(0.06067))":34,"(Float16(0.706), Float16(0.716))":2,"(Float16(0.499), Float16(0.509))":43,"(Float16(0.949), Float16(0.959))":21},"25":{"(Float16(0.4985), Float16(0.5083))":57,"(Float16(0.05014), Float16(0.06015))":15,"(Float16(0.9487), Float16(0.9585))":28},"95":{"(Float16(0.4985), Float16(0.5083))":75,"(Float16(0.9497), Float16(0.9595))":19,"(Float16(0.05005), Float16(0.06006))":6},"71":{"(Float16(0.499), Float16(0.509))":30,"(Float16(0.9478), Float16(0.9575))":31,"(Float16(0.0501), Float16(0.06012))":39},"66":{"(Float16(0.9497), Float16(0.9595))":31,"(Float16(0.05017), Float16(0.06018))":21,"(Float16(0.5005), Float16(0.5103))":48},"76":{"(Float16(0.0502), Float16(0.0602))":34,"(Float16(0.5), Float16(0.51))":48,"(Float16(0.949), Float16(0.959))":18},"34":{"(Float16(0.05002), Float16(0.06003))":32,"(Float16(0.4998), Float16(0.51))":23,"(Float16(0.949), Float16(0.959))":45},"50":{"(Float16(0.05005), Float16(0.06006))":26,"(Float16(0.499), Float16(0.509))":42,"(Float16(0.949), Float16(0.959))":32},"59":{"(Float16(0.05005), Float16(0.06006))":30,"(Float16(0.5), Float16(0.51))":18,"(Float16(0.948), Float16(0.958))":52},"93":{"(Float16(0.05), Float16(0.06))":34,"(Float16(0.5), Float16(0.51))":9,"(Float16(0.9478), Float16(0.9575))":57},"2":{"(Float16(0.9497), Float16(0.9595))":25,"(Float16(0.05014), Float16(0.06015))":28,"(Float16(0.5005), Float16(0.5103))":47},"10":{"(Float16(0.05), Float16(0.06))":10,"(Float16(0.948), Float16(0.958))":37,"(Float16(0.5005), Float16(0.5103))":53},"18":{"(Float16(0.948), Float16(0.958))":27,"(Float16(0.0501), Float16(0.06012))":34,"(Float16(0.5005), Float16(0.5103))":39},"26":{"(Float16(0.5), Float16(0.51))":39,"(Float16(0.948), Float16(0.958))":32,"(Float16(0.0501), Float16(0.06012))":29},"27":{"(Float16(0.05005), Float16(0.06006))":28,"(Float16(0.948), Float16(0.958))":42,"(Float16(0.4995), Float16(0.5093))":30},"42":{"(Float16(0.7056), Float16(0.7153))":2,"(Float16(0.05), Float16(0.06))":16,"(Float16(0.948), Float16(0.958))":33,"(Float16(0.4995), Float16(0.5093))":49},"87":{"(Float16(0.4995), Float16(0.5093))":48,"(Float16(0.0503), Float16(0.0603))":30,"(Float16(0.949), Float16(0.959))":22},"100":{"(Float16(0.948), Float16(0.958))":29,"(Float16(0.05002), Float16(0.06003))":35,"(Float16(0.5005), Float16(0.5103))":36},"79":{"(Float16(0.5), Float16(0.51))":39,"(Float16(0.0501), Float16(0.06012))":35,"(Float16(0.949), Float16(0.959))":26},"16":{"(Float16(0.05026), Float16(0.06027))":36,"(Float16(0.95), Float16(0.96))":18,"(Float16(0.5005), Float16(0.5103))":46},"20":{"(Float16(0.05014), Float16(0.06015))":41,"(Float16(0.498), Float16(0.508))":24,"(Float16(0.9473), Float16(0.957))":35},"81":{"(Float16(0.9497), Float16(0.9595))":14,"(Float16(0.05005), Float16(0.06006))":42,"(Float16(0.5005), Float16(0.5103))":44},"19":{"(Float16(0.948), Float16(0.958))":32,"(Float16(0.4995), Float16(0.5093))":56,"(Float16(0.05002), Float16(0.06003))":12},"49":{"(Float16(0.9497), Float16(0.9595))":20,"(Float16(0.0501), Float16(0.06012))":43,"(Float16(0.5005), Float16(0.5103))":37},