{"5":{"(Float16(0.3584), Float16(0.658))":2,"(Float16(0.666), Float16(0.966))":59,"(Float16(0.0001384), Float16(0.3))":39},"56":{"(Float16(0.9434), Float16(1.243))":2,"(Float16(0.5107), Float16(0.8105))":89,"(Float16(0.0004354), Float16(0.3005))":9},"35":{"(Float16(0.6895), Float16(0.9893))":71,"(Float16(0.0002651), Float16(0.3003))":29},"55":{"(Float16(0.0002472), Float16(0.3003))":54,"(Float16(0.7354), Float16(1.035))":46},"60":{"(Float16(0.667), Float16(0.967))":57,"(Float16(0.0002021), Float16(0.3003))":43},"30":{"(Float16(0.0002229), Float16(0.3003))":43,"(Float16(0.675), Float16(0.9746))":57},"32":{"(Float16(0.0003796), Float16(0.3003))":24,"(Float16(0.574), Float16(0.874))":76},"6":{"(Float16(0.968), Float16(1.268))":3,"(Float16(0.5996), Float16(0.8994))":75,"(Float16(5.0e-7), Float16(0.3))":22},"67":{"(Float16(0.6826), Float16(0.9824))":61,"(Float16(0.0001382), Float16(0.3))":39},"45":{"(Float16(0.0004306), Float16(0.3005))":24,"(Float16(0.5), Float16(0.8))":76},"73":{"(Float16(0.0002944), Float16(0.3003))":34,"(Float16(0.701), Float16(1.001))":66},"64":{"(Float16(0.00029), Float16(0.3003))":33,"(Float16(0.7275), Float16(1.027))":66,"(Float16(0.3862), Float16(0.686))":1},"90":{"(Float16(0.624), Float16(0.924))":77,"(Float16(0.0001749), Float16(0.3003))":23},"4":{"(Float16(0.000448), Float16(0.3005))":40,"(Float16(0.76), Float16(1.06))":60},"13":{"(Float16(0.6416), Float16(0.9414))":64,"(Float16(0.000373), Float16(0.3003))":36},"54":{"(Float16(0.6157), Float16(0.9155))":53,"(Float16(0.000361), Float16(0.3003))":47},"63":{"(Float16(0.0002434), Float16(0.3003))":43,"(Float16(0.3599), Float16(0.6597))":1,"(Float16(0.7344), Float16(1.034))":56},"86":{"(Float16(3.29e-5), Float16(0.3))":7,"(Float16(0.8906), Float16(1.19))":3,"(Float16(0.4937), Float16(0.7935))":90},"91":{"(Float16(0.0002143), Float16(0.3003))":69,"(Float16(0.8086), Float16(1.108))":31},"62":{"(Float16(0.0003865), Float16(0.3003))":38,"(Float16(0.6543), Float16(0.954))":62},"58":{"(Float16(0.0002441), Float16(0.3003))":12,"(Float16(0.883), Float16(1.183))":4,"(Float16(0.4702), Float16(0.77))":84},"52":{"(Float16(0.706), Float16(1.006))":42,"(Float16(0.0004675), Float16(0.3005))":58},"12":{"(Float16(0.623), Float16(0.923))":70,"(Float16(0.000327), Float16(0.3003))":30},"28":{"(Float16(0.581), Float16(0.881))":39,"(Float16(0.0004766), Float16(0.3005))":61},"75":{"(Float16(0.968), Float16(1.268))":5,"(Float16(1.43e-6), Float16(0.3))":11,"(Float16(0.481), Float16(0.781))":84},"23":{"(Float16(0.6963), Float16(0.996))":45,"(Float16(0.0003169), Float16(0.3003))":55},"92":{"(Float16(0.0001274), Float16(0.3))":43,"(Float16(0.671), Float16(0.9707))":57},"41":{"(Float16(0.67), Float16(0.9697))":72,"(Float16(0.0002441), Float16(0.3003))":28},"43":{"(Float16(0.3325), Float16(0.6323))":95,"(Float16(0.7783), Float16(1.078))":5},"11":{"(Float16(0.93), Float16(1.23))":7,"(Float16(3.34e-6), Float16(0.3))":29,"(Float16(0.5547), Float16(0.8545))":64},"36":{"(Float16(0.579), Float16(0.879))":69,"(Float16(0.0004478), Float16(0.3005))":30,"(Float16(0.979), Float16(1.279))":1},"68":{"(Float16(0.5625), Float16(0.8623))":46,"(Float16(0.8633), Float16(1.163))":4,"(Float16(0.000518), Float16(0.3005))":50},"69":{"(Float16(0.0001764), Float16(0.3003))":22,"(Float16(0.6406), Float16(0.9404))":78},"98":{"(Float16(0.0005217), Float16(0.3005))":39,"(Float16(0.6953), Float16(0.995))":61},"82":{"(Float16(0.593), Float16(0.8926))":69,"(Float16(0.000146), Float16(0.3))":31},"85":{"(Float16(0.5625), Float16(0.8623))":76,"(Float16(0.91), Float16(1.21))":3,"(Float16(0.0), Float16(0.3))":21},"39":{"(Float16(0.000538), Float16(0.3005))":74,"(Float16(0.7583), Float16(1.059))":26},"84":{"(Float16(0.0005283), Float16(0.3005))":70,"(Float16(0.737), Float16(1.037))":30},"77":{"(Float16(0.0006475), Float16(0.3005))":55,"(Float16(0.8574), Float16(1.157))":2,"(Float16(0.5376), Float16(0.8374))":43},"7":{"(Float16(0.0001915), Float16(0.3003))":44,"(Float16(0.673), Float16(0.9727))":56},"25":{"(Float16(0.0003), Float16(0.3003))":20,"(Float16(0.5635), Float16(0.8633))":80},"95":{"(Float16(0.7275), Float16(1.027))":67,"(Float16(0.0003457), Float16(0.3003))":33},"71":{"(Float16(0.6113), Float16(0.911))":76,"(Float16(9.96e-5), Float16(0.3))":24},"66":{"(Float16(0.5195), Float16(0.8193))":81,"(Float16(0.9746), Float16(1.274))":1,"(Float16(0.000423), Float16(0.3005))":18},"76":{"(Float16(0.631), Float16(0.9307))":52,"(Float16(0.0002244), Float16(0.3003))":48},"34":{"(Float16(0.59), Float16(0.8896))":72,"(Float16(0.985), Float16(1.285))":1,"(Float16(0.000341), Float16(0.3003))":27},"50":{"(Float16(0.674), Float16(0.9736))":52,"(Float16(0.0002456), Float16(0.3003))":48},"59":{"(Float16(0.000433), Float16(0.3005))":17,"(Float16(0.6113), Float16(0.911))":83},"93":{"(Float16(5.4e-7), Float16(0.3))":18,"(Float16(0.5537), Float16(0.8535))":79,"(Float16(0.952), Float16(1.252))":3},"2":{"(Float16(0.0001929), Float16(0.3003))":23,"(Float16(0.6113), Float16(0.911))":77},"10":{"(Float16(0.0001864), Float16(0.3003))":34,"(Float16(0.6426), Float16(0.9424))":66},"18":{"(Float16(0.0001962), Float16(0.3003))":25,"(Float16(0.481), Float16(0.781))":73,"(Float16(0.911), Float16(1.211))":2},"26":{"(Float16(0.000278), Float16(0.3003))":36,"(Float16(0.708), Float16(1.008))":64},"27":{"(Float16(0.667), Float16(0.967))":66,"(Float16(0.0001862), Float16(0.3003))":34},"42":{"(Float16(0.0003724), Float16(0.3003))":35,"(Float16(0.6904), Float16(0.99))":65},"87":{"(Float16(0.0005226), Float16(0.3005))":50,"(Float16(0.577), Float16(0.877))":50},"100":{"(Float16(0.3516), Float16(0.6514))":3,"(Float16(2.4e-7), Float16(0.3))":39,"(Float16(0.718), Float16(1.018))":58},"79":{"(Float16(0.0003455), Float16(0.3003))":28,"(Float16(0.578), Float16(0.878))":72},"16":{"(Float16(0.5293), Float16(0.829))":87,"(Float16(0.92), Float16(1.22))":2,"(Float16(0.0004334), Float16(0.3005))":11},"20":{"(Float16(0.543), Float16(0.843))":74,"(Float16(1.24e-5), Float16(0.3))":22,"(Float16(0.9546), Float16(1.255))":4},"81":{"(Float16(6.0e-8), Float16(0.3))":62,"(Float16(0.797), Float16(1.097))":35,"(Float16(0.4175), Float16(0.7173))":3},"19":{"(Float16(0.000597), Float16(0.3005))":56,"(Float16(0.5986), Float16(0.8984))":44},"49":{"(Float16(0.711), Float16(1.011))":63,"(Float16(0.0003877), Float16(0.3003))":37},"44":{"(Float16(0.0003338), Float16(0.3003))":49,"(Float16(0.5303), Float16(0.83))":49,"(Float16(0.885), Float16(1.185))":2},"9":{"(Float16(0.00011766), Float16(0.3))":58,"(Float16(0.793), Float16(1.093))":42},"31":{"(Float16(0.6694), Float16(0.969))":29,"(Float16(0.0005245), Float16(0.3005))":71},"74":{"(Float16(0.4697), Float16(0.7695))":78,"(Float16(0.835), Float16(1.135))":5,"(Float16(0.0002625), Float16(0.3003))":17},"61":{"(Float16(0.851), Float16(1.151))":13,"(Float16(0.434), Float16(0.734))":85,"(Float16(0.0001999), Float16(0.3003))":2},"29":{"(Float16(0.0003707), Float16(0.3003))":29,"(Float16(0.662), Float16(0.962))":71},"94":{"(Float16(0.6494), Float16(0.949))":70,"(Float16(0.00021), Float16(0.3003))":30},"46":{"(Float16(1.6e-5), Float16(0.3))":73,"(Float16(0.6895), Float16(0.9893))":27},"57":{"(Float16(0.0004425), Float16(0.3005))":20,"(Float16(0.5664), Float16(0.866))":80},"70":{"(Float16(0.0002751), Float16(0.3003))":45,"(Float16(0.658), Float16(0.958))":55},"21":{"(Float16(0.000396), Float16(0.3003))":22,"(Float16(0.6787), Float16(0.9785))":78},"38":{"(Float16(0.4512), Float16(0.751))":84,"(Float16(4.97e-5), Float16(0.3))":13,"(Float16(0.8643), Float16(1.164))":3},"88":{"(Float16(0.67), Float16(0.9697))":44,"(Float16(0.000426), Float16(0.3005))":56},"78":{"(Float16(0.000134), Float16(0.3))":12,"(Float16(0.8887), Float16(1.188))":2,"(Float16(0.4897), Float16(0.7896))":86},"72":{"(Float16(0.359), Float16(0.6587))":86,"(Float16(5.4e-5), Float16(0.3))":2,"(Float16(0.7925), Float16(1.093))":12},"24":{"(Float16(0.0003664), Float16(0.3003))":33,"(Float16(0.664), Float16(0.964))":67},"8":{"(Float16(0.6973), Float16(0.997))":68,"(Float16(0.0004835), Float16(0.3005))":32},