{"5":{"(Float16(0.0001264), Float16(0.01013))":100},"56":{"(Float16(0.914), Float16(0.924))":1,"(Float16(0.0001726), Float16(0.01018))":99},"55":{"(Float16(0.0001445), Float16(0.01015))":100},"35":{"(Float16(0.0001314), Float16(0.01013))":100},"60":{"(Float16(0.7075), Float16(0.7173))":2,"(Float16(0.0001478), Float16(0.01015))":98},"30":{"(Float16(0.0001388), Float16(0.01014))":97,"(Float16(0.759), Float16(0.7686))":3},"32":{"(Float16(0.0001819), Float16(0.010185))":98,"(Float16(0.757), Float16(0.7666))":2},"6":{"(Float16(0.0001636), Float16(0.01016))":99,"(Float16(0.777), Float16(0.7866))":1},"67":{"(Float16(0.0002494), Float16(0.010254))":100},"45":{"(Float16(0.0001882), Float16(0.01019))":100},"73":{"(Float16(0.0001539), Float16(0.010155))":100},"64":{"(Float16(0.0001643), Float16(0.01017))":100},"90":{"(Float16(0.0002216), Float16(0.01022))":100},"4":{"(Float16(0.0001955), Float16(0.0102))":99,"(Float16(0.7734), Float16(0.783))":1},"13":{"(Float16(0.0001605), Float16(0.01016))":100},"54":{"(Float16(0.0001762), Float16(0.01018))":100},"63":{"(Float16(0.7656), Float16(0.7754))":2,"(Float16(0.0001748), Float16(0.01018))":98},"86":{"(Float16(0.000177), Float16(0.01018))":100},"91":{"(Float16(0.7373), Float16(0.747))":3,"(Float16(6.0e-8), Float16(0.01))":97},"62":{"(Float16(0.0001724), Float16(0.01018))":100},"58":{"(Float16(0.0003397), Float16(0.010345))":100},"52":{"(Float16(0.0002348), Float16(0.01024))":100},"12":{"(Float16(0.7764), Float16(0.786))":5,"(Float16(8.3e-7), Float16(0.01))":95},"28":{"(Float16(0.0001705), Float16(0.01017))":100},"75":{"(Float16(0.782), Float16(0.792))":1,"(Float16(0.0002015), Float16(0.0102))":99},"23":{"(Float16(0.0002813), Float16(0.010284))":100},"92":{"(Float16(0.0002086), Float16(0.01021))":100},"41":{"(Float16(0.0002011), Float16(0.0102))":100},"43":{"(Float16(0.0001459), Float16(0.01015))":98,"(Float16(0.83), Float16(0.84))":2},"69":{"(Float16(0.0001626), Float16(0.01016))":100},"11":{"(Float16(0.0001733), Float16(0.01018))":100},"68":{"(Float16(0.0001354), Float16(0.01014))":99,"(Float16(0.6836), Float16(0.6934))":1},"98":{"(Float16(0.000245), Float16(0.01025))":100},"36":{"(Float16(0.7637), Float16(0.7734))":1,"(Float16(0.0002286), Float16(0.01023))":99},"82":{"(Float16(0.0002239), Float16(0.01022))":100},"85":{"(Float16(0.7686), Float16(0.7783))":2,"(Float16(0.0002332), Float16(0.01024))":98},"39":{"(Float16(0.0001533), Float16(0.010155))":100},"84":{"(Float16(0.0001607), Float16(0.01016))":100},"77":{"(Float16(0.0002198), Float16(0.01022))":100},"7":{"(Float16(0.0002692), Float16(0.01027))":100},"25":{"(Float16(0.0002027), Float16(0.01021))":100},"95":{"(Float16(0.0001247), Float16(0.010124))":100},"71":{"(Float16(0.0001328), Float16(0.01013))":100},"66":{"(Float16(0.0001881), Float16(0.01019))":100},"76":{"(Float16(0.0001373), Float16(0.01014))":100},"93":{"(Float16(1.556e-5), Float16(0.01002))":97,"(Float16(0.8223), Float16(0.832))":3},"50":{"(Float16(0.0002878), Float16(0.01029))":100},"59":{"(Float16(0.0002775), Float16(0.01028))":100},"34":{"(Float16(0.0001774), Float16(0.01018))":98,"(Float16(0.869), Float16(0.879))":2},"2":{"(Float16(0.0002437), Float16(0.01025))":100},"27":{"(Float16(0.0002345), Float16(0.01024))":100},"10":{"(Float16(0.0002266), Float16(0.01023))":99,"(Float16(0.836), Float16(0.8457))":1},"26":{"(Float16(0.0001994), Float16(0.0102))":100},"18":{"(Float16(0.8027), Float16(0.8125))":2,"(Float16(6.0e-8), Float16(0.01))":98},"42":{"(Float16(0.0001578), Float16(0.01016))":100},"87":{"(Float16(0.000174), Float16(0.01018))":100},"100":{"(Float16(0.0001837), Float16(0.010185))":100},"79":{"(Float16(0.0002306), Float16(0.01023))":99,"(Float16(0.691), Float16(0.7007))":1},"16":{"(Float16(0.0001898), Float16(0.01019))":100},"81":{"(Float16(0.725), Float16(0.735))":1,"(Float16(0.0001799), Float16(0.010185))":99},"20":{"(Float16(0.000143), Float16(0.01015))":100},"19":{"(Float16(0.0001502), Float16(0.010155))":100},"49":{"(Float16(0.0001305), Float16(0.01013))":100},"44":{"(Float16(0.000159), Float16(0.01016))":100},"31":{"(Float16(0.0001733), Float16(0.01018))":100},"9":{"(Float16(0.0002508), Float16(0.010254))":99,"(Float16(0.9336), Float16(0.9434))":1},"74":{"(Float16(0.0001512), Float16(0.010155))":100},"61":{"(Float16(0.0001522), Float16(0.010155))":100},"29":{"(Float16(0.00010276), Float16(0.0101))":100},"94":{"(Float16(0.0001131), Float16(0.01012))":100},"46":{"(Float16(0.00028), Float16(0.010284))":100},"57":{"(Float16(0.8813), Float16(0.891))":1,"(Float16(0.0001757), Float16(0.01018))":99},"70":{"(Float16(0.0001217), Float16(0.010124))":100},"21":{"(Float16(0.0001458), Float16(0.01015))":100},"88":{"(Float16(0.000164), Float16(0.01016))":100},"38":{"(Float16(0.0001671), Float16(0.01017))":100},"78":{"(Float16(0.7305), Float16(0.74))":1,"(Float16(0.0001541), Float16(0.010155))":99},"72":{"(Float16(0.0001601), Float16(0.01016))":100},"24":{"(Float16(0.0001643), Float16(0.01017))":100},"8":{"(Float16(0.795), Float16(0.8047))":3,"(Float16(5.44e-5), Float16(0.010056))":97},"17":{"(Float16(0.0001417), Float16(0.01015))":100},"37":{"(Float16(0.0001639), Float16(0.01016))":100},"1":{"(Float16(0.0001568), Float16(0.01016))":100},"53":{"(Float16(0.0002114), Float16(0.010216))":100},"22":{"(Float16(0.9385), Float16(0.948))":1,"(Float16(0.0001423), Float16(0.01015))":99},"47":{"(Float16(0.6943), Float16(0.704))":3,"(Float16(0.0001626), Float16(0.01016))":95,"(Float16(0.9688), Float16(0.9785))":2},"83":{"(Float16(0.00011396), Float16(0.01012))":100},"99":{"(Float16(0.725), Float16(0.735))":1,"(Float16(0.0002677), Float16(0.01027))":99},"89":{"(Float16(0.0001607), Float16(0.01016))":99,"(Float16(0.6426), Float16(0.6523))":1},"14":{"(Float16(0.0001485), Float16(0.01015))":100},"80":{"(Float16(0.0001528), Float16(0.010155))":100},"3":{"(Float16(0.0001956), Float16(0.0102))":100},"96":{"(Float16(0.0002091), Float16(0.01021))":100},"51":{"(Float16(0.0002751), Float16(0.01028))":100},"33":{"(Float16(0.0003467), Float16(0.010345))":100},"40":{"(Float16(0.000129), Float16(0.01013))":100},"48":{"(Float16(0.0001905), Float16(0.01019))":100},"65":{"(Float16(0.0002067), Float16(0.01021))":100},"15":{"(Float16(0.000135), Float16(0.01014))":100},"97":{"(Float16(0.0001401), Float16(0.01014))":100}}