{"5":{"(Float16(0.1227), Float16(0.2227))":30,"(Float16(0.502), Float16(0.602))":26,"(Float16(0.997), Float16(1.097))":7,"(Float16(0.7656), Float16(0.8657))":24,"(Float16(0.3467), Float16(0.4468))":13},"56":{"(Float16(0.309), Float16(0.4092))":28,"(Float16(0.7354), Float16(0.8354))":26,"(Float16(0.0015545), Float16(0.10156))":19,"(Float16(0.999), Float16(1.099))":10,"(Float16(0.501), Float16(0.601))":17},"35":{"(Float16(0.999), Float16(1.099))":20,"(Float16(0.000995), Float16(0.101))":31,"(Float16(0.501), Float16(0.601))":31,"(Float16(0.3462), Float16(0.4463))":18},"55":{"(Float16(0.7715), Float16(0.8716))":8,"(Float16(0.998), Float16(1.098))":21,"(Float16(0.2974), Float16(0.3975))":28,"(Float16(0.501), Float16(0.601))":29,"(Float16(0.000825), Float16(0.1008))":14},"60":{"(Float16(0.998), Float16(1.098))":18,"(Float16(0.703), Float16(0.803))":26,"(Float16(0.501), Float16(0.601))":20,"(Float16(0.1497), Float16(0.2496))":24,"(Float16(0.335), Float16(0.435))":12},"30":{"(Float16(0.674), Float16(0.774))":20,"(Float16(0.8525), Float16(0.9526))":22,"(Float16(0.001819), Float16(0.1018))":12,"(Float16(0.2278), Float16(0.328))":28,"(Float16(0.4976), Float16(0.5977))":18},"32":{"(Float16(0.001117), Float16(0.10114))":15,"(Float16(0.999), Float16(1.099))":17,"(Float16(0.4995), Float16(0.5996))":23,"(Float16(0.3027), Float16(0.4028))":17,"(Float16(0.668), Float16(0.768))":28},"6":{"(Float16(0.885), Float16(0.985))":22,"(Float16(0.1051), Float16(0.2051))":22,"(Float16(0.501), Float16(0.601))":22,"(Float16(0.3188), Float16(0.419))":17,"(Float16(0.7), Float16(0.8003))":17},"67":{"(Float16(0.3071), Float16(0.4072))":28,"(Float16(0.826), Float16(0.9263))":38,"(Float16(0.001664), Float16(0.1017))":11,"(Float16(0.5015), Float16(0.6016))":23},"45":{"(Float16(0.998), Float16(1.098))":30,"(Float16(0.4995), Float16(0.5996))":31,"(Float16(0.2495), Float16(0.3496))":8,"(Float16(0.8057), Float16(0.906))":10,"(Float16(0.001593), Float16(0.10156))":21},"73":{"(Float16(0.2456), Float16(0.3457))":8,"(Float16(0.634), Float16(0.734))":23,"(Float16(0.997), Float16(1.097))":31,"(Float16(0.4995), Float16(0.5996))":24,"(Float16(0.0004458), Float16(0.10046))":14},"64":{"(Float16(0.997), Float16(1.097))":24,"(Float16(0.000755), Float16(0.10077))":8,"(Float16(0.499), Float16(0.599))":32,"(Float16(0.1826), Float16(0.2827))":25,"(Float16(0.698), Float16(0.7983))":11},"90":{"(Float16(0.999), Float16(1.099))":18,"(Float16(0.7275), Float16(0.8276))":22,"(Float16(0.3008), Float16(0.401))":11,"(Float16(0.501), Float16(0.601))":21,"(Float16(0.1274), Float16(0.2274))":28},"4":{"(Float16(0.4973), Float16(0.597))":12,"(Float16(0.001555), Float16(0.10156))":17,"(Float16(0.2334), Float16(0.3335))":20,"(Float16(0.6543), Float16(0.7544))":22,"(Float16(0.882), Float16(0.982))":29},"13":{"(Float16(0.3223), Float16(0.4224))":22,"(Float16(0.4988), Float16(0.5986))":9,"(Float16(0.997), Float16(1.097))":21,"(Float16(0.7295), Float16(0.8296))":21,"(Float16(0.125), Float16(0.225))":27},"54":{"(Float16(0.7246), Float16(0.8247))":23,"(Float16(0.997), Float16(1.097))":18,"(Float16(0.000738), Float16(0.1007))":9,"(Float16(0.501), Float16(0.601))":21,"(Float16(0.268), Float16(0.3682))":29},"63":{"(Float16(0.2979), Float16(0.398))":17,"(Float16(0.753), Float16(0.853))":17,"(Float16(0.999), Float16(1.099))":14,"(Float16(0.501), Float16(0.601))":25,"(Float16(0.001019), Float16(0.101))":27},"86":{"(Float16(0.998), Float16(1.098))":26,"(Float16(0.001202), Float16(0.1012))":25,"(Float16(0.6367), Float16(0.737))":14,"(Float16(0.501), Float16(0.601))":16,"(Float16(0.3198), Float16(0.42))":19},"91":{"(Float16(0.001372), Float16(0.1014))":10,"(Float16(0.248), Float16(0.3481))":17,"(Float16(0.997), Float16(1.097))":17,"(Float16(0.758), Float16(0.858))":30,"(Float16(0.4976), Float16(0.5977))":26},"62":{"(Float16(0.997), Float16(1.097))":17,"(Float16(0.0009356), Float16(0.10095))":8,"(Float16(0.501), Float16(0.601))":42,"(Float16(0.7393), Float16(0.8394))":16,"(Float16(0.2029), Float16(0.303))":17},"58":{"(Float16(0.2014), Float16(0.3015))":23,"(Float16(0.997), Float16(1.097))":21,"(Float16(0.000725), Float16(0.1007))":5,"(Float16(0.501), Float16(0.601))":51},"52":{"(Float16(0.9985), Float16(1.099))":10,"(Float16(0.001688), Float16(0.1017))":26,"(Float16(0.2842), Float16(0.3843))":14,"(Float16(0.501), Float16(0.601))":27,"(Float16(0.752), Float16(0.852))":23},"12":{"(Float16(0.7314), Float16(0.8315))":21,"(Float16(0.501), Float16(0.601))":21,"(Float16(0.1035), Float16(0.2035))":25,"(Float16(0.293), Float16(0.393))":21,"(Float16(0.9976), Float16(1.098))":12},"28":{"(Float16(0.877), Float16(0.977))":24,"(Float16(0.2373), Float16(0.3374))":27,"(Float16(0.4976), Float16(0.5977))":18,"(Float16(0.665), Float16(0.765))":22,"(Float16(0.001466), Float16(0.10144))":9},"75":{"(Float16(0.498), Float16(0.598))":17,"(Float16(0.998), Float16(1.098))":6,"(Float16(0.00186), Float16(0.10187))":10,"(Float16(0.6562), Float16(0.7563))":20,"(Float16(0.2446), Float16(0.3447))":24,"(Float16(0.8086), Float16(0.9087))":23},"23":{"(Float16(0.796), Float16(0.896))":14,"(Float16(0.998), Float16(1.098))":10,"(Float16(0.2224), Float16(0.3225))":21,"(Float16(0.4995), Float16(0.5996))":41,"(Float16(0.0015335), Float16(0.10156))":14},"92":{"(Float16(0.2666), Float16(0.3667))":32,"(Float16(0.998), Float16(1.098))":17,"(Float16(0.8), Float16(0.9))":14,"(Float16(0.501), Float16(0.601))":25,"(Float16(0.001062), Float16(0.1011))":12},"41":{"(Float16(0.997), Float16(1.097))":19,"(Float16(0.1353), Float16(0.2352))":22,"(Float16(0.6562), Float16(0.7563))":19,"(Float16(0.501), Float16(0.601))":20,"(Float16(0.3335), Float16(0.4336))":20},"43":{"(Float16(0.998), Float16(1.098))":23,"(Float16(0.266), Float16(0.3662))":32,"(Float16(0.709), Float16(0.809))":11,"(Float16(0.501), Float16(0.601))":18,"(Float16(0.000674), Float16(0.10065))":16},"11":{"(Float16(0.0004964), Float16(0.1005))":17,"(Float16(0.999), Float16(1.099))":7,"(Float16(0.8184), Float16(0.9185))":18,"(Float16(0.501), Float16(0.601))":19,"(Float16(0.2983), Float16(0.3984))":39},"36":{"(Float16(0.997), Float16(1.097))":23,"(Float16(0.5015), Float16(0.6016))":29,"(Float16(0.001603), Float16(0.1016))":26,"(Float16(0.3574), Float16(0.4575))":22},"68":{"(Float16(0.002153), Float16(0.1022))":15,"(Float16(0.997), Float16(1.097))":13,"(Float16(0.501), Float16(0.601))":26,"(Float16(0.7744), Float16(0.8745))":24,"(Float16(0.2168), Float16(0.317))":22},"69":{"(Float16(0.6914), Float16(0.7915))":16,"(Float16(0.4995), Float16(0.5996))":22,"(Float16(0.001209), Float16(0.1012))":12,"(Float16(0.2563), Float16(0.3564))":24,"(Float16(0.8896), Float16(0.9897))":26},"98":{"(Float16(0.0015545), Float16(0.10156))":20,"(Float16(0.271), Float16(0.371))":20,"(Float16(0.997), Float16(1.097))":32,"(Float16(0.501), Float16(0.601))":28},"82":{"(Float16(0.709), Float16(0.809))":15,"(Float16(0.997), Float16(1.097))":23,"(Float16(0.2705), Float16(0.3706))":18,"(Float16(0.000891), Float16(0.1009))":23,"(Float16(0.499), Float16(0.599))":21},"85":{"(Float16(0.709), Float16(0.809))":17,"(Float16(0.001906), Float16(0.1019))":16,"(Float16(0.8926), Float16(0.9927))":28,"(Float16(0.501), Float16(0.601))":21,"(Float16(0.2744), Float16(0.3745))":18},"39":{"(Float16(0.999), Float16(1.099))":13,"(Float16(0.7275), Float16(0.8276))":20,"(Float16(0.4995), Float16(0.5996))":27,"(Float16(0.2808), Float16(0.3809))":21,"(Float16(0.001098), Float16(0.1011))":19},"84":{"(Float16(0.998), Float16(1.098))":16,"(Float16(0.001595), Float16(0.1016))":23,"(Float16(0.4995), Float16(0.5996))":27,"(Float16(0.756), Float16(0.856))":12,"(Float16(0.2827), Float16(0.3828))":22},"77":{"(Float16(0.2686), Float16(0.3687))":19,"(Float16(0.997), Float16(1.097))":17,"(Float16(0.672), Float16(0.772))":21,"(Float16(0.499), Float16(0.599))":18,"(Float16(0.0009456), Float16(0.10095))":25},"7":{"(Float16(0.63), Float16(0.73))":12,"(Float16(0.84), Float16(0.94))":34,"(Float16(0.4995), Float16(0.5996))":15,"(Float16(0.001326), Float16(0.1013))":22,"(Float16(0.292), Float16(0.392))":17},