{"5":{"(Float16(0.5), Float16(0.51))":100},"56":{"(Float16(0.5005), Float16(0.5103))":100},"55":{"(Float16(0.4983), Float16(0.5083))":100},"35":{"(Float16(0.9385), Float16(0.948))":4,"(Float16(0.4995), Float16(0.5093))":96},"60":{"(Float16(0.4995), Float16(0.5093))":98,"(Float16(0.9697), Float16(0.9795))":2},"30":{"(Float16(0.5005), Float16(0.5103))":98,"(Float16(0.0289), Float16(0.0389))":2},"32":{"(Float16(0.936), Float16(0.946))":3,"(Float16(0.4995), Float16(0.5093))":97},"6":{"(Float16(0.498), Float16(0.508))":98,"(Float16(0.975), Float16(0.985))":1,"(Float16(0.0489), Float16(0.0589))":1},"67":{"(Float16(0.498), Float16(0.508))":100},"45":{"(Float16(0.5005), Float16(0.5103))":100},"73":{"(Float16(0.498), Float16(0.508))":100},"64":{"(Float16(0.5005), Float16(0.5103))":98,"(Float16(0.02919), Float16(0.03918))":2},"90":{"(Float16(0.5005), Float16(0.5103))":100},"4":{"(Float16(0.4983), Float16(0.5083))":99,"(Float16(0.01292), Float16(0.02292))":1},"13":{"(Float16(0.4985), Float16(0.5083))":100},"54":{"(Float16(0.4983), Float16(0.5083))":100},"63":{"(Float16(0.5), Float16(0.51))":96,"(Float16(0.05975), Float16(0.06976))":3,"(Float16(0.998), Float16(1.008))":1},"86":{"(Float16(0.5005), Float16(0.5103))":100},"91":{"(Float16(0.5005), Float16(0.5103))":100},"62":{"(Float16(0.0808), Float16(0.0908))":1,"(Float16(1.0), Float16(1.01))":1,"(Float16(0.5005), Float16(0.5103))":98},"58":{"(Float16(0.498), Float16(0.508))":100},"52":{"(Float16(0.5005), Float16(0.5103))":98,"(Float16(0.9775), Float16(0.9873))":2},"12":{"(Float16(0.4985), Float16(0.5083))":100},"28":{"(Float16(0.498), Float16(0.508))":99,"(Float16(0.06207), Float16(0.0721))":1},"75":{"(Float16(0.5), Float16(0.51))":100},"23":{"(Float16(0.498), Float16(0.508))":100},"92":{"(Float16(0.5), Float16(0.51))":100},"41":{"(Float16(0.498), Float16(0.508))":99,"(Float16(0.9214), Float16(0.931))":1},"43":{"(Float16(0.5005), Float16(0.5103))":100},"69":{"(Float16(0.4985), Float16(0.5083))":97,"(Float16(0.01001), Float16(0.02002))":1,"(Float16(0.963), Float16(0.9727))":2},"11":{"(Float16(0.4983), Float16(0.5083))":99,"(Float16(0.959), Float16(0.9688))":1},"68":{"(Float16(0.4995), Float16(0.5093))":97,"(Float16(0.9736), Float16(0.9834))":3},"98":{"(Float16(0.4983), Float16(0.5083))":100},"36":{"(Float16(0.5005), Float16(0.5103))":100},"82":{"(Float16(0.007057), Float16(0.01706))":1,"(Float16(0.9375), Float16(0.9473))":1,"(Float16(0.5005), Float16(0.5103))":98},"85":{"(Float16(0.9844), Float16(0.994))":1,"(Float16(0.5005), Float16(0.5103))":97,"(Float16(0.013245), Float16(0.02325))":2},"39":{"(Float16(0.4983), Float16(0.5083))":100},"84":{"(Float16(0.5005), Float16(0.5103))":100},"77":{"(Float16(0.4995), Float16(0.5093))":97,"(Float16(0.959), Float16(0.9688))":3},"7":{"(Float16(0.5), Float16(0.51))":100},"25":{"(Float16(0.498), Float16(0.508))":100},"95":{"(Float16(0.5005), Float16(0.5103))":100},"71":{"(Float16(0.498), Float16(0.508))":98,"(Float16(0.94), Float16(0.9497))":2},"66":{"(Float16(0.01055), Float16(0.02055))":1,"(Float16(0.5005), Float16(0.5103))":99},"76":{"(Float16(0.9473), Float16(0.957))":2,"(Float16(0.4995), Float16(0.5093))":98},"93":{"(Float16(0.5), Float16(0.51))":99,"(Float16(0.05807), Float16(0.06805))":1},"50":{"(Float16(0.5005), Float16(0.5103))":100},"59":{"(Float16(0.05234), Float16(0.06235))":1,"(Float16(0.499), Float16(0.509))":98,"(Float16(0.9688), Float16(0.9785))":1},"34":{"(Float16(0.9907), Float16(1.001))":1,"(Float16(0.5005), Float16(0.5103))":99},"2":{"(Float16(0.5005), Float16(0.5103))":99,"(Float16(0.981), Float16(0.9907))":1},"27":{"(Float16(0.97), Float16(0.98))":1,"(Float16(0.5), Float16(0.51))":99},"10":{"(Float16(0.984), Float16(0.9937))":1,"(Float16(0.5005), Float16(0.5103))":99},"26":{"(Float16(0.9883), Float16(0.998))":1,"(Float16(0.5005), Float16(0.5103))":99},"18":{"(Float16(0.5005), Float16(0.5103))":100},"42":{"(Float16(0.0653), Float16(0.0753))":2,"(Float16(0.5005), Float16(0.5103))":98},"87":{"(Float16(0.03128), Float16(0.0413))":2,"(Float16(0.4995), Float16(0.5093))":98},"100":{"(Float16(0.5), Float16(0.51))":98,"(Float16(0.05157), Float16(0.06158))":2},"79":{"(Float16(0.5005), Float16(0.5103))":100},"16":{"(Float16(0.9473), Float16(0.957))":1,"(Float16(0.5005), Float16(0.5103))":99},"81":{"(Float16(0.4978), Float16(0.508))":100},"20":{"(Float16(0.4985), Float16(0.5083))":100},"19":{"(Float16(0.5005), Float16(0.5103))":99,"(Float16(0.942), Float16(0.9517))":1},"49":{"(Float16(0.4983), Float16(0.5083))":100},"44":{"(Float16(0.5), Float16(0.51))":96,"(Float16(0.04446), Float16(0.05447))":4},"31":{"(Float16(0.02512), Float16(0.03513))":1,"(Float16(0.5005), Float16(0.5103))":99},"9":{"(Float16(0.05743), Float16(0.06744))":3,"(Float16(0.5), Float16(0.51))":97},"74":{"(Float16(0.4985), Float16(0.5083))":99,"(Float16(0.9688), Float16(0.9785))":1},"61":{"(Float16(0.4983), Float16(0.5083))":100},"29":{"(Float16(0.5), Float16(0.51))":100},"94":{"(Float16(0.5005), Float16(0.5103))":100},"46":{"(Float16(0.498), Float16(0.508))":99,"(Float16(0.9766), Float16(0.9863))":1},"57":{"(Float16(0.4985), Float16(0.5083))":100},"70":{"(Float16(0.499), Float16(0.509))":99,"(Float16(0.0286), Float16(0.0386))":1},"21":{"(Float16(0.08167), Float16(0.0917))":1,"(Float16(0.5005), Float16(0.5103))":99},"88":{"(Float16(0.4985), Float16(0.5083))":99,"(Float16(0.915), Float16(0.925))":1},"38":{"(Float16(0.4995), Float16(0.5093))":97,"(Float16(0.949), Float16(0.959))":3},"78":{"(Float16(0.00417), Float16(0.014175))":1,"(Float16(0.4995), Float16(0.5093))":95,"(Float16(0.9653), Float16(0.975))":4},"72":{"(Float16(0.4983), Float16(0.5083))":99,"(Float16(0.9424), Float16(0.952))":1},"24":{"(Float16(0.982), Float16(0.9917))":1,"(Float16(0.05292), Float16(0.0629))":1,"(Float16(0.5005), Float16(0.5103))":98},"8":{"(Float16(0.498), Float16(0.508))":99,"(Float16(0.9546), Float16(0.9644))":1},"17":{"(Float16(0.4985), Float16(0.5083))":99,"(Float16(0.006485), Float16(0.01648))":1},"37":{"(Float16(0.02052), Float16(0.03052))":2,"(Float16(0.5005), Float16(0.5103))":98},"1":{"(Float16(0.4983), Float16(0.5083))":97,"(Float16(0.996), Float16(1.006))":2,"(Float16(0.001507), Float16(0.011505))":1},"53":{"(Float16(0.5), Float16(0.51))":95,"(Float16(0.997), Float16(1.007))":2,"(Float16(0.01651), Float16(0.02652))":3},"22":{"(Float16(0.4985), Float16(0.5083))":99,"(Float16(0.9106), Float16(0.9204))":1},"47":{"(Float16(0.5), Float16(0.51))":98,"(Float16(0.02434), Float16(0.03433))":2},"83":{"(Float16(0.4985), Float16(0.5083))":99,"(Float16(0.9097), Float16(0.9194))":1},"99":{"(Float16(0.5005), Float16(0.5103))":100},"89":{"(Float16(0.5005), Float16(0.5103))":98,"(Float16(0.9644), Float16(0.974))":2},"14":{"(Float16(0.9497), Float16(0.9595))":1,"(Float16(0.4985), Float16(0.5083))":98,"(Float16(0.00809), Float16(0.0181))":1},"80":{"(Float16(0.929), Float16(0.939))":1,"(Float16(0.498), Float16(0.508))":99},"3":{"(Float16(0.4985), Float16(0.5083))":99,"(Float16(0.994), Float16(1.004))":1},"96":{"(Float16(0.4983), Float16(0.5083))":100},"51":{"(Float16(0.02194), Float16(0.03195))":1,"(Float16(0.941), Float16(0.9507))":2,"(Float16(0.4995), Float16(0.5093))":97},"33":{"(Float16(0.5), Float16(0.51))":97,"(Float16(0.966), Float16(0.9756))":2,"(Float16(0.0486), Float16(0.05862))":1},"40":{"(Float16(0.498), Float16(0.508))":99,"(Float16(0.9707), Float16(0.9805))":1},"48":{"(Float16(0.4985), Float16(0.5083))":99,"(Float16(0.02263), Float16(0.03262))":1},"65":{"(Float16(0.995), Float16(1.005))":1,"(Float16(0.01666), Float16(0.02667))":1,"(Float16(0.4983), Float16(0.5083))":98},"15":{"(Float16(0.01146), Float16(0.02145))":1,"(Float16(0.912), Float16(0.922))":1,"(Float16(0.4983), Float16(0.5083))":98},"97":{"(Float16(0.9624), Float16(0.972))":2,"(Float16(0.01216), Float16(0.02216))":1,"(Float16(0.4995), Float16(0.5093))":97}}