{"5":{"(Float16(0.5), Float16(0.51))":93,"(Float16(0.0503), Float16(0.0603))":7},"56":{"(Float16(0.0509), Float16(0.0609))":6,"(Float16(0.4995), Float16(0.5093))":94},"55":{"(Float16(0.9473), Float16(0.957))":3,"(Float16(0.05005), Float16(0.06006))":3,"(Float16(0.5), Float16(0.51))":94},"35":{"(Float16(0.499), Float16(0.509))":99,"(Float16(0.949), Float16(0.959))":1},"60":{"(Float16(0.4985), Float16(0.5083))":91,"(Float16(0.9487), Float16(0.9585))":9},"30":{"(Float16(0.05), Float16(0.06))":13,"(Float16(0.5005), Float16(0.5103))":87},"32":{"(Float16(0.05005), Float16(0.06006))":5,"(Float16(0.949), Float16(0.959))":2,"(Float16(0.5005), Float16(0.5103))":93},"6":{"(Float16(0.05005), Float16(0.06006))":4,"(Float16(0.4995), Float16(0.5093))":92,"(Float16(0.949), Float16(0.959))":4},"67":{"(Float16(0.05), Float16(0.06))":10,"(Float16(0.5005), Float16(0.5103))":90},"45":{"(Float16(0.05), Float16(0.06))":18,"(Float16(0.5005), Float16(0.5103))":82},"73":{"(Float16(0.4985), Float16(0.5083))":89,"(Float16(0.95), Float16(0.96))":11},"64":{"(Float16(0.05), Float16(0.06))":6,"(Float16(0.5005), Float16(0.5103))":94},"90":{"(Float16(0.05005), Float16(0.06006))":12,"(Float16(0.5005), Float16(0.5103))":88},"4":{"(Float16(0.05005), Float16(0.06006))":10,"(Float16(0.5005), Float16(0.5103))":90},"13":{"(Float16(0.498), Float16(0.508))":95,"(Float16(0.95), Float16(0.96))":5},"54":{"(Float16(0.9497), Float16(0.9595))":10,"(Float16(0.4983), Float16(0.5083))":87,"(Float16(0.05002), Float16(0.06003))":3},"63":{"(Float16(0.05), Float16(0.06))":16,"(Float16(0.5005), Float16(0.5103))":84},"86":{"(Float16(0.948), Float16(0.958))":5,"(Float16(0.05157), Float16(0.06158))":2,"(Float16(0.4993), Float16(0.5093))":93},"91":{"(Float16(0.9497), Float16(0.9595))":10,"(Float16(0.4985), Float16(0.5083))":90},"62":{"(Float16(0.05), Float16(0.06))":17,"(Float16(0.5005), Float16(0.5103))":83},"58":{"(Float16(0.9497), Float16(0.9595))":13,"(Float16(0.498), Float16(0.508))":87},"52":{"(Float16(0.05), Float16(0.06))":15,"(Float16(0.5005), Float16(0.5103))":85},"12":{"(Float16(0.05008), Float16(0.0601))":5,"(Float16(0.5005), Float16(0.5103))":95},"28":{"(Float16(0.4983), Float16(0.5083))":87,"(Float16(0.95), Float16(0.96))":13},"75":{"(Float16(0.05), Float16(0.06))":16,"(Float16(0.5005), Float16(0.5103))":84},"23":{"(Float16(0.95), Float16(0.96))":11,"(Float16(0.4976), Float16(0.5073))":89},"92":{"(Float16(0.4983), Float16(0.5083))":88,"(Float16(0.95), Float16(0.96))":12},"41":{"(Float16(0.498), Float16(0.508))":83,"(Float16(0.95), Float16(0.96))":17},"43":{"(Float16(0.05026), Float16(0.06027))":2,"(Float16(0.5005), Float16(0.5103))":98},"69":{"(Float16(0.9497), Float16(0.9595))":6,"(Float16(0.4983), Float16(0.5083))":93,"(Float16(0.05078), Float16(0.0608))":1},"11":{"(Float16(0.05066), Float16(0.06067))":5,"(Float16(0.949), Float16(0.959))":2,"(Float16(0.4993), Float16(0.5093))":93},"68":{"(Float16(0.05005), Float16(0.06006))":7,"(Float16(0.9487), Float16(0.9585))":1,"(Float16(0.5005), Float16(0.5103))":92},"98":{"(Float16(0.05), Float16(0.06))":15,"(Float16(0.5005), Float16(0.5103))":85},"36":{"(Float16(0.05), Float16(0.06))":12,"(Float16(0.5005), Float16(0.5103))":88},"82":{"(Float16(0.4988), Float16(0.509))":90,"(Float16(0.95), Float16(0.96))":10},"85":{"(Float16(0.499), Float16(0.509))":92,"(Float16(0.0501), Float16(0.06012))":8},"39":{"(Float16(0.05008), Float16(0.0601))":8,"(Float16(0.5005), Float16(0.5103))":92},"84":{"(Float16(0.05), Float16(0.06))":9,"(Float16(0.5005), Float16(0.5103))":91},"77":{"(Float16(0.05), Float16(0.06))":16,"(Float16(0.5005), Float16(0.5103))":84},"7":{"(Float16(0.948), Float16(0.958))":4,"(Float16(0.0501), Float16(0.06012))":4,"(Float16(0.5005), Float16(0.5103))":92},"25":{"(Float16(0.95), Float16(0.96))":6,"(Float16(0.4976), Float16(0.5073))":94},"95":{"(Float16(0.498), Float16(0.508))":91,"(Float16(0.05005), Float16(0.06006))":3,"(Float16(0.949), Float16(0.959))":6},"71":{"(Float16(0.0501), Float16(0.06012))":9,"(Float16(0.5005), Float16(0.5103))":91},"66":{"(Float16(0.9497), Float16(0.9595))":5,"(Float16(0.498), Float16(0.508))":91,"(Float16(0.05035), Float16(0.06036))":4},"76":{"(Float16(0.05014), Float16(0.06015))":7,"(Float16(0.4995), Float16(0.5093))":93},"93":{"(Float16(0.05), Float16(0.06))":11,"(Float16(0.5005), Float16(0.5103))":89},"50":{"(Float16(0.05005), Float16(0.06006))":12,"(Float16(0.5005), Float16(0.5103))":88},"59":{"(Float16(0.5), Float16(0.51))":95,"(Float16(0.95), Float16(0.96))":4,"(Float16(0.0503), Float16(0.0603))":1},"34":{"(Float16(0.05), Float16(0.06))":15,"(Float16(0.5005), Float16(0.5103))":85},"2":{"(Float16(0.05023), Float16(0.06024))":6,"(Float16(0.5005), Float16(0.5103))":94},"27":{"(Float16(0.05), Float16(0.06))":14,"(Float16(0.5005), Float16(0.5103))":86},"10":{"(Float16(0.4995), Float16(0.5093))":92,"(Float16(0.949), Float16(0.959))":8},"26":{"(Float16(0.05), Float16(0.06))":10,"(Float16(0.5005), Float16(0.5103))":90},"18":{"(Float16(0.5), Float16(0.51))":89,"(Float16(0.05026), Float16(0.06027))":10,"(Float16(0.95), Float16(0.96))":1},"42":{"(Float16(0.05002), Float16(0.06003))":11,"(Float16(0.5005), Float16(0.5103))":89},"87":{"(Float16(0.05), Float16(0.06))":13,"(Float16(0.5005), Float16(0.5103))":87},"100":{"(Float16(0.05002), Float16(0.06003))":4,"(Float16(0.5005), Float16(0.5103))":96},"79":{"(Float16(0.4988), Float16(0.509))":86,"(Float16(0.949), Float16(0.959))":4,"(Float16(0.05008), Float16(0.0601))":10},"16":{"(Float16(0.0501), Float16(0.06012))":6,"(Float16(0.949), Float16(0.959))":2,"(Float16(0.5005), Float16(0.5103))":92},"81":{"(Float16(0.05035), Float16(0.06036))":4,"(Float16(0.499), Float16(0.509))":96},"20":{"(Float16(0.4985), Float16(0.5083))":88,"(Float16(0.0501), Float16(0.06012))":8,"(Float16(0.949), Float16(0.959))":4},"19":{"(Float16(0.4985), Float16(0.5083))":94,"(Float16(0.95), Float16(0.96))":6},"49":{"(Float16(0.9497), Float16(0.9595))":11,"(Float16(0.498), Float16(0.508))":89},"44":{"(Float16(0.4983), Float16(0.5083))":93,"(Float16(0.05017), Float16(0.06018))":3,"(Float16(0.95), Float16(0.96))":4},"31":{"(Float16(0.4985), Float16(0.5083))":92,"(Float16(0.05005), Float16(0.06006))":2,"(Float16(0.95), Float16(0.96))":6},"9":{"(Float16(0.05), Float16(0.06))":21,"(Float16(0.5), Float16(0.51))":79},"74":{"(Float16(0.498), Float16(0.508))":93,"(Float16(0.949), Float16(0.959))":7},"61":{"(Float16(0.499), Float16(0.509))":88,"(Float16(0.949), Float16(0.959))":8,"(Float16(0.05008), Float16(0.0601))":4},"29":{"(Float16(0.95), Float16(0.96))":18,"(Float16(0.4976), Float16(0.5073))":82},"94":{"(Float16(0.05005), Float16(0.06006))":9,"(Float16(0.5005), Float16(0.5103))":91},"46":{"(Float16(0.498), Float16(0.508))":88,"(Float16(0.95), Float16(0.96))":12},"57":{"(Float16(0.4983), Float16(0.5083))":96,"(Float16(0.05005), Float16(0.06006))":4},"70":{"(Float16(0.498), Float16(0.508))":94,"(Float16(0.95), Float16(0.96))":6},"21":{"(Float16(0.498), Float16(0.508))":86,"(Float16(0.949), Float16(0.959))":14},"88":{"(Float16(0.05002), Float16(0.06003))":11,"(Float16(0.5005), Float16(0.5103))":89},"38":{"(Float16(0.05005), Float16(0.06006))":12,"(Float16(0.5005), Float16(0.5103))":88},"78":{"(Float16(0.05005), Float16(0.06006))":14,"(Float16(0.5005), Float16(0.5103))":86},"72":{"(Float16(0.9497), Float16(0.9595))":5,"(Float16(0.5), Float16(0.51))":94,"(Float16(0.05008), Float16(0.0601))":1},"24":{"(Float16(0.05), Float16(0.06))":14,"(Float16(0.95), Float16(0.96))":3,"(Float16(0.5005), Float16(0.5103))":83},"8":{"(Float16(0.05), Float16(0.06))":10,"(Float16(0.5005), Float16(0.5103))":90},"17":{"(Float16(0.9497), Float16(0.9595))":6,"(Float16(0.4985), Float16(0.5083))":89,"(Float16(0.0501), Float16(0.06012))":5},"37":{"(Float16(0.9497), Float16(0.9595))":5,"(Float16(0.498), Float16(0.508))":95},"1":{"(Float16(0.05002), Float16(0.06003))":15,"(Float16(0.5005), Float16(0.5103))":85},"53":{"(Float16(0.05002), Float16(0.06003))":12,"(Float16(0.5005), Float16(0.5103))":88},"22":{"(Float16(0.4985), Float16(0.5083))":92,