{"5":{"(Float16(0.05005), Float16(0.06006))":31,"(Float16(0.948), Float16(0.958))":18,"(Float16(0.4995), Float16(0.5093))":51},"56":{"(Float16(0.0502), Float16(0.0602))":41,"(Float16(0.5), Float16(0.51))":31,"(Float16(0.95), Float16(0.96))":28},"55":{"(Float16(0.05014), Float16(0.06015))":32,"(Float16(0.5), Float16(0.51))":46,"(Float16(0.949), Float16(0.959))":22},"35":{"(Float16(0.05), Float16(0.06))":30,"(Float16(0.4995), Float16(0.5093))":47,"(Float16(0.949), Float16(0.959))":23},"60":{"(Float16(0.5), Float16(0.51))":34,"(Float16(0.949), Float16(0.959))":34,"(Float16(0.05008), Float16(0.0601))":32},"30":{"(Float16(0.5), Float16(0.51))":38,"(Float16(0.05017), Float16(0.06018))":34,"(Float16(0.95), Float16(0.96))":28},"32":{"(Float16(0.5), Float16(0.51))":32,"(Float16(0.05002), Float16(0.06003))":30,"(Float16(0.949), Float16(0.959))":38},"6":{"(Float16(0.5), Float16(0.51))":39,"(Float16(0.948), Float16(0.958))":23,"(Float16(0.7305), Float16(0.74))":2,"(Float16(0.0501), Float16(0.06012))":36},"67":{"(Float16(0.703), Float16(0.713))":2,"(Float16(0.4995), Float16(0.5093))":37,"(Float16(0.0501), Float16(0.06012))":36,"(Float16(0.949), Float16(0.959))":25},"45":{"(Float16(0.4985), Float16(0.5083))":41,"(Float16(0.2954), Float16(0.3054))":2,"(Float16(0.05002), Float16(0.06003))":25,"(Float16(0.949), Float16(0.959))":32},"73":{"(Float16(0.72), Float16(0.73))":2,"(Float16(0.05005), Float16(0.06006))":35,"(Float16(0.4995), Float16(0.5093))":38,"(Float16(0.949), Float16(0.959))":25},"64":{"(Float16(0.05005), Float16(0.06006))":31,"(Float16(0.5), Float16(0.51))":39,"(Float16(0.7305), Float16(0.74))":2,"(Float16(0.949), Float16(0.959))":28},"90":{"(Float16(0.9497), Float16(0.9595))":23,"(Float16(0.05005), Float16(0.06006))":24,"(Float16(0.5), Float16(0.51))":51,"(Float16(0.2827), Float16(0.2927))":2},"4":{"(Float16(0.2673), Float16(0.2773))":2,"(Float16(0.0501), Float16(0.06012))":31,"(Float16(0.949), Float16(0.959))":28,"(Float16(0.4998), Float16(0.51))":39},"13":{"(Float16(0.27), Float16(0.28))":2,"(Float16(0.5), Float16(0.51))":50,"(Float16(0.948), Float16(0.958))":24,"(Float16(0.0501), Float16(0.06012))":24},"54":{"(Float16(0.5), Float16(0.51))":40,"(Float16(0.05017), Float16(0.06018))":33,"(Float16(0.949), Float16(0.959))":27},"63":{"(Float16(0.4985), Float16(0.5083))":45,"(Float16(0.05), Float16(0.06))":27,"(Float16(0.949), Float16(0.959))":28},"86":{"(Float16(0.5), Float16(0.51))":30,"(Float16(0.05017), Float16(0.06018))":32,"(Float16(0.949), Float16(0.959))":38},"91":{"(Float16(0.05), Float16(0.06))":20,"(Float16(0.5), Float16(0.51))":46,"(Float16(0.2676), Float16(0.2776))":1,"(Float16(0.948), Float16(0.958))":33},"62":{"(Float16(0.722), Float16(0.732))":2,"(Float16(0.2844), Float16(0.2944))":1,"(Float16(0.4995), Float16(0.5093))":52,"(Float16(0.05002), Float16(0.06003))":28,"(Float16(0.949), Float16(0.959))":17},"58":{"(Float16(0.9497), Float16(0.9595))":25,"(Float16(0.05005), Float16(0.06006))":30,"(Float16(0.5), Float16(0.51))":45},"52":{"(Float16(0.9497), Float16(0.9595))":33,"(Float16(0.05017), Float16(0.06018))":21,"(Float16(0.4995), Float16(0.5093))":46},"12":{"(Float16(0.9497), Float16(0.9595))":23,"(Float16(0.7197), Float16(0.7295))":3,"(Float16(0.0502), Float16(0.0602))":35,"(Float16(0.5), Float16(0.51))":39},"28":{"(Float16(0.5), Float16(0.51))":39,"(Float16(0.95), Float16(0.96))":28,"(Float16(0.2632), Float16(0.2732))":1,"(Float16(0.05008), Float16(0.0601))":32},"75":{"(Float16(0.05026), Float16(0.06027))":41,"(Float16(0.95), Float16(0.96))":22,"(Float16(0.4995), Float16(0.5093))":37},"23":{"(Float16(0.05), Float16(0.06))":28,"(Float16(0.4995), Float16(0.5093))":45,"(Float16(0.949), Float16(0.959))":27},"92":{"(Float16(0.05005), Float16(0.06006))":26,"(Float16(0.499), Float16(0.509))":38,"(Float16(0.949), Float16(0.959))":36},"41":{"(Float16(0.05005), Float16(0.06006))":25,"(Float16(0.4995), Float16(0.5093))":35,"(Float16(0.949), Float16(0.959))":40},"43":{"(Float16(0.5), Float16(0.51))":42,"(Float16(0.948), Float16(0.958))":24,"(Float16(0.0503), Float16(0.0603))":34},"69":{"(Float16(0.498), Float16(0.508))":53,"(Float16(0.948), Float16(0.958))":30,"(Float16(0.05008), Float16(0.0601))":15,"(Float16(0.292), Float16(0.302))":2},"11":{"(Float16(0.9497), Float16(0.9595))":26,"(Float16(0.5), Float16(0.51))":41,"(Float16(0.0501), Float16(0.06012))":31,"(Float16(0.2874), Float16(0.2974))":2},"68":{"(Float16(0.05017), Float16(0.06018))":31,"(Float16(0.4998), Float16(0.51))":43,"(Float16(0.9487), Float16(0.9585))":26},"98":{"(Float16(0.05002), Float16(0.06003))":28,"(Float16(0.949), Float16(0.959))":31,"(Float16(0.5005), Float16(0.5103))":41},"36":{"(Float16(0.5), Float16(0.51))":44,"(Float16(0.05017), Float16(0.06018))":39,"(Float16(0.949), Float16(0.959))":17},"82":{"(Float16(0.9497), Float16(0.9595))":19,"(Float16(0.294), Float16(0.304))":1,"(Float16(0.05005), Float16(0.06006))":28,"(Float16(0.5005), Float16(0.5103))":52},"85":{"(Float16(0.9497), Float16(0.9595))":28,"(Float16(0.4995), Float16(0.5093))":43,"(Float16(0.05008), Float16(0.0601))":29},"39":{"(Float16(0.9497), Float16(0.9595))":20,"(Float16(0.05005), Float16(0.06006))":32,"(Float16(0.5005), Float16(0.5103))":48},"84":{"(Float16(0.05005), Float16(0.06006))":35,"(Float16(0.5), Float16(0.51))":27,"(Float16(0.949), Float16(0.959))":38},"77":{"(Float16(0.05), Float16(0.06))":18,"(Float16(0.711), Float16(0.7207))":1,"(Float16(0.948), Float16(0.958))":20,"(Float16(0.4995), Float16(0.5093))":61},"7":{"(Float16(0.2754), Float16(0.2854))":2,"(Float16(0.05), Float16(0.06))":19,"(Float16(0.949), Float16(0.959))":40,"(Float16(0.4993), Float16(0.5093))":39},"25":{"(Float16(0.0502), Float16(0.0602))":21,"(Float16(0.4985), Float16(0.5083))":46,"(Float16(0.949), Float16(0.959))":33},"95":{"(Float16(0.948), Float16(0.958))":39,"(Float16(0.4995), Float16(0.5093))":32,"(Float16(0.0501), Float16(0.06012))":29},"71":{"(Float16(0.2773), Float16(0.2874))":3,"(Float16(0.5), Float16(0.51))":42,"(Float16(0.05002), Float16(0.06003))":34,"(Float16(0.949), Float16(0.959))":21},"66":{"(Float16(0.05), Float16(0.06))":18,"(Float16(0.5), Float16(0.51))":45,"(Float16(0.729), Float16(0.739))":3,"(Float16(0.95), Float16(0.96))":34},"76":{"(Float16(0.05038), Float16(0.0604))":13,"(Float16(0.9487), Float16(0.9585))":16,"(Float16(0.251), Float16(0.261))":3,"(Float16(0.5005), Float16(0.5103))":68},"93":{"(Float16(0.05005), Float16(0.06006))":24,"(Float16(0.4995), Float16(0.5093))":53,"(Float16(0.949), Float16(0.959))":23},"50":{"(Float16(0.05026), Float16(0.06027))":34,"(Float16(0.948), Float16(0.958))":37,"(Float16(0.4995), Float16(0.5093))":29},"59":{"(Float16(0.7285), Float16(0.7383))":2,"(Float16(0.5), Float16(0.51))":33,"(Float16(0.05017), Float16(0.06018))":34,"(Float16(0.949), Float16(0.959))":31},"34":{"(Float16(0.05005), Float16(0.06006))":21,"(Float16(0.4995), Float16(0.5093))":53,"(Float16(0.9487), Float16(0.9585))":26},"2":{"(Float16(0.5), Float16(0.51))":21,"(Float16(0.948), Float16(0.958))":37,"(Float16(0.05008), Float16(0.0601))":42},"27":{"(Float16(0.498), Float16(0.508))":42,"(Float16(0.0501), Float16(0.06012))":26,"(Float16(0.949), Float16(0.959))":32},"10":{"(Float16(0.05005), Float16(0.06006))":28,"(Float16(0.5), Float16(0.51))":44,"(Float16(0.95), Float16(0.96))":28},"26":{"(Float16(0.95), Float16(0.96))":25,"(Float16(0.4995), Float16(0.5093))":48,"(Float16(0.05002), Float16(0.06003))":27},"18":{"(Float16(0.7246), Float16(0.7344))":3,"(Float16(0.05023), Float16(0.06024))":33,"(Float16(0.5), Float16(0.51))":42,"(Float16(0.9487), Float16(0.9585))":22},"42":{"(Float16(0.05), Float16(0.06))":26,"(Float16(0.949), Float16(0.959))":25,"(Float16(0.5005), Float16(0.5103))":46,"(Float16(0.269), Float16(0.279))":3},"87":{"(Float16(0.5), Float16(0.51))":32,"(Float16(0.05002), Float16(0.06003))":34,"(Float16(0.9487), Float16(0.9585))":34},"100":{"(Float16(0.9497), Float16(0.9595))":24,"(Float16(0.05005), Float16(0.06006))":15,"(Float16(0.499), Float16(0.509))":61},"79":{"(Float16(0.05005), Float16(0.06006))":32,