{"5":{"(Float16(0.498), Float16(0.508))":100},"56":{"(Float16(0.5005), Float16(0.5103))":100},"35":{"(Float16(0.4995), Float16(0.5093))":100},"55":{"(Float16(0.4978), Float16(0.508))":100},"60":{"(Float16(0.501), Float16(0.5107))":98,"(Float16(0.05118), Float16(0.0612))":2},"30":{"(Float16(0.949), Float16(0.959))":2,"(Float16(0.4976), Float16(0.5073))":98},"32":{"(Float16(0.5005), Float16(0.5103))":100},"6":{"(Float16(0.501), Float16(0.5107))":98,"(Float16(0.05002), Float16(0.06003))":2},"67":{"(Float16(0.498), Float16(0.508))":100},"45":{"(Float16(0.5005), Float16(0.5103))":100},"73":{"(Float16(0.4978), Float16(0.508))":100},"64":{"(Float16(0.5005), Float16(0.5103))":100},"90":{"(Float16(0.4978), Float16(0.508))":98,"(Float16(0.949), Float16(0.959))":2},"4":{"(Float16(0.498), Float16(0.508))":100},"13":{"(Float16(0.4978), Float16(0.508))":100},"54":{"(Float16(0.5005), Float16(0.5103))":100},"63":{"(Float16(0.498), Float16(0.508))":97,"(Float16(0.949), Float16(0.959))":3},"86":{"(Float16(0.5005), Float16(0.5103))":100},"91":{"(Float16(0.4978), Float16(0.508))":100},"62":{"(Float16(0.501), Float16(0.5107))":95,"(Float16(0.04962), Float16(0.05963))":5},"58":{"(Float16(0.4988), Float16(0.509))":98,"(Float16(0.948), Float16(0.958))":2},"52":{"(Float16(0.5005), Float16(0.5103))":100},"12":{"(Float16(0.0511), Float16(0.0611))":1,"(Float16(0.501), Float16(0.5107))":99},"28":{"(Float16(0.05), Float16(0.06))":6,"(Float16(0.5005), Float16(0.5103))":94},"75":{"(Float16(0.501), Float16(0.5107))":100},"23":{"(Float16(0.4976), Float16(0.5073))":100},"92":{"(Float16(0.4985), Float16(0.5083))":100},"41":{"(Float16(0.9497), Float16(0.9595))":6,"(Float16(0.498), Float16(0.508))":94},"43":{"(Float16(0.5005), Float16(0.5103))":100},"11":{"(Float16(0.5005), Float16(0.5103))":100},"36":{"(Float16(0.05017), Float16(0.06018))":1,"(Float16(0.501), Float16(0.5107))":99},"68":{"(Float16(0.501), Float16(0.5107))":96,"(Float16(0.0503), Float16(0.0603))":4},"69":{"(Float16(0.5005), Float16(0.5103))":100},"98":{"(Float16(0.05), Float16(0.06))":7,"(Float16(0.501), Float16(0.5107))":93},"82":{"(Float16(0.498), Float16(0.508))":97,"(Float16(0.948), Float16(0.958))":3},"85":{"(Float16(0.4985), Float16(0.5083))":98,"(Float16(0.9473), Float16(0.957))":2},"39":{"(Float16(0.5), Float16(0.51))":100},"84":{"(Float16(0.498), Float16(0.508))":98,"(Float16(0.949), Float16(0.959))":2},"77":{"(Float16(0.5005), Float16(0.5103))":100},"7":{"(Float16(0.498), Float16(0.508))":93,"(Float16(0.949), Float16(0.959))":7},"25":{"(Float16(0.05072), Float16(0.06073))":3,"(Float16(0.5005), Float16(0.5103))":97},"95":{"(Float16(0.95), Float16(0.96))":13,"(Float16(0.4978), Float16(0.508))":87},"71":{"(Float16(0.05), Float16(0.06))":4,"(Float16(0.5005), Float16(0.5103))":96},"66":{"(Float16(0.498), Float16(0.508))":100},"76":{"(Float16(0.498), Float16(0.508))":89,"(Float16(0.95), Float16(0.96))":11},"34":{"(Float16(0.498), Float16(0.508))":100},"50":{"(Float16(0.498), Float16(0.508))":97,"(Float16(0.949), Float16(0.959))":3},"59":{"(Float16(0.9473), Float16(0.957))":3,"(Float16(0.5), Float16(0.51))":97},"93":{"(Float16(0.05), Float16(0.06))":10,"(Float16(0.5005), Float16(0.5103))":90},"2":{"(Float16(0.498), Float16(0.508))":95,"(Float16(0.949), Float16(0.959))":5},"10":{"(Float16(0.5005), Float16(0.5103))":100},"18":{"(Float16(0.498), Float16(0.508))":99,"(Float16(0.95), Float16(0.96))":1},"26":{"(Float16(0.498), Float16(0.508))":100},"27":{"(Float16(0.5), Float16(0.51))":100},"42":{"(Float16(0.4985), Float16(0.5083))":96,"(Float16(0.04803), Float16(0.05804))":2,"(Float16(0.951), Float16(0.961))":2},"87":{"(Float16(0.5005), Float16(0.5103))":100},"100":{"(Float16(0.498), Float16(0.508))":96,"(Float16(0.949), Float16(0.959))":4},"79":{"(Float16(0.501), Float16(0.5107))":100},"16":{"(Float16(0.5005), Float16(0.5103))":100},"20":{"(Float16(0.4976), Float16(0.5073))":100},"81":{"(Float16(0.05002), Float16(0.06003))":4,"(Float16(0.5005), Float16(0.5103))":96},"19":{"(Float16(0.4978), Float16(0.508))":100},"49":{"(Float16(0.499), Float16(0.509))":100},"44":{"(Float16(0.5005), Float16(0.5103))":96,"(Float16(0.05075), Float16(0.06076))":4},"9":{"(Float16(0.5), Float16(0.51))":100},"31":{"(Float16(0.05026), Float16(0.06027))":2,"(Float16(0.501), Float16(0.5107))":98},"74":{"(Float16(0.498), Float16(0.508))":99,"(Float16(0.95), Float16(0.96))":1},"61":{"(Float16(0.05005), Float16(0.06006))":2,"(Float16(0.5005), Float16(0.5103))":98},"29":{"(Float16(0.498), Float16(0.508))":100},"94":{"(Float16(0.05072), Float16(0.06073))":2,"(Float16(0.4976), Float16(0.5073))":98},"46":{"(Float16(0.498), Float16(0.508))":100},"57":{"(Float16(0.498), Float16(0.508))":100},"70":{"(Float16(0.05008), Float16(0.0601))":3,"(Float16(0.5005), Float16(0.5103))":97},"21":{"(Float16(0.948), Float16(0.958))":6,"(Float16(0.4976), Float16(0.5073))":94},"38":{"(Float16(0.05118), Float16(0.0612))":6,"(Float16(0.5005), Float16(0.5103))":94},"88":{"(Float16(0.949), Float16(0.959))":3,"(Float16(0.4976), Float16(0.5073))":97},"78":{"(Float16(0.5005), Float16(0.5103))":100},"72":{"(Float16(0.4985), Float16(0.5083))":100},"24":{"(Float16(0.5005), Float16(0.5103))":100},"8":{"(Float16(0.498), Float16(0.508))":91,"(Float16(0.95), Float16(0.96))":9},"17":{"(Float16(0.4976), Float16(0.5073))":100},"37":{"(Float16(0.4976), Float16(0.5073))":100},"1":{"(Float16(0.4985), Float16(0.5083))":93,"(Float16(0.95), Float16(0.96))":7},"53":{"(Float16(0.05005), Float16(0.06006))":7,"(Float16(0.5005), Float16(0.5103))":93},"22":{"(Float16(0.4976), Float16(0.5073))":100},"47":{"(Float16(0.498), Float16(0.508))":98,"(Float16(0.949), Float16(0.959))":2},"83":{"(Float16(0.05005), Float16(0.06006))":2,"(Float16(0.5005), Float16(0.5103))":98},"99":{"(Float16(0.501), Float16(0.5107))":100},"89":{"(Float16(0.05048), Float16(0.0605))":2,"(Float16(0.5005), Float16(0.5103))":98},"14":{"(Float16(0.498), Float16(0.508))":100},"3":{"(Float16(0.05008), Float16(0.0601))":1,"(Float16(0.5005), Float16(0.5103))":99},"80":{"(Float16(0.498), Float16(0.508))":100},"96":{"(Float16(0.0512), Float16(0.06122))":2,"(Float16(0.5005), Float16(0.5103))":98},"51":{"(Float16(0.5005), Float16(0.5103))":100},"33":{"(Float16(0.4976), Float16(0.5073))":100},"40":{"(Float16(0.501), Float16(0.5107))":100},"48":{"(Float16(0.4976), Float16(0.5073))":100},"15":{"(Float16(0.5005), Float16(0.5103))":100},"65":{"(Float16(0.5005), Float16(0.5103))":100},"97":{"(Float16(0.498), Float16(0.508))":100}}