{"5":{"(Float16(0.4985), Float16(0.5083))":96,"(Float16(0.04797), Float16(0.05798))":2,"(Float16(0.02124), Float16(0.03125))":2},"56":{"(Float16(0.09515), Float16(0.10516))":2,"(Float16(0.5005), Float16(0.5103))":98},"55":{"(Float16(0.5005), Float16(0.5103))":98,"(Float16(0.0252), Float16(0.03522))":2},"35":{"(Float16(0.4983), Float16(0.5083))":96,"(Float16(0.943), Float16(0.9526))":2,"(Float16(0.964), Float16(0.9736))":2},"60":{"(Float16(0.975), Float16(0.985))":2,"(Float16(0.499), Float16(0.509))":98},"30":{"(Float16(0.0239), Float16(0.0339))":3,"(Float16(0.4995), Float16(0.5093))":97},"32":{"(Float16(0.5005), Float16(0.5103))":100},"6":{"(Float16(0.06775), Float16(0.07776))":2,"(Float16(0.5005), Float16(0.5103))":98},"67":{"(Float16(0.0762), Float16(0.0862))":2,"(Float16(0.03925), Float16(0.04926))":3,"(Float16(0.5005), Float16(0.5103))":95},"45":{"(Float16(0.4983), Float16(0.5083))":99,"(Float16(0.01715), Float16(0.02716))":1},"73":{"(Float16(0.5), Float16(0.51))":98,"(Float16(0.02417), Float16(0.03418))":2},"64":{"(Float16(0.9453), Float16(0.955))":3,"(Float16(0.498), Float16(0.508))":93,"(Float16(0.9326), Float16(0.9424))":2,"(Float16(0.962), Float16(0.9717))":2},"90":{"(Float16(0.0373), Float16(0.0473))":3,"(Float16(0.4995), Float16(0.5093))":94,"(Float16(0.0884), Float16(0.0984))":3},"4":{"(Float16(0.05707), Float16(0.0671))":2,"(Float16(0.5), Float16(0.51))":98},"13":{"(Float16(0.958), Float16(0.968))":2,"(Float16(0.4978), Float16(0.508))":98},"54":{"(Float16(0.498), Float16(0.508))":98,"(Float16(0.9375), Float16(0.9473))":2},"63":{"(Float16(0.9453), Float16(0.955))":3,"(Float16(0.4995), Float16(0.5093))":97},"86":{"(Float16(0.0788), Float16(0.0888))":2,"(Float16(0.0431), Float16(0.0531))":2,"(Float16(0.0622), Float16(0.0722))":5,"(Float16(0.5005), Float16(0.5103))":88,"(Float16(0.9697), Float16(0.9795))":3},"91":{"(Float16(0.498), Float16(0.508))":97,"(Float16(0.01672), Float16(0.02673))":3},"62":{"(Float16(0.0514), Float16(0.0614))":2,"(Float16(0.498), Float16(0.508))":98},"58":{"(Float16(0.01842), Float16(0.02841))":1,"(Float16(0.499), Float16(0.509))":99},"52":{"(Float16(0.5005), Float16(0.5103))":97,"(Float16(0.083), Float16(0.093))":3},"12":{"(Float16(0.498), Float16(0.508))":99,"(Float16(0.916), Float16(0.926))":1},"28":{"(Float16(0.4983), Float16(0.5083))":98,"(Float16(0.936), Float16(0.946))":2},"75":{"(Float16(0.0445), Float16(0.0545))":2,"(Float16(0.0965), Float16(0.1065))":2,"(Float16(0.02635), Float16(0.03635))":2,"(Float16(0.5005), Float16(0.5103))":92,"(Float16(0.00867), Float16(0.01868))":2},"23":{"(Float16(0.0732), Float16(0.0832))":2,"(Float16(0.9473), Float16(0.957))":5,"(Float16(0.5), Float16(0.51))":91,"(Float16(0.06128), Float16(0.0713))":2},"92":{"(Float16(0.5), Float16(0.51))":99,"(Float16(0.05362), Float16(0.0636))":1},"41":{"(Float16(0.5), Float16(0.51))":98,"(Float16(0.9854), Float16(0.995))":2},"43":{"(Float16(0.498), Float16(0.508))":99,"(Float16(0.9766), Float16(0.9863))":1},"69":{"(Float16(0.498), Float16(0.508))":95,"(Float16(0.914), Float16(0.924))":3,"(Float16(0.932), Float16(0.942))":2},"11":{"(Float16(0.499), Float16(0.509))":96,"(Float16(0.03632), Float16(0.04633))":2,"(Float16(0.9277), Float16(0.9375))":2},"68":{"(Float16(0.9795), Float16(0.9893))":2,"(Float16(0.4976), Float16(0.5073))":98},"98":{"(Float16(0.4985), Float16(0.5083))":97,"(Float16(0.94), Float16(0.9497))":2,"(Float16(0.06635), Float16(0.07635))":1},"36":{"(Float16(0.943), Float16(0.9526))":6,"(Float16(0.4978), Float16(0.508))":94},"82":{"(Float16(0.04608), Float16(0.0561))":5,"(Float16(0.5005), Float16(0.5103))":95},"85":{"(Float16(0.498), Float16(0.508))":97,"(Float16(0.9434), Float16(0.953))":3},"39":{"(Float16(0.4995), Float16(0.5093))":100},"84":{"(Float16(0.04932), Float16(0.05933))":2,"(Float16(0.499), Float16(0.509))":98},"77":{"(Float16(0.0853), Float16(0.09534))":3,"(Float16(0.5), Float16(0.51))":94,"(Float16(0.9785), Float16(0.9883))":3},"7":{"(Float16(0.498), Float16(0.508))":100},"25":{"(Float16(0.941), Float16(0.9507))":4,"(Float16(0.5), Float16(0.51))":94,"(Float16(0.9746), Float16(0.9844))":2},"95":{"(Float16(0.06506), Float16(0.0751))":2,"(Float16(0.4976), Float16(0.5073))":96,"(Float16(0.9697), Float16(0.9795))":2},"71":{"(Float16(0.5), Float16(0.51))":97,"(Float16(0.9375), Float16(0.9473))":3},"66":{"(Float16(0.09985), Float16(0.10986))":3,"(Float16(0.02893), Float16(0.03894))":4,"(Float16(0.0779), Float16(0.0879))":2,"(Float16(0.5005), Float16(0.5103))":91},"76":{"(Float16(0.0658), Float16(0.0758))":3,"(Float16(0.498), Float16(0.508))":97},"93":{"(Float16(0.4985), Float16(0.5083))":97,"(Float16(0.04614), Float16(0.05615))":3},"50":{"(Float16(0.4985), Float16(0.5083))":94,"(Float16(0.01387), Float16(0.02386))":3,"(Float16(0.923), Float16(0.9326))":3},"59":{"(Float16(0.9365), Float16(0.9463))":2,"(Float16(0.4985), Float16(0.5083))":95,"(Float16(0.9785), Float16(0.9883))":3},"34":{"(Float16(0.5), Float16(0.51))":96,"(Float16(0.9062), Float16(0.916))":1,"(Float16(0.02133), Float16(0.03134))":3},"2":{"(Float16(0.498), Float16(0.508))":95,"(Float16(0.9326), Float16(0.9424))":3,"(Float16(0.9863), Float16(0.996))":2},"27":{"(Float16(0.498), Float16(0.508))":100},"10":{"(Float16(0.06134), Float16(0.07135))":2,"(Float16(0.04074), Float16(0.05075))":4,"(Float16(0.5005), Float16(0.5103))":94},"26":{"(Float16(0.0895), Float16(0.0995))":3,"(Float16(0.498), Float16(0.508))":95,"(Float16(0.02179), Float16(0.0318))":2},"18":{"(Float16(0.4976), Float16(0.5073))":100},"42":{"(Float16(0.04163), Float16(0.05164))":2,"(Float16(0.4983), Float16(0.5083))":93,"(Float16(0.936), Float16(0.946))":2,"(Float16(0.962), Float16(0.9717))":3},"87":{"(Float16(0.0465), Float16(0.05652))":2,"(Float16(0.5005), Float16(0.5103))":98},"100":{"(Float16(0.9385), Float16(0.948))":2,"(Float16(0.499), Float16(0.509))":95,"(Float16(0.04144), Float16(0.05145))":3},"79":{"(Float16(0.498), Float16(0.508))":96,"(Float16(0.976), Float16(0.986))":2,"(Float16(0.9062), Float16(0.916))":2},"16":{"(Float16(0.9365), Float16(0.9463))":2,"(Float16(0.995), Float16(1.005))":2,"(Float16(0.498), Float16(0.508))":92,"(Float16(0.925), Float16(0.9346))":2,"(Float16(0.9644), Float16(0.974))":2},"81":{"(Float16(0.4983), Float16(0.5083))":100},"20":{"(Float16(0.0653), Float16(0.0753))":3,"(Float16(0.9355), Float16(0.9453))":4,"(Float16(0.4976), Float16(0.5073))":93},"19":{"(Float16(0.498), Float16(0.508))":96,"(Float16(0.9805), Float16(0.99))":2,"(Float16(0.91), Float16(0.92))":2},"49":{"(Float16(0.5), Float16(0.51))":100},"44":{"(Float16(0.9175), Float16(0.9272))":2,"(Float16(0.498), Float16(0.508))":95,"(Float16(0.9434), Float16(0.953))":3},"31":{"(Float16(0.9707), Float16(0.9805))":2,"(Float16(0.4976), Float16(0.5073))":98},"9":{"(Float16(0.9336), Float16(0.9434))":1,"(Float16(0.04507), Float16(0.05508))":2,"(Float16(0.4976), Float16(0.5073))":97},"74":{"(Float16(0.0473), Float16(0.0573))":2,"(Float16(0.07007), Float16(0.0801))":3,"(Float16(0.499), Float16(0.509))":93,"(Float16(0.9766), Float16(0.9863))":2},"61":{"(Float16(0.4985), Float16(0.5083))":97,"(Float16(0.963), Float16(0.9727))":3},"29":{"(Float16(0.498), Float16(0.508))":94,"(Float16(0.946), Float16(0.9556))":2,"(Float16(0.9688), Float16(0.9785))":2,"(Float16(0.994), Float16(1.004))":2},"94":{"(Float16(0.01956), Float16(0.02957))":1,"(Float16(0.498), Float16(0.508))":93,"(Float16(0.958), Float16(0.968))":2,"(Float16(0.925), Float16(0.9346))":2,"(Float16(0.9854), Float16(0.995))":2},"46":{"(Float16(0.4985), Float16(0.5083))":93,"(Float16(0.9087), Float16(0.9185))":2,"(Float16(0.9707), Float16(0.9805))":3,"(Float16(0.9937), Float16(1.004))":2},"57":{"(Float16(0.0832), Float16(0.0932))":1,"(Float16(0.5005), Float16(0.5103))":99},"70":{"(Float16(0.4983), Float16(0.5083))":100},"21":{"(Float16(0.4983), Float16(0.5083))":97,"(Float16(0.0668), Float16(0.0768))":3},"88":{"(Float16(0.4985), Float16(0.5083))":98,"(Float16(0.952), Float16(0.962))":2},"38":{"(Float16(0.4985), Float16(0.5083))":94,"(Float16(0.00739), Float16(0.0174))":2,