{"5":{"(Float16(0.0007105), Float16(0.2007))":25,"(Float16(0.4717), Float16(0.672))":56,"(Float16(0.2402), Float16(0.4402))":2,"(Float16(0.878), Float16(1.078))":17},"56":{"(Float16(0.672), Float16(0.872))":55,"(Float16(0.0004497), Float16(0.2004))":14,"(Float16(0.3745), Float16(0.5747))":31},"35":{"(Float16(0.2983), Float16(0.4983))":35,"(Float16(0.518), Float16(0.7183))":2,"(Float16(0.0002537), Float16(0.2002))":28,"(Float16(0.8076), Float16(1.008))":35},"55":{"(Float16(0.4746), Float16(0.675))":56,"(Float16(0.7456), Float16(0.946))":26,"(Float16(0.000258), Float16(0.2003))":18},"60":{"(Float16(0.4648), Float16(0.665))":54,"(Float16(0.829), Float16(1.029))":27,"(Float16(0.0002384), Float16(0.2002))":19},"30":{"(Float16(0.0001435), Float16(0.2002))":22,"(Float16(0.442), Float16(0.642))":12,"(Float16(0.2307), Float16(0.4307))":29,"(Float16(0.786), Float16(0.9863))":37},"32":{"(Float16(0.0006585), Float16(0.2007))":22,"(Float16(0.7637), Float16(0.964))":42,"(Float16(0.3315), Float16(0.5317))":36},"6":{"(Float16(0.655), Float16(0.855))":43,"(Float16(0.0003943), Float16(0.2004))":20,"(Float16(0.8687), Float16(1.068))":2,"(Float16(0.4248), Float16(0.625))":35},"67":{"(Float16(0.717), Float16(0.917))":50,"(Float16(7.6e-6), Float16(0.2))":16,"(Float16(0.3464), Float16(0.5464))":34},"45":{"(Float16(0.0003223), Float16(0.2003))":20,"(Float16(0.4673), Float16(0.6675))":58,"(Float16(0.7944), Float16(0.9946))":22},"73":{"(Float16(4.96e-5), Float16(0.2001))":21,"(Float16(0.5615), Float16(0.7617))":77,"(Float16(0.9023), Float16(1.103))":2},"64":{"(Float16(0.0003803), Float16(0.2004))":33,"(Float16(0.4746), Float16(0.675))":30,"(Float16(0.7305), Float16(0.9307))":35,"(Float16(0.952), Float16(1.152))":2},"90":{"(Float16(0.2803), Float16(0.4802))":27,"(Float16(0.4834), Float16(0.6836))":2,"(Float16(0.752), Float16(0.952))":55,"(Float16(0.00033), Float16(0.2003))":16},"4":{"(Float16(0.74), Float16(0.9404))":53,"(Float16(0.9863), Float16(1.187))":1,"(Float16(0.0001531), Float16(0.2002))":27,"(Float16(0.3203), Float16(0.5205))":19},"13":{"(Float16(0.000761), Float16(0.2008))":18,"(Float16(0.687), Float16(0.887))":34,"(Float16(0.378), Float16(0.578))":44,"(Float16(0.8906), Float16(1.091))":4},"54":{"(Float16(0.000361), Float16(0.2003))":27,"(Float16(0.533), Float16(0.7334))":6,"(Float16(0.8213), Float16(1.021))":37,"(Float16(0.3252), Float16(0.5254))":30},"63":{"(Float16(0.000657), Float16(0.2007))":18,"(Float16(0.548), Float16(0.748))":73,"(Float16(0.906), Float16(1.105))":9},"86":{"(Float16(0.9697), Float16(1.17))":1,"(Float16(0.2488), Float16(0.4487))":14,"(Float16(0.716), Float16(0.916))":55,"(Float16(0.0003304), Float16(0.2003))":30},"91":{"(Float16(0.5977), Float16(0.798))":72,"(Float16(0.0003524), Float16(0.2003))":25,"(Float16(0.3271), Float16(0.5273))":2,"(Float16(0.949), Float16(1.149))":1},"62":{"(Float16(0.867), Float16(1.067))":15,"(Float16(0.4072), Float16(0.6074))":37,"(Float16(0.6445), Float16(0.8447))":6,"(Float16(0.0004656), Float16(0.2004))":42},"58":{"(Float16(0.2339), Float16(0.4338))":16,"(Float16(0.0002284), Float16(0.2002))":20,"(Float16(0.4622), Float16(0.662))":39,"(Float16(0.843), Float16(1.043))":25},"52":{"(Float16(0.792), Float16(0.992))":43,"(Float16(0.3442), Float16(0.5444))":12,"(Float16(0.00051), Float16(0.2006))":43,"(Float16(0.5625), Float16(0.7627))":2},"12":{"(Float16(0.718), Float16(0.918))":62,"(Float16(0.2422), Float16(0.4421))":25,"(Float16(0.0005193), Float16(0.2006))":13},"28":{"(Float16(0.8516), Float16(1.052))":16,"(Float16(0.3752), Float16(0.575))":8,"(Float16(0.582), Float16(0.782))":24,"(Float16(0.0005665), Float16(0.2006))":52},"75":{"(Float16(0.287), Float16(0.487))":4,"(Float16(0.7275), Float16(0.9277))":40,"(Float16(0.0001771), Float16(0.2002))":56},"23":{"(Float16(0.4053), Float16(0.6055))":38,"(Float16(0.713), Float16(0.913))":41,"(Float16(0.932), Float16(1.132))":2,"(Float16(2.98e-5), Float16(0.2001))":19},"92":{"(Float16(1.544e-5), Float16(0.2001))":45,"(Float16(0.5674), Float16(0.7676))":35,"(Float16(0.799), Float16(0.999))":20},"41":{"(Float16(0.0004876), Float16(0.2004))":54,"(Float16(0.8145), Float16(1.015))":10,"(Float16(0.6016), Float16(0.802))":36},"43":{"(Float16(0.000379), Float16(0.2004))":16,"(Float16(0.4536), Float16(0.654))":55,"(Float16(0.717), Float16(0.917))":29},"11":{"(Float16(0.4155), Float16(0.6157))":57,"(Float16(0.7656), Float16(0.966))":33,"(Float16(0.0003295), Float16(0.2003))":10},"36":{"(Float16(0.8457), Float16(1.046))":2,"(Float16(0.6167), Float16(0.817))":43,"(Float16(1.25e-6), Float16(0.2))":47,"(Float16(0.3652), Float16(0.5654))":8},"68":{"(Float16(0.4536), Float16(0.654))":44,"(Float16(0.0002012), Float16(0.2002))":25,"(Float16(0.7217), Float16(0.922))":31},"69":{"(Float16(0.4053), Float16(0.6055))":35,"(Float16(0.0002732), Float16(0.2003))":22,"(Float16(0.7075), Float16(0.9077))":43},"98":{"(Float16(0.3984), Float16(0.5986))":63,"(Float16(0.674), Float16(0.874))":17,"(Float16(0.896), Float16(1.096))":8,"(Float16(0.000278), Float16(0.2003))":12},"82":{"(Float16(0.3809), Float16(0.581))":59,"(Float16(0.6387), Float16(0.839))":25,"(Float16(0.8438), Float16(1.044))":4,"(Float16(8.37e-5), Float16(0.2001))":12},"85":{"(Float16(0.00031), Float16(0.2003))":46,"(Float16(0.413), Float16(0.6133))":6,"(Float16(0.83), Float16(1.03))":14,"(Float16(0.6177), Float16(0.818))":34},"39":{"(Float16(0.278), Float16(0.478))":11,"(Float16(0.707), Float16(0.907))":59,"(Float16(0.0), Float16(0.2))":30},"84":{"(Float16(0.8057), Float16(1.006))":32,"(Float16(0.35), Float16(0.5503))":23,"(Float16(0.0005827), Float16(0.2006))":27,"(Float16(0.5884), Float16(0.7886))":18},"77":{"(Float16(0.2485), Float16(0.4485))":48,"(Float16(0.503), Float16(0.703))":14,"(Float16(0.7095), Float16(0.9097))":33,"(Float16(0.9297), Float16(1.13))":4,"(Float16(0.001409), Float16(0.2014))":1},"7":{"(Float16(0.4346), Float16(0.635))":34,"(Float16(0.0004194), Float16(0.2004))":24,"(Float16(0.9473), Float16(1.147))":2,"(Float16(0.6953), Float16(0.8955))":40},"25":{"(Float16(0.0002546), Float16(0.2002))":46,"(Float16(0.4065), Float16(0.6064))":6,"(Float16(0.8438), Float16(1.044))":6,"(Float16(0.6367), Float16(0.837))":42},"95":{"(Float16(0.29), Float16(0.49))":28,"(Float16(0.7236), Float16(0.924))":53,"(Float16(0.0002434), Float16(0.2002))":19},"71":{"(Float16(0.2421), Float16(0.4421))":10,"(Float16(0.0), Float16(0.2))":27,"(Float16(0.4492), Float16(0.6494))":17,"(Float16(0.7373), Float16(0.9375))":46},"66":{"(Float16(0.0002064), Float16(0.2002))":37,"(Float16(0.3062), Float16(0.5063))":13,"(Float16(0.507), Float16(0.707))":32,"(Float16(0.71), Float16(0.91))":18},"76":{"(Float16(0.2878), Float16(0.4878))":8,"(Float16(0.711), Float16(0.911))":26,"(Float16(1.76e-5), Float16(0.2001))":29,"(Float16(0.4937), Float16(0.694))":35,"(Float16(0.914), Float16(1.114))":2},"34":{"(Float16(0.0001459), Float16(0.2002))":34,"(Float16(0.3164), Float16(0.5166))":18,"(Float16(0.791), Float16(0.991))":48},"50":{"(Float16(0.3486), Float16(0.549))":19,"(Float16(0.0), Float16(0.2))":24,"(Float16(0.706), Float16(0.9062))":57},"59":{"(Float16(0.2812), Float16(0.4812))":5,"(Float16(0.5957), Float16(0.796))":71,"(Float16(1.73e-5), Float16(0.2001))":21,"(Float16(0.9688), Float16(1.169))":3},"93":{"(Float16(0.3079), Float16(0.508))":20,"(Float16(0.0006275), Float16(0.2007))":29,"(Float16(0.5195), Float16(0.7197))":25,"(Float16(0.7285), Float16(0.9287))":26},"2":{"(Float16(0.2292), Float16(0.4292))":13,"(Float16(0.000573), Float16(0.2006))":33,"(Float16(0.662), Float16(0.8623))":53,"(Float16(0.9087), Float16(1.108))":1},"10":{"(Float16(0.612), Float16(0.812))":12,"(Float16(9.81e-5), Float16(0.2001))":32,"(Float16(0.4104), Float16(0.6104))":40,"(Float16(0.85), Float16(1.05))":16},"18":{"(Float16(0.3452), Float16(0.5454))":33,"(Float16(0.782), Float16(0.9824))":48,"(Float16(6.0e-8), Float16(0.2))":19},"26":{"(Float16(0.000525), Float16(0.2006))":28,"(Float16(0.4502), Float16(0.6504))":47,"(Float16(0.783), Float16(0.9834))":25},