{"5":{"(Float16(0.501), Float16(0.901))":86,"(Float16(0.0001765), Float16(0.4001))":14},"56":{"(Float16(0.999), Float16(1.399))":11,"(Float16(0.498), Float16(0.898))":89},"35":{"(Float16(0.999), Float16(1.399))":16,"(Float16(0.498), Float16(0.898))":84},"55":{"(Float16(0.501), Float16(0.901))":86,"(Float16(0.000807), Float16(0.401))":14},"60":{"(Float16(0.498), Float16(0.898))":100},"30":{"(Float16(0.501), Float16(0.901))":90,"(Float16(0.0008974), Float16(0.401))":10},"32":{"(Float16(0.501), Float16(0.901))":79,"(Float16(0.000321), Float16(0.4004))":21},"6":{"(Float16(0.501), Float16(0.901))":100},"67":{"(Float16(0.4973), Float16(0.8975))":100},"45":{"(Float16(0.999), Float16(1.399))":2,"(Float16(0.4976), Float16(0.8975))":98},"73":{"(Float16(0.501), Float16(0.901))":100},"64":{"(Float16(0.498), Float16(0.898))":100},"90":{"(Float16(0.501), Float16(0.901))":92,"(Float16(0.997), Float16(1.397))":8},"4":{"(Float16(0.501), Float16(0.901))":88,"(Float16(0.0003457), Float16(0.4004))":12},"13":{"(Float16(0.501), Float16(0.901))":100},"54":{"(Float16(0.501), Float16(0.901))":76,"(Float16(1.84e-5), Float16(0.4))":24},"63":{"(Float16(0.4978), Float16(0.898))":100},"86":{"(Float16(0.999), Float16(1.399))":13,"(Float16(0.4976), Float16(0.8975))":87},"91":{"(Float16(0.4978), Float16(0.898))":86,"(Float16(0.999), Float16(1.399))":14},"62":{"(Float16(0.5), Float16(0.9))":100},"58":{"(Float16(0.4976), Float16(0.8975))":100},"52":{"(Float16(0.501), Float16(0.901))":88,"(Float16(0.000596), Float16(0.4006))":12},"12":{"(Float16(0.501), Float16(0.901))":92,"(Float16(0.0005927), Float16(0.4006))":8},"28":{"(Float16(0.9985), Float16(1.398))":11,"(Float16(0.497), Float16(0.897))":89},"75":{"(Float16(0.999), Float16(1.399))":33,"(Float16(0.498), Float16(0.898))":67},"23":{"(Float16(0.0001312), Float16(0.4001))":22,"(Float16(0.501), Float16(0.901))":78},"92":{"(Float16(0.4978), Float16(0.898))":95,"(Float16(0.999), Float16(1.399))":5},"41":{"(Float16(0.501), Float16(0.901))":100},"43":{"(Float16(0.0003288), Float16(0.4004))":5,"(Float16(0.498), Float16(0.898))":95},"11":{"(Float16(0.9985), Float16(1.398))":13,"(Float16(0.4976), Float16(0.8975))":87},"36":{"(Float16(0.999), Float16(1.399))":18,"(Float16(0.4976), Float16(0.8975))":82},"68":{"(Float16(0.4978), Float16(0.898))":86,"(Float16(0.999), Float16(1.399))":14},"69":{"(Float16(0.501), Float16(0.901))":100},"98":{"(Float16(0.497), Float16(0.897))":100},"82":{"(Float16(0.4973), Float16(0.8975))":100},"85":{"(Float16(0.4976), Float16(0.8975))":100},"39":{"(Float16(0.499), Float16(0.899))":100},"84":{"(Float16(0.0004787), Float16(0.4004))":11,"(Float16(0.501), Float16(0.901))":89},"77":{"(Float16(0.501), Float16(0.901))":79,"(Float16(7.89e-5), Float16(0.4001))":21},"7":{"(Float16(0.498), Float16(0.898))":100},"25":{"(Float16(0.4978), Float16(0.898))":100},"95":{"(Float16(0.5), Float16(0.9))":92,"(Float16(0.0006704), Float16(0.4006))":8},"71":{"(Float16(1.5e-5), Float16(0.4))":16,"(Float16(0.501), Float16(0.901))":84},"66":{"(Float16(0.4978), Float16(0.898))":94,"(Float16(0.999), Float16(1.399))":6},"76":{"(Float16(0.999), Float16(1.399))":17,"(Float16(0.4973), Float16(0.8975))":83},"34":{"(Float16(0.999), Float16(1.399))":21,"(Float16(0.498), Float16(0.898))":79},"50":{"(Float16(0.4995), Float16(0.8994))":100},"59":{"(Float16(0.4978), Float16(0.898))":100},"93":{"(Float16(0.0009065), Float16(0.401))":12,"(Float16(0.501), Float16(0.901))":88},"2":{"(Float16(0.4993), Float16(0.8994))":100},"10":{"(Float16(0.0007515), Float16(0.4006))":7,"(Float16(0.501), Float16(0.901))":93},"18":{"(Float16(1.764e-5), Float16(0.4))":18,"(Float16(0.501), Float16(0.901))":82},"26":{"(Float16(0.501), Float16(0.901))":100},"27":{"(Float16(0.501), Float16(0.901))":87,"(Float16(0.0002465), Float16(0.4001))":13},"42":{"(Float16(0.9985), Float16(1.398))":33,"(Float16(0.498), Float16(0.898))":67},"87":{"(Float16(0.999), Float16(1.399))":7,"(Float16(0.4993), Float16(0.8994))":93},"100":{"(Float16(7.534e-5), Float16(0.4001))":20,"(Float16(0.501), Float16(0.901))":80},"79":{"(Float16(0.501), Float16(0.901))":85,"(Float16(0.0004683), Float16(0.4004))":15},"16":{"(Float16(0.501), Float16(0.901))":84,"(Float16(0.0002737), Float16(0.4004))":16},"20":{"(Float16(0.501), Float16(0.901))":76,"(Float16(7.83e-5), Float16(0.4001))":24},"81":{"(Float16(0.0005436), Float16(0.4006))":20,"(Float16(0.501), Float16(0.901))":80},"19":{"(Float16(0.4978), Float16(0.898))":100},"49":{"(Float16(0.501), Float16(0.901))":89,"(Float16(0.000581), Float16(0.4006))":11},"44":{"(Float16(7.82e-5), Float16(0.4001))":21,"(Float16(0.501), Float16(0.901))":79},"9":{"(Float16(0.501), Float16(0.901))":100},"31":{"(Float16(0.0005836), Float16(0.4006))":18,"(Float16(0.501), Float16(0.901))":82},"74":{"(Float16(0.4976), Float16(0.8975))":100},"61":{"(Float16(0.501), Float16(0.901))":88,"(Float16(3.67e-5), Float16(0.4001))":12},"29":{"(Float16(0.501), Float16(0.901))":84,"(Float16(0.0007386), Float16(0.4006))":16},"94":{"(Float16(0.999), Float16(1.399))":17,"(Float16(0.498), Float16(0.898))":83},"46":{"(Float16(0.501), Float16(0.901))":88,"(Float16(9.19e-5), Float16(0.4001))":12},"57":{"(Float16(0.501), Float16(0.901))":100},"70":{"(Float16(0.501), Float16(0.901))":100},"21":{"(Float16(0.501), Float16(0.901))":86,"(Float16(0.000742), Float16(0.4006))":14},"38":{"(Float16(0.501), Float16(0.901))":92,"(Float16(0.000677), Float16(0.4006))":8},"88":{"(Float16(0.998), Float16(1.398))":19,"(Float16(0.4983), Float16(0.8984))":81},"78":{"(Float16(4.65e-5), Float16(0.4001))":16,"(Float16(0.501), Float16(0.901))":84},"72":{"(Float16(0.498), Float16(0.898))":100},"24":{"(Float16(0.501), Float16(0.901))":80,"(Float16(0.000149), Float16(0.4001))":20},"8":{"(Float16(0.501), Float16(0.901))":92,"(Float16(0.001019), Float16(0.4011))":8},"17":{"(Float16(2.044e-5), Float16(0.4))":11,"(Float16(0.501), Float16(0.901))":89},"37":{"(Float16(0.501), Float16(0.901))":100},"1":{"(Float16(0.0001984), Float16(0.4001))":25,"(Float16(0.501), Float16(0.901))":75},"53":{"(Float16(0.498), Float16(0.898))":86,"(Float16(0.997), Float16(1.397))":14},"22":{"(Float16(0.4976), Float16(0.8975))":100},"47":{"(Float16(0.501), Float16(0.901))":83,"(Float16(0.0002427), Float16(0.4001))":17},"83":{"(Float16(0.4973), Float16(0.8975))":100},"99":{"(Float16(0.999), Float16(1.399))":15,"(Float16(0.4976), Float16(0.8975))":85},"89":{"(Float16(0.999), Float16(1.399))":3,"(Float16(0.4976), Float16(0.8975))":97},"14":{"(Float16(0.501), Float16(0.901))":88,"(Float16(0.0001038), Float16(0.4001))":12},"3":{"(Float16(0.501), Float16(0.901))":100},"80":{"(Float16(0.0005693), Float16(0.4006))":9,"(Float16(0.501), Float16(0.901))":91},"96":{"(Float16(0.001137), Float16(0.4011))":6,"(Float16(0.501), Float16(0.901))":94},"51":{"(Float16(0.501), Float16(0.901))":87,"(Float16(0.000981), Float16(0.401))":13},"33":{"(Float16(0.4978), Float16(0.898))":83,"(Float16(0.999), Float16(1.399))":17},"40":{"(Float16(0.501), Float16(0.901))":86,"(Float16(0.0001335), Float16(0.4001))":14},"48":{"(Float16(0.4985), Float16(0.8984))":100},"15":{"(Float16(0.000945), Float16(0.401))":14,"(Float16(0.501), Float16(0.901))":86},"65":{"(Float16(0.999), Float16(1.399))":22,"(Float16(0.498), Float16(0.898))":78},"97":{"(Float16(0.501), Float16(0.901))":73,"(Float16(0.0001491), Float16(0.4001))":27}}