{"5":{"(Float16(0.5186), Float16(0.5283))":100},"56":{"(Float16(0.504), Float16(0.5137))":100},"55":{"(Float16(0.4854), Float16(0.4954))":100},"35":{"(Float16(0.4995), Float16(0.5093))":100},"60":{"(Float16(0.501), Float16(0.5107))":100},"30":{"(Float16(0.5186), Float16(0.5283))":100},"32":{"(Float16(0.5117), Float16(0.5215))":100},"6":{"(Float16(0.535), Float16(0.545))":100},"67":{"(Float16(0.4985), Float16(0.5083))":100},"45":{"(Float16(0.509), Float16(0.5186))":100},"73":{"(Float16(0.537), Float16(0.547))":100},"64":{"(Float16(0.5244), Float16(0.534))":100},"90":{"(Float16(0.4531), Float16(0.4631))":100},"4":{"(Float16(0.5312), Float16(0.541))":100},"13":{"(Float16(0.517), Float16(0.527))":100},"54":{"(Float16(0.461), Float16(0.471))":100},"63":{"(Float16(0.552), Float16(0.5615))":100},"86":{"(Float16(0.4624), Float16(0.4724))":100},"91":{"(Float16(0.5264), Float16(0.536))":100},"62":{"(Float16(0.501), Float16(0.5107))":100},"58":{"(Float16(0.467), Float16(0.477))":100},"52":{"(Float16(0.5376), Float16(0.5474))":100},"12":{"(Float16(0.4512), Float16(0.4612))":100},"28":{"(Float16(0.4624), Float16(0.4724))":100},"75":{"(Float16(0.456), Float16(0.466))":100},"23":{"(Float16(0.4937), Float16(0.5034))":100},"92":{"(Float16(0.509), Float16(0.5186))":100},"41":{"(Float16(0.4453), Float16(0.4553))":100},"43":{"(Float16(0.5), Float16(0.51))":100},"69":{"(Float16(0.439), Float16(0.449))":100},"11":{"(Float16(0.5356), Float16(0.5454))":14,"(Float16(0.5254), Float16(0.535))":86},"68":{"(Float16(0.5186), Float16(0.5283))":100},"98":{"(Float16(0.4858), Float16(0.4958))":100},"36":{"(Float16(0.4985), Float16(0.5083))":100},"82":{"(Float16(0.4985), Float16(0.5083))":100},"85":{"(Float16(0.5156), Float16(0.5254))":100},"39":{"(Float16(0.5117), Float16(0.5215))":100},"84":{"(Float16(0.4553), Float16(0.4653))":100},"77":{"(Float16(0.509), Float16(0.5186))":100},"7":{"(Float16(0.4756), Float16(0.4856))":100},"25":{"(Float16(0.478), Float16(0.488))":100},"95":{"(Float16(0.4634), Float16(0.4734))":100},"71":{"(Float16(0.497), Float16(0.507))":100},"66":{"(Float16(0.004986), Float16(0.014984))":2,"(Float16(0.548), Float16(0.5576))":98},"76":{"(Float16(0.4868), Float16(0.4968))":100},"93":{"(Float16(0.4854), Float16(0.4954))":100},"50":{"(Float16(0.51), Float16(0.5195))":100},"59":{"(Float16(0.501), Float16(0.5107))":100},"34":{"(Float16(0.5234), Float16(0.533))":100},"2":{"(Float16(0.4775), Float16(0.4875))":100},"27":{"(Float16(0.5205), Float16(0.5303))":100},"10":{"(Float16(0.4907), Float16(0.5005))":100},"26":{"(Float16(0.5264), Float16(0.536))":100},"18":{"(Float16(0.4922), Float16(0.502))":100},"42":{"(Float16(0.544), Float16(0.5537))":100},"87":{"(Float16(0.511), Float16(0.521))":100},"100":{"(Float16(0.503), Float16(0.5127))":100},"79":{"(Float16(0.4702), Float16(0.4802))":100},"16":{"(Float16(0.543), Float16(0.5527))":100},"81":{"(Float16(0.4956), Float16(0.5054))":100},"20":{"(Float16(0.496), Float16(0.506))":100},"19":{"(Float16(0.4458), Float16(0.4558))":100},"49":{"(Float16(0.4797), Float16(0.4897))":100},"44":{"(Float16(0.544), Float16(0.5537))":100},"31":{"(Float16(0.4841), Float16(0.4941))":100},"9":{"(Float16(0.5273), Float16(0.537))":100},"74":{"(Float16(0.4998), Float16(0.51))":100},"61":{"(Float16(0.5303), Float16(0.54))":100},"29":{"(Float16(0.5137), Float16(0.5234))":100},"94":{"(Float16(0.4805), Float16(0.4905))":100},"46":{"(Float16(0.5186), Float16(0.5283))":100},"57":{"(Float16(0.4946), Float16(0.5044))":100},"70":{"(Float16(0.5186), Float16(0.5283))":100},"21":{"(Float16(0.474), Float16(0.4841))":100},"88":{"(Float16(0.5137), Float16(0.5234))":100},"38":{"(Float16(0.504), Float16(0.5137))":100},"78":{"(Float16(0.4941), Float16(0.504))":100},"72":{"(Float16(0.5117), Float16(0.5215))":100},"24":{"(Float16(0.5312), Float16(0.541))":100},"8":{"(Float16(0.5127), Float16(0.5225))":100},"17":{"(Float16(0.5107), Float16(0.5205))":100},"37":{"(Float16(0.4775), Float16(0.4875))":100},"1":{"(Float16(0.5254), Float16(0.535))":100},"53":{"(Float16(0.4731), Float16(0.4832))":100},"22":{"(Float16(0.505), Float16(0.5146))":100},"47":{"(Float16(0.5283), Float16(0.538))":100},"83":{"(Float16(0.501), Float16(0.5107))":100},"99":{"(Float16(0.501), Float16(0.5107))":100},"89":{"(Float16(0.4785), Float16(0.4885))":100},"14":{"(Float16(0.4634), Float16(0.4734))":100},"80":{"(Float16(0.503), Float16(0.5127))":100},"3":{"(Float16(0.4663), Float16(0.4763))":100},"96":{"(Float16(0.4531), Float16(0.4631))":100},"51":{"(Float16(0.501), Float16(0.5107))":100},"33":{"(Float16(0.5293), Float16(0.539))":100},"40":{"(Float16(0.532), Float16(0.542))":100},"48":{"(Float16(0.4907), Float16(0.5005))":100},"65":{"(Float16(0.5117), Float16(0.5215))":100},"15":{"(Float16(0.4966), Float16(0.5063))":100},"97":{"(Float16(0.506), Float16(0.5156))":100}}