{"5":{"(Float16(0.948), Float16(0.958))":28,"(Float16(0.05038), Float16(0.0604))":29,"(Float16(0.4995), Float16(0.5093))":41,"(Float16(0.7344), Float16(0.744))":2},"56":{"(Float16(0.727), Float16(0.737))":2,"(Float16(0.5), Float16(0.51))":30,"(Float16(0.948), Float16(0.958))":30,"(Float16(0.717), Float16(0.7266))":2,"(Float16(0.0503), Float16(0.0603))":36},"35":{"(Float16(0.05005), Float16(0.06006))":17,"(Float16(0.4995), Float16(0.5093))":59,"(Float16(0.949), Float16(0.959))":24},"55":{"(Float16(0.267), Float16(0.277))":2,"(Float16(0.05005), Float16(0.06006))":32,"(Float16(0.948), Float16(0.958))":14,"(Float16(0.5005), Float16(0.5103))":49,"(Float16(0.2788), Float16(0.2888))":3},"60":{"(Float16(0.2537), Float16(0.2637))":2,"(Float16(0.05005), Float16(0.06006))":25,"(Float16(0.5), Float16(0.51))":34,"(Float16(0.949), Float16(0.959))":39},"30":{"(Float16(0.5), Float16(0.51))":51,"(Float16(0.05002), Float16(0.06003))":23,"(Float16(0.949), Float16(0.959))":26},"32":{"(Float16(0.7036), Float16(0.7134))":1,"(Float16(0.05005), Float16(0.06006))":25,"(Float16(0.4995), Float16(0.5093))":51,"(Float16(0.949), Float16(0.959))":23},"6":{"(Float16(0.05014), Float16(0.06015))":28,"(Float16(0.2637), Float16(0.2737))":3,"(Float16(0.5005), Float16(0.5103))":38,"(Float16(0.9487), Float16(0.9585))":31},"67":{"(Float16(0.75), Float16(0.76))":2,"(Float16(0.05026), Float16(0.06027))":22,"(Float16(0.4995), Float16(0.5093))":55,"(Float16(0.949), Float16(0.959))":21},"45":{"(Float16(0.7266), Float16(0.7363))":2,"(Float16(0.05), Float16(0.06))":29,"(Float16(0.948), Float16(0.958))":20,"(Float16(0.4995), Float16(0.5093))":49},"73":{"(Float16(0.05005), Float16(0.06006))":32,"(Float16(0.5), Float16(0.51))":43,"(Float16(0.949), Float16(0.959))":25},"64":{"(Float16(0.05005), Float16(0.06006))":25,"(Float16(0.4998), Float16(0.51))":35,"(Float16(0.949), Float16(0.959))":40},"90":{"(Float16(0.9497), Float16(0.9595))":19,"(Float16(0.05014), Float16(0.06015))":22,"(Float16(0.4995), Float16(0.5093))":59},"4":{"(Float16(0.05), Float16(0.06))":28,"(Float16(0.4995), Float16(0.5093))":41,"(Float16(0.949), Float16(0.959))":31},"13":{"(Float16(0.4985), Float16(0.5083))":44,"(Float16(0.948), Float16(0.958))":29,"(Float16(0.0501), Float16(0.06012))":27},"54":{"(Float16(0.05005), Float16(0.06006))":24,"(Float16(0.948), Float16(0.958))":42,"(Float16(0.4993), Float16(0.5093))":34},"63":{"(Float16(0.498), Float16(0.508))":30,"(Float16(0.948), Float16(0.958))":45,"(Float16(0.05002), Float16(0.06003))":25},"86":{"(Float16(0.9473), Float16(0.957))":29,"(Float16(0.05005), Float16(0.06006))":18,"(Float16(0.499), Float16(0.509))":53},"91":{"(Float16(0.05005), Float16(0.06006))":26,"(Float16(0.5), Float16(0.51))":38,"(Float16(0.948), Float16(0.958))":34,"(Float16(0.7134), Float16(0.723))":2},"62":{"(Float16(0.05032), Float16(0.06033))":35,"(Float16(0.5), Float16(0.51))":30,"(Float16(0.9487), Float16(0.9585))":33,"(Float16(0.708), Float16(0.718))":2},"58":{"(Float16(0.9473), Float16(0.957))":32,"(Float16(0.4995), Float16(0.5093))":40,"(Float16(0.0503), Float16(0.0603))":26,"(Float16(0.733), Float16(0.7427))":2},"52":{"(Float16(0.7197), Float16(0.7295))":2,"(Float16(0.05035), Float16(0.06036))":44,"(Float16(0.5), Float16(0.51))":30,"(Float16(0.948), Float16(0.958))":20,"(Float16(0.742), Float16(0.752))":4},"12":{"(Float16(0.05005), Float16(0.06006))":23,"(Float16(0.5), Float16(0.51))":52,"(Float16(0.949), Float16(0.959))":25},"28":{"(Float16(0.5), Float16(0.51))":50,"(Float16(0.05038), Float16(0.0604))":29,"(Float16(0.9478), Float16(0.9575))":21},"75":{"(Float16(0.265), Float16(0.275))":2,"(Float16(0.9473), Float16(0.957))":25,"(Float16(0.0501), Float16(0.06012))":22,"(Float16(0.5005), Float16(0.5103))":51},"23":{"(Float16(0.95), Float16(0.96))":25,"(Float16(0.05008), Float16(0.0601))":36,"(Float16(0.5005), Float16(0.5103))":39},"92":{"(Float16(0.5), Float16(0.51))":31,"(Float16(0.948), Float16(0.958))":34,"(Float16(0.05002), Float16(0.06003))":35},"41":{"(Float16(0.05017), Float16(0.06018))":19,"(Float16(0.4995), Float16(0.5093))":40,"(Float16(0.949), Float16(0.959))":41},"43":{"(Float16(0.499), Float16(0.509))":46,"(Float16(0.0501), Float16(0.06012))":22,"(Float16(0.2976), Float16(0.3076))":2,"(Float16(0.949), Float16(0.959))":30},"11":{"(Float16(0.4988), Float16(0.509))":60,"(Float16(0.74), Float16(0.75))":2,"(Float16(0.05002), Float16(0.06003))":13,"(Float16(0.949), Float16(0.959))":25},"36":{"(Float16(0.498), Float16(0.508))":76,"(Float16(0.05023), Float16(0.06024))":3,"(Float16(0.95), Float16(0.96))":19,"(Float16(0.7324), Float16(0.742))":2},"68":{"(Float16(0.0502), Float16(0.0602))":24,"(Float16(0.948), Float16(0.958))":22,"(Float16(0.499), Float16(0.509))":54},"69":{"(Float16(0.9497), Float16(0.9595))":21,"(Float16(0.05008), Float16(0.0601))":25,"(Float16(0.5005), Float16(0.5103))":54},"98":{"(Float16(0.95), Float16(0.96))":16,"(Float16(0.4995), Float16(0.5093))":48,"(Float16(0.05002), Float16(0.06003))":34,"(Float16(0.7173), Float16(0.727))":2},"82":{"(Float16(0.5), Float16(0.51))":48,"(Float16(0.05002), Float16(0.06003))":26,"(Float16(0.949), Float16(0.959))":26},"85":{"(Float16(0.05), Float16(0.06))":19,"(Float16(0.9478), Float16(0.9575))":26,"(Float16(0.2937), Float16(0.3037))":2,"(Float16(0.5005), Float16(0.5103))":53},"39":{"(Float16(0.5), Float16(0.51))":36,"(Float16(0.948), Float16(0.958))":38,"(Float16(0.05002), Float16(0.06003))":24,"(Float16(0.271), Float16(0.281))":2},"84":{"(Float16(0.05005), Float16(0.06006))":35,"(Float16(0.5), Float16(0.51))":38,"(Float16(0.949), Float16(0.959))":27},"77":{"(Float16(0.0502), Float16(0.0602))":17,"(Float16(0.948), Float16(0.958))":31,"(Float16(0.2603), Float16(0.2703))":4,"(Float16(0.4998), Float16(0.51))":48},"7":{"(Float16(0.05035), Float16(0.06036))":15,"(Float16(0.5), Float16(0.51))":53,"(Float16(0.948), Float16(0.958))":31,"(Float16(0.2832), Float16(0.2932))":1},"25":{"(Float16(0.252), Float16(0.262))":2,"(Float16(0.2974), Float16(0.3074))":2,"(Float16(0.05072), Float16(0.06073))":19,"(Float16(0.499), Float16(0.509))":42,"(Float16(0.2637), Float16(0.2737))":2,"(Float16(0.949), Float16(0.959))":33},"95":{"(Float16(0.05017), Float16(0.06018))":26,"(Float16(0.948), Float16(0.958))":28,"(Float16(0.2837), Float16(0.2937))":2,"(Float16(0.5005), Float16(0.5103))":44},"71":{"(Float16(0.05), Float16(0.06))":19,"(Float16(0.948), Float16(0.958))":30,"(Float16(0.4995), Float16(0.5093))":51},"66":{"(Float16(0.9497), Float16(0.9595))":27,"(Float16(0.05005), Float16(0.06006))":32,"(Float16(0.4995), Float16(0.5093))":41},"76":{"(Float16(0.5), Float16(0.51))":39,"(Float16(0.0501), Float16(0.06012))":29,"(Float16(0.949), Float16(0.959))":32},"34":{"(Float16(0.05014), Float16(0.06015))":30,"(Float16(0.75), Float16(0.76))":4,"(Float16(0.4995), Float16(0.5093))":40,"(Float16(0.7), Float16(0.71))":2,"(Float16(0.949), Float16(0.959))":24},"50":{"(Float16(0.05017), Float16(0.06018))":27,"(Float16(0.95), Float16(0.96))":20,"(Float16(0.5005), Float16(0.5103))":53},"59":{"(Float16(0.05005), Float16(0.06006))":21,"(Float16(0.948), Float16(0.958))":18,"(Float16(0.4993), Float16(0.5093))":61},"93":{"(Float16(0.0502), Float16(0.0602))":18,"(Float16(0.266), Float16(0.2761))":3,"(Float16(0.948), Float16(0.958))":34,"(Float16(0.4995), Float16(0.5093))":45},"2":{"(Float16(0.4988), Float16(0.509))":43,"(Float16(0.05008), Float16(0.0601))":32,"(Float16(0.949), Float16(0.959))":25},"10":{"(Float16(0.4995), Float16(0.5093))":45,"(Float16(0.0501), Float16(0.06012))":25,"(Float16(0.949), Float16(0.959))":30},"18":{"(Float16(0.254), Float16(0.264))":2,"(Float16(0.2961), Float16(0.3062))":2,"(Float16(0.268), Float16(0.278))":2,"(Float16(0.4983), Float16(0.5083))":45,"(Float16(0.9473), Float16(0.957))":27,"(Float16(0.05002), Float16(0.06003))":20,"(Float16(0.2817), Float16(0.2917))":2},"26":{"(Float16(0.05005), Float16(0.06006))":21,"(Float16(0.5), Float16(0.51))":54,"(Float16(0.948), Float16(0.958))":25},"27":{"(Float16(0.05005), Float16(0.06006))":21,