{"5":{"(Float16(0.5), Float16(0.51))":53,"(Float16(0.05072), Float16(0.06073))":23,"(Float16(0.9487), Float16(0.9585))":24},"56":{"(Float16(0.05014), Float16(0.06015))":25,"(Float16(0.5), Float16(0.51))":44,"(Float16(0.948), Float16(0.958))":31},"55":{"(Float16(0.5), Float16(0.51))":37,"(Float16(0.948), Float16(0.958))":26,"(Float16(0.0507), Float16(0.0607))":37},"35":{"(Float16(0.05023), Float16(0.06024))":35,"(Float16(0.5), Float16(0.51))":26,"(Float16(0.949), Float16(0.959))":39},"60":{"(Float16(0.948), Float16(0.958))":39,"(Float16(0.499), Float16(0.509))":34,"(Float16(0.0503), Float16(0.0603))":27},"30":{"(Float16(0.05014), Float16(0.06015))":24,"(Float16(0.5), Float16(0.51))":56,"(Float16(0.948), Float16(0.958))":20},"32":{"(Float16(0.05054), Float16(0.06055))":43,"(Float16(0.5), Float16(0.51))":22,"(Float16(0.948), Float16(0.958))":35},"6":{"(Float16(0.4995), Float16(0.5093))":51,"(Float16(0.0501), Float16(0.06012))":14,"(Float16(0.949), Float16(0.959))":35},"67":{"(Float16(0.4995), Float16(0.5093))":37,"(Float16(0.0503), Float16(0.0603))":32,"(Float16(0.949), Float16(0.959))":31},"45":{"(Float16(0.05054), Float16(0.06055))":39,"(Float16(0.5), Float16(0.51))":36,"(Float16(0.948), Float16(0.958))":25},"73":{"(Float16(0.05014), Float16(0.06015))":20,"(Float16(0.948), Float16(0.958))":39,"(Float16(0.4995), Float16(0.5093))":41},"64":{"(Float16(0.4995), Float16(0.5093))":40,"(Float16(0.0503), Float16(0.0603))":27,"(Float16(0.949), Float16(0.959))":33},"90":{"(Float16(0.4985), Float16(0.5083))":49,"(Float16(0.948), Float16(0.958))":22,"(Float16(0.05048), Float16(0.0605))":29},"4":{"(Float16(0.05017), Float16(0.06018))":25,"(Float16(0.9487), Float16(0.9585))":28,"(Float16(0.5005), Float16(0.5103))":47},"13":{"(Float16(0.05023), Float16(0.06024))":26,"(Float16(0.5), Float16(0.51))":38,"(Float16(0.9478), Float16(0.9575))":36},"54":{"(Float16(0.5), Float16(0.51))":47,"(Float16(0.05002), Float16(0.06003))":26,"(Float16(0.9487), Float16(0.9585))":27},"63":{"(Float16(0.05023), Float16(0.06024))":35,"(Float16(0.949), Float16(0.959))":21,"(Float16(0.5005), Float16(0.5103))":44},"86":{"(Float16(0.5), Float16(0.51))":49,"(Float16(0.05017), Float16(0.06018))":29,"(Float16(0.949), Float16(0.959))":22},"91":{"(Float16(0.05035), Float16(0.06036))":24,"(Float16(0.949), Float16(0.959))":28,"(Float16(0.5005), Float16(0.5103))":48},"62":{"(Float16(0.05035), Float16(0.06036))":32,"(Float16(0.5), Float16(0.51))":38,"(Float16(0.948), Float16(0.958))":30},"58":{"(Float16(0.5), Float16(0.51))":38,"(Float16(0.0504), Float16(0.06042))":37,"(Float16(0.949), Float16(0.959))":25},"52":{"(Float16(0.05035), Float16(0.06036))":33,"(Float16(0.5), Float16(0.51))":32,"(Float16(0.949), Float16(0.959))":35},"12":{"(Float16(0.05057), Float16(0.06058))":28,"(Float16(0.5), Float16(0.51))":49,"(Float16(0.9478), Float16(0.9575))":23},"28":{"(Float16(0.5), Float16(0.51))":41,"(Float16(0.9478), Float16(0.9575))":34,"(Float16(0.05008), Float16(0.0601))":25},"75":{"(Float16(0.9473), Float16(0.957))":28,"(Float16(0.05017), Float16(0.06018))":26,"(Float16(0.4995), Float16(0.5093))":46},"23":{"(Float16(0.948), Float16(0.958))":21,"(Float16(0.05038), Float16(0.0604))":35,"(Float16(0.5005), Float16(0.5103))":44},"92":{"(Float16(0.05017), Float16(0.06018))":29,"(Float16(0.949), Float16(0.959))":30,"(Float16(0.5005), Float16(0.5103))":41},"41":{"(Float16(0.0506), Float16(0.0606))":34,"(Float16(0.5), Float16(0.51))":43,"(Float16(0.948), Float16(0.958))":23},"43":{"(Float16(0.4985), Float16(0.5083))":53,"(Float16(0.0501), Float16(0.06012))":26,"(Float16(0.949), Float16(0.959))":21},"69":{"(Float16(0.5), Float16(0.51))":46,"(Float16(0.05026), Float16(0.06027))":27,"(Float16(0.949), Float16(0.959))":27},"11":{"(Float16(0.05017), Float16(0.06018))":34,"(Float16(0.4995), Float16(0.5093))":42,"(Float16(0.9487), Float16(0.9585))":24},"68":{"(Float16(0.0502), Float16(0.0602))":37,"(Float16(0.5), Float16(0.51))":34,"(Float16(0.949), Float16(0.959))":29},"98":{"(Float16(0.05005), Float16(0.06006))":26,"(Float16(0.4995), Float16(0.5093))":51,"(Float16(0.949), Float16(0.959))":23},"36":{"(Float16(0.5), Float16(0.51))":37,"(Float16(0.948), Float16(0.958))":35,"(Float16(0.0501), Float16(0.06012))":28},"82":{"(Float16(0.4995), Float16(0.5093))":46,"(Float16(0.0501), Float16(0.06012))":16,"(Float16(0.949), Float16(0.959))":38},"85":{"(Float16(0.05035), Float16(0.06036))":30,"(Float16(0.5), Float16(0.51))":46,"(Float16(0.948), Float16(0.958))":24},"39":{"(Float16(0.9478), Float16(0.9575))":34,"(Float16(0.0504), Float16(0.06042))":31,"(Float16(0.4993), Float16(0.5093))":35},"84":{"(Float16(0.4988), Float16(0.509))":52,"(Float16(0.05026), Float16(0.06027))":18,"(Float16(0.948), Float16(0.958))":30},"77":{"(Float16(0.9487), Float16(0.9585))":14,"(Float16(0.05008), Float16(0.0601))":35,"(Float16(0.5005), Float16(0.5103))":51},"7":{"(Float16(0.05023), Float16(0.06024))":20,"(Float16(0.5), Float16(0.51))":56,"(Float16(0.9487), Float16(0.9585))":24},"25":{"(Float16(0.05054), Float16(0.06055))":44,"(Float16(0.9487), Float16(0.9585))":22,"(Float16(0.4993), Float16(0.5093))":34},"95":{"(Float16(0.4988), Float16(0.509))":48,"(Float16(0.9478), Float16(0.9575))":29,"(Float16(0.0501), Float16(0.06012))":23},"71":{"(Float16(0.5), Float16(0.51))":53,"(Float16(0.05017), Float16(0.06018))":19,"(Float16(0.949), Float16(0.959))":28},"66":{"(Float16(0.9478), Float16(0.9575))":35,"(Float16(0.4995), Float16(0.5093))":36,"(Float16(0.05008), Float16(0.0601))":29},"76":{"(Float16(0.5), Float16(0.51))":40,"(Float16(0.05017), Float16(0.06018))":33,"(Float16(0.948), Float16(0.958))":27},"93":{"(Float16(0.0505), Float16(0.06052))":22,"(Float16(0.948), Float16(0.958))":30,"(Float16(0.5005), Float16(0.5103))":48},"50":{"(Float16(0.5), Float16(0.51))":49,"(Float16(0.95), Float16(0.96))":19,"(Float16(0.0501), Float16(0.06012))":31,"(Float16(0.718), Float16(0.7275))":1},"59":{"(Float16(0.05045), Float16(0.06046))":30,"(Float16(0.5), Float16(0.51))":49,"(Float16(0.949), Float16(0.959))":21},"34":{"(Float16(0.948), Float16(0.958))":24,"(Float16(0.05048), Float16(0.0605))":29,"(Float16(0.4995), Float16(0.5093))":47},"2":{"(Float16(0.5), Float16(0.51))":40,"(Float16(0.948), Float16(0.958))":25,"(Float16(0.05038), Float16(0.0604))":35},"27":{"(Float16(0.05032), Float16(0.06033))":32,"(Float16(0.5), Float16(0.51))":33,"(Float16(0.9487), Float16(0.9585))":35},"10":{"(Float16(0.05017), Float16(0.06018))":20,"(Float16(0.948), Float16(0.958))":35,"(Float16(0.4993), Float16(0.5093))":45},"26":{"(Float16(0.05023), Float16(0.06024))":21,"(Float16(0.5), Float16(0.51))":50,"(Float16(0.948), Float16(0.958))":29},"18":{"(Float16(0.948), Float16(0.958))":24,"(Float16(0.4995), Float16(0.5093))":55,"(Float16(0.0503), Float16(0.0603))":21},"42":{"(Float16(0.05005), Float16(0.06006))":23,"(Float16(0.4995), Float16(0.5093))":51,"(Float16(0.9487), Float16(0.9585))":26},"87":{"(Float16(0.9473), Float16(0.957))":19,"(Float16(0.05005), Float16(0.06006))":31,"(Float16(0.4995), Float16(0.5093))":50},"100":{"(Float16(0.948), Float16(0.958))":33,"(Float16(0.499), Float16(0.509))":47,"(Float16(0.0501), Float16(0.06012))":20},"79":{"(Float16(0.0502), Float16(0.0602))":23,"(Float16(0.4995), Float16(0.5093))":49,"(Float16(0.949), Float16(0.959))":28},"16":{"(Float16(0.05023), Float16(0.06024))":31,"(Float16(0.5), Float16(0.51))":44,"(Float16(0.9478), Float16(0.9575))":25},"81":{"(Float16(0.05017), Float16(0.06018))":32,"(Float16(0.949), Float16(0.959))":26,"(Float16(0.5005), Float16(0.5103))":42},"20":{"(Float16(0.5), Float16(0.51))":53,"(Float16(0.0501), Float16(0.06012))":22,"(Float16(0.9487), Float16(0.9585))":25},"19":{"(Float16(0.4995), Float16(0.5093))":41,"(Float16(0.0503), Float16(0.0603))":32,"(Float16(0.949), Float16(0.959))":27},"49":{"(Float16(0.05035), Float16(0.06036))":30,"(Float16(0.948), Float16(0.958))":30,"(Float16(0.4995), Float16(0.5093))":40},"44":{"(Float16(0.9497), Float16(0.9595))":19,"(Float16(0.05014), Float16(0.06015))":33,