{"5":{"(Float16(6.44e-5), Float16(0.01006))":27,"(Float16(0.5815), Float16(0.5913))":73},"56":{"(Float16(2.85e-5), Float16(0.01003))":21,"(Float16(0.6006), Float16(0.6104))":79},"55":{"(Float16(0.6123), Float16(0.622))":69,"(Float16(8.6e-6), Float16(0.01001))":31},"35":{"(Float16(0.0001843), Float16(0.010185))":25,"(Float16(0.621), Float16(0.631))":75},"60":{"(Float16(9.954e-5), Float16(0.0101))":15,"(Float16(0.536), Float16(0.546))":79,"(Float16(0.9766), Float16(0.9863))":4,"(Float16(0.8994), Float16(0.909))":2},"30":{"(Float16(0.0002809), Float16(0.010284))":28,"(Float16(0.6426), Float16(0.6523))":72},"32":{"(Float16(0.0), Float16(0.01))":17,"(Float16(0.618), Float16(0.628))":83},"6":{"(Float16(0.6133), Float16(0.623))":74,"(Float16(6.89e-5), Float16(0.01007))":26},"67":{"(Float16(0.658), Float16(0.668))":68,"(Float16(9.906e-5), Float16(0.0101))":32},"45":{"(Float16(0.634), Float16(0.6436))":69,"(Float16(2.47e-5), Float16(0.010025))":31},"73":{"(Float16(0.00010705), Float16(0.01011))":32,"(Float16(0.3164), Float16(0.3264))":2,"(Float16(0.6436), Float16(0.6533))":66},"64":{"(Float16(0.749), Float16(0.759))":50,"(Float16(5.29e-5), Float16(0.010056))":48,"(Float16(0.3152), Float16(0.3252))":2},"90":{"(Float16(0.62), Float16(0.63))":79,"(Float16(2.25e-5), Float16(0.010025))":21},"4":{"(Float16(8.476e-5), Float16(0.010086))":32,"(Float16(0.66), Float16(0.67))":66,"(Float16(0.3184), Float16(0.3284))":2},"13":{"(Float16(0.3342), Float16(0.3442))":5,"(Float16(6.884e-5), Float16(0.01007))":30,"(Float16(0.6924), Float16(0.702))":65},"54":{"(Float16(0.762), Float16(0.772))":4,"(Float16(0.7065), Float16(0.7163))":4,"(Float16(0.6387), Float16(0.6484))":2,"(Float16(0.6045), Float16(0.6143))":2,"(Float16(0.6807), Float16(0.6904))":2,"(Float16(0.773), Float16(0.7827))":5,"(Float16(0.735), Float16(0.7446))":8,"(Float16(0.0004478), Float16(0.01045))":61,"(Float16(0.7983), Float16(0.808))":4,"(Float16(0.745), Float16(0.755))":4,"(Float16(0.837), Float16(0.8467))":2,"(Float16(0.669), Float16(0.6787))":2},"63":{"(Float16(0.7227), Float16(0.7324))":5,"(Float16(0.743), Float16(0.753))":4,"(Float16(0.8867), Float16(0.8965))":2,"(Float16(0.509), Float16(0.5186))":2,"(Float16(0.000161), Float16(0.01016))":50,"(Float16(0.754), Float16(0.7637))":6,"(Float16(0.6143), Float16(0.624))":2,"(Float16(0.707), Float16(0.717))":3,"(Float16(0.5825), Float16(0.5923))":4,"(Float16(0.807), Float16(0.817))":4,"(Float16(0.4985), Float16(0.5083))":2,"(Float16(0.6494), Float16(0.659))":6,"(Float16(0.9434), Float16(0.953))":3,"(Float16(0.442), Float16(0.452))":3,"(Float16(0.836), Float16(0.8457))":4},"86":{"(Float16(0.539), Float16(0.549))":70,"(Float16(5.99e-5), Float16(0.01006))":30},"91":{"(Float16(1.067e-5), Float16(0.01001))":44,"(Float16(0.629), Float16(0.6387))":56},"62":{"(Float16(0.7354), Float16(0.745))":60,"(Float16(9.23e-5), Float16(0.01009))":31,"(Float16(0.3147), Float16(0.3247))":2,"(Float16(0.3604), Float16(0.3704))":2,"(Float16(0.3257), Float16(0.3357))":3,"(Float16(0.4087), Float16(0.4187))":2},"58":{"(Float16(6.545e-5), Float16(0.01007))":35,"(Float16(0.625), Float16(0.635))":65},"52":{"(Float16(0.843), Float16(0.8525))":2,"(Float16(0.502), Float16(0.5117))":67,"(Float16(4.29e-5), Float16(0.01005))":29,"(Float16(0.909), Float16(0.919))":2},"12":{"(Float16(0.4492), Float16(0.4592))":87,"(Float16(1.54e-5), Float16(0.01002))":12,"(Float16(0.896), Float16(0.906))":1},"28":{"(Float16(0.5215), Float16(0.5312))":75,"(Float16(0.0001297), Float16(0.01013))":22,"(Float16(0.8896), Float16(0.8994))":3},"75":{"(Float16(0.3716), Float16(0.3816))":2,"(Float16(0.0001513), Float16(0.010155))":26,"(Float16(0.3572), Float16(0.3672))":4,"(Float16(0.3257), Float16(0.3357))":2,"(Float16(0.707), Float16(0.717))":66},"23":{"(Float16(0.6504), Float16(0.66))":62,"(Float16(4.04e-5), Float16(0.01004))":38},"92":{"(Float16(0.9795), Float16(0.9893))":2,"(Float16(2.53e-5), Float16(0.010025))":13,"(Float16(0.5566), Float16(0.5664))":82,"(Float16(0.924), Float16(0.9336))":3},"41":{"(Float16(0.9263), Float16(0.936))":2,"(Float16(0.744), Float16(0.754))":6,"(Float16(0.6387), Float16(0.6484))":6,"(Float16(0.802), Float16(0.8115))":4,"(Float16(0.0004537), Float16(0.01045))":28,"(Float16(0.508), Float16(0.5176))":2,"(Float16(0.709), Float16(0.7188))":2,"(Float16(0.453), Float16(0.463))":2,"(Float16(0.525), Float16(0.5347))":2,"(Float16(0.6196), Float16(0.6294))":10,"(Float16(0.782), Float16(0.792))":2,"(Float16(0.6035), Float16(0.6133))":4,"(Float16(0.657), Float16(0.667))":2,"(Float16(0.5693), Float16(0.579))":8,"(Float16(0.4824), Float16(0.4924))":2,"(Float16(0.674), Float16(0.6836))":3,"(Float16(0.72), Float16(0.73))":2,"(Float16(0.6865), Float16(0.6963))":5,"(Float16(0.541), Float16(0.551))":2,"(Float16(0.9023), Float16(0.912))":2,"(Float16(0.7305), Float16(0.74))":2,"(Float16(0.497), Float16(0.507))":2},"43":{"(Float16(3.296e-5), Float16(0.01003))":34,"(Float16(0.622), Float16(0.632))":66},"69":{"(Float16(1.73e-5), Float16(0.01002))":27,"(Float16(0.5947), Float16(0.6045))":73},"11":{"(Float16(0.0001652), Float16(0.01017))":35,"(Float16(0.6416), Float16(0.6514))":65},"68":{"(Float16(9.68e-5), Float16(0.0101))":31,"(Float16(0.663), Float16(0.673))":69},"98":{"(Float16(0.6104), Float16(0.62))":60,"(Float16(3.135e-5), Float16(0.01003))":40},"36":{"(Float16(0.00011533), Float16(0.01012))":22,"(Float16(0.626), Float16(0.6357))":78},"82":{"(Float16(0.676), Float16(0.6855))":64,"(Float16(2.73e-5), Float16(0.01003))":34,"(Float16(0.325), Float16(0.335))":2},"85":{"(Float16(0.616), Float16(0.626))":68,"(Float16(3.135e-5), Float16(0.01003))":32},"39":{"(Float16(0.5747), Float16(0.5845))":15,"(Float16(4.65e-6), Float16(0.01001))":13,"(Float16(0.5645), Float16(0.574))":72},"84":{"(Float16(0.6533), Float16(0.663))":65,"(Float16(1.82e-5), Float16(0.01002))":35},"77":{"(Float16(1.8e-6), Float16(0.01))":21,"(Float16(0.5605), Float16(0.5703))":79},"7":{"(Float16(0.6665), Float16(0.6763))":2,"(Float16(0.8037), Float16(0.8135))":12,"(Float16(0.6562), Float16(0.666))":7,"(Float16(0.0001912), Float16(0.01019))":58,"(Float16(0.555), Float16(0.565))":2,"(Float16(0.7554), Float16(0.765))":3,"(Float16(0.7), Float16(0.71))":7,"(Float16(0.782), Float16(0.792))":5,"(Float16(0.741), Float16(0.751))":2,"(Float16(0.6797), Float16(0.6895))":2},"25":{"(Float16(0.633), Float16(0.6426))":79,"(Float16(5.066e-5), Float16(0.010056))":21},"95":{"(Float16(0.6367), Float16(0.6465))":63,"(Float16(6.2e-5), Float16(0.01006))":37},"71":{"(Float16(1.454e-5), Float16(0.01002))":24,"(Float16(0.587), Float16(0.5967))":76},"66":{"(Float16(0.651), Float16(0.6606))":9,"(Float16(0.694), Float16(0.7036))":5,"(Float16(0.664), Float16(0.674))":5,"(Float16(0.798), Float16(0.8076))":4,"(Float16(0.749), Float16(0.759))":2,"(Float16(0.552), Float16(0.5615))":2,"(Float16(0.7266), Float16(0.7363))":4,"(Float16(0.000349), Float16(0.01035))":54,"(Float16(0.9463), Float16(0.956))":2,"(Float16(0.5996), Float16(0.6094))":2,"(Float16(0.6816), Float16(0.6914))":7,"(Float16(0.7666), Float16(0.7764))":4},"76":{"(Float16(2.5e-6), Float16(0.01))":30,"(Float16(0.6094), Float16(0.619))":70},"93":{"(Float16(3.34e-5), Float16(0.01003))":31,"(Float16(0.6396), Float16(0.6494))":69},"50":{"(Float16(0.6826), Float16(0.6924))":64,"(Float16(0.0001278), Float16(0.01013))":36},"59":{"(Float16(5.4e-6), Float16(0.01001))":32,"(Float16(0.6875), Float16(0.6973))":68},"34":{"(Float16(0.7266), Float16(0.7363))":2,"(Float16(0.7837), Float16(0.7935))":2,"(Float16(0.8027), Float16(0.8125))":2,"(Float16(0.829), Float16(0.839))":4,"(Float16(0.871), Float16(0.881))":4,"(Float16(0.844), Float16(0.854))":4,"(Float16(0.757), Float16(0.7666))":2,"(Float16(0.7676), Float16(0.7773))":6,"(Float16(0.0001757), Float16(0.01018))":71,"(Float16(0.8994), Float16(0.909))":3},"2":{"(Float16(0.595), Float16(0.605))":55,"(Float16(3.535e-5), Float16(0.01004))":45},"27":{"(Float16(9.2e-6), Float16(0.01001))":45,"(Float16(0.6924), Float16(0.702))":51,"(Float16(0.352), Float16(0.362))":2,