{"5":{"(Float16(0.05005), Float16(0.06006))":39,"(Float16(0.949), Float16(0.959))":61},"56":{"(Float16(0.05), Float16(0.06))":55,"(Float16(0.949), Float16(0.959))":45},"55":{"(Float16(0.05002), Float16(0.06003))":40,"(Float16(0.9487), Float16(0.9585))":60},"35":{"(Float16(0.05005), Float16(0.06006))":53,"(Float16(0.9487), Float16(0.9585))":47},"60":{"(Float16(0.05014), Float16(0.06015))":49,"(Float16(0.948), Float16(0.958))":51},"30":{"(Float16(0.05002), Float16(0.06003))":44,"(Float16(0.9487), Float16(0.9585))":56},"32":{"(Float16(0.05), Float16(0.06))":52,"(Float16(0.949), Float16(0.959))":48},"6":{"(Float16(0.05005), Float16(0.06006))":42,"(Float16(0.949), Float16(0.959))":58},"67":{"(Float16(0.05017), Float16(0.06018))":56,"(Float16(0.948), Float16(0.958))":44},"45":{"(Float16(0.05), Float16(0.06))":51,"(Float16(0.949), Float16(0.959))":49},"73":{"(Float16(0.05002), Float16(0.06003))":43,"(Float16(0.949), Float16(0.959))":57},"64":{"(Float16(0.948), Float16(0.958))":60,"(Float16(0.05002), Float16(0.06003))":40},"90":{"(Float16(0.05014), Float16(0.06015))":56,"(Float16(0.948), Float16(0.958))":44},"4":{"(Float16(0.05), Float16(0.06))":59,"(Float16(0.949), Float16(0.959))":41},"13":{"(Float16(0.05), Float16(0.06))":51,"(Float16(0.949), Float16(0.959))":49},"54":{"(Float16(0.05017), Float16(0.06018))":59,"(Float16(0.9487), Float16(0.9585))":41},"63":{"(Float16(0.05), Float16(0.06))":53,"(Float16(0.949), Float16(0.959))":47},"86":{"(Float16(0.05005), Float16(0.06006))":37,"(Float16(0.9487), Float16(0.9585))":63},"91":{"(Float16(0.05), Float16(0.06))":55,"(Float16(0.949), Float16(0.959))":45},"62":{"(Float16(0.0501), Float16(0.06012))":51,"(Float16(0.949), Float16(0.959))":49},"58":{"(Float16(0.05), Float16(0.06))":69,"(Float16(0.949), Float16(0.959))":31},"52":{"(Float16(0.05), Float16(0.06))":42,"(Float16(0.949), Float16(0.959))":58},"12":{"(Float16(0.05), Float16(0.06))":55,"(Float16(0.949), Float16(0.959))":45},"28":{"(Float16(0.05), Float16(0.06))":40,"(Float16(0.949), Float16(0.959))":60},"75":{"(Float16(0.05002), Float16(0.06003))":44,"(Float16(0.949), Float16(0.959))":56},"23":{"(Float16(0.948), Float16(0.958))":50,"(Float16(0.05008), Float16(0.0601))":50},"92":{"(Float16(0.948), Float16(0.958))":56,"(Float16(0.05002), Float16(0.06003))":44},"41":{"(Float16(0.05), Float16(0.06))":49,"(Float16(0.949), Float16(0.959))":51},"43":{"(Float16(0.05017), Float16(0.06018))":52,"(Float16(0.9487), Float16(0.9585))":48},"69":{"(Float16(0.05), Float16(0.06))":49,"(Float16(0.949), Float16(0.959))":51},"11":{"(Float16(0.0502), Float16(0.0602))":52,"(Float16(0.948), Float16(0.958))":48},"68":{"(Float16(0.05002), Float16(0.06003))":49,"(Float16(0.949), Float16(0.959))":51},"98":{"(Float16(0.05002), Float16(0.06003))":44,"(Float16(0.949), Float16(0.959))":56},"36":{"(Float16(0.05), Float16(0.06))":56,"(Float16(0.949), Float16(0.959))":44},"82":{"(Float16(0.9473), Float16(0.957))":64,"(Float16(0.05002), Float16(0.06003))":36},"85":{"(Float16(0.0501), Float16(0.06012))":53,"(Float16(0.9487), Float16(0.9585))":47},"39":{"(Float16(0.05005), Float16(0.06006))":38,"(Float16(0.9478), Float16(0.9575))":62},"84":{"(Float16(0.05), Float16(0.06))":54,"(Float16(0.949), Float16(0.959))":46},"77":{"(Float16(0.05002), Float16(0.06003))":38,"(Float16(0.949), Float16(0.959))":62},"7":{"(Float16(0.05005), Float16(0.06006))":66,"(Float16(0.948), Float16(0.958))":34},"25":{"(Float16(0.05017), Float16(0.06018))":60,"(Float16(0.948), Float16(0.958))":40},"95":{"(Float16(0.05), Float16(0.06))":44,"(Float16(0.9487), Float16(0.9585))":56},"71":{"(Float16(0.05002), Float16(0.06003))":43,"(Float16(0.949), Float16(0.959))":57},"66":{"(Float16(0.05005), Float16(0.06006))":46,"(Float16(0.9487), Float16(0.9585))":54},"76":{"(Float16(0.948), Float16(0.958))":40,"(Float16(0.0501), Float16(0.06012))":60},"93":{"(Float16(0.0501), Float16(0.06012))":52,"(Float16(0.949), Float16(0.959))":48},"50":{"(Float16(0.05), Float16(0.06))":48,"(Float16(0.949), Float16(0.959))":52},"59":{"(Float16(0.9478), Float16(0.9575))":64,"(Float16(0.05002), Float16(0.06003))":36},"34":{"(Float16(0.05), Float16(0.06))":43,"(Float16(0.9487), Float16(0.9585))":57},"2":{"(Float16(0.05005), Float16(0.06006))":39,"(Float16(0.949), Float16(0.959))":61},"27":{"(Float16(0.05005), Float16(0.06006))":54,"(Float16(0.9487), Float16(0.9585))":46},"10":{"(Float16(0.05005), Float16(0.06006))":66,"(Float16(0.949), Float16(0.959))":34},"26":{"(Float16(0.05002), Float16(0.06003))":39,"(Float16(0.949), Float16(0.959))":61},"18":{"(Float16(0.05), Float16(0.06))":42,"(Float16(0.949), Float16(0.959))":58},"42":{"(Float16(0.05014), Float16(0.06015))":59,"(Float16(0.9487), Float16(0.9585))":41},"87":{"(Float16(0.948), Float16(0.958))":59,"(Float16(0.0501), Float16(0.06012))":41},"100":{"(Float16(0.9487), Float16(0.9585))":63,"(Float16(0.05008), Float16(0.0601))":37},"79":{"(Float16(0.05005), Float16(0.06006))":53,"(Float16(0.9487), Float16(0.9585))":47},"16":{"(Float16(0.05005), Float16(0.06006))":43,"(Float16(0.949), Float16(0.959))":57},"81":{"(Float16(0.05005), Float16(0.06006))":44,"(Float16(0.9487), Float16(0.9585))":56},"20":{"(Float16(0.05002), Float16(0.06003))":47,"(Float16(0.949), Float16(0.959))":53},"19":{"(Float16(0.05002), Float16(0.06003))":42,"(Float16(0.949), Float16(0.959))":58},"49":{"(Float16(0.05), Float16(0.06))":39,"(Float16(0.949), Float16(0.959))":61},"44":{"(Float16(0.05), Float16(0.06))":44,"(Float16(0.949), Float16(0.959))":56},"31":{"(Float16(0.05014), Float16(0.06015))":60,"(Float16(0.9487), Float16(0.9585))":40},"9":{"(Float16(0.05014), Float16(0.06015))":61,"(Float16(0.949), Float16(0.959))":39},"74":{"(Float16(0.05002), Float16(0.06003))":51,"(Float16(0.949), Float16(0.959))":49},"61":{"(Float16(0.05), Float16(0.06))":44,"(Float16(0.948), Float16(0.958))":56},"29":{"(Float16(0.05), Float16(0.06))":47,"(Float16(0.949), Float16(0.959))":53},"94":{"(Float16(0.05002), Float16(0.06003))":42,"(Float16(0.9487), Float16(0.9585))":58},"46":{"(Float16(0.05), Float16(0.06))":49,"(Float16(0.949), Float16(0.959))":51},"57":{"(Float16(0.05), Float16(0.06))":42,"(Float16(0.9487), Float16(0.9585))":58},"70":{"(Float16(0.05), Float16(0.06))":48,"(Float16(0.949), Float16(0.959))":52},"21":{"(Float16(0.0501), Float16(0.06012))":59,"(Float16(0.949), Float16(0.959))":41},"88":{"(Float16(0.0501), Float16(0.06012))":62,"(Float16(0.9487), Float16(0.9585))":38},"38":{"(Float16(0.05), Float16(0.06))":40,"(Float16(0.948), Float16(0.958))":60},"78":{"(Float16(0.05), Float16(0.06))":50,"(Float16(0.9487), Float16(0.9585))":50},"72":{"(Float16(0.05), Float16(0.06))":44,"(Float16(0.949), Float16(0.959))":56},"24":{"(Float16(0.05), Float16(0.06))":47,"(Float16(0.9487), Float16(0.9585))":53},"8":{"(Float16(0.05026), Float16(0.06027))":62,"(Float16(0.9487), Float16(0.9585))":38},"17":{"(Float16(0.05), Float16(0.06))":43,"(Float16(0.949), Float16(0.959))":57},"37":{"(Float16(0.05005), Float16(0.06006))":60,"(Float16(0.949), Float16(0.959))":40},"1":{"(Float16(0.05014), Float16(0.06015))":61,"(Float16(0.948), Float16(0.958))":39},"53":{"(Float16(0.05), Float16(0.06))":55,"(Float16(0.9487), Float16(0.9585))":45},"22":{"(Float16(0.05005), Float16(0.06006))":39,"(Float16(0.9487), Float16(0.9585))":61},"47":{"(Float16(0.949), Float16(0.959))":65,"(Float16(0.05008), Float16(0.0601))":35},"83":{"(Float16(0.05005), Float16(0.06006))":45,"(Float16(0.949), Float16(0.959))":55},"99":{"(Float16(0.05), Float16(0.06))":34,"(Float16(0.948), Float16(0.958))":66},"89":{"(Float16(0.9487), Float16(0.9585))":45,"(Float16(0.05008), Float16(0.0601))":55},"14":{"(Float16(0.05023), Float16(0.06024))":56,"(Float16(0.949), Float16(0.959))":44},"80":{"(Float16(0.05), Float16(0.06))":40,"(Float16(0.949), Float16(0.959))":60},"3":{"(Float16(0.949), Float16(0.959))":41,"(Float16(0.05008), Float16(0.0601))":59},"96":{"(Float16(0.05005), Float16(0.06006))":53,"(Float16(0.948), Float16(0.958))":47},"51":{"(Float16(0.05), Float16(0.06))":51,