{"5":{"(Float16(0.4988), Float16(0.509))":41,"(Float16(0.05017), Float16(0.06018))":27,"(Float16(0.949), Float16(0.959))":32},"4":{"(Float16(0.9497), Float16(0.9595))":18,"(Float16(0.4995), Float16(0.5093))":52,"(Float16(0.05002), Float16(0.06003))":30},"6":{"(Float16(0.5), Float16(0.51))":46,"(Float16(0.05002), Float16(0.06003))":28,"(Float16(0.9487), Float16(0.9585))":26},"7":{"(Float16(0.95), Float16(0.96))":21,"(Float16(0.4995), Float16(0.5093))":54,"(Float16(0.0501), Float16(0.06012))":25},"2":{"(Float16(0.4995), Float16(0.5093))":56,"(Float16(0.05002), Float16(0.06003))":17,"(Float16(0.949), Float16(0.959))":27},"10":{"(Float16(0.7256), Float16(0.7354))":7,"(Float16(0.05), Float16(0.06))":32,"(Float16(0.95), Float16(0.96))":13,"(Float16(0.4995), Float16(0.5093))":48},"9":{"(Float16(0.2742), Float16(0.2842))":1,"(Float16(0.05005), Float16(0.06006))":23,"(Float16(0.4998), Float16(0.51))":39,"(Float16(0.949), Float16(0.959))":37},"8":{"(Float16(0.05), Float16(0.06))":29,"(Float16(0.948), Float16(0.958))":33,"(Float16(0.499), Float16(0.509))":35,"(Float16(0.2842), Float16(0.2942))":3},"3":{"(Float16(0.05026), Float16(0.06027))":37,"(Float16(0.717), Float16(0.7266))":2,"(Float16(0.4998), Float16(0.51))":35,"(Float16(0.9487), Float16(0.9585))":26},"1":{"(Float16(0.7227), Float16(0.7324))":2,"(Float16(0.948), Float16(0.958))":35,"(Float16(0.4995), Float16(0.5093))":42,"(Float16(0.0501), Float16(0.06012))":21}}