{"5":{"(Float16(0.0003881), Float16(0.01039))":100},"56":{"(Float16(0.0003443), Float16(0.010345))":100},"55":{"(Float16(0.000498), Float16(0.0105))":100},"35":{"(Float16(0.0003057), Float16(0.01031))":100},"60":{"(Float16(0.0004048), Float16(0.01041))":100},"30":{"(Float16(0.0004325), Float16(0.01044))":100},"32":{"(Float16(0.000223), Float16(0.01022))":100},"6":{"(Float16(0.00034), Float16(0.010345))":100},"67":{"(Float16(0.0003724), Float16(0.010376))":100},"45":{"(Float16(0.0004215), Float16(0.01042))":100},"73":{"(Float16(0.0004225), Float16(0.01042))":100},"64":{"(Float16(0.000413), Float16(0.010414))":100},"90":{"(Float16(0.000312), Float16(0.010315))":100},"4":{"(Float16(0.0003066), Float16(0.01031))":100},"13":{"(Float16(0.000471), Float16(0.010475))":100},"54":{"(Float16(0.0004134), Float16(0.010414))":100},"63":{"(Float16(0.0004115), Float16(0.010414))":94,"(Float16(0.9043), Float16(0.914))":2,"(Float16(0.965), Float16(0.9746))":2,"(Float16(0.879), Float16(0.8887))":2},"86":{"(Float16(0.000496), Float16(0.0105))":100},"91":{"(Float16(0.91), Float16(0.92))":2,"(Float16(0.00010675), Float16(0.01011))":98},"62":{"(Float16(0.0004427), Float16(0.010445))":100},"58":{"(Float16(0.0001965), Float16(0.0102))":100},"52":{"(Float16(0.0003161), Float16(0.010315))":100},"12":{"(Float16(0.9233), Float16(0.933))":2,"(Float16(0.958), Float16(0.968))":2,"(Float16(0.000389), Float16(0.01039))":96},"28":{"(Float16(0.0003042), Float16(0.01031))":100},"75":{"(Float16(0.000287), Float16(0.01029))":100},"23":{"(Float16(0.00035), Float16(0.01035))":100},"92":{"(Float16(0.000454), Float16(0.01045))":100},"41":{"(Float16(0.0004196), Float16(0.01042))":100},"43":{"(Float16(0.0005426), Float16(0.010544))":100},"69":{"(Float16(0.0003276), Float16(0.01033))":100},"11":{"(Float16(0.000283), Float16(0.010284))":100},"68":{"(Float16(0.0002475), Float16(0.01025))":100},"98":{"(Float16(0.0003798), Float16(0.01038))":100},"36":{"(Float16(0.0003896), Float16(0.01039))":100},"82":{"(Float16(0.00042), Float16(0.01042))":100},"85":{"(Float16(0.00025), Float16(0.010254))":100},"39":{"(Float16(0.0003746), Float16(0.010376))":100},"84":{"(Float16(0.000556), Float16(0.01056))":100},"77":{"(Float16(0.9336), Float16(0.9434))":1,"(Float16(0.0002301), Float16(0.01023))":99},"7":{"(Float16(0.0003548), Float16(0.01036))":100},"25":{"(Float16(0.000476), Float16(0.010475))":100},"95":{"(Float16(0.0004945), Float16(0.0105))":100},"71":{"(Float16(0.000368), Float16(0.01037))":100},"66":{"(Float16(0.0002391), Float16(0.01024))":100},"76":{"(Float16(0.0003386), Float16(0.01034))":100},"93":{"(Float16(0.0004234), Float16(0.01042))":100},"50":{"(Float16(0.0004165), Float16(0.01042))":100},"59":{"(Float16(0.000359), Float16(0.01036))":100},"34":{"(Float16(0.8965), Float16(0.9062))":1,"(Float16(0.000424), Float16(0.01043))":99},"2":{"(Float16(0.00033), Float16(0.01033))":100},"27":{"(Float16(0.0003347), Float16(0.01034))":100},"10":{"(Float16(0.0004218), Float16(0.01042))":100},"26":{"(Float16(0.9414), Float16(0.951))":3,"(Float16(0.0003371), Float16(0.01034))":97},"18":{"(Float16(0.000333), Float16(0.01034))":100},"42":{"(Float16(0.000207), Float16(0.01021))":100},"87":{"(Float16(0.0002139), Float16(0.010216))":100},"100":{"(Float16(0.000269), Float16(0.01027))":100},"79":{"(Float16(0.0003195), Float16(0.01032))":98,"(Float16(0.9487), Float16(0.9585))":2},"16":{"(Float16(0.000158), Float16(0.01016))":98,"(Float16(0.9756), Float16(0.9854))":2},"81":{"(Float16(0.000576), Float16(0.010574))":100},"20":{"(Float16(0.0004268), Float16(0.01043))":100},"19":{"(Float16(0.0003967), Float16(0.0104))":100},"49":{"(Float16(0.0003633), Float16(0.01037))":100},"44":{"(Float16(0.0003834), Float16(0.01038))":100},"31":{"(Float16(0.0005264), Float16(0.01053))":100},"9":{"(Float16(0.0004191), Float16(0.01042))":100},"74":{"(Float16(0.0003538), Float16(0.01035))":100},"61":{"(Float16(0.0004034), Float16(0.01041))":100},"29":{"(Float16(0.0003915), Float16(0.01039))":100},"94":{"(Float16(0.0004354), Float16(0.01044))":100},"46":{"(Float16(0.0002694), Float16(0.01027))":100},"57":{"(Float16(0.0003443), Float16(0.010345))":100},"70":{"(Float16(0.000494), Float16(0.0105))":100},"21":{"(Float16(0.000538), Float16(0.010544))":100},"88":{"(Float16(0.0002644), Float16(0.01027))":100},"38":{"(Float16(2.223e-5), Float16(0.010025))":3,"(Float16(0.576), Float16(0.586))":91,"(Float16(0.5864), Float16(0.596))":6},"78":{"(Float16(0.0002868), Float16(0.01029))":100},"72":{"(Float16(0.0005493), Float16(0.01055))":98,"(Float16(0.9126), Float16(0.9224))":2},"24":{"(Float16(0.0003538), Float16(0.01035))":100},"8":{"(Float16(0.000491), Float16(0.01049))":100},"17":{"(Float16(0.9814), Float16(0.991))":2,"(Float16(0.0003123), Float16(0.010315))":98},"37":{"(Float16(0.000345), Float16(0.010345))":100},"1":{"(Float16(0.000361), Float16(0.01036))":100},"53":{"(Float16(0.0004733), Float16(0.010475))":100},"22":{"(Float16(0.538), Float16(0.548))":100},"47":{"(Float16(0.000298), Float16(0.0103))":100},"83":{"(Float16(0.0002314), Float16(0.01023))":100},"99":{"(Float16(0.000424), Float16(0.01043))":100},"89":{"(Float16(0.000341), Float16(0.010345))":100},"14":{"(Float16(0.000341), Float16(0.010345))":100},"80":{"(Float16(0.000325), Float16(0.01033))":100},"3":{"(Float16(0.0004048), Float16(0.01041))":100},"96":{"(Float16(0.0004227), Float16(0.01042))":100},"51":{"(Float16(0.0001354), Float16(0.01014))":100},"33":{"(Float16(0.0004134), Float16(0.010414))":100},"40":{"(Float16(0.0002549), Float16(0.010254))":100},"48":{"(Float16(0.0001862), Float16(0.010185))":100},"65":{"(Float16(0.000335), Float16(0.01034))":98,"(Float16(0.9395), Float16(0.949))":2},"15":{"(Float16(0.000554), Float16(0.01056))":100},"97":{"(Float16(0.0003235), Float16(0.01032))":98,"(Float16(0.797), Float16(0.8066))":2}}