{"5":{"(Float16(0.5015), Float16(0.8013))":64,"(Float16(0.00115), Float16(0.3013))":36},"56":{"(Float16(0.4976), Float16(0.7974))":61,"(Float16(0.998), Float16(1.298))":39},"35":{"(Float16(0.995), Float16(1.295))":6,"(Float16(0.501), Float16(0.801))":94},"55":{"(Float16(0.5015), Float16(0.8013))":59,"(Float16(0.0007653), Float16(0.3008))":41},"60":{"(Float16(0.4976), Float16(0.7974))":69,"(Float16(0.998), Float16(1.298))":31},"30":{"(Float16(0.0008364), Float16(0.3008))":25,"(Float16(0.501), Float16(0.801))":75},"32":{"(Float16(0.4976), Float16(0.7974))":48,"(Float16(0.998), Float16(1.298))":52},"6":{"(Float16(0.998), Float16(1.298))":29,"(Float16(0.497), Float16(0.797))":71},"67":{"(Float16(0.501), Float16(0.801))":75,"(Float16(0.001038), Float16(0.301))":25},"45":{"(Float16(0.4976), Float16(0.7974))":89,"(Float16(0.999), Float16(1.299))":11},"73":{"(Float16(0.00109), Float16(0.301))":32,"(Float16(0.501), Float16(0.801))":68},"64":{"(Float16(0.499), Float16(0.799))":86,"(Float16(0.997), Float16(1.297))":14},"90":{"(Float16(0.998), Float16(1.298))":26,"(Float16(0.497), Float16(0.797))":74},"4":{"(Float16(0.501), Float16(0.801))":100},"13":{"(Float16(0.9966), Float16(1.297))":21,"(Float16(0.4985), Float16(0.7983))":79},"54":{"(Float16(0.001171), Float16(0.3013))":19,"(Float16(0.501), Float16(0.801))":81},"63":{"(Float16(0.000669), Float16(0.3008))":32,"(Float16(0.501), Float16(0.801))":68},"86":{"(Float16(0.0011425), Float16(0.301))":21,"(Float16(0.501), Float16(0.801))":79},"91":{"(Float16(0.001232), Float16(0.3013))":22,"(Float16(0.501), Float16(0.801))":78},"62":{"(Float16(0.9976), Float16(1.298))":13,"(Float16(0.4968), Float16(0.797))":87},"58":{"(Float16(0.498), Float16(0.798))":70,"(Float16(0.998), Float16(1.298))":30},"52":{"(Float16(0.998), Float16(1.298))":27,"(Float16(0.4978), Float16(0.798))":73},"12":{"(Float16(0.9976), Float16(1.298))":28,"(Float16(0.4985), Float16(0.7983))":72},"28":{"(Float16(0.9976), Float16(1.298))":31,"(Float16(0.4985), Float16(0.7983))":69},"75":{"(Float16(0.998), Float16(1.298))":24,"(Float16(0.497), Float16(0.797))":76},"23":{"(Float16(0.996), Float16(1.296))":22,"(Float16(0.4973), Float16(0.7974))":78},"92":{"(Float16(0.998), Float16(1.298))":35,"(Float16(0.4985), Float16(0.7983))":65},"41":{"(Float16(0.000671), Float16(0.3008))":26,"(Float16(0.501), Float16(0.801))":74},"43":{"(Float16(0.0008507), Float16(0.3008))":15,"(Float16(0.501), Float16(0.801))":85},"11":{"(Float16(0.497), Float16(0.797))":100},"36":{"(Float16(0.498), Float16(0.798))":75,"(Float16(0.996), Float16(1.296))":25},"68":{"(Float16(0.0005627), Float16(0.3005))":43,"(Float16(0.501), Float16(0.801))":57},"69":{"(Float16(0.498), Float16(0.798))":85,"(Float16(0.9976), Float16(1.298))":15},"98":{"(Float16(0.5015), Float16(0.8013))":100},"82":{"(Float16(0.000924), Float16(0.301))":31,"(Float16(0.501), Float16(0.801))":69},"85":{"(Float16(0.501), Float16(0.801))":100},"39":{"(Float16(0.501), Float16(0.801))":100},"84":{"(Float16(0.996), Float16(1.296))":43,"(Float16(0.0008793), Float16(0.3008))":57},"77":{"(Float16(0.497), Float16(0.797))":100},"7":{"(Float16(0.499), Float16(0.799))":90,"(Float16(0.9966), Float16(1.297))":10},"25":{"(Float16(0.4976), Float16(0.7974))":100},"95":{"(Float16(0.001566), Float16(0.3015))":20,"(Float16(0.501), Float16(0.801))":80},"71":{"(Float16(0.000838), Float16(0.3008))":35,"(Float16(0.501), Float16(0.801))":65},"66":{"(Float16(0.499), Float16(0.799))":86,"(Float16(0.9966), Float16(1.297))":14},"76":{"(Float16(0.501), Float16(0.801))":100},"34":{"(Float16(0.00107), Float16(0.301))":19,"(Float16(0.501), Float16(0.801))":81},"50":{"(Float16(0.501), Float16(0.801))":61,"(Float16(0.0008802), Float16(0.3008))":39},"59":{"(Float16(0.9976), Float16(1.298))":37,"(Float16(0.4976), Float16(0.7974))":63},"93":{"(Float16(0.0008917), Float16(0.3008))":26,"(Float16(0.501), Float16(0.801))":74},"2":{"(Float16(0.4976), Float16(0.7974))":63,"(Float16(0.998), Float16(1.298))":37},"10":{"(Float16(0.499), Float16(0.799))":79,"(Float16(0.001574), Float16(0.3015))":21},"18":{"(Float16(0.501), Float16(0.801))":100},"26":{"(Float16(0.501), Float16(0.801))":100},"27":{"(Float16(0.000823), Float16(0.3008))":34,"(Float16(0.501), Float16(0.801))":66},"42":{"(Float16(0.499), Float16(0.799))":90,"(Float16(0.997), Float16(1.297))":10},"87":{"(Float16(0.5015), Float16(0.8013))":61,"(Float16(0.000992), Float16(0.301))":39},"100":{"(Float16(0.000782), Float16(0.3008))":13,"(Float16(0.4995), Float16(0.7993))":57,"(Float16(0.997), Float16(1.297))":30},"79":{"(Float16(0.5015), Float16(0.8013))":79,"(Float16(0.0007915), Float16(0.3008))":21},"16":{"(Float16(0.4976), Float16(0.7974))":70,"(Float16(0.998), Float16(1.298))":30},"20":{"(Float16(0.501), Float16(0.801))":100},"81":{"(Float16(0.502), Float16(0.802))":100},"19":{"(Float16(0.0007687), Float16(0.3008))":41,"(Float16(0.501), Float16(0.801))":59},"49":{"(Float16(0.001065), Float16(0.301))":31,"(Float16(0.501), Float16(0.801))":69},"44":{"(Float16(0.001009), Float16(0.301))":18,"(Float16(0.4995), Float16(0.7993))":82},"9":{"(Float16(0.498), Float16(0.798))":70,"(Float16(0.997), Float16(1.297))":30},"31":{"(Float16(0.502), Float16(0.802))":81,"(Float16(0.00139), Float16(0.3013))":19},"74":{"(Float16(0.4976), Float16(0.7974))":87,"(Float16(0.997), Float16(1.297))":13},"61":{"(Float16(0.996), Float16(1.296))":22,"(Float16(0.4976), Float16(0.7974))":78},"29":{"(Float16(0.000548), Float16(0.3005))":35,"(Float16(0.501), Float16(0.801))":65},"94":{"(Float16(0.4976), Float16(0.7974))":79,"(Float16(0.997), Float16(1.297))":21},"46":{"(Float16(0.499), Float16(0.799))":100},"57":{"(Float16(0.4978), Float16(0.798))":100},"70":{"(Float16(0.000833), Float16(0.3008))":33,"(Float16(0.501), Float16(0.801))":67},"21":{"(Float16(0.4995), Float16(0.7993))":57,"(Float16(0.998), Float16(1.298))":22,"(Float16(0.000967), Float16(0.301))":21},"38":{"(Float16(0.001425), Float16(0.3015))":30,"(Float16(0.501), Float16(0.801))":70},"88":{"(Float16(0.000894), Float16(0.3008))":57,"(Float16(0.998), Float16(1.298))":43},"78":{"(Float16(0.001298), Float16(0.3013))":15,"(Float16(0.997), Float16(1.297))":11,"(Float16(0.5), Float16(0.8))":74},"72":{"(Float16(0.001646), Float16(0.3018))":13,"(Float16(0.501), Float16(0.801))":87},"24":{"(Float16(0.4978), Float16(0.798))":66,"(Float16(0.997), Float16(1.297))":34},"8":{"(Float16(0.499), Float16(0.799))":74,"(Float16(0.997), Float16(1.297))":26},"17":{"(Float16(0.4976), Float16(0.7974))":100},"37":{"(Float16(0.002335), Float16(0.3022))":11,"(Float16(0.501), Float16(0.801))":89},"1":{"(Float16(0.001135), Float16(0.301))":27,"(Float16(0.501), Float16(0.801))":73},"53":{"(Float16(0.4985), Float16(0.7983))":73,"(Float16(0.997), Float16(1.297))":27},"22":{"(Float16(0.502), Float16(0.802))":71,"(Float16(0.00107), Float16(0.301))":29},"47":{"(Float16(0.0009747), Float16(0.301))":23,"(Float16(0.501), Float16(0.801))":77},"83":{"(Float16(0.5015), Float16(0.8013))":76,"(Float16(0.001071), Float16(0.301))":24},"99":{"(Float16(0.001265), Float16(0.3013))":34,"(Float16(0.501), Float16(0.801))":66},"89":{"(Float16(0.0003572), Float16(0.3003))":25,"(Float16(0.501), Float16(0.801))":75},"14":{"(Float16(0.4983), Float16(0.7983))":64,"(Float16(0.997), Float16(1.297))":36},"3":{"(Float16(0.001463), Float16(0.3015))":25,"(Float16(0.501), Float16(0.801))":75},"80":{"(Float16(0.4973), Float16(0.7974))":64,"(Float16(0.998), Float16(1.298))":36},"96":{"(Float16(0.4976), Float16(0.7974))":67,"(Float16(0.998), Float16(1.298))":33},"51":{"(Float16(0.498), Float16(0.798))":100},"33":{"(Float16(0.9976), Float16(1.298))":31,"(Float16(0.4983), Float16(0.7983))":69},"40":{"(Float16(0.001531), Float16(0.3015))":17,"(Float16(0.501), Float16(0.801))":83},"48":{"(Float16(0.0008535), Float16(0.3008))":31,"(Float16(0.501), Float16(0.801))":69},"15":{"(Float16(0.5015), Float16(0.8013))":63,"(Float16(0.000995), Float16(0.301))":37},"65":{"(Float16(0.998), Float16(1.298))":15,"(Float16(0.4985), Float16(0.7983))":71,