{"5":{"(Float16(0.05023), Float16(0.06024))":31,"(Float16(0.948), Float16(0.958))":27,"(Float16(0.5005), Float16(0.5103))":42},"56":{"(Float16(0.9473), Float16(0.957))":20,"(Float16(0.05017), Float16(0.06018))":15,"(Float16(0.4995), Float16(0.5093))":65},"55":{"(Float16(0.05032), Float16(0.06033))":35,"(Float16(0.948), Float16(0.958))":32,"(Float16(0.4993), Float16(0.5093))":33},"35":{"(Float16(0.948), Float16(0.958))":41,"(Float16(0.4995), Float16(0.5093))":21,"(Float16(0.0501), Float16(0.06012))":38},"60":{"(Float16(0.05023), Float16(0.06024))":16,"(Float16(0.948), Float16(0.958))":41,"(Float16(0.499), Float16(0.509))":43},"30":{"(Float16(0.0502), Float16(0.0602))":10,"(Float16(0.9473), Float16(0.957))":33,"(Float16(0.499), Float16(0.509))":57},"32":{"(Float16(0.05035), Float16(0.06036))":25,"(Float16(0.948), Float16(0.958))":21,"(Float16(0.5005), Float16(0.5103))":54},"6":{"(Float16(0.948), Float16(0.958))":16,"(Float16(0.05008), Float16(0.0601))":28,"(Float16(0.5005), Float16(0.5103))":56},"67":{"(Float16(0.5), Float16(0.51))":31,"(Float16(0.948), Float16(0.958))":29,"(Float16(0.05038), Float16(0.0604))":40},"45":{"(Float16(0.5), Float16(0.51))":44,"(Float16(0.05063), Float16(0.06064))":27,"(Float16(0.949), Float16(0.959))":29},"73":{"(Float16(0.05014), Float16(0.06015))":26,"(Float16(0.948), Float16(0.958))":31,"(Float16(0.5005), Float16(0.5103))":43},"64":{"(Float16(0.05066), Float16(0.06067))":31,"(Float16(0.9478), Float16(0.9575))":20,"(Float16(0.4995), Float16(0.5093))":49},"90":{"(Float16(0.05014), Float16(0.06015))":23,"(Float16(0.5), Float16(0.51))":55,"(Float16(0.948), Float16(0.958))":22},"4":{"(Float16(0.05023), Float16(0.06024))":31,"(Float16(0.949), Float16(0.959))":17,"(Float16(0.5005), Float16(0.5103))":52},"13":{"(Float16(0.5), Float16(0.51))":26,"(Float16(0.948), Float16(0.958))":40,"(Float16(0.0503), Float16(0.0603))":34},"54":{"(Float16(0.4988), Float16(0.509))":51,"(Float16(0.948), Float16(0.958))":28,"(Float16(0.0501), Float16(0.06012))":21},"63":{"(Float16(0.05014), Float16(0.06015))":19,"(Float16(0.4995), Float16(0.5093))":53,"(Float16(0.9487), Float16(0.9585))":28},"86":{"(Float16(0.05045), Float16(0.06046))":34,"(Float16(0.501), Float16(0.5107))":66},"91":{"(Float16(0.05054), Float16(0.06055))":16,"(Float16(0.948), Float16(0.958))":27,"(Float16(0.5005), Float16(0.5103))":57},"62":{"(Float16(0.05045), Float16(0.06046))":36,"(Float16(0.949), Float16(0.959))":7,"(Float16(0.5005), Float16(0.5103))":57},"58":{"(Float16(0.05045), Float16(0.06046))":22,"(Float16(0.948), Float16(0.958))":33,"(Float16(0.4995), Float16(0.5093))":45},"52":{"(Float16(0.05035), Float16(0.06036))":23,"(Float16(0.949), Float16(0.959))":17,"(Float16(0.5005), Float16(0.5103))":60},"12":{"(Float16(0.0506), Float16(0.0606))":45,"(Float16(0.5), Float16(0.51))":21,"(Float16(0.9478), Float16(0.9575))":34},"28":{"(Float16(0.05054), Float16(0.06055))":41,"(Float16(0.5), Float16(0.51))":31,"(Float16(0.9478), Float16(0.9575))":28},"75":{"(Float16(0.948), Float16(0.958))":27,"(Float16(0.05048), Float16(0.0605))":29,"(Float16(0.4995), Float16(0.5093))":44},"23":{"(Float16(0.05023), Float16(0.06024))":26,"(Float16(0.948), Float16(0.958))":41,"(Float16(0.4995), Float16(0.5093))":33},"92":{"(Float16(0.05032), Float16(0.06033))":46,"(Float16(0.5), Float16(0.51))":26,"(Float16(0.9487), Float16(0.9585))":28},"41":{"(Float16(0.0501), Float16(0.06012))":3,"(Float16(0.949), Float16(0.959))":37,"(Float16(0.4976), Float16(0.5073))":60},"43":{"(Float16(0.5), Float16(0.51))":18,"(Float16(0.0501), Float16(0.06012))":42,"(Float16(0.9487), Float16(0.9585))":40},"69":{"(Float16(0.5), Float16(0.51))":38,"(Float16(0.948), Float16(0.958))":31,"(Float16(0.0507), Float16(0.0607))":31},"11":{"(Float16(0.05066), Float16(0.06067))":37,"(Float16(0.9487), Float16(0.9585))":30,"(Float16(0.5005), Float16(0.5103))":33},"68":{"(Float16(0.9473), Float16(0.957))":21,"(Float16(0.05045), Float16(0.06046))":28,"(Float16(0.5005), Float16(0.5103))":51},"98":{"(Float16(0.948), Float16(0.958))":36,"(Float16(0.05038), Float16(0.0604))":33,"(Float16(0.5005), Float16(0.5103))":31},"36":{"(Float16(0.5), Float16(0.51))":36,"(Float16(0.05017), Float16(0.06018))":34,"(Float16(0.948), Float16(0.958))":30},"82":{"(Float16(0.05023), Float16(0.06024))":17,"(Float16(0.4995), Float16(0.5093))":51,"(Float16(0.949), Float16(0.959))":32},"85":{"(Float16(0.05014), Float16(0.06015))":31,"(Float16(0.9478), Float16(0.9575))":36,"(Float16(0.4995), Float16(0.5093))":33},"39":{"(Float16(0.4985), Float16(0.5083))":38,"(Float16(0.9478), Float16(0.9575))":49,"(Float16(0.0503), Float16(0.0603))":13},"84":{"(Float16(0.948), Float16(0.958))":25,"(Float16(0.0503), Float16(0.0603))":28,"(Float16(0.4993), Float16(0.5093))":47},"77":{"(Float16(0.05035), Float16(0.06036))":29,"(Float16(0.5), Float16(0.51))":38,"(Float16(0.9478), Float16(0.9575))":33},"7":{"(Float16(0.4985), Float16(0.5083))":42,"(Float16(0.948), Float16(0.958))":39,"(Float16(0.05008), Float16(0.0601))":19},"25":{"(Float16(0.0505), Float16(0.06052))":29,"(Float16(0.949), Float16(0.959))":26,"(Float16(0.5005), Float16(0.5103))":45},"95":{"(Float16(0.05017), Float16(0.06018))":21,"(Float16(0.9478), Float16(0.9575))":31,"(Float16(0.4995), Float16(0.5093))":48},"71":{"(Float16(0.0504), Float16(0.06042))":41,"(Float16(0.949), Float16(0.959))":19,"(Float16(0.5005), Float16(0.5103))":40},"66":{"(Float16(0.05026), Float16(0.06027))":24,"(Float16(0.948), Float16(0.958))":27,"(Float16(0.4995), Float16(0.5093))":49},"76":{"(Float16(0.948), Float16(0.958))":26,"(Float16(0.4995), Float16(0.5093))":57,"(Float16(0.0504), Float16(0.06042))":17},"93":{"(Float16(0.4988), Float16(0.509))":67,"(Float16(0.0501), Float16(0.06012))":9,"(Float16(0.949), Float16(0.959))":24},"50":{"(Float16(0.2642), Float16(0.2742))":57,"(Float16(0.948), Float16(0.958))":43},"59":{"(Float16(0.0506), Float16(0.0606))":22,"(Float16(0.948), Float16(0.958))":19,"(Float16(0.4995), Float16(0.5093))":59},"34":{"(Float16(0.5), Float16(0.51))":41,"(Float16(0.0507), Float16(0.0607))":32,"(Float16(0.949), Float16(0.959))":27},"2":{"(Float16(0.05005), Float16(0.06006))":7,"(Float16(0.948), Float16(0.958))":26,"(Float16(0.499), Float16(0.509))":67},"27":{"(Float16(0.9473), Float16(0.957))":24,"(Float16(0.0503), Float16(0.0603))":33,"(Float16(0.5005), Float16(0.5103))":43},"10":{"(Float16(0.05023), Float16(0.06024))":24,"(Float16(0.9473), Float16(0.957))":32,"(Float16(0.4995), Float16(0.5093))":44},"26":{"(Float16(0.05048), Float16(0.0605))":34,"(Float16(0.4995), Float16(0.5093))":37,"(Float16(0.949), Float16(0.959))":29},"18":{"(Float16(0.0503), Float16(0.0603))":32,"(Float16(0.949), Float16(0.959))":33,"(Float16(0.5005), Float16(0.5103))":35},"42":{"(Float16(0.4995), Float16(0.5093))":2,"(Float16(0.0504), Float16(0.06042))":59,"(Float16(0.949), Float16(0.959))":39},"87":{"(Float16(0.0502), Float16(0.0602))":30,"(Float16(0.4995), Float16(0.5093))":35,"(Float16(0.949), Float16(0.959))":35},"100":{"(Float16(0.5), Float16(0.51))":59,"(Float16(0.0501), Float16(0.06012))":41},"79":{"(Float16(0.5), Float16(0.51))":48,"(Float16(0.948), Float16(0.958))":26,"(Float16(0.0503), Float16(0.0603))":26},"16":{"(Float16(0.05014), Float16(0.06015))":32,"(Float16(0.948), Float16(0.958))":24,"(Float16(0.5005), Float16(0.5103))":44},"81":{"(Float16(0.05005), Float16(0.06006))":30,"(Float16(0.5005), Float16(0.5103))":70},"20":{"(Float16(0.05026), Float16(0.06027))":36,"(Float16(0.4995), Float16(0.5093))":24,"(Float16(0.949), Float16(0.959))":40},"19":{"(Float16(0.05066), Float16(0.06067))":34,"(Float16(0.4995), Float16(0.5093))":41,"(Float16(0.949), Float16(0.959))":25},"49":{"(Float16(0.0501), Float16(0.06012))":31,"(Float16(0.949), Float16(0.959))":9,"(Float16(0.5005), Float16(0.5103))":60},"44":{"(Float16(0.05005), Float16(0.06006))":22,"(Float16(0.499), Float16(0.509))":52,"(Float16(0.9478), Float16(0.9575))":26},"31":{"(Float16(0.4995), Float16(0.5093))":39,"(Float16(0.9487), Float16(0.9585))":32,"(Float16(0.05075), Float16(0.06076))":29},