{"5":{"(Float16(0.5005), Float16(0.5103))":100},"56":{"(Float16(0.5005), Float16(0.5103))":100},"55":{"(Float16(0.498), Float16(0.508))":96,"(Float16(0.9487), Float16(0.9585))":4},"35":{"(Float16(0.4978), Float16(0.508))":96,"(Float16(0.949), Float16(0.959))":4},"60":{"(Float16(0.05002), Float16(0.06003))":1,"(Float16(0.5005), Float16(0.5103))":99},"30":{"(Float16(0.501), Float16(0.5107))":100},"32":{"(Float16(0.05078), Float16(0.0608))":1,"(Float16(0.5005), Float16(0.5103))":99},"6":{"(Float16(0.4983), Float16(0.5083))":99,"(Float16(0.95), Float16(0.96))":1},"67":{"(Float16(0.4983), Float16(0.5083))":99,"(Float16(0.95), Float16(0.96))":1},"45":{"(Float16(0.498), Float16(0.508))":100},"73":{"(Float16(0.5005), Float16(0.5103))":100},"64":{"(Float16(0.498), Float16(0.508))":98,"(Float16(0.949), Float16(0.959))":2},"90":{"(Float16(0.498), Float16(0.508))":97,"(Float16(0.949), Float16(0.959))":3},"4":{"(Float16(0.05026), Float16(0.06027))":2,"(Float16(0.5005), Float16(0.5103))":98},"13":{"(Float16(0.5005), Float16(0.5103))":98,"(Float16(0.05103), Float16(0.06104))":2},"54":{"(Float16(0.05), Float16(0.06))":4,"(Float16(0.5005), Float16(0.5103))":96},"63":{"(Float16(0.4985), Float16(0.5083))":96,"(Float16(0.949), Float16(0.959))":4},"86":{"(Float16(0.5005), Float16(0.5103))":100},"91":{"(Float16(0.4978), Float16(0.508))":100},"62":{"(Float16(0.5005), Float16(0.5103))":100},"58":{"(Float16(0.05084), Float16(0.06085))":3,"(Float16(0.5005), Float16(0.5103))":97},"52":{"(Float16(0.498), Float16(0.508))":100},"12":{"(Float16(0.4983), Float16(0.5083))":100},"28":{"(Float16(0.4995), Float16(0.5093))":100},"75":{"(Float16(0.4995), Float16(0.5093))":99,"(Float16(0.9487), Float16(0.9585))":1},"23":{"(Float16(0.5005), Float16(0.5103))":100},"92":{"(Float16(0.498), Float16(0.508))":98,"(Float16(0.951), Float16(0.961))":2},"41":{"(Float16(0.4985), Float16(0.5083))":100},"43":{"(Float16(0.5005), Float16(0.5103))":100},"69":{"(Float16(0.4978), Float16(0.508))":100},"11":{"(Float16(0.498), Float16(0.508))":100},"68":{"(Float16(0.4985), Float16(0.5083))":100},"98":{"(Float16(0.5005), Float16(0.5103))":100},"36":{"(Float16(0.05035), Float16(0.06036))":3,"(Float16(0.5005), Float16(0.5103))":97},"82":{"(Float16(0.5005), Float16(0.5103))":100},"85":{"(Float16(0.05032), Float16(0.06033))":87,"(Float16(0.95), Float16(0.96))":13},"39":{"(Float16(0.05023), Float16(0.06024))":3,"(Float16(0.5005), Float16(0.5103))":97},"84":{"(Float16(0.05026), Float16(0.06027))":9,"(Float16(0.5005), Float16(0.5103))":91},"77":{"(Float16(0.498), Float16(0.508))":100},"7":{"(Float16(0.5005), Float16(0.5103))":100},"25":{"(Float16(0.949), Float16(0.959))":2,"(Float16(0.4976), Float16(0.5073))":98},"95":{"(Float16(0.05017), Float16(0.06018))":2,"(Float16(0.5005), Float16(0.5103))":98},"71":{"(Float16(0.498), Float16(0.508))":100},"66":{"(Float16(0.05185), Float16(0.06186))":3,"(Float16(0.5005), Float16(0.5103))":97},"76":{"(Float16(0.05084), Float16(0.06085))":4,"(Float16(0.5005), Float16(0.5103))":96},"93":{"(Float16(0.4985), Float16(0.5083))":97,"(Float16(0.95), Float16(0.96))":3},"50":{"(Float16(0.5005), Float16(0.5103))":100},"59":{"(Float16(0.949), Float16(0.959))":2,"(Float16(0.5005), Float16(0.5103))":98},"34":{"(Float16(0.0506), Float16(0.0606))":1,"(Float16(0.4983), Float16(0.5083))":99},"2":{"(Float16(0.5005), Float16(0.5103))":100},"27":{"(Float16(0.4976), Float16(0.5073))":100},"10":{"(Float16(0.0511), Float16(0.0611))":1,"(Float16(0.5005), Float16(0.5103))":99},"26":{"(Float16(0.498), Float16(0.508))":98,"(Float16(0.949), Float16(0.959))":2},"18":{"(Float16(0.499), Float16(0.509))":100},"42":{"(Float16(0.498), Float16(0.508))":100},"87":{"(Float16(0.05005), Float16(0.06006))":6,"(Float16(0.5005), Float16(0.5103))":94},"100":{"(Float16(0.0502), Float16(0.0602))":5,"(Float16(0.5005), Float16(0.5103))":95},"79":{"(Float16(0.95), Float16(0.96))":9,"(Float16(0.4978), Float16(0.508))":91},"16":{"(Float16(0.5005), Float16(0.5103))":100},"81":{"(Float16(0.498), Float16(0.508))":100},"20":{"(Float16(0.05017), Float16(0.06018))":3,"(Float16(0.5005), Float16(0.5103))":97},"19":{"(Float16(0.05035), Float16(0.06036))":4,"(Float16(0.5005), Float16(0.5103))":96},"49":{"(Float16(0.5005), Float16(0.5103))":100},"44":{"(Float16(0.5005), Float16(0.5103))":100},"31":{"(Float16(0.498), Float16(0.508))":93,"(Float16(0.95), Float16(0.96))":7},"9":{"(Float16(0.948), Float16(0.958))":3,"(Float16(0.4978), Float16(0.508))":97},"74":{"(Float16(0.0502), Float16(0.0602))":12,"(Float16(0.5005), Float16(0.5103))":88},"61":{"(Float16(0.5005), Float16(0.5103))":100},"29":{"(Float16(0.498), Float16(0.508))":98,"(Float16(0.949), Float16(0.959))":2},"94":{"(Float16(0.5), Float16(0.51))":99,"(Float16(0.949), Float16(0.959))":1},"46":{"(Float16(0.498), Float16(0.508))":100},"57":{"(Float16(0.05), Float16(0.06))":5,"(Float16(0.948), Float16(0.958))":95},"70":{"(Float16(0.498), Float16(0.508))":97,"(Float16(0.949), Float16(0.959))":3},"21":{"(Float16(0.05005), Float16(0.06006))":6,"(Float16(0.5005), Float16(0.5103))":94},"88":{"(Float16(0.498), Float16(0.508))":100},"38":{"(Float16(0.05014), Float16(0.06015))":6,"(Float16(0.5005), Float16(0.5103))":94},"78":{"(Float16(0.498), Float16(0.508))":96,"(Float16(0.05072), Float16(0.06073))":3,"(Float16(0.9487), Float16(0.9585))":1},"72":{"(Float16(0.05), Float16(0.06))":11,"(Float16(0.5005), Float16(0.5103))":89},"24":{"(Float16(0.0501), Float16(0.06012))":4,"(Float16(0.5005), Float16(0.5103))":96},"8":{"(Float16(0.4985), Float16(0.5083))":99,"(Float16(0.95), Float16(0.96))":1},"17":{"(Float16(0.05), Float16(0.06))":10,"(Float16(0.5005), Float16(0.5103))":90},"37":{"(Float16(0.5005), Float16(0.5103))":100},"1":{"(Float16(0.499), Float16(0.509))":100},"53":{"(Float16(0.4983), Float16(0.5083))":100},"22":{"(Float16(0.4976), Float16(0.5073))":100},"47":{"(Float16(0.5005), Float16(0.5103))":100},"83":{"(Float16(0.498), Float16(0.508))":95,"(Float16(0.948), Float16(0.958))":5},"99":{"(Float16(0.498), Float16(0.508))":96,"(Float16(0.95), Float16(0.96))":4},"89":{"(Float16(0.05002), Float16(0.06003))":7,"(Float16(0.5005), Float16(0.5103))":93},"14":{"(Float16(0.5), Float16(0.51))":100},"80":{"(Float16(0.498), Float16(0.508))":100},"3":{"(Float16(0.4983), Float16(0.5083))":94,"(Float16(0.95), Float16(0.96))":6},"96":{"(Float16(0.0517), Float16(0.0617))":1,"(Float16(0.499), Float16(0.509))":99},"51":{"(Float16(0.498), Float16(0.508))":98,"(Float16(0.949), Float16(0.959))":2},"33":{"(Float16(0.05008), Float16(0.0601))":9,"(Float16(0.5005), Float16(0.5103))":91},"40":{"(Float16(0.4976), Float16(0.5073))":100},"48":{"(Float16(0.4978), Float16(0.508))":100},"65":{"(Float16(0.0501), Float16(0.06012))":2,"(Float16(0.5005), Float16(0.5103))":98},"15":{"(Float16(0.0503), Float16(0.0603))":2,"(Float16(0.5005), Float16(0.5103))":98},"97":{"(Float16(0.4995), Float16(0.5093))":100}}