n,eps,gam,gam_media,p_media,max_it,media_ops,avg_nc,std_nc,avg_pwdist,std_pwdist,avg_niter,std_niter
100, 1.0, 0.3, 0.0, 0.0, 0.1, 1000000, 0.05;0.5;0.95, 1.04761534429117, 0.20872735574157844, 0.0, 0.0, 3029.88, 15773.227395504799