n,eps,gam,gam_media,p_media,max_it,media_ops,avg_nc,std_nc,avg_pwdist,std_pwdist,avg_niter,std_niter
100, 1.0, 0.2, 1.25, 1.25, 0.1, 1000000, 0.05;0.5;0.95, 1.222335464046386, 0.39998865612263074, 0.0, 0.0, 67.99, 20.60327276150196