n,p,eps,gam,gam_media,p_media,max_it,media_ops,avg_nc,std_nc,avg_pwdist,std_pwdist,avg_niter,std_niter
100,1.0,0.1,0.0,0.0,0.0,1000000,[0.0],4.258062784741336,0.4749985572799615,0.15635979171640002,0.2330500346800832,79.96,35.92470239854803100,1.0,0.1,0.25,0.25,0.0,1000000,[0.0],5.515707102520142,0.7618011184543032,0.16008482409400002,0.23320135959302765,128.54,75.84452731234026100,1.0,0.1,0.5,0.5,0.0,1000000,[0.0],5.832969262596127,0.7472637452953687,0.160435983336,0.23284893000343007,48.86,23.531204298921374100,1.0,0.1,0.75,0.75,0.0,1000000,[0.0],5.903552527529615,0.8110432739909191,0.16062541099299998,0.2332362752406841,27.97,20.801347567070277100,1.0,0.1,1.0,1.0,0.0,1000000,[0.0],6.153629638199966,0.9211556015549612,0.16002647180100002,0.23179524424315603,20.48,6.699133066179821100,1.0,0.1,1.25,1.25,0.0,1000000,[0.0],6.190482184400012,0.9770217395272097,0.159514885125,0.2313448304343894,20.14,6.327780659979302100,1.0,0.1,1.5,1.5,0.0,1000000,[0.0],6.238310267685091,0.8297342004969117,0.16204968868899997,0.23438485381252125,21.32,7.11504310484753100,1.0,0.4,0.0,0.0,0.0,1000000,[0.0],1.0103856094045103,0.016947578045240212,0.0025704059799999996,0.03397381907128433,18.6,22.325869399520474100,1.0,0.4,0.25,0.25,0.0,1000000,[0.0],1.0207352504075033,0.03434858488060475,0.005307812459000001,0.047001759732334926,26.25,24.212182842110664100,1.0,0.4,0.5,0.5,0.0,1000000,[0.0],1.0173973124021323,0.04028014105092778,0.0044843637339999996,0.04182869524353834,24.81,11.001097282277863n,p,eps,gam,gam_media,p_media,max_it,media_ops,avg_nc,std_nc,avg_pwdist,std_pwdist,avg_niter,std_niter
100,1.0,0.1,0.0,0.0,0.0,1000000,0.05;0.5;0.95,4.309375062576061,0.5000432399320847,0.15467268732,0.23044287340203523,76.66,27.21341766500674n,p,eps,gam,gam_media,p_media,max_it,media_ops,avg_nc,std_nc,avg_pwdist,std_pwdist,avg_niter,std_niter
