{"5":{"(Float16(0.05032), 0.060323486328125)":59,"(Float16(0.948), 0.9582421875)":41},"56":{"(Float16(0.05002), 0.060018310546875)":25,"(Float16(0.9478), 0.95775390625)":75},"35":{"(Float16(0.949), 0.95921875)":38,"(Float16(0.05038), 0.060384521484375)":60,"(Float16(0.6357), 0.6457421875)":2},"55":{"(Float16(0.43), 0.439931640625)":1,"(Float16(0.05005), 0.060048828125)":34,"(Float16(0.9473), 0.957265625)":65},"60":{"(Float16(0.05008), 0.060079345703125)":30,"(Float16(0.948), 0.9582421875)":70},"30":{"(Float16(0.05002), 0.060018310546875)":32,"(Float16(0.9478), 0.95775390625)":68},"32":{"(Float16(0.05005), 0.060048828125)":44,"(Float16(0.948), 0.9582421875)":53,"(Float16(0.4536), 0.46361328125)":3},"6":{"(Float16(0.948), 0.9582421875)":73,"(Float16(0.05), 0.05998779296875)":27},"67":{"(Float16(0.05035), 0.06035400390625)":77,"(Float16(0.95), 0.9601953125)":23},"45":{"(Float16(0.9497), 0.95970703125)":21,"(Float16(0.0504), 0.0604150390625)":79},"73":{"(Float16(0.434), 0.44408203125)":78,"(Float16(0.948), 0.9582421875)":15,"(Float16(0.05), 0.05998779296875)":7},"64":{"(Float16(0.05008), 0.060079345703125)":41,"(Float16(0.948), 0.9582421875)":59},"90":{"(Float16(0.05005), 0.060048828125)":22,"(Float16(0.9473), 0.957265625)":78},"4":{"(Float16(0.05005), 0.060048828125)":37,"(Float16(0.9473), 0.957265625)":63},"13":{"(Float16(0.9497), 0.95970703125)":18,"(Float16(0.0504), 0.0604150390625)":82},"54":{"(Float16(0.05048), 0.06047607421875)":43,"(Float16(0.949), 0.95921875)":55,"(Float16(0.6104), 0.6203515625)":2},"63":{"(Float16(0.9478), 0.95775390625)":65,"(Float16(0.05), 0.05998779296875)":35},"86":{"(Float16(0.05005), 0.060048828125)":28,"(Float16(0.9478), 0.95775390625)":72},"91":{"(Float16(0.05017), 0.0601708984375)":47,"(Float16(0.948), 0.9582421875)":53},"62":{"(Float16(0.05017), 0.0601708984375)":48,"(Float16(0.5615), 0.5715234375)":2,"(Float16(0.948), 0.9582421875)":50},"58":{"(Float16(0.948), 0.9582421875)":67,"(Float16(0.05023), 0.06023193359375)":28,"(Float16(0.4155), 0.42552734375)":5},"52":{"(Float16(0.95), 0.9601953125)":24,"(Float16(0.05045), 0.060445556640625)":76},"12":{"(Float16(0.9487), 0.95873046875)":70,"(Float16(0.05), 0.05998779296875)":30},"28":{"(Float16(0.5547), 0.5646875)":1,"(Float16(0.949), 0.95921875)":28,"(Float16(0.05045), 0.060445556640625)":71},"75":{"(Float16(0.05005), 0.060048828125)":31,"(Float16(0.9478), 0.95775390625)":69},"23":{"(Float16(0.4033), 0.4133203125)":2,"(Float16(0.05002), 0.060018310546875)":50,"(Float16(0.949), 0.95921875)":48},"92":{"(Float16(0.05005), 0.060048828125)":29,"(Float16(0.9478), 0.95775390625)":71},"41":{"(Float16(0.949), 0.95921875)":56,"(Float16(0.05005), 0.060048828125)":44},"43":{"(Float16(0.05032), 0.060323486328125)":58,"(Float16(0.6035), 0.613515625)":3,"(Float16(0.949), 0.95921875)":39},"11":{"(Float16(0.05017), 0.0601708984375)":31,"(Float16(0.948), 0.9582421875)":68,"(Float16(0.4917), 0.50169921875)":1},"36":{"(Float16(0.5283), 0.5383203125)":2,"(Float16(0.5645), 0.574453125)":2,"(Float16(0.05008), 0.060079345703125)":51,"(Float16(0.61), 0.61986328125)":4,"(Float16(0.948), 0.9582421875)":41},"68":{"(Float16(0.05008), 0.060079345703125)":46,"(Float16(0.948), 0.9582421875)":54},"69":{"(Float16(0.05), 0.05998779296875)":18,"(Float16(0.9473), 0.957265625)":82},"98":{"(Float16(0.05032), 0.060323486328125)":62,"(Float16(0.948), 0.9582421875)":38},"82":{"(Float16(0.05005), 0.060048828125)":35,"(Float16(0.948), 0.9582421875)":65},"85":{"(Float16(0.05032), 0.060323486328125)":64,"(Float16(0.949), 0.95921875)":36},"39":{"(Float16(0.4329), 0.442861328125)":2,"(Float16(0.05008), 0.060079345703125)":47,"(Float16(0.9478), 0.95775390625)":51},"84":{"(Float16(0.05026), 0.060262451171875)":62,"(Float16(0.949), 0.95921875)":38},"77":{"(Float16(0.4502), 0.4601953125)":4,"(Float16(0.0501), 0.06010986328125)":49,"(Float16(0.949), 0.95921875)":43,"(Float16(0.4067), 0.41673828125)":2,"(Float16(0.3691), 0.379140625)":2},"7":{"(Float16(0.376), 0.3859765625)":3,"(Float16(0.05008), 0.060079345703125)":43,"(Float16(0.948), 0.9582421875)":54},"25":{"(Float16(0.4785), 0.488515625)":2,"(Float16(0.381), 0.391103515625)":2,"(Float16(0.949), 0.95921875)":43,"(Float16(0.05005), 0.060048828125)":53},"95":{"(Float16(0.0503), 0.06029296875)":68,"(Float16(0.949), 0.95921875)":32},"71":{"(Float16(0.05005), 0.060048828125)":25,"(Float16(0.948), 0.9582421875)":75},"66":{"(Float16(0.9487), 0.95873046875)":37,"(Float16(0.0501), 0.06010986328125)":63},"76":{"(Float16(0.9487), 0.95873046875)":42,"(Float16(0.05032), 0.060323486328125)":55,"(Float16(0.5527), 0.562734375)":3},"34":{"(Float16(0.05005), 0.060048828125)":47,"(Float16(0.948), 0.9582421875)":53},"50":{"(Float16(0.0501), 0.06010986328125)":32,"(Float16(0.948), 0.9582421875)":68},"59":{"(Float16(0.948), 0.9582421875)":6,"(Float16(0.4512), 0.461171875)":92,"(Float16(0.05194), 0.06194091796875)":2},"93":{"(Float16(0.9487), 0.95873046875)":42,"(Float16(0.576), 0.586171875)":2,"(Float16(0.05002), 0.060018310546875)":56},"2":{"(Float16(0.05002), 0.060018310546875)":34,"(Float16(0.352), 0.36205078125)":2,"(Float16(0.948), 0.9582421875)":62,"(Float16(0.3843), 0.39427734375)":2},"10":{"(Float16(0.9487), 0.95873046875)":63,"(Float16(0.05017), 0.0601708984375)":33,"(Float16(0.4429), 0.45287109375)":2,"(Float16(0.3862), 0.39623046875)":2},"18":{"(Float16(0.05048), 0.06047607421875)":90,"(Float16(0.95), 0.9601953125)":10},"26":{"(Float16(0.9478), 0.95775390625)":68,"(Float16(0.05014), 0.060140380859375)":32},"27":{"(Float16(0.949), 0.95921875)":40,"(Float16(0.05038), 0.060384521484375)":60},"42":{"(Float16(0.534), 0.5441796875)":2,"(Float16(0.5674), 0.5773828125)":4,"(Float16(0.5776), 0.58763671875)":2,"(Float16(0.05005), 0.060048828125)":42,"(Float16(0.5146), 0.5246484375)":2,"(Float16(0.948), 0.9582421875)":48},"87":{"(Float16(0.583), 0.5930078125)":4,"(Float16(0.949), 0.95921875)":27,"(Float16(0.05038), 0.060384521484375)":67,"(Float16(0.6426), 0.652578125)":2},"100":{"(Float16(0.0503), 0.06029296875)":83,"(Float16(0.95), 0.9601953125)":17},"79":{"(Float16(0.949), 0.95921875)":34,"(Float16(0.05023), 0.06023193359375)":66},"16":{"(Float16(0.05008), 0.060079345703125)":35,"(Float16(0.948), 0.9582421875)":65},"20":{"(Float16(0.05032), 0.060323486328125)":80,"(Float16(0.95), 0.9601953125)":20},"81":{"(Float16(0.9478), 0.95775390625)":75,"(Float16(0.05), 0.05998779296875)":25},"19":{"(Float16(0.05005), 0.060048828125)":35,"(Float16(0.948), 0.9582421875)":65},"49":{"(Float16(0.4841), 0.494130859375)":2,"(Float16(0.05017), 0.0601708984375)":38,"(Float16(0.949), 0.95921875)":58,"(Float16(0.3958), 0.405751953125)":2},"44":{"(Float16(0.05008), 0.060079345703125)":45,"(Float16(0.948), 0.9582421875)":55},"9":{"(Float16(0.0501), 0.06010986328125)":34,"(Float16(0.9473), 0.957265625)":66},"31":{"(Float16(0.05032), 0.060323486328125)":24,"(Float16(0.6035), 0.613515625)":76},"74":{"(Float16(0.479), 0.48900390625)":2,"(Float16(0.05002), 0.060018310546875)":52,"(Float16(0.949), 0.95921875)":46},"61":{"(Float16(0.949), 0.95921875)":28,"(Float16(0.05038), 0.060384521484375)":72},"29":{"(Float16(0.4087), 0.41869140625)":2,"(Float16(0.4727), 0.48265625)":4,"(Float16(0.05002), 0.060018310546875)":49,"(Float16(0.949), 0.95921875)":45},"94":{"(Float16(0.9497), 0.95970703125)":31,"(Float16(0.05038), 0.060384521484375)":69},"46":{"(Float16(0.95), 0.9601953125)":15,"(Float16(0.05054), 0.060537109375)":85},"57":{"(Float16(0.948), 0.9582421875)":74,"(Float16(0.05), 0.05998779296875)":26},"70":{"(Float16(0.0501), 0.06010986328125)":34,"(Float16(0.9478), 0.95775390625)":66},"21":{"(Float16(0.0504), 0.0604150390625)":72,"(Float16(0.949), 0.95921875)":28},"38":{"(Float16(0.05017), 0.0601708984375)":36,"(Float16(0.948), 0.9582421875)":61,"(Float16(0.378), 0.3879296875)":3},"88":{"(Float16(0.0501), 0.06010986328125)":35,"(Float16(0.9478), 0.95775390625)":63,"(Float16(0.4238), 0.433828125)":2},"78":{"(Float16(0.948), 0.9582421875)":55,"(Float16(0.05014), 0.060140380859375)":45},