{"5":{"(Float16(8.285e-5), Float16(0.5))":100},"4":{"(Float16(7.21e-5), Float16(0.5))":100},"6":{"(Float16(0.00011665), Float16(0.5))":100},"7":{"(Float16(6.51e-5), Float16(0.5))":100},"2":{"(Float16(0.0001563), Float16(0.5))":100},"10":{"(Float16(4.89e-5), Float16(0.5))":100},"9":{"(Float16(5.32e-5), Float16(0.5))":97,"(Float16(0.9053), Float16(1.405))":3},"8":{"(Float16(0.6455), Float16(1.1455))":7,"(Float16(6.79e-5), Float16(0.5))":93},"3":{"(Float16(9.984e-5), Float16(0.5))":100},"1":{"(Float16(0.0001268), Float16(0.5))":100}}