{"5":[0.2103,0.5967,0.6123,0.7075,0.664,0.2104,0.6465,0.6,0.625,0.6333,0.6333,0.8936,0.2109,0.2103,0.2109,0.635,0.2117,0.629,0.7075,0.6094,0.806,0.2114,0.586,0.6714,0.2119,0.6714,0.547,0.6465,0.5205,0.6,0.907,0.5293,0.629,0.591,0.5757,0.625,0.855,0.6123,0.2117,0.911,0.5205,0.616,0.567,0.5293,0.4824,0.8936,0.2125,0.2117,0.5493,0.5293,0.539,0.2129,0.2128,0.5757,0.5967,0.911,0.212,0.5093,0.907,0.2126,0.4824,0.539,0.547,0.2129,0.212,0.2112,0.591,0.2115,0.5796,0.5093,0.2104,0.2103,0.2128,0.564,0.6,0.2109,0.5835,0.2112,0.5796,0.5493,0.7505,0.87,0.564,0.586,0.567,0.616,0.87,0.855,0.211,0.21,0.5835,0.806,0.547,0.2107,0.6094,0.2103,0.7505,0.6123,0.635,0.664],"4":[0.8003,0.8,0.8,0.8003,0.801,0.8013,0.578,0.802,0.3413,0.3655,0.2452,0.4363,0.5376,0.8022,0.8027,0.2778,0.2754,0.8037,0.8027,0.803,0.2515,0.502,0.2452,0.8027,0.167,0.011246,0.8022,0.011246,0.136,0.802,0.8013,0.29,0.3027,0.3413,0.801,0.4883,0.1168,0.4937,0.801,0.801,0.801,0.578,0.2476,0.802,0.8027,0.803,0.442,0.8037,0.3867,0.3027,0.8037,0.8047,0.804,0.8037,0.2754,0.8047,0.8047,0.2754,0.5454,0.502,0.1528,0.8047,0.5376,0.1528,0.1815,0.5454,0.2476,0.2515,0.1815,0.2778,0.8047,0.29,0.0831,0.1168,0.373,0.354,0.3586,0.442,0.354,0.3586,0.167,0.3655,0.4937,0.8047,0.804,0.8037,0.136,0.8037,0.4883,0.803,0.0831,0.373,0.8027,0.802,0.3867,0.8013,0.3027,0.4363,0.801,0.8003],"2":[0.802,0.4526,0.02498,0.8027,0.3872,0.2898,0.8022,0.07886,0.2832,0.8022,0.02893,0.802,0.802,0.802,0.3398,0.09814,0.8013,0.8013,0.3188,0.801,0.3306,0.4805,0.11536,0.801,0.2412,0.8003,0.8,0.07544,0.11536,0.7993,0.4526,0.799,0.2898,0.7983,0.798,0.798,0.4004,0.546,0.3345,0.3306,0.3398,0.7974,0.798,0.7974,0.07886,0.797,0.482,0.7964,0.2832,0.02893,0.482,0.3188,0.1355,0.797,0.797,0.2412,0.4805,0.4805,0.1355,0.7964,0.796,0.3345,0.4927,0.3025,0.1653,0.796,0.4395,0.2412,0.796,0.2284,0.4927,0.4395,0.546,0.7964,0.1653,0.797,0.797,0.7974,0.798,0.09814,0.3872,0.798,0.799,0.799,0.4004,0.799,0.799,0.7993,0.7993,0.2284,0.8,0.8003,0.3025,0.801,0.8013,0.07544,0.4395,0.802,0.802,0.02498],"3":[0.293,0.2927,0.8203,0.8037,0.2925,0.8037,0.7124,0.7466,0.292,0.7617,0.2915,0.7217,0.634,0.2913,0.7617,0.759,0.9263,0.0691,0.2913,0.672,0.2913,0.7466,0.714,0.6655,0.7354,0.6846,0.2913,0.2915,0.2927,0.291,0.7217,0.291,0.749,0.291,0.0691,0.591,0.703,0.291,0.2913,0.9336,0.2915,0.6846,0.6655,0.2915,0.8174,0.2915,0.2913,0.7896,0.2915,0.292,0.9336,0.759,0.2925,0.2927,0.591,0.293,0.2932,0.2935,0.2935,0.7896,0.7354,0.2935,0.749,0.2935,0.2932,0.759,0.293,0.88,0.2927,0.6904,0.2925,0.2922,0.292,0.292,0.2915,0.6904,0.714,0.2917,0.7124,0.671,0.292,0.672,0.292,0.703,0.8174,0.634,0.292,0.88,0.671,0.2922,0.714,0.2925,0.9263,0.293,0.8203,0.7163,0.88,0.293,0.7163,0.293],"1":[0.2434,0.8506,0.2434,0.244,0.8096,0.664,0.8096,0.8535,0.2439,0.244,0.8857,0.2451,0.2443,0.4922,0.7725,0.579,0.2441,0.8975,0.2451,0.2448,0.955,0.244,0.2451,0.4922,0.245,0.9956,0.2458,0.664,0.8096,0.2454,0.459,0.832,0.832,0.6206,0.918,0.91,0.746,0.677,0.4922,0.2461,0.9956,0.245,0.2448,0.746,0.876,0.2434,0.91,0.8506,0.5977,0.6123,0.2439,0.8975,0.8535,0.9346,0.918,0.6123,0.2437,0.2444,0.2445,0.8,0.2432,0.2446,0.2449,0.955,0.7935,0.677,0.459,0.8955,0.2439,0.746,0.6206,0.244,0.876,0.244,0.7725,0.2444,0.2449,0.8,0.8857,0.2455,0.7456,0.918,0.2429,0.579,0.2446,0.7456,0.2441,0.8955,0.579,0.2434,0.2432,0.2437,0.9346,0.244,0.2437,0.5977,0.6123,0.7935,0.2433,0.2434]}