{"5":{"(Float16(0.1321), Float16(0.1421))":1,"(Float16(0.5), Float16(0.51))":93,"(Float16(0.9004), Float16(0.91))":6},"56":{"(Float16(0.854), Float16(0.864))":10,"(Float16(0.5), Float16(0.51))":90},"35":{"(Float16(0.0943), Float16(0.1043))":2,"(Float16(0.5), Float16(0.51))":77,"(Float16(0.883), Float16(0.8926))":21},"55":{"(Float16(0.5), Float16(0.51))":92,"(Float16(0.1215), Float16(0.1315))":5,"(Float16(0.8984), Float16(0.908))":3},"60":{"(Float16(0.5), Float16(0.51))":88,"(Float16(0.107), Float16(0.117))":4,"(Float16(0.874), Float16(0.884))":8},"30":{"(Float16(0.5), Float16(0.51))":92,"(Float16(0.828), Float16(0.838))":2,"(Float16(0.0792), Float16(0.08923))":6},"32":{"(Float16(0.5), Float16(0.51))":77,"(Float16(0.865), Float16(0.875))":4,"(Float16(0.0836), Float16(0.0936))":19},"6":{"(Float16(0.5), Float16(0.51))":79,"(Float16(0.1245), Float16(0.1345))":14,"(Float16(0.909), Float16(0.919))":7},"67":{"(Float16(0.956), Float16(0.966))":3,"(Float16(0.5), Float16(0.51))":92,"(Float16(0.1316), Float16(0.1416))":5},"45":{"(Float16(0.956), Float16(0.966))":2,"(Float16(0.5), Float16(0.51))":87,"(Float16(0.09143), Float16(0.10144))":11},"73":{"(Float16(0.144), Float16(0.154))":7,"(Float16(0.5), Float16(0.51))":92,"(Float16(0.9683), Float16(0.978))":1},"64":{"(Float16(0.873), Float16(0.883))":11,"(Float16(0.5), Float16(0.51))":82,"(Float16(0.0851), Float16(0.0951))":7},"90":{"(Float16(0.11633), Float16(0.1263))":16,"(Float16(0.5), Float16(0.51))":83,"(Float16(0.8438), Float16(0.8535))":1},"4":{"(Float16(0.9204), Float16(0.93))":2,"(Float16(0.5), Float16(0.51))":86,"(Float16(0.10846), Float16(0.11847))":12},"13":{"(Float16(0.895), Float16(0.905))":11,"(Float16(0.5), Float16(0.51))":81,"(Float16(0.0987), Float16(0.1087))":8},"54":{"(Float16(0.5), Float16(0.51))":85,"(Float16(0.868), Float16(0.878))":12,"(Float16(0.07495), Float16(0.08496))":3},"63":{"(Float16(0.9336), Float16(0.9434))":5,"(Float16(0.5), Float16(0.51))":89,"(Float16(0.1333), Float16(0.1433))":6},"86":{"(Float16(0.5), Float16(0.51))":89,"(Float16(0.867), Float16(0.877))":1,"(Float16(0.078), Float16(0.088))":10},"91":{"(Float16(0.914), Float16(0.924))":3,"(Float16(0.5), Float16(0.51))":94,"(Float16(0.0689), Float16(0.0789))":3},"62":{"(Float16(0.11084), Float16(0.12085))":9,"(Float16(0.876), Float16(0.8857))":4,"(Float16(0.5), Float16(0.51))":87},"58":{"(Float16(0.5), Float16(0.51))":88,"(Float16(0.06555), Float16(0.07556))":5,"(Float16(0.8984), Float16(0.908))":7},"52":{"(Float16(0.5), Float16(0.51))":92,"(Float16(0.923), Float16(0.9326))":2,"(Float16(0.11743), Float16(0.1274))":6},"12":{"(Float16(0.8604), Float16(0.87))":17,"(Float16(0.5), Float16(0.51))":79,"(Float16(0.07996), Float16(0.08997))":4},"28":{"(Float16(0.9365), Float16(0.9463))":5,"(Float16(0.5), Float16(0.51))":84,"(Float16(0.085), Float16(0.09503))":11},"75":{"(Float16(0.5), Float16(0.51))":75,"(Float16(0.9053), Float16(0.915))":11,"(Float16(0.0659), Float16(0.0759))":14},"23":{"(Float16(0.08923), Float16(0.09924))":13,"(Float16(0.5), Float16(0.51))":85,"(Float16(0.879), Float16(0.8887))":2},"92":{"(Float16(0.4985), Float16(0.5083))":100},"41":{"(Float16(0.0803), Float16(0.09033))":2,"(Float16(0.5), Float16(0.51))":89,"(Float16(0.8584), Float16(0.868))":9},"43":{"(Float16(0.5), Float16(0.51))":84,"(Float16(0.1022), Float16(0.1122))":11,"(Float16(0.8896), Float16(0.8994))":5},"11":{"(Float16(0.5), Float16(0.51))":92,"(Float16(0.867), Float16(0.877))":8},"36":{"(Float16(0.5), Float16(0.51))":90,"(Float16(0.91), Float16(0.92))":5,"(Float16(0.1532), Float16(0.1632))":5},"68":{"(Float16(0.5), Float16(0.51))":80,"(Float16(0.9053), Float16(0.915))":6,"(Float16(0.1156), Float16(0.1256))":14},"69":{"(Float16(0.5), Float16(0.51))":87,"(Float16(0.07355), Float16(0.08356))":8,"(Float16(0.879), Float16(0.8887))":5},"98":{"(Float16(0.919), Float16(0.9287))":3,"(Float16(0.1008), Float16(0.11084))":15,"(Float16(0.5), Float16(0.51))":82},"82":{"(Float16(0.08716), Float16(0.09717))":8,"(Float16(0.5), Float16(0.51))":90,"(Float16(0.918), Float16(0.9277))":2},"85":{"(Float16(0.5), Float16(0.51))":79,"(Float16(0.9053), Float16(0.915))":9,"(Float16(0.1232), Float16(0.1332))":12},"39":{"(Float16(0.5), Float16(0.51))":87,"(Float16(0.1233), Float16(0.1333))":6,"(Float16(0.8765), Float16(0.886))":7},"84":{"(Float16(0.5), Float16(0.51))":90,"(Float16(0.1294), Float16(0.1394))":2,"(Float16(0.878), Float16(0.8877))":8},"77":{"(Float16(0.5), Float16(0.51))":84,"(Float16(0.898), Float16(0.9077))":2,"(Float16(0.127), Float16(0.137))":14},"7":{"(Float16(0.912), Float16(0.922))":8,"(Float16(0.5), Float16(0.51))":91,"(Float16(0.04086), Float16(0.05087))":1},"25":{"(Float16(0.912), Float16(0.922))":11,"(Float16(0.5), Float16(0.51))":89},"95":{"(Float16(0.9414), Float16(0.951))":6,"(Float16(0.5), Float16(0.51))":88,"(Float16(0.0979), Float16(0.1079))":6},"71":{"(Float16(0.911), Float16(0.921))":11,"(Float16(0.5), Float16(0.51))":87,"(Float16(0.07996), Float16(0.08997))":2},"66":{"(Float16(0.1094), Float16(0.1194))":3,"(Float16(0.885), Float16(0.8945))":4,"(Float16(0.5), Float16(0.51))":93},"76":{"(Float16(0.10583), Float16(0.11584))":6,"(Float16(0.915), Float16(0.925))":5,"(Float16(0.5), Float16(0.51))":89},"34":{"(Float16(0.5), Float16(0.51))":94,"(Float16(0.875), Float16(0.885))":1,"(Float16(0.0897), Float16(0.09973))":5},"50":{"(Float16(0.0754), Float16(0.0854))":5,"(Float16(0.5), Float16(0.51))":92,"(Float16(0.88), Float16(0.8896))":3},"59":{"(Float16(0.1254), Float16(0.1354))":20,"(Float16(0.929), Float16(0.939))":3,"(Float16(0.5), Float16(0.51))":77},"93":{"(Float16(0.10754), Float16(0.11755))":10,"(Float16(0.9263), Float16(0.936))":9,"(Float16(0.5), Float16(0.51))":81},"2":{"(Float16(0.876), Float16(0.8857))":20,"(Float16(0.5), Float16(0.51))":77,"(Float16(0.02678), Float16(0.03677))":3},"10":{"(Float16(0.5), Float16(0.51))":74,"(Float16(0.10254), Float16(0.11255))":8,"(Float16(0.883), Float16(0.8926))":18},"18":{"(Float16(0.5), Float16(0.51))":89,"(Float16(0.8916), Float16(0.9014))":3,"(Float16(0.1238), Float16(0.1338))":8},"26":{"(Float16(0.09235), Float16(0.10236))":3,"(Float16(0.5), Float16(0.51))":87,"(Float16(0.841), Float16(0.8506))":10},"27":{"(Float16(0.11414), Float16(0.12415))":6,"(Float16(0.9297), Float16(0.9395))":5,"(Float16(0.5), Float16(0.51))":89},"42":{"(Float16(0.861), Float16(0.8706))":10,"(Float16(0.5), Float16(0.51))":89,"(Float16(0.0746), Float16(0.0846))":1},"87":{"(Float16(0.5), Float16(0.51))":86,"(Float16(0.10046), Float16(0.1105))":4,"(Float16(0.9014), Float16(0.911))":10},"100":{"(Float16(0.8877), Float16(0.8975))":2,"(Float16(0.136), Float16(0.146))":4,"(Float16(0.5), Float16(0.51))":94},"79":{"(Float16(0.5), Float16(0.51))":83,"(Float16(0.06396), Float16(0.074))":8,"(Float16(0.884), Float16(0.8936))":9},"16":{"(Float16(0.0855), Float16(0.0955))":3,"(Float16(0.5), Float16(0.51))":93,"(Float16(0.869), Float16(0.879))":4},"20":{"(Float16(0.5), Float16(0.51))":74,"(Float16(0.1302), Float16(0.1403))":25,"(Float16(0.918), Float16(0.9277))":1},"81":{"(Float16(0.5), Float16(0.51))":94,"(Float16(0.931), Float16(0.941))":4,"(Float16(0.12445), Float16(0.1344))":2},"19":{"(Float16(0.1035), Float16(0.1135))":12,"(Float16(0.5), Float16(0.51))":84,"(Float16(0.932), Float16(0.942))":4},"49":{"(Float16(0.5), Float16(0.51))":89,"(Float16(0.8857), Float16(0.8955))":3,"(Float16(0.1172), Float16(0.1272))":8},"44":{"(Float16(0.5), Float16(0.51))":92,"(Float16(0.1017), Float16(0.1117))":2,"(Float16(0.8984), Float16(0.908))":6},"9":{"(Float16(0.5), Float16(0.51))":86,"(Float16(0.922), Float16(0.9316))":2,"(Float16(0.1257), Float16(0.1357))":12},"31":{"(Float16(0.919), Float16(0.9287))":2,"(Float16(0.5), Float16(0.51))":80,"(Float16(0.1229), Float16(0.1329))":18},"74":{"(Float16(0.11914), Float16(0.1292))":4,"(Float16(0.5), Float16(0.51))":91,"(Float16(0.934), Float16(0.944))":5},"61":{"(Float16(0.03827), Float16(0.04828))":6,"(Float16(0.5), Float16(0.51))":87,"(Float16(0.9043), Float16(0.914))":7},"29":{"(Float16(0.8887), Float16(0.8984))":7,