{"5":{"(Float16(0.0502), 0.060201416015625)":66,"(Float16(0.948), 0.9582421875)":34},"56":{"(Float16(0.9487), 0.95873046875)":43,"(Float16(0.0502), 0.060201416015625)":55,"(Float16(0.5415), 0.55150390625)":2},"35":{"(Float16(0.05008), 0.060079345703125)":62,"(Float16(0.949), 0.95921875)":38},"55":{"(Float16(0.9487), 0.95873046875)":47,"(Float16(0.05002), 0.060018310546875)":53},"60":{"(Float16(0.949), 0.95921875)":53,"(Float16(0.05), 0.05998779296875)":47},"30":{"(Float16(0.949), 0.95921875)":62,"(Float16(0.05), 0.05998779296875)":38},"32":{"(Float16(0.949), 0.95921875)":45,"(Float16(0.05), 0.05998779296875)":55},"6":{"(Float16(0.5024), 0.51244140625)":2,"(Float16(0.949), 0.95921875)":45,"(Float16(0.05), 0.05998779296875)":53},"67":{"(Float16(0.948), 0.9582421875)":60,"(Float16(0.05), 0.05998779296875)":40},"45":{"(Float16(0.948), 0.9582421875)":55,"(Float16(0.05), 0.05998779296875)":45},"73":{"(Float16(0.949), 0.95921875)":62,"(Float16(0.05), 0.05998779296875)":37,"(Float16(0.4893), 0.4992578125)":1},"64":{"(Float16(0.05008), 0.060079345703125)":43,"(Float16(0.948), 0.9582421875)":55,"(Float16(0.498), 0.508046875)":2},"90":{"(Float16(0.949), 0.95921875)":55,"(Float16(0.05), 0.05998779296875)":45},"4":{"(Float16(0.949), 0.95921875)":63,"(Float16(0.4653), 0.47533203125)":1,"(Float16(0.05), 0.05998779296875)":36},"13":{"(Float16(0.9487), 0.95873046875)":59,"(Float16(0.05), 0.05998779296875)":41},"54":{"(Float16(0.0501), 0.06010986328125)":75,"(Float16(0.949), 0.95921875)":25},"63":{"(Float16(0.948), 0.9582421875)":50,"(Float16(0.05), 0.05998779296875)":50},"86":{"(Float16(0.0501), 0.06010986328125)":57,"(Float16(0.948), 0.9582421875)":43},"91":{"(Float16(0.05008), 0.060079345703125)":50,"(Float16(0.949), 0.95921875)":50},"62":{"(Float16(0.0502), 0.060201416015625)":48,"(Float16(0.5244), 0.5344140625)":2,"(Float16(0.949), 0.95921875)":50},"58":{"(Float16(0.949), 0.95921875)":65,"(Float16(0.05), 0.05998779296875)":35},"52":{"(Float16(0.9487), 0.95873046875)":65,"(Float16(0.05), 0.05998779296875)":35},"12":{"(Float16(0.948), 0.9582421875)":61,"(Float16(0.05), 0.05998779296875)":39},"28":{"(Float16(0.949), 0.95921875)":50,"(Float16(0.05), 0.05998779296875)":50},"75":{"(Float16(0.9487), 0.95873046875)":65,"(Float16(0.05), 0.05998779296875)":35},"23":{"(Float16(0.949), 0.95921875)":53,"(Float16(0.05005), 0.060048828125)":47},"92":{"(Float16(0.949), 0.95921875)":49,"(Float16(0.05), 0.05998779296875)":51},"41":{"(Float16(0.05002), 0.060018310546875)":45,"(Float16(0.949), 0.95921875)":55},"43":{"(Float16(0.949), 0.95921875)":52,"(Float16(0.05), 0.05998779296875)":48},"11":{"(Float16(0.948), 0.9582421875)":68,"(Float16(0.05), 0.05998779296875)":32},"36":{"(Float16(0.949), 0.95921875)":55,"(Float16(0.05), 0.05998779296875)":45},"68":{"(Float16(0.948), 0.9582421875)":65,"(Float16(0.05), 0.05998779296875)":35},"69":{"(Float16(0.9487), 0.95873046875)":59,"(Float16(0.05), 0.05998779296875)":41},"98":{"(Float16(0.504), 0.51390625)":1,"(Float16(0.949), 0.95921875)":46,"(Float16(0.05), 0.05998779296875)":53},"82":{"(Float16(0.948), 0.9582421875)":55,"(Float16(0.05), 0.05998779296875)":45},"85":{"(Float16(0.05002), 0.060018310546875)":47,"(Float16(0.948), 0.9582421875)":53},"39":{"(Float16(0.949), 0.95921875)":60,"(Float16(0.05), 0.05998779296875)":40},"84":{"(Float16(0.948), 0.9582421875)":41,"(Float16(0.05014), 0.060140380859375)":59},"77":{"(Float16(0.9487), 0.95873046875)":51,"(Float16(0.0501), 0.06010986328125)":49},"7":{"(Float16(0.0502), 0.060201416015625)":50,"(Float16(0.948), 0.9582421875)":47,"(Float16(0.509), 0.5187890625)":3},"25":{"(Float16(0.9487), 0.95873046875)":41,"(Float16(0.05017), 0.0601708984375)":58,"(Float16(0.4946), 0.50462890625)":1},"95":{"(Float16(0.949), 0.95921875)":66,"(Float16(0.05), 0.05998779296875)":34},"71":{"(Float16(0.949), 0.95921875)":65,"(Float16(0.05), 0.05998779296875)":35},"66":{"(Float16(0.05005), 0.060048828125)":41,"(Float16(0.9478), 0.95775390625)":59},"76":{"(Float16(0.949), 0.95921875)":54,"(Float16(0.05), 0.05998779296875)":46},"34":{"(Float16(0.05), 0.05998779296875)":40,"(Float16(0.4873), 0.4973046875)":2,"(Float16(0.9473), 0.957265625)":58},"50":{"(Float16(0.4736), 0.4836328125)":2,"(Float16(0.949), 0.95921875)":55,"(Float16(0.05), 0.05998779296875)":43},"59":{"(Float16(0.9487), 0.95873046875)":60,"(Float16(0.477), 0.48705078125)":2,"(Float16(0.05), 0.05998779296875)":38},"93":{"(Float16(0.949), 0.95921875)":49,"(Float16(0.05), 0.05998779296875)":51},"2":{"(Float16(0.9487), 0.95873046875)":43,"(Float16(0.05005), 0.060048828125)":57},"10":{"(Float16(0.9487), 0.95873046875)":41,"(Float16(0.05014), 0.060140380859375)":59},"18":{"(Float16(0.0501), 0.06010986328125)":59,"(Float16(0.9478), 0.95775390625)":41},"26":{"(Float16(0.9487), 0.95873046875)":48,"(Float16(0.51), 0.519765625)":1,"(Float16(0.05), 0.05998779296875)":51},"27":{"(Float16(0.949), 0.95921875)":47,"(Float16(0.05014), 0.060140380859375)":53},"42":{"(Float16(0.5), 0.51)":2,"(Float16(0.949), 0.95921875)":40,"(Float16(0.05), 0.05998779296875)":58},"87":{"(Float16(0.4856), 0.495595703125)":2,"(Float16(0.949), 0.95921875)":43,"(Float16(0.05), 0.05998779296875)":55},"100":{"(Float16(0.949), 0.95921875)":57,"(Float16(0.05), 0.05998779296875)":43},"79":{"(Float16(0.949), 0.95921875)":56,"(Float16(0.05), 0.05998779296875)":44},"16":{"(Float16(0.9487), 0.95873046875)":54,"(Float16(0.5283), 0.5383203125)":2,"(Float16(0.05005), 0.060048828125)":44},"20":{"(Float16(0.948), 0.9582421875)":64,"(Float16(0.05), 0.05998779296875)":36},"81":{"(Float16(0.9487), 0.95873046875)":65,"(Float16(0.05), 0.05998779296875)":35},"19":{"(Float16(0.948), 0.9582421875)":64,"(Float16(0.05), 0.05998779296875)":36},"49":{"(Float16(0.949), 0.95921875)":61,"(Float16(0.05), 0.05998779296875)":39},"44":{"(Float16(0.949), 0.95921875)":42,"(Float16(0.05), 0.05998779296875)":58},"9":{"(Float16(0.9487), 0.95873046875)":59,"(Float16(0.05), 0.05998779296875)":41},"31":{"(Float16(0.949), 0.95921875)":53,"(Float16(0.4795), 0.4894921875)":2,"(Float16(0.05), 0.05998779296875)":45},"74":{"(Float16(0.0501), 0.06010986328125)":50,"(Float16(0.949), 0.95921875)":50},"61":{"(Float16(0.546), 0.5558984375)":2,"(Float16(0.9487), 0.95873046875)":44,"(Float16(0.0501), 0.06010986328125)":54},"29":{"(Float16(0.949), 0.95921875)":61,"(Float16(0.05), 0.05998779296875)":39},"94":{"(Float16(0.949), 0.95921875)":37,"(Float16(0.524), 0.53392578125)":1,"(Float16(0.05014), 0.060140380859375)":62},"46":{"(Float16(0.949), 0.95921875)":62,"(Float16(0.05), 0.05998779296875)":38},"57":{"(Float16(0.05005), 0.060048828125)":51,"(Float16(0.948), 0.9582421875)":49},"70":{"(Float16(0.949), 0.95921875)":52,"(Float16(0.05), 0.05998779296875)":48},"21":{"(Float16(0.4749), 0.484853515625)":2,"(Float16(0.948), 0.9582421875)":49,"(Float16(0.05), 0.05998779296875)":49},"38":{"(Float16(0.948), 0.9582421875)":61,"(Float16(0.05), 0.05998779296875)":39},"88":{"(Float16(0.0501), 0.06010986328125)":57,"(Float16(0.949), 0.95921875)":43},"78":{"(Float16(0.949), 0.95921875)":55,"(Float16(0.05), 0.05998779296875)":45},"72":{"(Float16(0.949), 0.95921875)":50,"(Float16(0.05), 0.05998779296875)":50},"24":{"(Float16(0.05008), 0.060079345703125)":48,"(Float16(0.948), 0.9582421875)":52},"8":{"(Float16(0.05017), 0.0601708984375)":39,"(Float16(0.948), 0.9582421875)":61},"17":{"(Float16(0.948), 0.9582421875)":50,"(Float16(0.05014), 0.060140380859375)":50},"37":{"(Float16(0.949), 0.95921875)":52,"(Float16(0.05), 0.05998779296875)":48},"1":{"(Float16(0.949), 0.95921875)":58,"(Float16(0.05), 0.05998779296875)":42},"53":{"(Float16(0.949), 0.95921875)":49,"(Float16(0.05), 0.05998779296875)":50,"(Float16(0.4626), 0.472646484375)":1},"22":{"(Float16(0.5195), 0.52953125)":1,"(Float16(0.949), 0.95921875)":45,"(Float16(0.05), 0.05998779296875)":54},"47":{"(Float16(0.949), 0.95921875)":47,"(Float16(0.05), 0.05998779296875)":53},"83":{"(Float16(0.949), 0.95921875)":46,"(Float16(0.05005), 0.060048828125)":54},"99":{"(Float16(0.949), 0.95921875)":55,