{"5":{"(Float16(0.9473), Float16(1.047))":24,"(Float16(0.501), Float16(0.601))":39,"(Float16(0.335), Float16(0.435))":20,"(Float16(0.05054), Float16(0.1505))":17},"56":{"(Float16(0.3384), Float16(0.4385))":33,"(Float16(0.501), Float16(0.601))":12,"(Float16(0.949), Float16(1.049))":19,"(Float16(0.05093), Float16(0.1509))":21,"(Float16(0.717), Float16(0.817))":15},"35":{"(Float16(0.628), Float16(0.728))":22,"(Float16(0.498), Float16(0.598))":36,"(Float16(0.949), Float16(1.049))":23,"(Float16(0.05035), Float16(0.1504))":19},"55":{"(Float16(0.0509), Float16(0.1509))":26,"(Float16(0.372), Float16(0.4722))":12,"(Float16(0.501), Float16(0.601))":19,"(Float16(0.7344), Float16(0.8345))":22,"(Float16(0.949), Float16(1.049))":21},"60":{"(Float16(0.7656), Float16(0.8657))":5,"(Float16(0.501), Float16(0.601))":37,"(Float16(0.949), Float16(1.049))":21,"(Float16(0.3467), Float16(0.4468))":9,"(Float16(0.05087), Float16(0.1509))":28},"30":{"(Float16(0.701), Float16(0.8013))":25,"(Float16(0.4995), Float16(0.5996))":18,"(Float16(0.948), Float16(1.048))":16,"(Float16(0.1581), Float16(0.258))":41},"32":{"(Float16(0.502), Float16(0.602))":21,"(Float16(0.05038), Float16(0.1504))":11,"(Float16(0.7686), Float16(0.8687))":22,"(Float16(0.949), Float16(1.049))":9,"(Float16(0.292), Float16(0.392))":37},"6":{"(Float16(0.05023), Float16(0.1503))":13,"(Float16(0.7764), Float16(0.8765))":14,"(Float16(0.2598), Float16(0.3599))":17,"(Float16(0.501), Float16(0.601))":37,"(Float16(0.948), Float16(1.048))":19},"67":{"(Float16(0.05096), Float16(0.151))":30,"(Float16(0.71), Float16(0.81))":27,"(Float16(0.4995), Float16(0.5996))":21,"(Float16(0.949), Float16(1.049))":22},"45":{"(Float16(0.699), Float16(0.7993))":4,"(Float16(0.0508), Float16(0.1508))":24,"(Float16(0.948), Float16(1.048))":33,"(Float16(0.357), Float16(0.457))":5,"(Float16(0.499), Float16(0.599))":34},"73":{"(Float16(0.748), Float16(0.848))":13,"(Float16(0.0511), Float16(0.1511))":23,"(Float16(0.501), Float16(0.601))":21,"(Float16(0.2454), Float16(0.3455))":17,"(Float16(0.949), Float16(1.049))":26},"64":{"(Float16(0.9478), Float16(1.048))":19,"(Float16(0.0514), Float16(0.1514))":13,"(Float16(0.501), Float16(0.601))":40,"(Float16(0.7207), Float16(0.821))":8,"(Float16(0.2764), Float16(0.3765))":20},"90":{"(Float16(0.05084), Float16(0.1509))":15,"(Float16(0.2568), Float16(0.357))":10,"(Float16(0.497), Float16(0.597))":33,"(Float16(0.949), Float16(1.049))":10,"(Float16(0.752), Float16(0.852))":32},"4":{"(Float16(0.2725), Float16(0.3726))":28,"(Float16(0.701), Float16(0.8013))":3,"(Float16(0.9478), Float16(1.048))":29,"(Float16(0.501), Float16(0.601))":20,"(Float16(0.05035), Float16(0.1504))":20},"13":{"(Float16(0.05066), Float16(0.1506))":23,"(Float16(0.948), Float16(1.048))":38,"(Float16(0.499), Float16(0.599))":15,"(Float16(0.314), Float16(0.414))":24},"54":{"(Float16(0.0501), Float16(0.1501))":11,"(Float16(0.3447), Float16(0.4448))":22,"(Float16(0.501), Float16(0.601))":30,"(Float16(0.949), Float16(1.049))":17,"(Float16(0.707), Float16(0.807))":11,"(Float16(0.2004), Float16(0.3005))":9},"63":{"(Float16(0.7197), Float16(0.82))":24,"(Float16(0.4988), Float16(0.5986))":19,"(Float16(0.2637), Float16(0.3638))":27,"(Float16(0.949), Float16(1.049))":16,"(Float16(0.05133), Float16(0.1514))":14},"86":{"(Float16(0.05103), Float16(0.151))":15,"(Float16(0.498), Float16(0.598))":33,"(Float16(0.951), Float16(1.051))":13,"(Float16(0.2554), Float16(0.3555))":19,"(Float16(0.8174), Float16(0.9175))":15,"(Float16(0.668), Float16(0.768))":5},"91":{"(Float16(0.2339), Float16(0.334))":14,"(Float16(0.758), Float16(0.858))":28,"(Float16(0.5015), Float16(0.6016))":31,"(Float16(0.948), Float16(1.048))":14,"(Float16(0.05112), Float16(0.1511))":13},"62":{"(Float16(0.751), Float16(0.851))":11,"(Float16(0.3518), Float16(0.452))":7,"(Float16(0.501), Float16(0.601))":32,"(Float16(0.949), Float16(1.049))":23,"(Float16(0.05136), Float16(0.1514))":27},"58":{"(Float16(0.4988), Float16(0.5986))":19,"(Float16(0.05176), Float16(0.1517))":11,"(Float16(0.948), Float16(1.048))":25,"(Float16(0.6436), Float16(0.7437))":15,"(Float16(0.2617), Float16(0.3618))":30},"52":{"(Float16(0.788), Float16(0.888))":26,"(Float16(0.0508), Float16(0.1508))":22,"(Float16(0.501), Float16(0.601))":20,"(Float16(0.949), Float16(1.049))":12,"(Float16(0.2983), Float16(0.3984))":20},"12":{"(Float16(0.2725), Float16(0.3726))":17,"(Float16(0.9478), Float16(1.048))":26,"(Float16(0.501), Float16(0.601))":16,"(Float16(0.759), Float16(0.859))":19,"(Float16(0.05035), Float16(0.1504))":22},"28":{"(Float16(0.0512), Float16(0.1512))":28,"(Float16(0.501), Float16(0.601))":15,"(Float16(0.3716), Float16(0.4717))":16,"(Float16(0.949), Float16(1.049))":13,"(Float16(0.718), Float16(0.818))":28},"75":{"(Float16(0.4963), Float16(0.596))":26,"(Float16(0.2151), Float16(0.3152))":9,"(Float16(0.0508), Float16(0.1508))":26,"(Float16(0.7344), Float16(0.8345))":27,"(Float16(0.949), Float16(1.049))":12},"23":{"(Float16(0.252), Float16(0.352))":15,"(Float16(0.6895), Float16(0.7896))":23,"(Float16(0.4995), Float16(0.5996))":28,"(Float16(0.05142), Float16(0.1514))":19,"(Float16(0.949), Float16(1.049))":15},"92":{"(Float16(0.1587), Float16(0.2588))":24,"(Float16(0.501), Float16(0.601))":45,"(Float16(0.3064), Float16(0.4065))":16,"(Float16(0.949), Float16(1.049))":15},"41":{"(Float16(0.05084), Float16(0.1509))":38,"(Float16(0.6494), Float16(0.7495))":19,"(Float16(0.4995), Float16(0.5996))":17,"(Float16(0.949), Float16(1.049))":26},"43":{"(Float16(0.9478), Float16(1.048))":21,"(Float16(0.4976), Float16(0.5977))":41,"(Float16(0.677), Float16(0.777))":20,"(Float16(0.05093), Float16(0.1509))":18},"11":{"(Float16(0.748), Float16(0.848))":20,"(Float16(0.497), Float16(0.597))":44,"(Float16(0.949), Float16(1.049))":14,"(Float16(0.0503), Float16(0.1503))":22},"36":{"(Float16(0.0501), Float16(0.1501))":22,"(Float16(0.501), Float16(0.601))":31,"(Float16(0.3154), Float16(0.4155))":6,"(Float16(0.668), Float16(0.768))":16,"(Float16(0.947), Float16(1.047))":25},"68":{"(Float16(0.751), Float16(0.851))":39,"(Float16(0.04953), Float16(0.1495))":10,"(Float16(0.2954), Float16(0.3955))":24,"(Float16(0.4995), Float16(0.5996))":14,"(Float16(0.947), Float16(1.047))":13},"69":{"(Float16(0.309), Float16(0.4092))":18,"(Float16(0.05084), Float16(0.1509))":19,"(Float16(0.498), Float16(0.598))":25,"(Float16(0.95), Float16(1.05))":20,"(Float16(0.62), Float16(0.72))":18},"98":{"(Float16(0.3389), Float16(0.439))":26,"(Float16(0.676), Float16(0.776))":28,"(Float16(0.948), Float16(1.048))":13,"(Float16(0.501), Float16(0.601))":19,"(Float16(0.05017), Float16(0.1501))":14},"82":{"(Float16(0.3105), Float16(0.4106))":19,"(Float16(0.948), Float16(1.048))":21,"(Float16(0.501), Float16(0.601))":37,"(Float16(0.05054), Float16(0.1505))":23},"85":{"(Float16(0.7705), Float16(0.8706))":19,"(Float16(0.05096), Float16(0.151))":17,"(Float16(0.95), Float16(1.05))":14,"(Float16(0.501), Float16(0.601))":30,"(Float16(0.2544), Float16(0.3545))":20},"39":{"(Float16(0.05005), Float16(0.15))":11,"(Float16(0.3276), Float16(0.4277))":24,"(Float16(0.501), Float16(0.601))":30,"(Float16(0.798), Float16(0.898))":2,"(Float16(0.949), Float16(1.049))":33},"84":{"(Float16(0.6826), Float16(0.7827))":25,"(Float16(0.502), Float16(0.602))":10,"(Float16(0.0511), Float16(0.1511))":18,"(Float16(0.3213), Float16(0.4214))":29,"(Float16(0.949), Float16(1.049))":18},"77":{"(Float16(0.0509), Float16(0.1509))":18,"(Float16(0.714), Float16(0.814))":18,"(Float16(0.3252), Float16(0.4253))":10,"(Float16(0.4995), Float16(0.5996))":28,"(Float16(0.949), Float16(1.049))":26},"7":{"(Float16(0.703), Float16(0.803))":12,"(Float16(0.5015), Float16(0.6016))":28,"(Float16(0.948), Float16(1.048))":25,"(Float16(0.3438), Float16(0.4438))":15,"(Float16(0.05106), Float16(0.151))":20},"25":{"(Float16(0.05066), Float16(0.1506))":31,"(Float16(0.3303), Float16(0.4304))":10,"(Float16(0.501), Float16(0.601))":36,"(Float16(0.949), Float16(1.049))":23},"95":{"(Float16(0.04993), Float16(0.1499))":7,