{"5":{"(Float16(0.498), Float16(0.698))":65,"(Float16(0.949), Float16(1.149))":35},"56":{"(Float16(0.9473), Float16(1.147))":18,"(Float16(0.4983), Float16(0.698))":82},"35":{"(Float16(0.4983), Float16(0.698))":100},"55":{"(Float16(0.948), Float16(1.148))":28,"(Float16(0.4988), Float16(0.6987))":72},"60":{"(Float16(0.501), Float16(0.701))":75,"(Float16(0.0504), Float16(0.2505))":25},"30":{"(Float16(0.4978), Float16(0.6978))":72,"(Float16(0.949), Float16(1.149))":28},"32":{"(Float16(0.498), Float16(0.698))":100},"6":{"(Float16(0.498), Float16(0.698))":100},"67":{"(Float16(0.501), Float16(0.701))":45,"(Float16(0.05075), Float16(0.2507))":55},"45":{"(Float16(0.498), Float16(0.698))":100},"73":{"(Float16(0.4978), Float16(0.6978))":100},"64":{"(Float16(0.501), Float16(0.701))":64,"(Float16(0.0506), Float16(0.2505))":36},"90":{"(Float16(0.948), Float16(1.148))":44,"(Float16(0.499), Float16(0.699))":56},"4":{"(Float16(0.501), Float16(0.701))":64,"(Float16(0.05096), Float16(0.251))":36},"13":{"(Float16(0.498), Float16(0.698))":100},"54":{"(Float16(0.498), Float16(0.698))":100},"63":{"(Float16(0.948), Float16(1.148))":24,"(Float16(0.4983), Float16(0.698))":76},"86":{"(Float16(0.501), Float16(0.701))":100},"91":{"(Float16(0.05127), Float16(0.2512))":35,"(Float16(0.501), Float16(0.701))":65},"62":{"(Float16(0.498), Float16(0.698))":100},"58":{"(Float16(0.501), Float16(0.701))":71,"(Float16(0.0511), Float16(0.251))":29},"52":{"(Float16(0.5005), Float16(0.7007))":100},"12":{"(Float16(0.501), Float16(0.701))":100},"28":{"(Float16(0.501), Float16(0.701))":68,"(Float16(0.05115), Float16(0.2512))":32},"75":{"(Float16(0.498), Float16(0.698))":100},"23":{"(Float16(0.4978), Float16(0.6978))":100},"92":{"(Float16(0.501), Float16(0.701))":47,"(Float16(0.05054), Float16(0.2505))":53},"41":{"(Float16(0.4976), Float16(0.6978))":100},"43":{"(Float16(0.501), Float16(0.701))":63,"(Float16(0.05096), Float16(0.251))":37},"11":{"(Float16(0.501), Float16(0.701))":58,"(Float16(0.05106), Float16(0.251))":42},"36":{"(Float16(0.498), Float16(0.698))":64,"(Float16(0.9478), Float16(1.147))":36},"68":{"(Float16(0.498), Float16(0.698))":100},"69":{"(Float16(0.501), Float16(0.701))":100},"98":{"(Float16(0.4976), Float16(0.6978))":100},"82":{"(Float16(0.948), Float16(1.148))":24,"(Float16(0.498), Float16(0.698))":76},"85":{"(Float16(0.501), Float16(0.701))":100},"39":{"(Float16(0.501), Float16(0.701))":100},"84":{"(Float16(0.498), Float16(0.698))":60,"(Float16(0.949), Float16(1.149))":40},"77":{"(Float16(0.501), Float16(0.701))":100},"7":{"(Float16(0.498), Float16(0.698))":64,"(Float16(0.9478), Float16(1.147))":36},"25":{"(Float16(0.498), Float16(0.698))":100},"95":{"(Float16(0.501), Float16(0.701))":100},"71":{"(Float16(0.501), Float16(0.701))":100},"66":{"(Float16(0.498), Float16(0.698))":100},"76":{"(Float16(0.501), Float16(0.701))":100},"34":{"(Float16(0.498), Float16(0.698))":100},"50":{"(Float16(0.501), Float16(0.701))":64,"(Float16(0.0511), Float16(0.251))":36},"59":{"(Float16(0.498), Float16(0.698))":100},"93":{"(Float16(0.498), Float16(0.698))":100},"2":{"(Float16(0.498), Float16(0.698))":100},"10":{"(Float16(0.501), Float16(0.701))":100},"18":{"(Float16(0.498), Float16(0.698))":100},"26":{"(Float16(0.4978), Float16(0.6978))":100},"27":{"(Float16(0.501), Float16(0.701))":100},"42":{"(Float16(0.948), Float16(1.148))":34,"(Float16(0.4983), Float16(0.698))":66},"87":{"(Float16(0.05035), Float16(0.2502))":41,"(Float16(0.948), Float16(1.148))":59},"100":{"(Float16(0.501), Float16(0.701))":61,"(Float16(0.05093), Float16(0.251))":39},"79":{"(Float16(0.501), Float16(0.701))":100},"16":{"(Float16(0.498), Float16(0.698))":100},"20":{"(Float16(0.498), Float16(0.698))":100},"81":{"(Float16(0.948), Float16(1.148))":63,"(Float16(0.05005), Float16(0.25))":37},"19":{"(Float16(0.4978), Float16(0.6978))":100},"49":{"(Float16(0.501), Float16(0.701))":100},"44":{"(Float16(0.501), Float16(0.701))":100},"9":{"(Float16(0.501), Float16(0.701))":100},"31":{"(Float16(0.501), Float16(0.701))":100},"74":{"(Float16(0.4976), Float16(0.6978))":100},"61":{"(Float16(0.501), Float16(0.701))":56,"(Float16(0.0511), Float16(0.251))":44},"29":{"(Float16(0.501), Float16(0.701))":100},"94":{"(Float16(0.501), Float16(0.701))":100},"46":{"(Float16(0.501), Float16(0.701))":100},"57":{"(Float16(0.498), Float16(0.698))":100},"70":{"(Float16(0.948), Float16(1.148))":64,"(Float16(0.05045), Float16(0.2505))":36},"21":{"(Float16(0.501), Float16(0.701))":100},"38":{"(Float16(0.501), Float16(0.701))":100},"88":{"(Float16(0.501), Float16(0.701))":70,"(Float16(0.05072), Float16(0.2507))":30},"78":{"(Float16(0.498), Float16(0.698))":100},"72":{"(Float16(0.501), Float16(0.701))":100},"24":{"(Float16(0.498), Float16(0.698))":100},"8":{"(Float16(0.498), Float16(0.698))":100},"17":{"(Float16(0.498), Float16(0.698))":100},"37":{"(Float16(0.948), Float16(1.148))":18,"(Float16(0.4983), Float16(0.698))":82},"1":{"(Float16(0.501), Float16(0.701))":100},"53":{"(Float16(0.501), Float16(0.701))":100},"22":{"(Float16(0.498), Float16(0.698))":100},"47":{"(Float16(0.498), Float16(0.698))":100},"83":{"(Float16(0.4976), Float16(0.6978))":100},"99":{"(Float16(0.498), Float16(0.698))":100},"89":{"(Float16(0.501), Float16(0.701))":100},"14":{"(Float16(0.498), Float16(0.698))":100},"3":{"(Float16(0.501), Float16(0.701))":100},"80":{"(Float16(0.501), Float16(0.701))":100},"96":{"(Float16(0.501), Float16(0.701))":100},"51":{"(Float16(0.498), Float16(0.698))":100},"33":{"(Float16(0.4995), Float16(0.6997))":100},"40":{"(Float16(0.501), Float16(0.701))":72,"(Float16(0.05106), Float16(0.251))":28},"48":{"(Float16(0.498), Float16(0.698))":100},"15":{"(Float16(0.501), Float16(0.701))":75,"(Float16(0.05054), Float16(0.2505))":25},"65":{"(Float16(0.501), Float16(0.701))":100},"97":{"(Float16(0.501), Float16(0.701))":100}}