{"5":{"(Float16(0.05005), 0.060048828125)":27,"(Float16(0.948), 0.9582421875)":73},"56":{"(Float16(0.949), 0.95921875)":61,"(Float16(0.05005), 0.060048828125)":39},"35":{"(Float16(0.05005), 0.060048828125)":36,"(Float16(0.9473), 0.957265625)":64},"55":{"(Float16(0.0501), 0.06010986328125)":43,"(Float16(0.949), 0.95921875)":57},"60":{"(Float16(0.9487), 0.95873046875)":51,"(Float16(0.05005), 0.060048828125)":49},"30":{"(Float16(0.05026), 0.060262451171875)":60,"(Float16(0.949), 0.95921875)":40},"32":{"(Float16(0.9487), 0.95873046875)":73,"(Float16(0.05002), 0.060018310546875)":27},"6":{"(Float16(0.05002), 0.060018310546875)":37,"(Float16(0.948), 0.9582421875)":63},"67":{"(Float16(0.949), 0.95921875)":47,"(Float16(0.05005), 0.060048828125)":53},"45":{"(Float16(0.9487), 0.95873046875)":53,"(Float16(0.05023), 0.06023193359375)":47},"73":{"(Float16(0.05002), 0.060018310546875)":41,"(Float16(0.949), 0.95921875)":59},"64":{"(Float16(0.05002), 0.060018310546875)":52,"(Float16(0.948), 0.9582421875)":48},"90":{"(Float16(0.949), 0.95921875)":62,"(Float16(0.05005), 0.060048828125)":38},"4":{"(Float16(0.0501), 0.06010986328125)":35,"(Float16(0.948), 0.9582421875)":65},"13":{"(Float16(0.9487), 0.95873046875)":44,"(Float16(0.05002), 0.060018310546875)":56},"54":{"(Float16(0.05002), 0.060018310546875)":28,"(Float16(0.9478), 0.95775390625)":72},"63":{"(Float16(0.05005), 0.060048828125)":47,"(Float16(0.948), 0.9582421875)":53},"86":{"(Float16(0.9487), 0.95873046875)":43,"(Float16(0.0501), 0.06010986328125)":57},"91":{"(Float16(0.9487), 0.95873046875)":65,"(Float16(0.05014), 0.060140380859375)":35},"62":{"(Float16(0.05002), 0.060018310546875)":43,"(Float16(0.949), 0.95921875)":57},"58":{"(Float16(0.05002), 0.060018310546875)":49,"(Float16(0.948), 0.9582421875)":51},"52":{"(Float16(0.0502), 0.060201416015625)":61,"(Float16(0.948), 0.9582421875)":39},"12":{"(Float16(0.949), 0.95921875)":41,"(Float16(0.05005), 0.060048828125)":59},"28":{"(Float16(0.9487), 0.95873046875)":48,"(Float16(0.0501), 0.06010986328125)":52},"75":{"(Float16(0.0502), 0.060201416015625)":63,"(Float16(0.949), 0.95921875)":37},"23":{"(Float16(0.9487), 0.95873046875)":61,"(Float16(0.05005), 0.060048828125)":39},"92":{"(Float16(0.05005), 0.060048828125)":40,"(Float16(0.948), 0.9582421875)":60},"41":{"(Float16(0.0501), 0.06010986328125)":64,"(Float16(0.948), 0.9582421875)":36},"43":{"(Float16(0.949), 0.95921875)":45,"(Float16(0.05005), 0.060048828125)":55},"11":{"(Float16(0.05008), 0.060079345703125)":57,"(Float16(0.949), 0.95921875)":43},"36":{"(Float16(0.949), 0.95921875)":48,"(Float16(0.05005), 0.060048828125)":52},"68":{"(Float16(0.05002), 0.060018310546875)":32,"(Float16(0.948), 0.9582421875)":68},"69":{"(Float16(0.949), 0.95921875)":38,"(Float16(0.05005), 0.060048828125)":62},"98":{"(Float16(0.9487), 0.95873046875)":30,"(Float16(0.0501), 0.06010986328125)":70},"82":{"(Float16(0.9487), 0.95873046875)":72,"(Float16(0.0501), 0.06010986328125)":28},"85":{"(Float16(0.0501), 0.06010986328125)":53,"(Float16(0.949), 0.95921875)":47},"39":{"(Float16(0.949), 0.95921875)":57,"(Float16(0.05005), 0.060048828125)":43},"84":{"(Float16(0.949), 0.95921875)":62,"(Float16(0.05005), 0.060048828125)":38},"77":{"(Float16(0.05032), 0.060323486328125)":46,"(Float16(0.9478), 0.95775390625)":54},"7":{"(Float16(0.9487), 0.95873046875)":38,"(Float16(0.0501), 0.06010986328125)":62},"25":{"(Float16(0.9487), 0.95873046875)":65,"(Float16(0.05008), 0.060079345703125)":35},"95":{"(Float16(0.949), 0.95921875)":59,"(Float16(0.05005), 0.060048828125)":41},"71":{"(Float16(0.05002), 0.060018310546875)":59,"(Float16(0.949), 0.95921875)":41},"66":{"(Float16(0.9487), 0.95873046875)":59,"(Float16(0.05005), 0.060048828125)":41},"76":{"(Float16(0.05002), 0.060018310546875)":44,"(Float16(0.948), 0.9582421875)":56},"34":{"(Float16(0.05005), 0.060048828125)":35,"(Float16(0.9478), 0.95775390625)":65},"50":{"(Float16(0.9487), 0.95873046875)":64,"(Float16(0.05002), 0.060018310546875)":36},"59":{"(Float16(0.05008), 0.060079345703125)":39,"(Float16(0.948), 0.9582421875)":61},"93":{"(Float16(0.949), 0.95921875)":63,"(Float16(0.05005), 0.060048828125)":37},"2":{"(Float16(0.9487), 0.95873046875)":57,"(Float16(0.05005), 0.060048828125)":43},"10":{"(Float16(0.05026), 0.060262451171875)":53,"(Float16(0.948), 0.9582421875)":47},"18":{"(Float16(0.949), 0.95921875)":68,"(Float16(0.05005), 0.060048828125)":32},"26":{"(Float16(0.949), 0.95921875)":44,"(Float16(0.05), 0.05998779296875)":56},"27":{"(Float16(0.05005), 0.060048828125)":43,"(Float16(0.948), 0.9582421875)":57},"42":{"(Float16(0.949), 0.95921875)":46,"(Float16(0.05), 0.05998779296875)":54},"87":{"(Float16(0.949), 0.95921875)":50,"(Float16(0.05), 0.05998779296875)":50},"100":{"(Float16(0.05002), 0.060018310546875)":73,"(Float16(0.949), 0.95921875)":27},"79":{"(Float16(0.949), 0.95921875)":27,"(Float16(0.05023), 0.06023193359375)":73},"16":{"(Float16(0.05005), 0.060048828125)":22,"(Float16(0.948), 0.9582421875)":78},"20":{"(Float16(0.05008), 0.060079345703125)":63,"(Float16(0.949), 0.95921875)":37},"81":{"(Float16(0.05008), 0.060079345703125)":45,"(Float16(0.949), 0.95921875)":55},"19":{"(Float16(0.05032), 0.060323486328125)":60,"(Float16(0.949), 0.95921875)":40},"49":{"(Float16(0.05002), 0.060018310546875)":31,"(Float16(0.948), 0.9582421875)":69},"44":{"(Float16(0.05008), 0.060079345703125)":28,"(Float16(0.949), 0.95921875)":72},"9":{"(Float16(0.0503), 0.06029296875)":70,"(Float16(0.948), 0.9582421875)":30},"31":{"(Float16(0.9497), 0.95970703125)":36,"(Float16(0.0502), 0.060201416015625)":64},"74":{"(Float16(0.05008), 0.060079345703125)":54,"(Float16(0.948), 0.9582421875)":46},"61":{"(Float16(0.05002), 0.060018310546875)":35,"(Float16(0.949), 0.95921875)":65},"29":{"(Float16(0.05008), 0.060079345703125)":41,"(Float16(0.948), 0.9582421875)":59},"94":{"(Float16(0.05008), 0.060079345703125)":34,"(Float16(0.949), 0.95921875)":66},"46":{"(Float16(0.05002), 0.060018310546875)":73,"(Float16(0.949), 0.95921875)":27},"57":{"(Float16(0.949), 0.95921875)":64,"(Float16(0.05005), 0.060048828125)":36},"70":{"(Float16(0.05008), 0.060079345703125)":68,"(Float16(0.949), 0.95921875)":32},"21":{"(Float16(0.05002), 0.060018310546875)":37,"(Float16(0.949), 0.95921875)":63},"38":{"(Float16(0.948), 0.9582421875)":44,"(Float16(0.05023), 0.06023193359375)":56},"88":{"(Float16(0.05008), 0.060079345703125)":78,"(Float16(0.949), 0.95921875)":22},"78":{"(Float16(0.05002), 0.060018310546875)":33,"(Float16(0.948), 0.9582421875)":67},"72":{"(Float16(0.949), 0.95921875)":37,"(Float16(0.05005), 0.060048828125)":63},"24":{"(Float16(0.05008), 0.060079345703125)":52,"(Float16(0.948), 0.9582421875)":48},"8":{"(Float16(0.05005), 0.060048828125)":37,"(Float16(0.948), 0.9582421875)":63},"17":{"(Float16(0.05005), 0.060048828125)":35,"(Float16(0.948), 0.9582421875)":65},"37":{"(Float16(0.9487), 0.95873046875)":47,"(Float16(0.05005), 0.060048828125)":53},"1":{"(Float16(0.949), 0.95921875)":67,"(Float16(0.05), 0.05998779296875)":33},"53":{"(Float16(0.0501), 0.06010986328125)":36,"(Float16(0.949), 0.95921875)":64},"22":{"(Float16(0.949), 0.95921875)":57,"(Float16(0.05005), 0.060048828125)":43},"47":{"(Float16(0.05002), 0.060018310546875)":43,"(Float16(0.949), 0.95921875)":57},"83":{"(Float16(0.05005), 0.060048828125)":40,"(Float16(0.948), 0.9582421875)":60},"99":{"(Float16(0.05008), 0.060079345703125)":49,"(Float16(0.949), 0.95921875)":51},"89":{"(Float16(0.05017), 0.0601708984375)":62,"(Float16(0.948), 0.9582421875)":38},"14":{"(Float16(0.9487), 0.95873046875)":55,"(Float16(0.05002), 0.060018310546875)":45},"3":{"(Float16(0.05002), 0.060018310546875)":35,"(Float16(0.949), 0.95921875)":65},"80":{"(Float16(0.05008), 0.060079345703125)":61,"(Float16(0.949), 0.95921875)":39},"96":{"(Float16(0.05005), 0.060048828125)":31,"(Float16(0.948), 0.9582421875)":69},"51":{"(Float16(0.05002), 0.060018310546875)":43,"(Float16(0.949), 0.95921875)":57},"33":{"(Float16(0.05017), 0.0601708984375)":57,"(Float16(0.948), 0.9582421875)":43},