{"1": [0.501, 0.5005, 0.501, 0.501, 0.0501, 0.501, 0.5005, 0.501, 0.5005, 0.501, 0.5005, 0.501, 0.05023, 0.5005, 0.501, 0.95, 0.5005, 0.05017, 0.5005, 0.5005, 0.5005, 0.501, 0.501, 0.501, 0.501, 0.5005, 0.5005, 0.5005, 0.501, 0.5005, 0.501, 0.501, 0.5005, 0.05066, 0.05066, 0.501, 0.501, 0.501, 0.501, 0.5005, 0.501, 0.501, 0.501, 0.501, 0.0501, 0.501, 0.501, 0.501, 0.501, 0.501, 0.5005, 0.501, 0.5005, 0.501, 0.501, 0.5005, 0.501, 0.0505, 0.5005, 0.0501, 0.05017, 0.5005, 0.501, 0.5005, 0.5005, 0.5005, 0.501, 0.5005, 0.5005, 0.5005, 0.0505, 0.5005, 0.501, 0.5005, 0.05023, 0.501, 0.501, 0.501, 0.5005, 0.501, 0.501, 0.5005, 0.95, 0.05005, 0.5015, 0.5005, 0.5005, 0.5005, 0.5005, 0.501, 0.501, 0.501, 0.501, 0.501, 0.501, 0.5005, 0.5005, 0.501, 0.501, 0.501], "2": [0.499, 0.95, 0.499, 0.95, 0.4988, 0.4985, 0.4985, 0.95, 0.4988, 0.4985, 0.4985, 0.95, 0.95, 0.4985, 0.499, 0.499, 0.4988, 0.4995, 0.499, 0.4988, 0.499, 0.4995, 0.4988, 0.499, 0.4993, 0.499, 0.4985, 0.95, 0.95, 0.499, 0.4995, 0.4993, 0.4993, 0.4995, 0.4988, 0.4988, 0.499, 0.4995, 0.4988, 0.499, 0.9497, 0.4993, 0.4995, 0.95, 0.95, 0.4995, 0.4995, 0.4995, 0.4995, 0.4995, 0.95, 0.499, 0.4988, 0.95, 0.4985, 0.4988, 0.499, 0.499, 0.95, 0.95, 0.95, 0.4995, 0.4995, 0.4995, 0.499, 0.95, 0.4995, 0.499, 0.4988, 0.4985, 0.4995, 0.499, 0.4993, 0.499, 0.4988, 0.4995, 0.4993, 0.4995, 0.95, 0.4995, 0.4988, 0.4985, 0.4985, 0.95, 0.4993, 0.4993, 0.95, 0.4988, 0.4995, 0.4995, 0.4995, 0.4995, 0.4998, 0.4995, 0.95, 0.4995, 0.4998, 0.95, 0.4993, 0.499], "3": [0.502, 0.501, 0.5005, 0.501, 0.502, 0.502, 0.501, 0.05005, 0.502, 0.501, 0.5005, 0.5005, 0.5005, 0.502, 0.502, 0.502, 0.501, 0.502, 0.502, 0.501, 0.05005, 0.5015, 0.5015, 0.502, 0.501, 0.502, 0.502, 0.05, 0.0501, 0.501, 0.502, 0.501, 0.501, 0.5005, 0.5005, 0.5005, 0.05002, 0.5015, 0.501, 0.05002, 0.501, 0.0501, 0.5015, 0.05023, 0.5015, 0.5005, 0.501, 0.501, 0.501, 0.501, 0.501, 0.501, 0.501, 0.501, 0.5015, 0.5005, 0.501, 0.05, 0.501, 0.501, 0.501, 0.501, 0.501, 0.501, 0.501, 0.501, 0.501, 0.5005, 0.501, 0.501, 0.501, 0.501, 0.5015, 0.05002, 0.501, 0.5005, 0.05002, 0.502, 0.501, 0.501, 0.0501, 0.5015, 0.501, 0.5005, 0.05002, 0.501, 0.501, 0.5005, 0.5015, 0.501, 0.502, 0.0501, 0.501, 0.501, 0.502, 0.05023, 0.05005, 0.0501, 0.502, 0.502], "4": [0.4985, 0.4988, 0.499, 0.499, 0.4988, 0.4985, 0.4988, 0.4995, 0.4995, 0.499, 0.4995, 0.95, 0.4985, 0.4988, 0.4993, 0.95, 0.95, 0.95, 0.498, 0.4988, 0.95, 0.95, 0.95, 0.4985, 0.499, 0.499, 0.4985, 0.95, 0.4985, 0.499, 0.4985, 0.4988, 0.499, 0.95, 0.95, 0.95, 0.4988, 0.4988, 0.4988, 0.95, 0.948, 0.4995, 0.4993, 0.95, 0.95, 0.4995, 0.4998, 0.4995, 0.95, 0.4995, 0.4985, 0.4983, 0.95, 0.4988, 0.95, 0.4993, 0.4985, 0.499, 0.499, 0.4983, 0.95, 0.4988, 0.95, 0.499, 0.499, 0.95, 0.4995, 0.95, 0.4993, 0.4993, 0.95, 0.949, 0.4985, 0.499, 0.95, 0.4985, 0.4995, 0.95, 0.4985, 0.95, 0.95, 0.499, 0.4985, 0.95, 0.4993, 0.4985, 0.4985, 0.499, 0.4983, 0.4993, 0.499, 0.4993, 0.4985, 0.95, 0.95, 0.4988, 0.4985, 0.4993, 0.4988, 0.4993], "5": [0.4985, 0.498, 0.95, 0.4993, 0.498, 0.95, 0.4985, 0.4976, 0.95, 0.4985, 0.95, 0.95, 0.4985, 0.95, 0.4983, 0.95, 0.498, 0.4985, 0.4985, 0.499, 0.4993, 0.4988, 0.95, 0.95, 0.4985, 0.4988, 0.4983, 0.95, 0.4985, 0.4988, 0.4993, 0.4988, 0.499, 0.4985, 0.4988, 0.95, 0.4985, 0.4988, 0.4993, 0.4983, 0.95, 0.4995, 0.95, 0.4988, 0.4985, 0.4988, 0.95, 0.4985, 0.4988, 0.499, 0.4985, 0.95, 0.499, 0.95, 0.4995, 0.4998, 0.4993, 0.4995, 0.4993, 0.4995, 0.95, 0.4995, 0.4988, 0.4995, 0.499, 0.95, 0.4988, 0.499, 0.4995, 0.499, 0.95, 0.95, 0.95, 0.499, 0.4995, 0.499, 0.4995, 0.4995, 0.499, 0.95, 0.499, 0.499, 0.4995, 0.499, 0.499, 0.4993, 0.95, 0.499, 0.4993, 0.4995, 0.4985, 0.95, 0.4995, 0.4985, 0.4983, 0.4993, 0.95, 0.95, 0.4988, 0.4993], "6": [0.499, 0.499, 0.949, 0.4988, 0.499, 0.4985, 0.499, 0.499, 0.4995, 0.4985, 0.4995, 0.499, 0.4985, 0.95, 0.498, 0.498, 0.4983, 0.4988, 0.499, 0.4995, 0.4995, 0.4993, 0.4983, 0.4988, 0.949, 0.949, 0.4995, 0.499, 0.499, 0.4995, 0.4985, 0.4983, 0.05002, 0.4985, 0.95, 0.499, 0.4995, 0.499, 0.4988, 0.95, 0.4985, 0.4988, 0.4985, 0.499, 0.499, 0.4995, 0.4995, 0.4993, 0.499, 0.4988, 0.4993, 0.949, 0.4988, 0.4985, 0.4985, 0.499, 0.95, 0.4993, 0.4983, 0.499, 0.4985, 0.4985, 0.95, 0.4985, 0.4993, 0.4995, 0.499, 0.4995, 0.95, 0.4995, 0.95, 0.4985, 0.4985, 0.4993, 0.4983, 0.499, 0.499, 0.9497, 0.499, 0.4988, 0.4985, 0.4985, 0.4985, 0.499, 0.499, 0.499, 0.499, 0.499, 0.949, 0.4985, 0.4985, 0.499, 0.4993, 0.9497, 0.4985, 0.499, 0.949, 0.4995, 0.4995, 0.499], "7": [0.4995, 0.4995, 0.4995, 0.4995, 0.4998, 0.9497, 0.05002, 0.05005, 0.95, 0.4998, 0.95, 0.949, 0.4995, 0.9497, 0.4995, 0.4995, 0.4995, 0.05002, 0.95, 0.4998, 0.4995, 0.4998, 0.4995, 0.4998, 0.4995, 0.4995, 0.4998, 0.05, 0.4995, 0.95, 0.9497, 0.4995, 0.4998, 0.95, 0.4995, 0.4995, 0.4995, 0.05002, 0.4998, 0.4995, 0.4998, 0.4998, 0.4995, 0.05, 0.95, 0.4995, 0.05, 0.4998, 0.4995, 0.4995, 0.95, 0.4998, 0.4998, 0.9497, 0.4998, 0.95, 0.4995, 0.4995, 0.95, 0.4995, 0.95, 0.4995, 0.4995, 0.95, 0.4995, 0.9497, 0.4995, 0.4998, 0.4995, 0.4995, 0.4998, 0.4995, 0.05, 0.4998, 0.4998, 0.4995, 0.4995, 0.4995, 0.4995, 0.4998, 0.4995, 0.4995, 0.95, 0.4995, 0.4998, 0.95, 0.4995, 0.4995, 0.95, 0.95, 0.95, 0.4995, 0.4998, 0.4998, 0.05005, 0.4998, 0.4995, 0.4998, 0.95, 0.4995], "8": [0.501, 0.501, 0.05112, 0.5005, 0.5005, 0.501, 0.5005, 0.501, 0.501, 0.05157, 0.501, 0.95, 0.5005, 0.949, 0.05127, 0.5005, 0.5005, 0.501, 0.5005, 0.5005, 0.501, 0.949, 0.5005, 0.5005, 0.501, 0.501, 0.501, 0.5005, 0.501, 0.5005, 0.5005, 0.501, 0.501, 0.05035, 0.501, 0.501, 0.501, 0.95, 0.5005, 0.501, 0.5005, 0.501, 0.5005, 0.501, 0.501, 0.501, 0.05133, 0.05066, 0.501, 0.501, 0.5005, 0.501, 0.9487, 0.0511, 0.501, 0.501, 0.5005, 0.5005, 0.5005, 0.501, 0.501, 0.501, 0.95, 0.501, 0.5005, 0.5005, 0.9497, 0.5005, 0.5005, 0.501, 0.5005, 0.501, 0.5005, 0.05157, 0.501, 0.501, 0.501, 0.0511, 0.501, 0.05063, 0.501, 0.501, 0.949, 0.9497, 0.5005, 0.501, 0.501, 0.501, 0.501, 0.501, 0.501, 0.95, 0.501, 0.501, 0.501, 0.5005, 0.501, 0.501, 0.05066, 0.501], "9": [0.501, 0.5005, 0.05, 0.05, 0.05, 0.501, 0.501, 0.05, 0.5005, 0.5005, 0.5005, 0.05, 0.05, 0.5005, 0.05, 0.5015, 0.501, 0.05, 0.501, 0.501, 0.502, 0.501, 0.501, 0.5005, 0.5005, 0.501, 0.502, 0.501, 0.5015, 0.501, 0.5005, 0.05, 0.05, 0.5005, 0.501, 0.501, 0.501, 0.501, 0.05, 0.05, 0.05, 0.5005, 0.05, 0.501, 0.501, 0.501, 0.5005, 0.05, 0.05, 0.501, 0.501, 0.05, 0.5015, 0.502, 0.05, 0.5005, 0.501, 0.5005, 0.05, 0.501, 0.501, 0.05, 0.5005, 0.501, 0.05, 0.5005, 0.5005, 0.05, 0.501, 0.501, 0.05, 0.501, 0.501, 0.5005, 0.05, 0.501, 0.501, 0.501, 0.501, 0.501, 0.501, 0.5015, 0.05, 0.502, 0.501, 0.05, 0.501, 0.5015, 0.501, 0.501, 0.5015, 0.501, 0.501, 0.501, 0.5005, 0.501, 0.501, 0.501, 0.05, 0.5005], "10": [0.5015, 0.501, 0.501, 0.5005, 0.5005, 0.5005, 0.05005, 0.0501, 0.501, 0.05023, 0.501, 0.502, 0.05017, 0.5005, 0.501, 0.501, 0.502, 0.502, 0.501, 0.5015, 0.5005, 0.501, 0.05035, 0.501, 0.501, 0.501, 0.0503, 0.501, 0.501, 0.502, 0.5005, 0.0503, 0.5015, 0.501, 0.5015, 0.501, 0.5005, 0.5005, 0.05017, 0.05017, 0.501, 0.05023, 0.05005, 0.501, 0.501, 0.5015, 0.501, 0.502, 0.502, 0.5015, 0.502, 0.501, 0.501, 0.5005, 0.0503, 0.501, 0.501, 0.5005, 0.501, 0.5005, 0.501, 0.501, 0.501, 0.5005, 0.5015, 0.501, 0.502, 0.5015, 0.5005, 0.0501, 0.05017, 0.501, 0.501, 0.501, 0.501, 0.5015, 0.5005, 0.501, 0.05005, 0.501, 0.501, 0.5005, 0.05002, 0.501, 0.501, 0.501, 0.501, 0.501, 0.05035, 0.501, 0.501, 0.501, 0.501, 0.501, 0.5015, 0.502, 0.05005, 0.501, 0.5015, 0.05005]}