{"5":{"(Float16(0.5005), Float16(0.7007))":31,"(Float16(0.949), Float16(1.149))":30,"(Float16(0.05), Float16(0.25))":39},"56":{"(Float16(0.7295), Float16(0.9297))":3,"(Float16(0.4995), Float16(0.6997))":57,"(Float16(0.9487), Float16(1.148))":26,"(Float16(0.05005), Float16(0.25))":14},"55":{"(Float16(0.948), Float16(1.148))":15,"(Float16(0.5005), Float16(0.7007))":61,"(Float16(0.05005), Float16(0.25))":24},"35":{"(Float16(0.0502), Float16(0.2502))":44,"(Float16(0.948), Float16(1.148))":29,"(Float16(0.4995), Float16(0.6997))":27},"60":{"(Float16(0.948), Float16(1.148))":43,"(Float16(0.2632), Float16(0.4631))":2,"(Float16(0.0501), Float16(0.25))":32,"(Float16(0.5), Float16(0.7))":23},"30":{"(Float16(0.05066), Float16(0.2507))":53,"(Float16(0.949), Float16(1.149))":24,"(Float16(0.5), Float16(0.7))":23},"32":{"(Float16(0.948), Float16(1.148))":38,"(Float16(0.498), Float16(0.698))":39,"(Float16(0.2686), Float16(0.4685))":3,"(Float16(0.0501), Float16(0.25))":20},"6":{"(Float16(0.05005), Float16(0.25))":28,"(Float16(0.949), Float16(1.149))":27,"(Float16(0.5), Float16(0.7))":45},"67":{"(Float16(0.05032), Float16(0.2502))":22,"(Float16(0.9487), Float16(1.148))":22,"(Float16(0.742), Float16(0.9424))":2,"(Float16(0.499), Float16(0.699))":54},"45":{"(Float16(0.0502), Float16(0.2502))":31,"(Float16(0.948), Float16(1.148))":31,"(Float16(0.498), Float16(0.698))":38},"73":{"(Float16(0.948), Float16(1.148))":17,"(Float16(0.05008), Float16(0.25))":32,"(Float16(0.5005), Float16(0.7007))":51},"64":{"(Float16(0.498), Float16(0.698))":36,"(Float16(0.949), Float16(1.149))":35,"(Float16(0.05), Float16(0.25))":29},"90":{"(Float16(0.95), Float16(1.15))":7,"(Float16(0.5005), Float16(0.7007))":54,"(Float16(0.05023), Float16(0.2502))":39},"4":{"(Float16(0.0502), Float16(0.2502))":23,"(Float16(0.948), Float16(1.148))":40,"(Float16(0.4995), Float16(0.6997))":34,"(Float16(0.2607), Float16(0.4607))":3},"13":{"(Float16(0.948), Float16(1.148))":42,"(Float16(0.05008), Float16(0.25))":11,"(Float16(0.4985), Float16(0.6987))":47},"54":{"(Float16(0.4995), Float16(0.6997))":49,"(Float16(0.2524), Float16(0.4524))":4,"(Float16(0.9473), Float16(1.147))":31,"(Float16(0.05017), Float16(0.2502))":16},"63":{"(Float16(0.05066), Float16(0.2507))":43,"(Float16(0.9487), Float16(1.148))":27,"(Float16(0.5), Float16(0.7))":30},"86":{"(Float16(0.4995), Float16(0.6997))":66,"(Float16(0.05), Float16(0.25))":10,"(Float16(0.9478), Float16(1.147))":24},"91":{"(Float16(0.4985), Float16(0.6987))":80,"(Float16(0.9473), Float16(1.147))":18,"(Float16(0.05005), Float16(0.25))":1,"(Float16(0.7227), Float16(0.923))":1},"62":{"(Float16(0.05002), Float16(0.25))":25,"(Float16(0.4985), Float16(0.6987))":53,"(Float16(0.949), Float16(1.149))":22},"58":{"(Float16(0.05002), Float16(0.25))":25,"(Float16(0.949), Float16(1.149))":11,"(Float16(0.5), Float16(0.7))":64},"52":{"(Float16(0.498), Float16(0.698))":43,"(Float16(0.949), Float16(1.149))":34,"(Float16(0.0501), Float16(0.25))":23},"12":{"(Float16(0.9497), Float16(1.149))":10,"(Float16(0.05026), Float16(0.2502))":35,"(Float16(0.4995), Float16(0.6997))":55},"28":{"(Float16(0.05002), Float16(0.25))":19,"(Float16(0.4995), Float16(0.6997))":47,"(Float16(0.949), Float16(1.149))":34},"75":{"(Float16(0.4995), Float16(0.6997))":51,"(Float16(0.949), Float16(1.149))":16,"(Float16(0.0501), Float16(0.25))":33},"23":{"(Float16(0.948), Float16(1.148))":24,"(Float16(0.05057), Float16(0.2505))":38,"(Float16(0.5), Float16(0.7))":38},"92":{"(Float16(0.2874), Float16(0.4873))":2,"(Float16(0.5005), Float16(0.7007))":70,"(Float16(0.0505), Float16(0.2505))":28},"41":{"(Float16(0.4995), Float16(0.6997))":37,"(Float16(0.2598), Float16(0.4597))":4,"(Float16(0.05005), Float16(0.25))":29,"(Float16(0.949), Float16(1.149))":30},"43":{"(Float16(0.712), Float16(0.912))":4,"(Float16(0.9497), Float16(1.149))":22,"(Float16(0.0505), Float16(0.2505))":56,"(Float16(0.5), Float16(0.7))":18},"69":{"(Float16(0.2832), Float16(0.4832))":3,"(Float16(0.501), Float16(0.701))":69,"(Float16(0.05), Float16(0.25))":28},"11":{"(Float16(0.05066), Float16(0.2507))":32,"(Float16(0.7314), Float16(0.9316))":4,"(Float16(0.9473), Float16(1.147))":24,"(Float16(0.5), Float16(0.7))":40},"68":{"(Float16(0.948), Float16(1.148))":41,"(Float16(0.4985), Float16(0.6987))":28,"(Float16(0.254), Float16(0.4539))":5,"(Float16(0.05005), Float16(0.25))":26},"98":{"(Float16(0.501), Float16(0.701))":63,"(Float16(0.9497), Float16(1.149))":4,"(Float16(0.05008), Float16(0.25))":29,"(Float16(0.2927), Float16(0.4927))":4},"36":{"(Float16(0.948), Float16(1.148))":27,"(Float16(0.498), Float16(0.698))":48,"(Float16(0.05017), Float16(0.2502))":25},"82":{"(Float16(0.949), Float16(1.149))":30,"(Float16(0.0501), Float16(0.25))":33,"(Float16(0.5), Float16(0.7))":37},"85":{"(Float16(0.948), Float16(1.148))":30,"(Float16(0.0501), Float16(0.25))":37,"(Float16(0.5), Float16(0.7))":33},"39":{"(Float16(0.724), Float16(0.9243))":2,"(Float16(0.05002), Float16(0.25))":33,"(Float16(0.949), Float16(1.149))":41,"(Float16(0.5), Float16(0.7))":24},"84":{"(Float16(0.501), Float16(0.701))":55,"(Float16(0.2808), Float16(0.4807))":5,"(Float16(0.05005), Float16(0.25))":29,"(Float16(0.95), Float16(1.15))":11},"77":{"(Float16(0.501), Float16(0.701))":44,"(Float16(0.9497), Float16(1.149))":12,"(Float16(0.267), Float16(0.467))":2,"(Float16(0.05005), Float16(0.25))":42},"7":{"(Float16(0.948), Float16(1.148))":35,"(Float16(0.0501), Float16(0.25))":40,"(Float16(0.5), Float16(0.7))":25},"25":{"(Float16(0.948), Float16(1.148))":28,"(Float16(0.05002), Float16(0.25))":31,"(Float16(0.5005), Float16(0.7007))":41},"95":{"(Float16(0.948), Float16(1.148))":27,"(Float16(0.0504), Float16(0.2505))":26,"(Float16(0.707), Float16(0.907))":4,"(Float16(0.499), Float16(0.699))":43},"71":{"(Float16(0.948), Float16(1.148))":30,"(Float16(0.05002), Float16(0.25))":33,"(Float16(0.499), Float16(0.699))":37},"66":{"(Float16(0.948), Float16(1.148))":28,"(Float16(0.4995), Float16(0.6997))":47,"(Float16(0.05005), Float16(0.25))":25},"76":{"(Float16(0.4985), Float16(0.6987))":40,"(Float16(0.9473), Float16(1.147))":35,"(Float16(0.05017), Float16(0.2502))":25},"93":{"(Float16(0.9497), Float16(1.149))":34,"(Float16(0.05008), Float16(0.25))":23,"(Float16(0.4995), Float16(0.6997))":39,"(Float16(0.7305), Float16(0.9307))":4},"50":{"(Float16(0.948), Float16(1.148))":24,"(Float16(0.5005), Float16(0.7007))":50,"(Float16(0.266), Float16(0.466))":3,"(Float16(0.05005), Float16(0.25))":23},"59":{"(Float16(0.948), Float16(1.148))":48,"(Float16(0.05005), Float16(0.25))":26,"(Float16(0.5), Float16(0.7))":26},"34":{"(Float16(0.948), Float16(1.148))":37,"(Float16(0.4995), Float16(0.6997))":29,"(Float16(0.2505), Float16(0.4504))":4,"(Float16(0.0501), Float16(0.25))":30},"2":{"(Float16(0.948), Float16(1.148))":34,"(Float16(0.4978), Float16(0.6978))":35,"(Float16(0.2703), Float16(0.4702))":2,"(Float16(0.05), Float16(0.25))":29},"27":{"(Float16(0.05005), Float16(0.25))":44,"(Float16(0.949), Float16(1.149))":20,"(Float16(0.5), Float16(0.7))":36},"10":{"(Float16(0.9487), Float16(1.148))":20,"(Float16(0.05005), Float16(0.25))":27,"(Float16(0.499), Float16(0.699))":53},"26":{"(Float16(0.5), Float16(0.7))":39,"(Float16(0.732), Float16(0.932))":2,"(Float16(0.9473), Float16(1.147))":30,"(Float16(0.05023), Float16(0.2502))":29},"18":{"(Float16(0.5005), Float16(0.7007))":71,"(Float16(0.05), Float16(0.25))":29},"42":{"(Float16(0.948), Float16(1.148))":31,"(Float16(0.4995), Float16(0.6997))":27,"(Float16(0.05005), Float16(0.25))":42},"87":{"(Float16(0.0504), Float16(0.2505))":32,"(Float16(0.949), Float16(1.149))":11,"(Float16(0.499), Float16(0.699))":57},"100":{"(Float16(0.95), Float16(1.15))":19,"(Float16(0.4976), Float16(0.6978))":81},"79":{"(Float16(0.4995), Float16(0.6997))":2,"(Float16(0.254), Float16(0.4539))":5,"(Float16(0.703), Float16(0.9033))":63,"(Float16(0.0501), Float16(0.25))":30},"16":{"(Float16(0.5005), Float16(0.7007))":43,"(Float16(0.05005), Float16(0.25))":42,"(Float16(0.95), Float16(1.15))":15},