{"5":{"(Float16(0.9473), Float16(1.147))":32,"(Float16(0.05), Float16(0.25))":9,"(Float16(0.499), Float16(0.699))":59},"4":{"(Float16(0.948), Float16(1.148))":29,"(Float16(0.255), Float16(0.4548))":54,"(Float16(0.05), Float16(0.25))":1,"(Float16(0.5), Float16(0.7))":16},"6":{"(Float16(0.948), Float16(1.148))":32,"(Float16(0.4983), Float16(0.698))":62,"(Float16(0.0501), Float16(0.25))":6},"7":{"(Float16(0.948), Float16(1.148))":31,"(Float16(0.0501), Float16(0.25))":5,"(Float16(0.499), Float16(0.699))":64},"2":{"(Float16(0.948), Float16(1.148))":55,"(Float16(0.05002), Float16(0.25))":24,"(Float16(0.499), Float16(0.699))":21},"10":{"(Float16(0.948), Float16(1.148))":41,"(Float16(0.4993), Float16(0.699))":34,"(Float16(0.0503), Float16(0.2502))":25},"9":{"(Float16(0.0502), Float16(0.2502))":30,"(Float16(0.4993), Float16(0.699))":17,"(Float16(0.9473), Float16(1.147))":53},"8":{"(Float16(0.501), Float16(0.701))":57,"(Float16(0.9497), Float16(1.149))":14,"(Float16(0.05023), Float16(0.2502))":29},"3":{"(Float16(0.948), Float16(1.148))":42,"(Float16(0.0504), Float16(0.2505))":39,"(Float16(0.5), Float16(0.7))":19},"1":{"(Float16(0.5), Float16(0.7))":32,"(Float16(0.948), Float16(1.148))":31,"(Float16(0.05023), Float16(0.2502))":37}}