{"5":{"(Float16(0.948), Float16(0.958))":96,"(Float16(0.05127), Float16(0.06128))":4},"56":{"(Float16(0.0502), Float16(0.0602))":100},"35":{"(Float16(0.9497), Float16(0.9595))":4,"(Float16(0.05023), Float16(0.06024))":96},"55":{"(Float16(0.948), Float16(0.958))":99,"(Float16(0.05002), Float16(0.06003))":1},"60":{"(Float16(0.05035), Float16(0.06036))":98,"(Float16(0.949), Float16(0.959))":2},"30":{"(Float16(0.05), Float16(0.06))":1,"(Float16(0.9478), Float16(0.9575))":99},"32":{"(Float16(0.05023), Float16(0.06024))":100},"6":{"(Float16(0.05017), Float16(0.06018))":9,"(Float16(0.948), Float16(0.958))":91},"67":{"(Float16(0.05023), Float16(0.06024))":100},"45":{"(Float16(0.05032), Float16(0.06033))":98,"(Float16(0.949), Float16(0.959))":2},"73":{"(Float16(0.0503), Float16(0.0603))":97,"(Float16(0.949), Float16(0.959))":3},"64":{"(Float16(0.948), Float16(0.958))":98,"(Float16(0.0509), Float16(0.0609))":2},"90":{"(Float16(0.95), Float16(0.96))":1,"(Float16(0.0503), Float16(0.0603))":99},"4":{"(Float16(0.948), Float16(0.958))":99,"(Float16(0.05038), Float16(0.0604))":1},"13":{"(Float16(0.0504), Float16(0.06042))":100},"54":{"(Float16(0.05), Float16(0.06))":1,"(Float16(0.948), Float16(0.958))":99},"63":{"(Float16(0.948), Float16(0.958))":100},"86":{"(Float16(0.0503), Float16(0.0603))":100},"91":{"(Float16(0.9478), Float16(0.9575))":100},"62":{"(Float16(0.05005), Float16(0.06006))":1,"(Float16(0.9478), Float16(0.9575))":99},"58":{"(Float16(0.05035), Float16(0.06036))":100},"52":{"(Float16(0.9497), Float16(0.9595))":6,"(Float16(0.05035), Float16(0.06036))":94},"12":{"(Float16(0.0503), Float16(0.0603))":100},"28":{"(Float16(0.95), Float16(0.96))":1,"(Float16(0.0503), Float16(0.0603))":99},"75":{"(Float16(0.948), Float16(0.958))":100},"23":{"(Float16(0.05032), Float16(0.06033))":100},"92":{"(Float16(0.05035), Float16(0.06036))":98,"(Float16(0.949), Float16(0.959))":2},"41":{"(Float16(0.05017), Float16(0.06018))":99,"(Float16(0.95), Float16(0.96))":1},"43":{"(Float16(0.0502), Float16(0.0602))":5,"(Float16(0.948), Float16(0.958))":95},"11":{"(Float16(0.9478), Float16(0.9575))":100},"36":{"(Float16(0.9478), Float16(0.9575))":100},"68":{"(Float16(0.05017), Float16(0.06018))":5,"(Float16(0.948), Float16(0.958))":95},"69":{"(Float16(0.05038), Float16(0.0604))":99,"(Float16(0.949), Float16(0.959))":1},"98":{"(Float16(0.05014), Float16(0.06015))":12,"(Float16(0.9473), Float16(0.957))":88},"82":{"(Float16(0.05), Float16(0.06))":1,"(Float16(0.948), Float16(0.958))":99},"85":{"(Float16(0.9487), Float16(0.9585))":100},"39":{"(Float16(0.0503), Float16(0.0603))":100},"84":{"(Float16(0.948), Float16(0.958))":99,"(Float16(0.05002), Float16(0.06003))":1},"77":{"(Float16(0.05023), Float16(0.06024))":100},"7":{"(Float16(0.9478), Float16(0.9575))":100},"25":{"(Float16(0.9478), Float16(0.9575))":91,"(Float16(0.0501), Float16(0.06012))":9},"95":{"(Float16(0.05023), Float16(0.06024))":100},"71":{"(Float16(0.9473), Float16(0.957))":81,"(Float16(0.0501), Float16(0.06012))":19},"66":{"(Float16(0.948), Float16(0.958))":100},"76":{"(Float16(0.05002), Float16(0.06003))":1,"(Float16(0.949), Float16(0.959))":99},"34":{"(Float16(0.9487), Float16(0.9585))":100},"50":{"(Float16(0.05005), Float16(0.06006))":9,"(Float16(0.948), Float16(0.958))":91},"59":{"(Float16(0.948), Float16(0.958))":100},"93":{"(Float16(0.9473), Float16(0.957))":100},"2":{"(Float16(0.05), Float16(0.06))":1,"(Float16(0.948), Float16(0.958))":99},"10":{"(Float16(0.05032), Float16(0.06033))":100},"18":{"(Float16(0.05008), Float16(0.0601))":7,"(Float16(0.949), Float16(0.959))":93},"26":{"(Float16(0.05023), Float16(0.06024))":98,"(Float16(0.95), Float16(0.96))":2},"27":{"(Float16(0.05005), Float16(0.06006))":3,"(Float16(0.948), Float16(0.958))":97},"42":{"(Float16(0.05014), Float16(0.06015))":100},"87":{"(Float16(0.05014), Float16(0.06015))":99,"(Float16(0.95), Float16(0.96))":1},"100":{"(Float16(0.9497), Float16(0.9595))":1,"(Float16(0.05026), Float16(0.06027))":99},"79":{"(Float16(0.95), Float16(0.96))":4,"(Float16(0.0503), Float16(0.0603))":96},"16":{"(Float16(0.95), Float16(0.96))":2,"(Float16(0.0503), Float16(0.0603))":98},"20":{"(Float16(0.05017), Float16(0.06018))":93,"(Float16(0.949), Float16(0.959))":7},"81":{"(Float16(0.9497), Float16(0.9595))":1,"(Float16(0.05023), Float16(0.06024))":99},"19":{"(Float16(0.9473), Float16(0.957))":99,"(Float16(0.05005), Float16(0.06006))":1},"49":{"(Float16(0.9478), Float16(0.9575))":100},"44":{"(Float16(0.05017), Float16(0.06018))":4,"(Float16(0.9487), Float16(0.9585))":96},"9":{"(Float16(0.0502), Float16(0.0602))":100},"31":{"(Float16(0.05023), Float16(0.06024))":99,"(Float16(0.9487), Float16(0.9585))":1},"74":{"(Float16(0.948), Float16(0.958))":100},"61":{"(Float16(0.9473), Float16(0.957))":100},"29":{"(Float16(0.05035), Float16(0.06036))":100},"94":{"(Float16(0.9497), Float16(0.9595))":1,"(Float16(0.05023), Float16(0.06024))":99},"46":{"(Float16(0.05017), Float16(0.06018))":100},"57":{"(Float16(0.9473), Float16(0.957))":98,"(Float16(0.05005), Float16(0.06006))":2},"70":{"(Float16(0.9473), Float16(0.957))":93,"(Float16(0.05005), Float16(0.06006))":7},"21":{"(Float16(0.05), Float16(0.06))":1,"(Float16(0.9478), Float16(0.9575))":99},"38":{"(Float16(0.9497), Float16(0.9595))":17,"(Float16(0.05035), Float16(0.06036))":83},"88":{"(Float16(0.0503), Float16(0.0603))":97,"(Float16(0.949), Float16(0.959))":3},"78":{"(Float16(0.95), Float16(0.96))":1,"(Float16(0.0503), Float16(0.0603))":99},"72":{"(Float16(0.95), Float16(0.96))":4,"(Float16(0.0504), Float16(0.06042))":96},"24":{"(Float16(0.0503), Float16(0.0603))":79,"(Float16(0.949), Float16(0.959))":21},"8":{"(Float16(0.9478), Float16(0.9575))":100},"17":{"(Float16(0.948), Float16(0.958))":99,"(Float16(0.05182), Float16(0.06183))":1},"37":{"(Float16(0.0503), Float16(0.0603))":100},"1":{"(Float16(0.95), Float16(0.96))":1,"(Float16(0.0503), Float16(0.0603))":99},"53":{"(Float16(0.05023), Float16(0.06024))":100},"22":{"(Float16(0.95), Float16(0.96))":2,"(Float16(0.0504), Float16(0.06042))":98},"47":{"(Float16(0.05023), Float16(0.06024))":7,"(Float16(0.948), Float16(0.958))":93},"83":{"(Float16(0.05035), Float16(0.06036))":93,"(Float16(0.949), Float16(0.959))":7},"99":{"(Float16(0.05045), Float16(0.06046))":3,"(Float16(0.948), Float16(0.958))":97},"89":{"(Float16(0.05026), Float16(0.06027))":98,"(Float16(0.95), Float16(0.96))":2},"14":{"(Float16(0.9478), Float16(0.9575))":100},"3":{"(Float16(0.948), Float16(0.958))":100},"80":{"(Float16(0.948), Float16(0.958))":100},"96":{"(Float16(0.05035), Float16(0.06036))":100},"51":{"(Float16(0.05023), Float16(0.06024))":98,"(Float16(0.949), Float16(0.959))":2},"33":{"(Float16(0.948), Float16(0.958))":92,"(Float16(0.05048), Float16(0.0605))":8},"40":{"(Float16(0.05026), Float16(0.06027))":98,"(Float16(0.949), Float16(0.959))":2},"48":{"(Float16(0.05017), Float16(0.06018))":99,"(Float16(0.9487), Float16(0.9585))":1},"15":{"(Float16(0.05026), Float16(0.06027))":99,"(Float16(0.95), Float16(0.96))":1},"65":{"(Float16(0.948), Float16(0.958))":100},"97":{"(Float16(0.9497), Float16(0.9595))":3,"(Float16(0.0503), Float16(0.0603))":97}}