{"5":{"(Float16(0.4473), Float16(0.4573))":100},"56":{"(Float16(0.4404), Float16(0.4504))":98,"(Float16(0.983), Float16(0.9927))":2},"35":{"(Float16(0.4526), Float16(0.4626))":100},"55":{"(Float16(0.1556), Float16(0.1656))":2,"(Float16(0.11194), Float16(0.12195))":3,"(Float16(0.1677), Float16(0.1777))":4,"(Float16(0.1454), Float16(0.1554))":2,"(Float16(0.671), Float16(0.6807))":83,"(Float16(0.2163), Float16(0.2263))":6},"60":{"(Float16(0.4805), Float16(0.4905))":100},"30":{"(Float16(0.04675), Float16(0.05676))":3,"(Float16(0.532), Float16(0.542))":84,"(Float16(0.5425), Float16(0.5522))":11,"(Float16(0.02682), Float16(0.03683))":2},"32":{"(Float16(0.5127), Float16(0.5225))":78,"(Float16(0.5234), Float16(0.533))":22},"6":{"(Float16(0.4702), Float16(0.4802))":100},"67":{"(Float16(0.5117), Float16(0.5215))":100},"45":{"(Float16(0.4893), Float16(0.4993))":100},"73":{"(Float16(0.08344), Float16(0.09344))":4,"(Float16(0.5625), Float16(0.5723))":96},"64":{"(Float16(0.5303), Float16(0.54))":100},"90":{"(Float16(0.4985), Float16(0.5083))":100},"4":{"(Float16(0.516), Float16(0.526))":5,"(Float16(0.506), Float16(0.5156))":95},"13":{"(Float16(0.9756), Float16(0.9854))":2,"(Float16(0.5127), Float16(0.5225))":92,"(Float16(0.523), Float16(0.5327))":6},"54":{"(Float16(0.4707), Float16(0.4807))":100},"63":{"(Float16(0.4678), Float16(0.4778))":100},"86":{"(Float16(0.4863), Float16(0.4963))":100},"91":{"(Float16(0.506), Float16(0.5156))":100},"62":{"(Float16(0.527), Float16(0.5366))":18,"(Float16(0.5166), Float16(0.5264))":82},"58":{"(Float16(0.4766), Float16(0.4866))":100},"52":{"(Float16(0.4902), Float16(0.5))":100},"12":{"(Float16(0.5435), Float16(0.553))":25,"(Float16(0.533), Float16(0.543))":75},"28":{"(Float16(0.4966), Float16(0.5063))":100},"75":{"(Float16(0.4766), Float16(0.4866))":99,"(Float16(0.971), Float16(0.981))":1},"23":{"(Float16(0.4834), Float16(0.4934))":100},"92":{"(Float16(0.9736), Float16(0.9834))":2,"(Float16(0.497), Float16(0.507))":98},"41":{"(Float16(0.0374), Float16(0.04742))":2,"(Float16(0.4893), Float16(0.4993))":98},"43":{"(Float16(0.502), Float16(0.5117))":95,"(Float16(0.512), Float16(0.522))":5},"11":{"(Float16(0.5205), Float16(0.5303))":78,"(Float16(0.531), Float16(0.5405))":22},"36":{"(Float16(0.5527), Float16(0.5625))":100},"68":{"(Float16(0.5176), Float16(0.5273))":100},"69":{"(Float16(0.4316), Float16(0.4417))":95,"(Float16(0.922), Float16(0.9316))":3,"(Float16(0.961), Float16(0.9707))":2},"98":{"(Float16(0.4658), Float16(0.4758))":98,"(Float16(0.9375), Float16(0.9473))":2},"82":{"(Float16(0.545), Float16(0.5547))":100},"85":{"(Float16(0.479), Float16(0.489))":100},"39":{"(Float16(0.4714), Float16(0.4814))":100},"84":{"(Float16(0.497), Float16(0.507))":100},"77":{"(Float16(0.4995), Float16(0.5093))":73,"(Float16(0.51), Float16(0.5195))":27},"7":{"(Float16(0.506), Float16(0.5156))":99,"(Float16(0.961), Float16(0.9707))":1},"25":{"(Float16(0.478), Float16(0.488))":95,"(Float16(0.9463), Float16(0.956))":2,"(Float16(0.9688), Float16(0.9785))":3},"95":{"(Float16(0.89), Float16(0.9))":2,"(Float16(0.9023), Float16(0.912))":3,"(Float16(0.438), Float16(0.448))":95},"71":{"(Float16(0.0003972), Float16(0.0104))":2,"(Float16(0.4565), Float16(0.4666))":96,"(Float16(0.9395), Float16(0.949))":2},"66":{"(Float16(0.4375), Float16(0.4475))":100},"76":{"(Float16(0.5234), Float16(0.533))":100},"34":{"(Float16(0.11194), Float16(0.12195))":3,"(Float16(0.1586), Float16(0.1686))":2,"(Float16(0.588), Float16(0.5977))":76,"(Float16(0.598), Float16(0.608))":19},"50":{"(Float16(0.5186), Float16(0.5283))":88,"(Float16(0.529), Float16(0.5386))":9,"(Float16(0.04504), Float16(0.05505))":3},"59":{"(Float16(0.05966), Float16(0.06964))":2,"(Float16(0.5767), Float16(0.5864))":16,"(Float16(0.1076), Float16(0.1176))":2,"(Float16(0.1316), Float16(0.1416))":3,"(Float16(0.5664), Float16(0.576))":77},"93":{"(Float16(0.522), Float16(0.5317))":100},"2":{"(Float16(0.4536), Float16(0.4636))":97,"(Float16(0.954), Float16(0.964))":3},"10":{"(Float16(0.54), Float16(0.55))":88,"(Float16(0.5503), Float16(0.56))":12},"18":{"(Float16(0.4673), Float16(0.4773))":100},"26":{"(Float16(0.539), Float16(0.549))":32,"(Float16(0.5283), Float16(0.538))":68},"27":{"(Float16(0.4224), Float16(0.4324))":97,"(Float16(0.8574), Float16(0.867))":3},"42":{"(Float16(0.4224), Float16(0.4324))":100},"87":{"(Float16(0.5156), Float16(0.5254))":100},"100":{"(Float16(0.4795), Float16(0.4895))":97,"(Float16(0.958), Float16(0.968))":3},"79":{"(Float16(0.4302), Float16(0.4402))":96,"(Float16(0.9795), Float16(0.9893))":2,"(Float16(0.9424), Float16(0.952))":2},"16":{"(Float16(0.436), Float16(0.446))":100},"20":{"(Float16(0.495), Float16(0.505))":100},"81":{"(Float16(0.503), Float16(0.5127))":100},"19":{"(Float16(0.4736), Float16(0.4836))":98,"(Float16(0.974), Float16(0.984))":2},"49":{"(Float16(0.5273), Float16(0.537))":82,"(Float16(0.5376), Float16(0.5474))":18},"44":{"(Float16(0.4783), Float16(0.4883))":100},"9":{"(Float16(0.0638), Float16(0.0738))":2,"(Float16(0.506), Float16(0.5156))":98},"31":{"(Float16(0.458), Float16(0.468))":100},"74":{"(Float16(0.511), Float16(0.521))":9,"(Float16(0.501), Float16(0.5107))":91},"61":{"(Float16(0.502), Float16(0.5117))":100},"29":{"(Float16(0.496), Float16(0.506))":100},"94":{"(Float16(0.0834), Float16(0.0934))":1,"(Float16(0.5156), Float16(0.5254))":99},"46":{"(Float16(0.503), Float16(0.5127))":100},"57":{"(Float16(0.4526), Float16(0.4626))":100},"70":{"(Float16(0.5317), Float16(0.5415))":17,"(Float16(0.5215), Float16(0.5312))":83},"21":{"(Float16(0.5), Float16(0.51))":83,"(Float16(0.5103), Float16(0.52))":17},"38":{"(Float16(0.4614), Float16(0.4714))":100},"88":{"(Float16(0.4717), Float16(0.4817))":100},"78":{"(Float16(0.916), Float16(0.926))":2,"(Float16(0.459), Float16(0.469))":98},"72":{"(Float16(0.511), Float16(0.521))":16,"(Float16(0.501), Float16(0.5107))":84},"24":{"(Float16(0.917), Float16(0.927))":2,"(Float16(0.8965), Float16(0.9062))":2,"(Float16(0.4458), Float16(0.4558))":94,"(Float16(0.963), Float16(0.9727))":2},"8":{"(Float16(0.461), Float16(0.471))":97,"(Float16(0.9736), Float16(0.9834))":3},"17":{"(Float16(0.5117), Float16(0.5215))":98,"(Float16(0.0541), Float16(0.0641))":2},"37":{"(Float16(0.5107), Float16(0.5205))":98,"(Float16(0.02856), Float16(0.03857))":2},"1":{"(Float16(0.477), Float16(0.487))":100},"53":{"(Float16(0.4482), Float16(0.4583))":100},"22":{"(Float16(0.547), Float16(0.5566))":96,"(Float16(0.1075), Float16(0.1175))":2,"(Float16(0.05972), Float16(0.0697))":2},"47":{"(Float16(0.0198), Float16(0.02982))":2,"(Float16(0.05457), Float16(0.0646))":2,"(Float16(0.537), Float16(0.547))":94,"(Float16(0.08374), Float16(0.09375))":2},"83":{"(Float16(0.4438), Float16(0.4539))":100},"99":{"(Float16(0.513), Float16(0.523))":9,"(Float16(0.503), Float16(0.5127))":91},"89":{"(Float16(0.4634), Float16(0.4734))":100},"14":{"(Float16(0.04443), Float16(0.05444))":2,"(Float16(0.495), Float16(0.505))":98},"3":{"(Float16(0.957), Float16(0.967))":2,"(Float16(0.935), Float16(0.945))":2,"(Float16(0.4663), Float16(0.4763))":96},"80":{"(Float16(0.483), Float16(0.493))":100},"96":{"(Float16(0.5625), Float16(0.5723))":98,"(Float16(0.02325), Float16(0.03326))":2},"51":{"(Float16(0.4941), Float16(0.504))":100},"33":{"(Float16(0.495), Float16(0.505))":100},"40":{"(Float16(0.435), Float16(0.445))":100},"48":{"(Float16(0.534), Float16(0.544))":79,"(Float16(0.08997), Float16(0.1))":2,"(Float16(0.5444), Float16(0.554))":19},"15":{"(Float16(0.0678), Float16(0.0778))":2,"(Float16(0.506), Float16(0.5156))":98},"65":{"(Float16(0.4712), Float16(0.4812))":100},"97":{"(Float16(0.513), Float16(0.523))":7,"(Float16(0.00839), Float16(0.0184))":2,"(Float16(0.503), Float16(0.5127))":89,"(Float16(0.02525), Float16(0.03525))":2}}