{"1":[0.949,0.5,0.5,0.949,0.05008,0.05127,0.05023,0.5,0.05103,0.949,0.0503,0.5,0.5,0.9497,0.05115,0.5,0.5,0.05005,0.949,0.5,0.05023,0.5,0.05014,0.05014,0.949,0.0502,0.9497,0.9487,0.949,0.501,0.9497,0.949,0.0506,0.5,0.9497,0.9487,0.05026,0.5,0.0503,0.9497,0.05035,0.5005,0.5,0.9497,0.5,0.05002,0.5005,0.9497,0.5,0.9497,0.5,0.9497,0.949,0.949,0.05063,0.5,0.271,0.949,0.5,0.05063,0.949,0.05133,0.501,0.0503,0.05133,0.9497,0.5,0.5,0.5,0.5,0.5,0.0504,0.05005,0.5,0.949,0.05005,0.949,0.949,0.0503,0.0501,0.0501,0.949,0.5,0.949,0.9497,0.5,0.5,0.5005,0.949,0.949,0.5005,0.5,0.0504,0.5,0.05008,0.5,0.0506,0.5,0.5005,0.05057],"2":[0.05048,0.95,0.5,0.5,0.95,0.0506,0.95,0.95,0.5,0.5,0.95,0.05038,0.95,0.05066,0.0509,0.05084,0.05035,0.05066,0.95,0.5,0.95,0.05084,0.05066,0.95,0.95,0.0504,0.5,0.5,0.5,0.5,0.0514,0.05038,0.95,0.95,0.5,0.0511,0.5,0.95,0.05014,0.5,0.95,0.5,0.95,0.95,0.5,0.5,0.0502,0.5,0.745,0.95,0.5,0.05066,0.05026,0.05038,0.95,0.5,0.5,0.0507,0.5,0.5,0.5,0.95,0.95,0.5,0.05054,0.95,0.95,0.95,0.0503,0.5,0.95,0.95,0.5,0.5,0.0506,0.05026,0.5,0.95,0.0507,0.5,0.95,0.95,0.05072,0.5,0.0503,0.0503,0.5,0.5,0.05038,0.5,0.95,0.05038,0.95,0.05035,0.745,0.5,0.5,0.5,0.5,0.05023],"3":[0.05066,0.5,0.5,0.5,0.9497,0.05106,0.5,0.5,0.95,0.05066,0.05023,0.05072,0.5,0.95,0.5,0.5,0.713,0.0512,0.5,0.5,0.95,0.5,0.5,0.05133,0.95,0.5,0.5,0.05164,0.95,0.05136,0.95,0.5,0.0505,0.05054,0.05084,0.95,0.5,0.5,0.05048,0.5,0.05038,0.95,0.95,0.05023,0.95,0.05096,0.5,0.9497,0.5,0.05136,0.5,0.05176,0.5,0.05106,0.5,0.5,0.5,0.5,0.0505,0.05106,0.5,0.95,0.5,0.0507,0.95,0.5,0.95,0.5,0.05096,0.05142,0.95,0.95,0.0514,0.5,0.5,0.5,0.5,0.05142,0.05054,0.5,0.0514,0.5,0.95,0.05106,0.05136,0.5,0.05106,0.05103,0.05038,0.5,0.0508,0.5,0.05032,0.95,0.5,0.05032,0.5,0.05023,0.5,0.5]}