{"5":{"(Float16(0.0004356), Float16(1.0))":100},"56":{"(Float16(0.0003686), Float16(1.0))":100},"35":{"(Float16(0.000382), Float16(1.0))":100},"55":{"(Float16(0.0003848), Float16(1.0))":100},"60":{"(Float16(0.0004425), Float16(1.0))":100},"30":{"(Float16(0.0003738), Float16(1.0))":100},"32":{"(Float16(0.000508), Float16(1.001))":100},"6":{"(Float16(0.0003579), Float16(1.0))":100},"67":{"(Float16(0.0004544), Float16(1.0))":100},"45":{"(Float16(0.0004578), Float16(1.0))":100},"73":{"(Float16(0.0003872), Float16(1.0))":100},"64":{"(Float16(0.0003934), Float16(1.0))":100},"90":{"(Float16(0.0002344), Float16(1.0))":100},"4":{"(Float16(0.0003848), Float16(1.0))":100},"13":{"(Float16(0.00042), Float16(1.0))":100},"54":{"(Float16(0.0004153), Float16(1.0))":100},"63":{"(Float16(0.000483), Float16(1.0))":100},"86":{"(Float16(0.0004876), Float16(1.0))":100},"91":{"(Float16(0.0004358), Float16(1.0))":100},"62":{"(Float16(0.000361), Float16(1.0))":100},"58":{"(Float16(0.0004737), Float16(1.0))":100},"52":{"(Float16(0.0004444), Float16(1.0))":100},"12":{"(Float16(0.0004008), Float16(1.0))":100},"28":{"(Float16(0.0004475), Float16(1.0))":100},"75":{"(Float16(0.0004685), Float16(1.0))":100},"23":{"(Float16(0.000367), Float16(1.0))":100},"92":{"(Float16(0.0003467), Float16(1.0))":100},"41":{"(Float16(0.0004056), Float16(1.0))":100},"43":{"(Float16(0.0004592), Float16(1.0))":100},"11":{"(Float16(0.0003543), Float16(1.0))":100},"36":{"(Float16(0.0004108), Float16(1.0))":100},"68":{"(Float16(0.0004225), Float16(1.0))":100},"69":{"(Float16(0.0004094), Float16(1.0))":100},"98":{"(Float16(0.0004172), Float16(1.0))":100},"82":{"(Float16(0.0004404), Float16(1.0))":100},"85":{"(Float16(0.0003977), Float16(1.0))":100},"39":{"(Float16(0.0002372), Float16(1.0))":100},"84":{"(Float16(0.0004292), Float16(1.0))":100},"77":{"(Float16(0.0003977), Float16(1.0))":100},"7":{"(Float16(0.0003715), Float16(1.0))":100},"25":{"(Float16(0.0005116), Float16(1.001))":100},"95":{"(Float16(0.000433), Float16(1.0))":100},"71":{"(Float16(0.0004196), Float16(1.0))":100},"66":{"(Float16(0.0004172), Float16(1.0))":100},"76":{"(Float16(0.0004559), Float16(1.0))":100},"34":{"(Float16(0.0004132), Float16(1.0))":100},"50":{"(Float16(0.0004613), Float16(1.0))":100},"59":{"(Float16(0.0003867), Float16(1.0))":100},"93":{"(Float16(0.0004199), Float16(1.0))":100},"2":{"(Float16(0.0002055), Float16(1.0))":100},"10":{"(Float16(0.000499), Float16(1.001))":100},"18":{"(Float16(0.0003781), Float16(1.0))":100},"26":{"(Float16(0.000423), Float16(1.0))":100},"27":{"(Float16(0.0004406), Float16(1.0))":100},"42":{"(Float16(0.0004172), Float16(1.0))":100},"87":{"(Float16(0.0003662), Float16(1.0))":100},"100":{"(Float16(0.000431), Float16(1.0))":100},"79":{"(Float16(0.0003703), Float16(1.0))":100},"16":{"(Float16(0.0003738), Float16(1.0))":100},"20":{"(Float16(0.00032), Float16(1.0))":100},"81":{"(Float16(0.000414), Float16(1.0))":100},"19":{"(Float16(0.0003726), Float16(1.0))":100},"49":{"(Float16(0.0003996), Float16(1.0))":100},"44":{"(Float16(0.0003595), Float16(1.0))":100},"9":{"(Float16(0.000387), Float16(1.0))":100},"31":{"(Float16(0.0002866), Float16(1.0))":100},"74":{"(Float16(0.0003414), Float16(1.0))":100},"61":{"(Float16(0.0004015), Float16(1.0))":100},"29":{"(Float16(0.0004435), Float16(1.0))":100},"94":{"(Float16(0.0003722), Float16(1.0))":100},"46":{"(Float16(0.0003607), Float16(1.0))":100},"57":{"(Float16(0.0003884), Float16(1.0))":100},"70":{"(Float16(0.0002582), Float16(1.0))":100},"21":{"(Float16(0.0003824), Float16(1.0))":100},"38":{"(Float16(0.000382), Float16(1.0))":100},"88":{"(Float16(0.0004115), Float16(1.0))":100},"78":{"(Float16(0.0003424), Float16(1.0))":100},"72":{"(Float16(0.0004053), Float16(1.0))":100},"24":{"(Float16(0.0004406), Float16(1.0))":100},"8":{"(Float16(0.0004196), Float16(1.0))":100},"17":{"(Float16(0.0004053), Float16(1.0))":100},"37":{"(Float16(0.000391), Float16(1.0))":100},"1":{"(Float16(0.0004187), Float16(1.0))":100},"53":{"(Float16(0.0003934), Float16(1.0))":100},"22":{"(Float16(0.0003848), Float16(1.0))":100},"47":{"(Float16(0.0003812), Float16(1.0))":100},"83":{"(Float16(0.0002339), Float16(1.0))":100},"99":{"(Float16(0.0003896), Float16(1.0))":100},"89":{"(Float16(0.000419), Float16(1.0))":100},"14":{"(Float16(0.000383), Float16(1.0))":100},"3":{"(Float16(0.0004315), Float16(1.0))":100},"80":{"(Float16(0.0004342), Float16(1.0))":100},"96":{"(Float16(0.0004454), Float16(1.0))":100},"51":{"(Float16(0.0003996), Float16(1.0))":100},"33":{"(Float16(0.0003633), Float16(1.0))":100},"40":{"(Float16(0.0003731), Float16(1.0))":100},"48":{"(Float16(0.0004597), Float16(1.0))":100},"15":{"(Float16(0.000482), Float16(1.0))":100},"65":{"(Float16(0.0004654), Float16(1.0))":100},"97":{"(Float16(0.000443), Float16(1.0))":100}}