{"5":{"(Float16(0.05017), 0.0601708984375)":47,"(Float16(0.948), 0.9582421875)":53},"56":{"(Float16(0.9487), 0.95873046875)":40,"(Float16(0.0501), 0.06010986328125)":60},"35":{"(Float16(0.949), 0.95921875)":24,"(Float16(0.05014), 0.060140380859375)":76},"55":{"(Float16(0.05005), 0.060048828125)":26,"(Float16(0.948), 0.9582421875)":74},"60":{"(Float16(0.05002), 0.060018310546875)":49,"(Float16(0.949), 0.95921875)":51},"30":{"(Float16(0.949), 0.95921875)":67,"(Float16(0.05), 0.05998779296875)":33},"32":{"(Float16(0.9487), 0.95873046875)":56,"(Float16(0.05014), 0.060140380859375)":44},"6":{"(Float16(0.948), 0.9582421875)":39,"(Float16(0.05014), 0.060140380859375)":61},"67":{"(Float16(0.949), 0.95921875)":61,"(Float16(0.05), 0.05998779296875)":39},"45":{"(Float16(0.05002), 0.060018310546875)":64,"(Float16(0.949), 0.95921875)":36},"73":{"(Float16(0.0501), 0.06010986328125)":54,"(Float16(0.949), 0.95921875)":46},"64":{"(Float16(0.9487), 0.95873046875)":46,"(Float16(0.0501), 0.06010986328125)":54},"90":{"(Float16(0.949), 0.95921875)":51,"(Float16(0.05), 0.05998779296875)":49},"4":{"(Float16(0.948), 0.9582421875)":47,"(Float16(0.05014), 0.060140380859375)":53},"13":{"(Float16(0.949), 0.95921875)":57,"(Float16(0.05005), 0.060048828125)":43},"54":{"(Float16(0.05017), 0.0601708984375)":37,"(Float16(0.9478), 0.95775390625)":63},"63":{"(Float16(0.949), 0.95921875)":36,"(Float16(0.05005), 0.060048828125)":64},"86":{"(Float16(0.05002), 0.060018310546875)":49,"(Float16(0.949), 0.95921875)":51},"91":{"(Float16(0.9487), 0.95873046875)":53,"(Float16(0.05002), 0.060018310546875)":47},"62":{"(Float16(0.949), 0.95921875)":46,"(Float16(0.05), 0.05998779296875)":54},"58":{"(Float16(0.949), 0.95921875)":62,"(Float16(0.05), 0.05998779296875)":38},"52":{"(Float16(0.949), 0.95921875)":56,"(Float16(0.05), 0.05998779296875)":44},"12":{"(Float16(0.05005), 0.060048828125)":37,"(Float16(0.948), 0.9582421875)":63},"28":{"(Float16(0.05017), 0.0601708984375)":58,"(Float16(0.949), 0.95921875)":42},"75":{"(Float16(0.949), 0.95921875)":49,"(Float16(0.05), 0.05998779296875)":51},"23":{"(Float16(0.949), 0.95921875)":50,"(Float16(0.05), 0.05998779296875)":50},"92":{"(Float16(0.948), 0.9582421875)":57,"(Float16(0.05), 0.05998779296875)":43},"41":{"(Float16(0.949), 0.95921875)":66,"(Float16(0.05), 0.05998779296875)":34},"43":{"(Float16(0.9487), 0.95873046875)":59,"(Float16(0.05), 0.05998779296875)":41},"11":{"(Float16(0.949), 0.95921875)":51,"(Float16(0.05), 0.05998779296875)":49},"36":{"(Float16(0.0501), 0.06010986328125)":73,"(Float16(0.949), 0.95921875)":27},"68":{"(Float16(0.05002), 0.060018310546875)":28,"(Float16(0.949), 0.95921875)":72},"69":{"(Float16(0.949), 0.95921875)":34,"(Float16(0.05014), 0.060140380859375)":66},"98":{"(Float16(0.0501), 0.06010986328125)":47,"(Float16(0.948), 0.9582421875)":53},"82":{"(Float16(0.05017), 0.0601708984375)":69,"(Float16(0.9497), 0.95970703125)":31},"85":{"(Float16(0.0501), 0.06010986328125)":64,"(Float16(0.949), 0.95921875)":36},"39":{"(Float16(0.05017), 0.0601708984375)":59,"(Float16(0.948), 0.9582421875)":41},"84":{"(Float16(0.949), 0.95921875)":44,"(Float16(0.05014), 0.060140380859375)":56},"77":{"(Float16(0.949), 0.95921875)":54,"(Float16(0.05), 0.05998779296875)":46},"7":{"(Float16(0.949), 0.95921875)":53,"(Float16(0.05), 0.05998779296875)":47},"25":{"(Float16(0.949), 0.95921875)":36,"(Float16(0.05), 0.05998779296875)":64},"95":{"(Float16(0.05017), 0.0601708984375)":59,"(Float16(0.948), 0.9582421875)":41},"71":{"(Float16(0.9487), 0.95873046875)":38,"(Float16(0.05008), 0.060079345703125)":62},"66":{"(Float16(0.05002), 0.060018310546875)":26,"(Float16(0.949), 0.95921875)":74},"76":{"(Float16(0.949), 0.95921875)":67,"(Float16(0.05), 0.05998779296875)":33},"34":{"(Float16(0.05002), 0.060018310546875)":41,"(Float16(0.948), 0.9582421875)":59},"50":{"(Float16(0.949), 0.95921875)":57,"(Float16(0.05), 0.05998779296875)":43},"59":{"(Float16(0.949), 0.95921875)":58,"(Float16(0.05), 0.05998779296875)":42},"93":{"(Float16(0.05005), 0.060048828125)":32,"(Float16(0.948), 0.9582421875)":68},"2":{"(Float16(0.9487), 0.95873046875)":56,"(Float16(0.05), 0.05998779296875)":44},"10":{"(Float16(0.949), 0.95921875)":52,"(Float16(0.05), 0.05998779296875)":48},"18":{"(Float16(0.9487), 0.95873046875)":53,"(Float16(0.05), 0.05998779296875)":47},"26":{"(Float16(0.9487), 0.95873046875)":44,"(Float16(0.0501), 0.06010986328125)":56},"27":{"(Float16(0.05002), 0.060018310546875)":42,"(Float16(0.949), 0.95921875)":58},"42":{"(Float16(0.05017), 0.0601708984375)":51,"(Float16(0.948), 0.9582421875)":49},"87":{"(Float16(0.05002), 0.060018310546875)":41,"(Float16(0.949), 0.95921875)":59},"100":{"(Float16(0.05017), 0.0601708984375)":77,"(Float16(0.949), 0.95921875)":23},"79":{"(Float16(0.05002), 0.060018310546875)":46,"(Float16(0.948), 0.9582421875)":54},"16":{"(Float16(0.05008), 0.060079345703125)":44,"(Float16(0.948), 0.9582421875)":56},"20":{"(Float16(0.05002), 0.060018310546875)":46,"(Float16(0.948), 0.9582421875)":54},"81":{"(Float16(0.949), 0.95921875)":44,"(Float16(0.05), 0.05998779296875)":56},"19":{"(Float16(0.05002), 0.060018310546875)":62,"(Float16(0.949), 0.95921875)":38},"49":{"(Float16(0.05002), 0.060018310546875)":32,"(Float16(0.948), 0.9582421875)":68},"44":{"(Float16(0.0501), 0.06010986328125)":50,"(Float16(0.949), 0.95921875)":50},"9":{"(Float16(0.9487), 0.95873046875)":46,"(Float16(0.0501), 0.06010986328125)":54},"31":{"(Float16(0.949), 0.95921875)":50,"(Float16(0.05), 0.05998779296875)":50},"74":{"(Float16(0.0501), 0.06010986328125)":47,"(Float16(0.948), 0.9582421875)":53},"61":{"(Float16(0.9487), 0.95873046875)":57,"(Float16(0.05002), 0.060018310546875)":43},"29":{"(Float16(0.949), 0.95921875)":59,"(Float16(0.05), 0.05998779296875)":41},"94":{"(Float16(0.949), 0.95921875)":56,"(Float16(0.05), 0.05998779296875)":44},"46":{"(Float16(0.0501), 0.06010986328125)":47,"(Float16(0.949), 0.95921875)":53},"57":{"(Float16(0.9487), 0.95873046875)":38,"(Float16(0.0502), 0.060201416015625)":62},"70":{"(Float16(0.9487), 0.95873046875)":42,"(Float16(0.05008), 0.060079345703125)":58},"21":{"(Float16(0.949), 0.95921875)":61,"(Float16(0.05), 0.05998779296875)":39},"38":{"(Float16(0.949), 0.95921875)":57,"(Float16(0.05), 0.05998779296875)":43},"88":{"(Float16(0.948), 0.9582421875)":51,"(Float16(0.05), 0.05998779296875)":49},"78":{"(Float16(0.9487), 0.95873046875)":49,"(Float16(0.05014), 0.060140380859375)":51},"72":{"(Float16(0.949), 0.95921875)":33,"(Float16(0.05), 0.05998779296875)":67},"24":{"(Float16(0.949), 0.95921875)":50,"(Float16(0.05), 0.05998779296875)":50},"8":{"(Float16(0.0503), 0.06029296875)":54,"(Float16(0.948), 0.9582421875)":46},"17":{"(Float16(0.949), 0.95921875)":53,"(Float16(0.05), 0.05998779296875)":47},"37":{"(Float16(0.9487), 0.95873046875)":49,"(Float16(0.05002), 0.060018310546875)":51},"1":{"(Float16(0.949), 0.95921875)":57,"(Float16(0.05), 0.05998779296875)":43},"53":{"(Float16(0.9487), 0.95873046875)":45,"(Float16(0.0501), 0.06010986328125)":55},"22":{"(Float16(0.05002), 0.060018310546875)":28,"(Float16(0.948), 0.9582421875)":72},"47":{"(Float16(0.9487), 0.95873046875)":21,"(Float16(0.05017), 0.0601708984375)":79},"83":{"(Float16(0.949), 0.95921875)":53,"(Float16(0.05005), 0.060048828125)":47},"99":{"(Float16(0.05005), 0.060048828125)":46,"(Float16(0.948), 0.9582421875)":54},"89":{"(Float16(0.05026), 0.060262451171875)":70,"(Float16(0.948), 0.9582421875)":30},"14":{"(Float16(0.05008), 0.060079345703125)":43,"(Float16(0.948), 0.9582421875)":57},"3":{"(Float16(0.949), 0.95921875)":33,"(Float16(0.05), 0.05998779296875)":67},"80":{"(Float16(0.05017), 0.0601708984375)":56,"(Float16(0.948), 0.9582421875)":44},"96":{"(Float16(0.9487), 0.95873046875)":39,"(Float16(0.05023), 0.06023193359375)":61},"51":{"(Float16(0.05002), 0.060018310546875)":29,"(Float16(0.948), 0.9582421875)":71},"33":{"(Float16(0.9487), 0.95873046875)":59,"(Float16(0.05005), 0.060048828125)":41},"40":{"(Float16(0.0501), 0.06010986328125)":55,"(Float16(0.949), 0.95921875)":45},