{"5":{"(Float16(0.0004485), Float16(0.5005))":100},"56":{"(Float16(0.0002499), Float16(0.5005))":100},"35":{"(Float16(0.000391), Float16(0.5005))":100},"55":{"(Float16(0.9727), Float16(1.473))":1,"(Float16(0.00024), Float16(0.5))":99},"60":{"(Float16(0.000263), Float16(0.5005))":100},"30":{"(Float16(0.000318), Float16(0.5005))":100},"32":{"(Float16(0.0003018), Float16(0.5005))":100},"6":{"(Float16(0.000502), Float16(0.5005))":99,"(Float16(0.963), Float16(1.463))":1},"67":{"(Float16(0.0003712), Float16(0.5005))":100},"45":{"(Float16(0.00059), Float16(0.5005))":100},"73":{"(Float16(0.000444), Float16(0.5005))":100},"64":{"(Float16(0.000492), Float16(0.5005))":100},"90":{"(Float16(0.865), Float16(1.365))":1,"(Float16(0.00051), Float16(0.5005))":99},"4":{"(Float16(0.0003438), Float16(0.5005))":100},"13":{"(Float16(0.0005054), Float16(0.5005))":100},"54":{"(Float16(0.0004427), Float16(0.5005))":99,"(Float16(0.9497), Float16(1.449))":1},"63":{"(Float16(0.0005674), Float16(0.5005))":100},"86":{"(Float16(0.0004478), Float16(0.5005))":100},"91":{"(Float16(0.000389), Float16(0.5005))":99,"(Float16(0.953), Float16(1.453))":1},"62":{"(Float16(0.0003886), Float16(0.5005))":100},"58":{"(Float16(0.0003827), Float16(0.5005))":100},"52":{"(Float16(0.0002751), Float16(0.5005))":100},"12":{"(Float16(0.0004797), Float16(0.5005))":100},"28":{"(Float16(0.0003881), Float16(0.5005))":100},"75":{"(Float16(0.000403), Float16(0.5005))":100},"23":{"(Float16(0.0005274), Float16(0.5005))":100},"92":{"(Float16(0.000398), Float16(0.5005))":100},"41":{"(Float16(0.0002441), Float16(0.5))":100},"43":{"(Float16(0.9424), Float16(1.442))":1,"(Float16(0.0003686), Float16(0.5005))":99},"11":{"(Float16(0.0004501), Float16(0.5005))":100},"36":{"(Float16(0.0004954), Float16(0.5005))":100},"68":{"(Float16(0.0004787), Float16(0.5005))":100},"69":{"(Float16(0.0004063), Float16(0.5005))":100},"98":{"(Float16(0.000327), Float16(0.5005))":100},"82":{"(Float16(0.0003874), Float16(0.5005))":100},"85":{"(Float16(0.0004714), Float16(0.5005))":100},"39":{"(Float16(0.0004437), Float16(0.5005))":98,"(Float16(0.9263), Float16(1.426))":2},"84":{"(Float16(0.0004816), Float16(0.5005))":100},"77":{"(Float16(0.9473), Float16(1.447))":1,"(Float16(0.000248), Float16(0.5005))":99},"7":{"(Float16(0.0004668), Float16(0.5005))":100},"25":{"(Float16(0.0004442), Float16(0.5005))":99,"(Float16(0.986), Float16(1.486))":1},"95":{"(Float16(0.0004296), Float16(0.5005))":100},"71":{"(Float16(0.0004387), Float16(0.5005))":99,"(Float16(0.882), Float16(1.382))":1},"66":{"(Float16(0.0005145), Float16(0.5005))":100},"76":{"(Float16(0.0003967), Float16(0.5005))":100},"34":{"(Float16(0.0001967), Float16(0.5))":100},"50":{"(Float16(0.0002508), Float16(0.5005))":100},"59":{"(Float16(0.0004003), Float16(0.5005))":100},"93":{"(Float16(0.0003161), Float16(0.5005))":100},"2":{"(Float16(0.0003433), Float16(0.5005))":100},"10":{"(Float16(0.0002546), Float16(0.5005))":100},"18":{"(Float16(0.000429), Float16(0.5005))":100},"26":{"(Float16(0.0004048), Float16(0.5005))":100},"27":{"(Float16(0.918), Float16(1.418))":4,"(Float16(0.0003269), Float16(0.5005))":96},"42":{"(Float16(0.000256), Float16(0.5005))":100},"87":{"(Float16(0.0004473), Float16(0.5005))":100},"100":{"(Float16(0.0004907), Float16(0.5005))":100},"79":{"(Float16(0.000374), Float16(0.5005))":100},"16":{"(Float16(0.0003839), Float16(0.5005))":100},"20":{"(Float16(0.0003986), Float16(0.5005))":100},"81":{"(Float16(0.0005293), Float16(0.5005))":100},"19":{"(Float16(0.0004396), Float16(0.5005))":100},"49":{"(Float16(0.000389), Float16(0.5005))":100},"44":{"(Float16(0.0005503), Float16(0.5005))":100},"9":{"(Float16(0.0002359), Float16(0.5))":100},"31":{"(Float16(0.0003355), Float16(0.5005))":100},"74":{"(Float16(0.0003552), Float16(0.5005))":100},"61":{"(Float16(0.0003114), Float16(0.5005))":100},"29":{"(Float16(0.0005784), Float16(0.5005))":100},"94":{"(Float16(0.000353), Float16(0.5005))":100},"46":{"(Float16(0.0003653), Float16(0.5005))":100},"57":{"(Float16(0.0003994), Float16(0.5005))":100},"70":{"(Float16(0.0003436), Float16(0.5005))":100},"21":{"(Float16(0.000339), Float16(0.5005))":98,"(Float16(0.911), Float16(1.411))":2},"38":{"(Float16(0.0003765), Float16(0.5005))":99,"(Float16(0.948), Float16(1.448))":1},"88":{"(Float16(0.000455), Float16(0.5005))":100},"78":{"(Float16(0.0004165), Float16(0.5005))":100},"72":{"(Float16(0.0004482), Float16(0.5005))":100},"24":{"(Float16(0.000371), Float16(0.5005))":100},"8":{"(Float16(0.0003438), Float16(0.5005))":100},"17":{"(Float16(0.000409), Float16(0.5005))":100},"37":{"(Float16(0.0003376), Float16(0.5005))":100},"1":{"(Float16(0.000519), Float16(0.5005))":100},"53":{"(Float16(0.00055), Float16(0.5005))":100},"22":{"(Float16(0.0004847), Float16(0.5005))":100},"47":{"(Float16(0.000308), Float16(0.5005))":100},"83":{"(Float16(0.0004156), Float16(0.5005))":100},"99":{"(Float16(0.000481), Float16(0.5005))":100},"89":{"(Float16(0.0003927), Float16(0.5005))":99,"(Float16(0.906), Float16(1.406))":1},"14":{"(Float16(0.0004582), Float16(0.5005))":100},"3":{"(Float16(0.0003867), Float16(0.5005))":100},"80":{"(Float16(0.0004063), Float16(0.5005))":100},"96":{"(Float16(0.0003958), Float16(0.5005))":100},"51":{"(Float16(0.0004735), Float16(0.5005))":98,"(Float16(0.907), Float16(1.407))":2},"33":{"(Float16(0.0004766), Float16(0.5005))":100},"40":{"(Float16(0.0004787), Float16(0.5005))":100},"48":{"(Float16(0.000291), Float16(0.5005))":100},"15":{"(Float16(0.0004368), Float16(0.5005))":100},"65":{"(Float16(0.0002866), Float16(0.5005))":100},"97":{"(Float16(0.0003743), Float16(0.5005))":100}}