{"5":{"(Float16(0.9478), Float16(0.9575))":10,"(Float16(0.0501), Float16(0.06012))":24,"(Float16(0.5005), Float16(0.5103))":66},"4":{"(Float16(0.5), Float16(0.51))":44,"(Float16(0.948), Float16(0.958))":33,"(Float16(0.05002), Float16(0.06003))":23},"6":{"(Float16(0.5), Float16(0.51))":14,"(Float16(0.948), Float16(0.958))":57,"(Float16(0.05002), Float16(0.06003))":29},"7":{"(Float16(0.4985), Float16(0.5083))":39,"(Float16(0.0501), Float16(0.06012))":27,"(Float16(0.949), Float16(0.959))":34},"2":{"(Float16(0.948), Float16(0.958))":18,"(Float16(0.05008), Float16(0.0601))":21,"(Float16(0.5005), Float16(0.5103))":61},"10":{"(Float16(0.95), Float16(0.96))":2,"(Float16(0.05002), Float16(0.06003))":12,"(Float16(0.5005), Float16(0.5103))":86},"9":{"(Float16(0.05005), Float16(0.06006))":13,"(Float16(0.948), Float16(0.958))":22,"(Float16(0.499), Float16(0.509))":65},"8":{"(Float16(0.05), Float16(0.06))":25,"(Float16(0.5), Float16(0.51))":55,"(Float16(0.949), Float16(0.959))":20},"3":{"(Float16(0.4985), Float16(0.5083))":58,"(Float16(0.05005), Float16(0.06006))":2,"(Float16(0.949), Float16(0.959))":40},"1":{"(Float16(0.05005), Float16(0.06006))":36,"(Float16(0.948), Float16(0.958))":15,"(Float16(0.4995), Float16(0.5093))":49}}