{"5":{"(Float16(0.949), 0.95921875)":55,"(Float16(0.05005), 0.060048828125)":45},"56":{"(Float16(0.949), 0.95921875)":32,"(Float16(0.05), 0.05998779296875)":68},"35":{"(Float16(0.948), 0.9582421875)":65,"(Float16(0.05014), 0.060140380859375)":35},"55":{"(Float16(0.9487), 0.95873046875)":60,"(Float16(0.05005), 0.060048828125)":40},"60":{"(Float16(0.05005), 0.060048828125)":38,"(Float16(0.948), 0.9582421875)":62},"30":{"(Float16(0.05017), 0.0601708984375)":65,"(Float16(0.949), 0.95921875)":35},"32":{"(Float16(0.05008), 0.060079345703125)":42,"(Float16(0.948), 0.9582421875)":58},"6":{"(Float16(0.9487), 0.95873046875)":44,"(Float16(0.05008), 0.060079345703125)":56},"67":{"(Float16(0.05002), 0.060018310546875)":44,"(Float16(0.949), 0.95921875)":56},"45":{"(Float16(0.0501), 0.06010986328125)":47,"(Float16(0.948), 0.9582421875)":53},"73":{"(Float16(0.9487), 0.95873046875)":58,"(Float16(0.05005), 0.060048828125)":42},"64":{"(Float16(0.9487), 0.95873046875)":55,"(Float16(0.0501), 0.06010986328125)":45},"90":{"(Float16(0.9487), 0.95873046875)":65,"(Float16(0.05005), 0.060048828125)":35},"4":{"(Float16(0.0502), 0.060201416015625)":71,"(Float16(0.949), 0.95921875)":29},"13":{"(Float16(0.948), 0.9582421875)":44,"(Float16(0.05014), 0.060140380859375)":56},"54":{"(Float16(0.0502), 0.060201416015625)":58,"(Float16(0.948), 0.9582421875)":42},"63":{"(Float16(0.0501), 0.06010986328125)":50,"(Float16(0.949), 0.95921875)":50},"86":{"(Float16(0.0501), 0.06010986328125)":31,"(Float16(0.9478), 0.95775390625)":69},"91":{"(Float16(0.05005), 0.060048828125)":53,"(Float16(0.948), 0.9582421875)":47},"62":{"(Float16(0.05008), 0.060079345703125)":54,"(Float16(0.949), 0.95921875)":46},"58":{"(Float16(0.05002), 0.060018310546875)":60,"(Float16(0.949), 0.95921875)":40},"52":{"(Float16(0.0501), 0.06010986328125)":53,"(Float16(0.948), 0.9582421875)":47},"12":{"(Float16(0.949), 0.95921875)":48,"(Float16(0.05005), 0.060048828125)":52},"28":{"(Float16(0.0501), 0.06010986328125)":40,"(Float16(0.949), 0.95921875)":60},"75":{"(Float16(0.949), 0.95921875)":41,"(Float16(0.05014), 0.060140380859375)":59},"23":{"(Float16(0.05002), 0.060018310546875)":40,"(Float16(0.949), 0.95921875)":60},"92":{"(Float16(0.05002), 0.060018310546875)":42,"(Float16(0.949), 0.95921875)":58},"41":{"(Float16(0.9487), 0.95873046875)":45,"(Float16(0.0502), 0.060201416015625)":55},"43":{"(Float16(0.0502), 0.060201416015625)":44,"(Float16(0.949), 0.95921875)":56},"11":{"(Float16(0.05017), 0.0601708984375)":67,"(Float16(0.949), 0.95921875)":33},"36":{"(Float16(0.05002), 0.060018310546875)":40,"(Float16(0.9478), 0.95775390625)":60},"68":{"(Float16(0.0501), 0.06010986328125)":77,"(Float16(0.95), 0.9601953125)":23},"69":{"(Float16(0.9487), 0.95873046875)":50,"(Float16(0.05008), 0.060079345703125)":50},"98":{"(Float16(0.0503), 0.06029296875)":57,"(Float16(0.949), 0.95921875)":43},"82":{"(Float16(0.949), 0.95921875)":59,"(Float16(0.05), 0.05998779296875)":41},"85":{"(Float16(0.949), 0.95921875)":54,"(Float16(0.05), 0.05998779296875)":46},"39":{"(Float16(0.05017), 0.0601708984375)":49,"(Float16(0.948), 0.9582421875)":51},"84":{"(Float16(0.9487), 0.95873046875)":54,"(Float16(0.05005), 0.060048828125)":46},"77":{"(Float16(0.949), 0.95921875)":40,"(Float16(0.05005), 0.060048828125)":60},"7":{"(Float16(0.949), 0.95921875)":59,"(Float16(0.05005), 0.060048828125)":41},"25":{"(Float16(0.05017), 0.0601708984375)":51,"(Float16(0.948), 0.9582421875)":49},"95":{"(Float16(0.05005), 0.060048828125)":28,"(Float16(0.9473), 0.957265625)":72},"71":{"(Float16(0.05005), 0.060048828125)":36,"(Float16(0.948), 0.9582421875)":64},"66":{"(Float16(0.05005), 0.060048828125)":49,"(Float16(0.948), 0.9582421875)":51},"76":{"(Float16(0.948), 0.9582421875)":70,"(Float16(0.05), 0.05998779296875)":30},"34":{"(Float16(0.9487), 0.95873046875)":37,"(Float16(0.05023), 0.06023193359375)":63},"50":{"(Float16(0.05002), 0.060018310546875)":44,"(Float16(0.948), 0.9582421875)":56},"59":{"(Float16(0.949), 0.95921875)":37,"(Float16(0.05005), 0.060048828125)":63},"93":{"(Float16(0.05002), 0.060018310546875)":59,"(Float16(0.949), 0.95921875)":41},"2":{"(Float16(0.05002), 0.060018310546875)":51,"(Float16(0.949), 0.95921875)":49},"10":{"(Float16(0.05002), 0.060018310546875)":40,"(Float16(0.948), 0.9582421875)":60},"18":{"(Float16(0.949), 0.95921875)":50,"(Float16(0.05005), 0.060048828125)":50},"26":{"(Float16(0.949), 0.95921875)":54,"(Float16(0.05), 0.05998779296875)":46},"27":{"(Float16(0.949), 0.95921875)":42,"(Float16(0.05005), 0.060048828125)":58},"42":{"(Float16(0.05002), 0.060018310546875)":51,"(Float16(0.949), 0.95921875)":49},"87":{"(Float16(0.9487), 0.95873046875)":41,"(Float16(0.0502), 0.060201416015625)":59},"100":{"(Float16(0.9487), 0.95873046875)":62,"(Float16(0.05005), 0.060048828125)":38},"79":{"(Float16(0.949), 0.95921875)":64,"(Float16(0.05005), 0.060048828125)":36},"16":{"(Float16(0.949), 0.95921875)":36,"(Float16(0.05023), 0.06023193359375)":64},"20":{"(Float16(0.0501), 0.06010986328125)":65,"(Float16(0.948), 0.9582421875)":35},"81":{"(Float16(0.05002), 0.060018310546875)":50,"(Float16(0.949), 0.95921875)":50},"19":{"(Float16(0.05002), 0.060018310546875)":51,"(Float16(0.949), 0.95921875)":49},"49":{"(Float16(0.949), 0.95921875)":70,"(Float16(0.05005), 0.060048828125)":30},"44":{"(Float16(0.05002), 0.060018310546875)":42,"(Float16(0.948), 0.9582421875)":58},"9":{"(Float16(0.05002), 0.060018310546875)":37,"(Float16(0.948), 0.9582421875)":63},"31":{"(Float16(0.05017), 0.0601708984375)":52,"(Float16(0.948), 0.9582421875)":48},"74":{"(Float16(0.05005), 0.060048828125)":47,"(Float16(0.948), 0.9582421875)":53},"61":{"(Float16(0.05005), 0.060048828125)":42,"(Float16(0.948), 0.9582421875)":58},"29":{"(Float16(0.9487), 0.95873046875)":55,"(Float16(0.0502), 0.060201416015625)":45},"94":{"(Float16(0.9487), 0.95873046875)":73,"(Float16(0.05008), 0.060079345703125)":27},"46":{"(Float16(0.05005), 0.060048828125)":52,"(Float16(0.948), 0.9582421875)":48},"57":{"(Float16(0.05017), 0.0601708984375)":56,"(Float16(0.948), 0.9582421875)":44},"70":{"(Float16(0.05005), 0.060048828125)":40,"(Float16(0.948), 0.9582421875)":60},"21":{"(Float16(0.0502), 0.060201416015625)":61,"(Float16(0.949), 0.95921875)":39},"38":{"(Float16(0.949), 0.95921875)":55,"(Float16(0.05), 0.05998779296875)":45},"88":{"(Float16(0.949), 0.95921875)":47,"(Float16(0.05005), 0.060048828125)":53},"78":{"(Float16(0.949), 0.95921875)":47,"(Float16(0.05014), 0.060140380859375)":53},"72":{"(Float16(0.05005), 0.060048828125)":34,"(Float16(0.948), 0.9582421875)":66},"24":{"(Float16(0.949), 0.95921875)":35,"(Float16(0.05023), 0.06023193359375)":65},"8":{"(Float16(0.9487), 0.95873046875)":53,"(Float16(0.05005), 0.060048828125)":47},"17":{"(Float16(0.0501), 0.06010986328125)":54,"(Float16(0.949), 0.95921875)":46},"37":{"(Float16(0.949), 0.95921875)":56,"(Float16(0.05005), 0.060048828125)":44},"1":{"(Float16(0.949), 0.95921875)":60,"(Float16(0.05), 0.05998779296875)":40},"53":{"(Float16(0.05017), 0.0601708984375)":73,"(Float16(0.949), 0.95921875)":27},"22":{"(Float16(0.9487), 0.95873046875)":46,"(Float16(0.05014), 0.060140380859375)":54},"47":{"(Float16(0.949), 0.95921875)":60,"(Float16(0.05005), 0.060048828125)":40},"83":{"(Float16(0.949), 0.95921875)":58,"(Float16(0.05014), 0.060140380859375)":42},"99":{"(Float16(0.05002), 0.060018310546875)":47,"(Float16(0.949), 0.95921875)":53},"89":{"(Float16(0.9487), 0.95873046875)":44,"(Float16(0.05005), 0.060048828125)":56},"14":{"(Float16(0.0501), 0.06010986328125)":50,"(Float16(0.948), 0.9582421875)":50},"3":{"(Float16(0.949), 0.95921875)":40,"(Float16(0.05005), 0.060048828125)":60},"80":{"(Float16(0.05002), 0.060018310546875)":53,"(Float16(0.949), 0.95921875)":47},"96":{"(Float16(0.0501), 0.06010986328125)":50,"(Float16(0.949), 0.95921875)":50},"51":{"(Float16(0.05002), 0.060018310546875)":34,"(Float16(0.949), 0.95921875)":66},"33":{"(Float16(0.05002), 0.060018310546875)":35,"(Float16(0.948), 0.9582421875)":65},"40":{"(Float16(0.05005), 0.060048828125)":41,