{"5":{"(Float16(0.0003262), Float16(1.0))":100},"56":{"(Float16(0.0002952), Float16(1.0))":100},"35":{"(Float16(0.0003655), Float16(1.0))":100},"55":{"(Float16(0.0002875), Float16(1.0))":100},"60":{"(Float16(0.0003386), Float16(1.0))":100},"30":{"(Float16(0.0003371), Float16(1.0))":100},"32":{"(Float16(0.0005183), Float16(1.001))":100},"6":{"(Float16(0.0003169), Float16(1.0))":100},"67":{"(Float16(0.0003157), Float16(1.0))":100},"45":{"(Float16(0.0003557), Float16(1.0))":100},"73":{"(Float16(0.0004132), Float16(1.0))":100},"64":{"(Float16(0.0002332), Float16(1.0))":100},"90":{"(Float16(0.0003877), Float16(1.0))":100},"4":{"(Float16(0.000341), Float16(1.0))":100},"13":{"(Float16(0.000373), Float16(1.0))":100},"54":{"(Float16(0.0002314), Float16(1.0))":100},"63":{"(Float16(0.0003302), Float16(1.0))":100},"86":{"(Float16(0.0005198), Float16(1.001))":100},"91":{"(Float16(0.000255), Float16(1.0))":100},"62":{"(Float16(0.0003638), Float16(1.0))":100},"58":{"(Float16(0.0003388), Float16(1.0))":100},"52":{"(Float16(0.0003839), Float16(1.0))":100},"12":{"(Float16(0.0003572), Float16(1.0))":100},"28":{"(Float16(0.0004208), Float16(1.0))":100},"75":{"(Float16(0.0003364), Float16(1.0))":100},"23":{"(Float16(0.0002427), Float16(1.0))":100},"92":{"(Float16(0.0003843), Float16(1.0))":100},"41":{"(Float16(0.0003846), Float16(1.0))":100},"43":{"(Float16(0.0002604), Float16(1.0))":100},"11":{"(Float16(0.000396), Float16(1.0))":100},"36":{"(Float16(0.000277), Float16(1.0))":100},"68":{"(Float16(0.0004492), Float16(1.0))":100},"69":{"(Float16(0.0003), Float16(1.0))":100},"98":{"(Float16(0.00026), Float16(1.0))":100},"82":{"(Float16(0.0002214), Float16(1.0))":100},"85":{"(Float16(0.0002794), Float16(1.0))":100},"39":{"(Float16(0.0003161), Float16(1.0))":100},"84":{"(Float16(0.000249), Float16(1.0))":100},"77":{"(Float16(0.0002985), Float16(1.0))":100},"7":{"(Float16(0.0002923), Float16(1.0))":100},"25":{"(Float16(0.0003383), Float16(1.0))":100},"95":{"(Float16(0.0003355), Float16(1.0))":100},"71":{"(Float16(0.0004387), Float16(1.0))":100},"66":{"(Float16(0.000324), Float16(1.0))":100},"76":{"(Float16(0.0003188), Float16(1.0))":100},"34":{"(Float16(0.0002127), Float16(1.0))":100},"50":{"(Float16(0.0003853), Float16(1.0))":100},"59":{"(Float16(0.000261), Float16(1.0))":100},"93":{"(Float16(0.000491), Float16(1.001))":100},"2":{"(Float16(0.000412), Float16(1.0))":100},"10":{"(Float16(0.0002291), Float16(1.0))":100},"18":{"(Float16(0.0003643), Float16(1.0))":100},"26":{"(Float16(0.0001998), Float16(1.0))":100},"27":{"(Float16(0.000315), Float16(1.0))":100},"42":{"(Float16(0.000361), Float16(1.0))":100},"87":{"(Float16(0.0003715), Float16(1.0))":100},"100":{"(Float16(0.0003333), Float16(1.0))":100},"79":{"(Float16(0.000307), Float16(1.0))":100},"16":{"(Float16(0.0003426), Float16(1.0))":100},"20":{"(Float16(0.000443), Float16(1.0))":100},"81":{"(Float16(0.000316), Float16(1.0))":100},"19":{"(Float16(0.00032), Float16(1.0))":100},"49":{"(Float16(0.000299), Float16(1.0))":100},"44":{"(Float16(0.0001712), Float16(1.0))":100},"9":{"(Float16(0.0002713), Float16(1.0))":100},"31":{"(Float16(0.0003111), Float16(1.0))":100},"74":{"(Float16(0.0002666), Float16(1.0))":100},"61":{"(Float16(0.0003917), Float16(1.0))":100},"29":{"(Float16(0.0004172), Float16(1.0))":100},"94":{"(Float16(0.0002677), Float16(1.0))":100},"46":{"(Float16(0.0004249), Float16(1.0))":100},"57":{"(Float16(0.0002425), Float16(1.0))":100},"70":{"(Float16(0.0002952), Float16(1.0))":100},"21":{"(Float16(0.0003524), Float16(1.0))":100},"38":{"(Float16(0.0005026), Float16(1.001))":100},"88":{"(Float16(0.0002553), Float16(1.0))":100},"78":{"(Float16(0.0001917), Float16(1.0))":100},"72":{"(Float16(0.0002644), Float16(1.0))":100},"24":{"(Float16(0.0002995), Float16(1.0))":100},"8":{"(Float16(0.000391), Float16(1.0))":100},"17":{"(Float16(0.0002227), Float16(1.0))":100},"37":{"(Float16(0.0003982), Float16(1.0))":100},"1":{"(Float16(0.000341), Float16(1.0))":100},"53":{"(Float16(0.0003204), Float16(1.0))":100},"22":{"(Float16(0.000252), Float16(1.0))":100},"47":{"(Float16(0.0002644), Float16(1.0))":100},"83":{"(Float16(0.0004034), Float16(1.0))":100},"99":{"(Float16(0.00032), Float16(1.0))":100},"89":{"(Float16(0.0003057), Float16(1.0))":100},"14":{"(Float16(0.0002663), Float16(1.0))":100},"3":{"(Float16(0.0002942), Float16(1.0))":100},"80":{"(Float16(0.000549), Float16(1.001))":100},"96":{"(Float16(0.000322), Float16(1.0))":100},"51":{"(Float16(0.000424), Float16(1.0))":100},"33":{"(Float16(0.000386), Float16(1.0))":100},"40":{"(Float16(0.0003896), Float16(1.0))":100},"48":{"(Float16(0.00034), Float16(1.0))":100},"15":{"(Float16(0.0003338), Float16(1.0))":100},"65":{"(Float16(0.000256), Float16(1.0))":100},"97":{"(Float16(0.0003343), Float16(1.0))":100}}