{"4":{"(Float16(0.05002), Float16(0.45))":12,"(Float16(0.501), Float16(0.901))":88},"1":{"(Float16(0.5005), Float16(0.9004))":93,"(Float16(0.05005), Float16(0.45))":7},"5":{"(Float16(0.498), Float16(0.898))":100},"2":{"(Float16(0.948), Float16(1.349))":2,"(Float16(0.498), Float16(0.898))":98},"3":{"(Float16(0.4985), Float16(0.8984))":94,"(Float16(0.9497), Float16(1.35))":6}}