{"32":{"(Float16(0.9487), Float16(1.249))":26,"(Float16(0.498), Float16(0.798))":74},"29":{"(Float16(0.4995), Float16(0.7993))":88,"(Float16(0.05002), Float16(0.35))":3,"(Float16(0.9478), Float16(1.248))":9},"81":{"(Float16(0.5005), Float16(0.8003))":72,"(Float16(0.05026), Float16(0.3503))":28},"54":{"(Float16(0.5005), Float16(0.8003))":93,"(Float16(0.9473), Float16(1.247))":7},"78":{"(Float16(0.949), Float16(1.249))":2,"(Float16(0.5005), Float16(0.8003))":94,"(Float16(0.05115), Float16(0.351))":4},"1":{"(Float16(0.948), Float16(1.248))":5,"(Float16(0.5005), Float16(0.8003))":95},"2":{"(Float16(0.948), Float16(1.248))":26,"(Float16(0.499), Float16(0.799))":74},"74":{"(Float16(0.5005), Float16(0.8003))":66,"(Float16(0.05), Float16(0.35))":34},"41":{"(Float16(0.4978), Float16(0.798))":93,"(Float16(0.949), Float16(1.249))":7},"65":{"(Float16(0.4995), Float16(0.7993))":85,"(Float16(0.9478), Float16(1.248))":15},"53":{"(Float16(0.949), Float16(1.249))":14,"(Float16(0.498), Float16(0.798))":86},"51":{"(Float16(0.948), Float16(1.248))":5,"(Float16(0.5005), Float16(0.8003))":95},"27":{"(Float16(0.5005), Float16(0.8003))":99,"(Float16(0.95), Float16(1.25))":1},"75":{"(Float16(0.948), Float16(1.248))":1,"(Float16(0.5), Float16(0.8))":99},"42":{"(Float16(0.5005), Float16(0.8003))":97,"(Float16(0.9473), Float16(1.247))":3},"33":{"(Float16(0.948), Float16(1.248))":7,"(Float16(0.498), Float16(0.798))":93},"28":{"(Float16(0.499), Float16(0.799))":82,"(Float16(0.9487), Float16(1.249))":18},"52":{"(Float16(0.501), Float16(0.801))":86,"(Float16(0.05023), Float16(0.3503))":14},"50":{"(Float16(0.5005), Float16(0.8003))":80,"(Float16(0.95), Float16(1.25))":1,"(Float16(0.05017), Float16(0.35))":19},"63":{"(Float16(0.05066), Float16(0.3506))":65,"(Float16(0.95), Float16(1.25))":35},"92":{"(Float16(0.948), Float16(1.248))":31,"(Float16(0.05005), Float16(0.35))":2,"(Float16(0.4985), Float16(0.7983))":67},"88":{"(Float16(0.501), Float16(0.801))":66,"(Float16(0.05), Float16(0.35))":34},"93":{"(Float16(0.499), Float16(0.799))":83,"(Float16(0.949), Float16(1.249))":17},"26":{"(Float16(0.05005), Float16(0.35))":43,"(Float16(0.5), Float16(0.8))":57},"10":{"(Float16(0.4995), Float16(0.7993))":97,"(Float16(0.05145), Float16(0.3516))":3},"77":{"(Float16(0.5005), Float16(0.8003))":82,"(Float16(0.05048), Float16(0.3506))":18},"87":{"(Float16(0.949), Float16(1.249))":1,"(Float16(0.0504), Float16(0.3503))":4,"(Float16(0.5005), Float16(0.8003))":95},"24":{"(Float16(0.0501), Float16(0.35))":23,"(Float16(0.951), Float16(1.251))":2,"(Float16(0.5005), Float16(0.8003))":75},"58":{"(Float16(0.0503), Float16(0.3503))":25,"(Float16(0.5005), Float16(0.8003))":75},"25":{"(Float16(0.05054), Float16(0.3506))":13,"(Float16(0.9487), Float16(1.249))":1,"(Float16(0.5005), Float16(0.8003))":86},"23":{"(Float16(0.95), Float16(1.25))":34,"(Float16(0.498), Float16(0.798))":66},"49":{"(Float16(0.5005), Float16(0.8003))":89,"(Float16(0.0507), Float16(0.3506))":11},"59":{"(Float16(0.501), Float16(0.801))":78,"(Float16(0.05035), Float16(0.3503))":22},"5":{"(Float16(0.948), Float16(1.248))":4,"(Float16(0.4985), Float16(0.7983))":96},"31":{"(Float16(0.05005), Float16(0.35))":56,"(Float16(0.949), Float16(1.249))":44},"89":{"(Float16(0.05005), Float16(0.35))":15,"(Float16(0.501), Float16(0.801))":85},"62":{"(Float16(0.4978), Float16(0.798))":61,"(Float16(0.949), Float16(1.249))":39},"43":{"(Float16(0.05008), Float16(0.35))":24,"(Float16(0.5005), Float16(0.8003))":76},"90":{"(Float16(0.499), Float16(0.799))":96,"(Float16(0.05133), Float16(0.3513))":4},"39":{"(Float16(0.5005), Float16(0.8003))":97,"(Float16(0.9473), Float16(1.247))":3},"34":{"(Float16(0.498), Float16(0.798))":95,"(Float16(0.9473), Float16(1.247))":5},"44":{"(Float16(0.498), Float16(0.798))":100},"94":{"(Float16(0.948), Float16(1.248))":10,"(Float16(0.4985), Float16(0.7983))":87,"(Float16(0.05142), Float16(0.3513))":3},"55":{"(Float16(0.4978), Float16(0.798))":92,"(Float16(0.05035), Float16(0.3503))":2,"(Float16(0.9473), Float16(1.247))":6},"86":{"(Float16(0.4995), Float16(0.7993))":99,"(Float16(0.05127), Float16(0.3513))":1},"17":{"(Float16(0.05), Float16(0.35))":46,"(Float16(0.9473), Float16(1.247))":54},"99":{"(Float16(0.501), Float16(0.801))":78,"(Float16(0.05023), Float16(0.3503))":22},"71":{"(Float16(0.5005), Float16(0.8003))":96,"(Float16(0.9473), Float16(1.247))":4},"37":{"(Float16(0.05063), Float16(0.3506))":11,"(Float16(0.5005), Float16(0.8003))":89},"47":{"(Float16(0.05176), Float16(0.3518))":1,"(Float16(0.949), Float16(1.249))":3,"(Float16(0.4978), Float16(0.798))":96},"9":{"(Float16(0.501), Float16(0.801))":78,"(Float16(0.05017), Float16(0.35))":22},"73":{"(Float16(0.0501), Float16(0.35))":1,"(Float16(0.4976), Float16(0.7974))":99},"82":{"(Float16(0.05002), Float16(0.35))":20,"(Float16(0.5005), Float16(0.8003))":80},"12":{"(Float16(0.949), Float16(1.249))":3,"(Float16(0.5005), Float16(0.8003))":86,"(Float16(0.05072), Float16(0.3508))":11},"79":{"(Float16(0.498), Float16(0.798))":100},"20":{"(Float16(0.5005), Float16(0.8003))":99,"(Float16(0.05127), Float16(0.3513))":1},"6":{"(Float16(0.5005), Float16(0.8003))":85,"(Float16(0.05035), Float16(0.3503))":15},"84":{"(Float16(0.9487), Float16(1.249))":26,"(Float16(0.4985), Float16(0.7983))":74},"80":{"(Float16(0.4995), Float16(0.7993))":98,"(Float16(0.05115), Float16(0.351))":2},"98":{"(Float16(0.5005), Float16(0.8003))":93,"(Float16(0.0512), Float16(0.3513))":3,"(Float16(0.9478), Float16(1.248))":4},"70":{"(Float16(0.0506), Float16(0.3506))":6,"(Float16(0.5005), Float16(0.8003))":94},"14":{"(Float16(0.05054), Float16(0.3506))":13,"(Float16(0.5005), Float16(0.8003))":87},"7":{"(Float16(0.95), Float16(1.25))":10,"(Float16(0.05038), Float16(0.3503))":90},"96":{"(Float16(0.4978), Float16(0.798))":100},"57":{"(Float16(0.948), Float16(1.248))":24,"(Float16(0.4978), Float16(0.798))":76},"8":{"(Float16(0.5005), Float16(0.8003))":74,"(Float16(0.05), Float16(0.35))":26},"64":{"(Float16(0.5005), Float16(0.8003))":84,"(Float16(0.05017), Float16(0.35))":16},"19":{"(Float16(0.05005), Float16(0.35))":53,"(Float16(0.949), Float16(1.249))":47},"91":{"(Float16(0.05032), Float16(0.3503))":12,"(Float16(0.501), Float16(0.801))":88},"69":{"(Float16(0.499), Float16(0.799))":99,"(Float16(0.05133), Float16(0.3513))":1},"60":{"(Float16(0.948), Float16(1.248))":36,"(Float16(0.4983), Float16(0.7983))":64},"97":{"(Float16(0.5005), Float16(0.8003))":64,"(Float16(0.05), Float16(0.35))":36},"4":{"(Float16(0.9487), Float16(1.249))":24,"(Float16(0.4985), Float16(0.7983))":76},"22":{"(Float16(0.05066), Float16(0.3506))":21,"(Float16(0.5005), Float16(0.8003))":79},"11":{"(Float16(0.5005), Float16(0.8003))":72,"(Float16(0.05035), Float16(0.3503))":28},"35":{"(Float16(0.05157), Float16(0.3516))":1,"(Float16(0.499), Float16(0.799))":99},"13":{"(Float16(0.948), Float16(1.248))":29,"(Float16(0.4978), Float16(0.798))":71},"67":{"(Float16(0.4976), Float16(0.7974))":88,"(Float16(0.05005), Float16(0.35))":3,"(Float16(0.9473), Float16(1.247))":9},"61":{"(Float16(0.9497), Float16(1.25))":33,"(Float16(0.498), Float16(0.798))":67},"15":{"(Float16(0.5005), Float16(0.8003))":100},"100":{"(Float16(0.0501), Float16(0.35))":23,"(Float16(0.501), Float16(0.801))":77},"16":{"(Float16(0.949), Float16(1.249))":4,"(Float16(0.5005), Float16(0.8003))":75,"(Float16(0.05026), Float16(0.3503))":21},"40":{"(Float16(0.948), Float16(1.248))":16,"(Float16(0.498), Float16(0.798))":84},"46":{"(Float16(0.948), Float16(1.248))":21,"(Float16(0.499), Float16(0.799))":79},"21":{"(Float16(0.5005), Float16(0.8003))":100},"38":{"(Float16(0.05096), Float16(0.351))":3,"(Float16(0.5005), Float16(0.8003))":97},"72":{"(Float16(0.9487), Float16(1.249))":58,"(Float16(0.05), Float16(0.35))":42},"83":{"(Float16(0.949), Float16(1.249))":14,"(Float16(0.498), Float16(0.798))":83,"(Float16(0.0502), Float16(0.35))":3},"45":{"(Float16(0.949), Float16(1.249))":40,"(Float16(0.498), Float16(0.798))":60},"68":{"(Float16(0.499), Float16(0.799))":94,"(Float16(0.9473), Float16(1.247))":6},