{"5":{"(Float16(0.501), Float16(0.701))":40,"(Float16(0.998), Float16(1.198))":30,"(Float16(0.000901), Float16(0.2009))":30},"56":{"(Float16(0.501), Float16(0.701))":38,"(Float16(0.9985), Float16(1.198))":25,"(Float16(0.000606), Float16(0.2006))":37},"35":{"(Float16(0.501), Float16(0.701))":40,"(Float16(0.998), Float16(1.198))":26,"(Float16(0.0005894), Float16(0.2006))":34},"55":{"(Float16(0.501), Float16(0.701))":28,"(Float16(0.998), Float16(1.198))":33,"(Float16(0.0005074), Float16(0.2006))":39},"60":{"(Float16(0.0007057), Float16(0.2007))":35,"(Float16(0.4995), Float16(0.6997))":41,"(Float16(0.999), Float16(1.199))":24},"30":{"(Float16(0.998), Float16(1.198))":24,"(Float16(0.00055), Float16(0.2006))":31,"(Float16(0.5), Float16(0.7))":45},"32":{"(Float16(0.501), Float16(0.701))":50,"(Float16(0.999), Float16(1.199))":25,"(Float16(0.000715), Float16(0.2007))":25},"6":{"(Float16(0.0007124), Float16(0.2007))":28,"(Float16(0.9976), Float16(1.197))":30,"(Float16(0.5), Float16(0.7))":42},"67":{"(Float16(0.000516), Float16(0.2006))":26,"(Float16(0.9985), Float16(1.198))":37,"(Float16(0.4983), Float16(0.698))":37},"45":{"(Float16(0.501), Float16(0.701))":46,"(Float16(0.999), Float16(1.199))":23,"(Float16(0.0006285), Float16(0.2007))":31},"73":{"(Float16(0.998), Float16(1.198))":33,"(Float16(0.4995), Float16(0.6997))":40,"(Float16(0.0004334), Float16(0.2004))":27},"64":{"(Float16(0.0004716), Float16(0.2004))":26,"(Float16(0.997), Float16(1.197))":30,"(Float16(0.499), Float16(0.699))":44},"90":{"(Float16(0.998), Float16(1.198))":28,"(Float16(0.4995), Float16(0.6997))":32,"(Float16(0.0006), Float16(0.2006))":40},"4":{"(Float16(0.0005846), Float16(0.2006))":36,"(Float16(0.501), Float16(0.701))":50,"(Float16(0.997), Float16(1.197))":14},"13":{"(Float16(0.501), Float16(0.701))":45,"(Float16(0.998), Float16(1.198))":25,"(Float16(0.000614), Float16(0.2006))":30},"54":{"(Float16(0.4995), Float16(0.6997))":48,"(Float16(0.997), Float16(1.197))":30,"(Float16(0.0002085), Float16(0.2002))":22},"63":{"(Float16(0.0003767), Float16(0.2003))":34,"(Float16(0.501), Float16(0.701))":39,"(Float16(0.999), Float16(1.199))":27},"86":{"(Float16(0.501), Float16(0.701))":38,"(Float16(0.999), Float16(1.199))":30,"(Float16(0.000477), Float16(0.2004))":32},"91":{"(Float16(0.501), Float16(0.701))":17,"(Float16(0.997), Float16(1.197))":39,"(Float16(0.000661), Float16(0.2007))":44},"62":{"(Float16(0.0006614), Float16(0.2007))":30,"(Float16(0.4995), Float16(0.6997))":41,"(Float16(0.999), Float16(1.199))":29},"58":{"(Float16(0.0006747), Float16(0.2007))":22,"(Float16(0.998), Float16(1.198))":26,"(Float16(0.4995), Float16(0.6997))":52},"52":{"(Float16(0.000677), Float16(0.2007))":21,"(Float16(0.998), Float16(1.198))":33,"(Float16(0.4995), Float16(0.6997))":46},"12":{"(Float16(0.501), Float16(0.701))":44,"(Float16(0.999), Float16(1.199))":22,"(Float16(0.0006576), Float16(0.2007))":34},"28":{"(Float16(0.0006804), Float16(0.2007))":27,"(Float16(0.4995), Float16(0.6997))":44,"(Float16(0.999), Float16(1.199))":29},"75":{"(Float16(0.501), Float16(0.701))":38,"(Float16(0.0004816), Float16(0.2004))":33,"(Float16(0.999), Float16(1.199))":29},"23":{"(Float16(0.998), Float16(1.198))":34,"(Float16(0.4995), Float16(0.6997))":43,"(Float16(0.0004342), Float16(0.2004))":23},"92":{"(Float16(0.0001609), Float16(0.2002))":22,"(Float16(0.998), Float16(1.198))":30,"(Float16(0.4995), Float16(0.6997))":48},"41":{"(Float16(0.501), Float16(0.701))":42,"(Float16(0.998), Float16(1.198))":27,"(Float16(0.001136), Float16(0.2012))":31},"43":{"(Float16(0.998), Float16(1.198))":31,"(Float16(0.000407), Float16(0.2004))":26,"(Float16(0.499), Float16(0.699))":43},"11":{"(Float16(0.4995), Float16(0.6997))":60,"(Float16(0.999), Float16(1.199))":24,"(Float16(0.0005445), Float16(0.2006))":16},"36":{"(Float16(0.0003412), Float16(0.2003))":32,"(Float16(0.998), Float16(1.198))":16,"(Float16(0.5), Float16(0.7))":52},"68":{"(Float16(0.501), Float16(0.701))":44,"(Float16(0.998), Float16(1.198))":26,"(Float16(0.00076), Float16(0.2008))":30},"69":{"(Float16(0.501), Float16(0.701))":44,"(Float16(0.997), Float16(1.197))":26,"(Float16(0.000328), Float16(0.2003))":30},"98":{"(Float16(0.0002685), Float16(0.2003))":29,"(Float16(0.501), Float16(0.701))":44,"(Float16(0.998), Float16(1.198))":27},"82":{"(Float16(0.0003629), Float16(0.2003))":21,"(Float16(0.9976), Float16(1.197))":33,"(Float16(0.5), Float16(0.7))":46},"85":{"(Float16(0.501), Float16(0.701))":42,"(Float16(0.998), Float16(1.198))":27,"(Float16(0.000794), Float16(0.2008))":31},"39":{"(Float16(0.501), Float16(0.701))":35,"(Float16(0.0006514), Float16(0.2007))":34,"(Float16(0.998), Float16(1.198))":31},"84":{"(Float16(0.998), Float16(1.198))":37,"(Float16(0.4995), Float16(0.6997))":32,"(Float16(0.000532), Float16(0.2006))":31},"77":{"(Float16(0.0003958), Float16(0.2004))":24,"(Float16(0.4995), Float16(0.6997))":30,"(Float16(0.996), Float16(1.196))":46},"7":{"(Float16(0.998), Float16(1.198))":33,"(Float16(0.00017), Float16(0.2002))":27,"(Float16(0.4995), Float16(0.6997))":40},"25":{"(Float16(0.501), Float16(0.701))":47,"(Float16(0.998), Float16(1.198))":29,"(Float16(0.0003703), Float16(0.2003))":24},"95":{"(Float16(0.501), Float16(0.701))":54,"(Float16(0.998), Float16(1.198))":19,"(Float16(0.000514), Float16(0.2006))":27},"71":{"(Float16(0.498), Float16(0.698))":58,"(Float16(0.0002302), Float16(0.2002))":11,"(Float16(0.9976), Float16(1.197))":31},"66":{"(Float16(0.00010324), Float16(0.2001))":35,"(Float16(0.501), Float16(0.701))":41,"(Float16(0.9976), Float16(1.197))":24},"76":{"(Float16(0.0004637), Float16(0.2004))":28,"(Float16(0.501), Float16(0.701))":49,"(Float16(0.999), Float16(1.199))":23},"34":{"(Float16(0.501), Float16(0.701))":36,"(Float16(0.999), Float16(1.199))":29,"(Float16(0.000654), Float16(0.2007))":35},"50":{"(Float16(0.4995), Float16(0.6997))":33,"(Float16(0.000633), Float16(0.2007))":29,"(Float16(0.9976), Float16(1.197))":38},"59":{"(Float16(0.998), Float16(1.198))":30,"(Float16(0.4995), Float16(0.6997))":45,"(Float16(0.000767), Float16(0.2008))":25},"93":{"(Float16(0.0004694), Float16(0.2004))":36,"(Float16(0.501), Float16(0.701))":34,"(Float16(0.998), Float16(1.198))":30},"2":{"(Float16(0.501), Float16(0.701))":58,"(Float16(0.000628), Float16(0.2007))":30,"(Float16(0.999), Float16(1.199))":12},"10":{"(Float16(0.501), Float16(0.701))":28,"(Float16(0.998), Float16(1.198))":36,"(Float16(0.0003347), Float16(0.2003))":36},"18":{"(Float16(0.0003085), Float16(0.2003))":31,"(Float16(0.997), Float16(1.197))":31,"(Float16(0.5), Float16(0.7))":38},"26":{"(Float16(0.501), Float16(0.701))":38,"(Float16(0.000489), Float16(0.2004))":37,"(Float16(0.999), Float16(1.199))":25},"27":{"(Float16(0.4995), Float16(0.6997))":46,"(Float16(0.0003648), Float16(0.2003))":20,"(Float16(0.997), Float16(1.197))":34},"42":{"(Float16(0.501), Float16(0.701))":42,"(Float16(0.000468), Float16(0.2004))":29,"(Float16(0.997), Float16(1.197))":29},"87":{"(Float16(0.0006948), Float16(0.2007))":27,"(Float16(0.999), Float16(1.199))":35,"(Float16(0.5), Float16(0.7))":38},"100":{"(Float16(0.4995), Float16(0.6997))":52,"(Float16(0.000594), Float16(0.2006))":27,"(Float16(0.999), Float16(1.199))":21},"79":{"(Float16(0.501), Float16(0.701))":40,"(Float16(0.998), Float16(1.198))":17,"(Float16(0.000599), Float16(0.2006))":43},"16":{"(Float16(0.501), Float16(0.701))":46,"(Float16(0.0008335), Float16(0.2008))":31,"(Float16(0.999), Float16(1.199))":23},"20":{"(Float16(0.501), Float16(0.701))":39,"(Float16(0.000496), Float16(0.2004))":37,"(Float16(0.999), Float16(1.199))":24},"81":{"(Float16(0.0005097), Float16(0.2006))":14,"(Float16(0.9976), Float16(1.197))":38,"(Float16(0.5), Float16(0.7))":48},"19":{"(Float16(0.501), Float16(0.701))":38,"(Float16(0.0005646), Float16(0.2006))":28,"(Float16(0.999), Float16(1.199))":34},"49":{"(Float16(0.501), Float16(0.701))":66,"(Float16(0.0005217), Float16(0.2006))":19,"(Float16(0.997), Float16(1.197))":15},"44":{"(Float16(0.998), Float16(1.198))":30,