{"1": [0.4995, 0.4998, 0.95, 0.05014, 0.9497, 0.0503, 0.95, 0.4995, 0.0522, 0.4995, 0.4995, 0.4995, 0.4995, 0.05023, 0.4998, 0.4995, 0.4995, 0.4998, 0.4998, 0.4995, 0.4995, 0.0503, 0.05045, 0.95, 0.4995, 0.05106, 0.949, 0.4995, 0.4998, 0.95, 0.4998, 0.4995, 0.4995, 0.4995, 0.4995, 0.4995, 0.05023, 0.4995, 0.4995, 0.0503, 0.9497, 0.4995, 0.4995, 0.05096, 0.4995, 0.05035, 0.95, 0.95, 0.9497, 0.4995, 0.05045, 0.4998, 0.95, 0.4995, 0.949, 0.4998, 0.0507, 0.4995, 0.4995, 0.95, 0.4995, 0.9497, 0.95, 0.05048, 0.4995, 0.4995, 0.4995, 0.4995, 0.4995, 0.4995, 0.4998, 0.949, 0.9497, 0.9497, 0.95, 0.4995, 0.4995, 0.95, 0.4995, 0.4995, 0.0503, 0.4995, 0.4998, 0.95, 0.4995, 0.9497, 0.4995, 0.95, 0.4995, 0.4998, 0.4995, 0.0507, 0.9497, 0.4995, 0.949, 0.4998, 0.4995, 0.05106, 0.05035, 0.4995], "2": [0.0507, 0.5, 0.0509, 0.5015, 0.501, 0.7466, 0.95, 0.95, 0.0512, 0.949, 0.05103, 0.5, 0.5, 0.95, 0.9497, 0.95, 0.051, 0.0511, 0.05112, 0.95, 0.05115, 0.5, 0.5, 0.5, 0.5, 0.95, 0.948, 0.5, 0.95, 0.95, 0.05084, 0.05072, 0.5, 0.95, 0.95, 0.948, 0.5, 0.95, 0.5, 0.949, 0.05096, 0.5, 0.501, 0.5, 0.5, 0.5, 0.5, 0.05103, 0.95, 0.5, 0.5, 0.5005, 0.05048, 0.721, 0.5, 0.721, 0.0504, 0.9497, 0.05106, 0.5, 0.95, 0.5005, 0.949, 0.05054, 0.95, 0.0509, 0.95, 0.7466, 0.95, 0.05096, 0.05093, 0.5, 0.501, 0.0507, 0.05075, 0.5, 0.5, 0.05078, 0.5, 0.05066, 0.5, 0.9497, 0.5, 0.5, 0.0507, 0.05075, 0.0509, 0.05063, 0.5005, 0.05035, 0.5015, 0.5015, 0.949, 0.5, 0.05048, 0.5, 0.95, 0.5, 0.5, 0.5], "3": [0.05106, 0.0512, 0.4988, 0.5, 0.05115, 0.5, 0.0513, 0.4995, 0.0514, 0.75, 0.949, 0.05084, 0.5, 0.05145, 0.0515, 0.05148, 0.05023, 0.05087, 0.9497, 0.499, 0.95, 0.05084, 0.9497, 0.5, 0.05133, 0.0515, 0.5, 0.95, 0.05157, 0.0516, 0.05078, 0.4998, 0.5, 0.499, 0.499, 0.05157, 0.75, 0.95, 0.95, 0.95, 0.051, 0.5, 0.05115, 0.051, 0.5, 0.0509, 0.0509, 0.0514, 0.05115, 0.5, 0.949, 0.5, 0.4995, 0.5, 0.05103, 0.5, 0.95, 0.95, 0.95, 0.9497, 0.9497, 0.5, 0.05118, 0.95, 0.4998, 0.95, 0.5, 0.95, 0.05084, 0.5, 0.95, 0.0509, 0.5, 0.95, 0.5, 0.9497, 0.051, 0.051, 0.0511, 0.05078, 0.05106, 0.0507, 0.9497, 0.95, 0.05066, 0.95, 0.5, 0.95, 0.4998, 0.0514, 0.5, 0.05066, 0.5, 0.95, 0.5, 0.5, 0.4998, 0.5, 0.05066, 0.4995], "4": [0.0501, 0.0501, 0.05005, 0.05005, 0.5, 0.5, 0.9497, 0.05005, 0.05005, 0.5, 0.5, 0.5, 0.95, 0.05008, 0.95, 0.0501, 0.05005, 0.9497, 0.5, 0.5, 0.0501, 0.5, 0.7144, 0.0501, 0.5, 0.05008, 0.5, 0.95, 0.5, 0.5, 0.95, 0.05005, 0.05005, 0.948, 0.95, 0.95, 0.95, 0.95, 0.05005, 0.95, 0.5, 0.949, 0.95, 0.05005, 0.5, 0.05008, 0.5, 0.05005, 0.0501, 0.5, 0.9478, 0.0501, 0.5, 0.706, 0.5, 0.95, 0.05005, 0.0501, 0.5, 0.0501, 0.0501, 0.5, 0.0501, 0.95, 0.95, 0.9497, 0.05005, 0.7144, 0.5, 0.95, 0.949, 0.5, 0.0501, 0.5, 0.948, 0.5, 0.0501, 0.5, 0.0501, 0.5, 0.5, 0.5, 0.0501, 0.95, 0.05008, 0.5, 0.0501, 0.0501, 0.706, 0.5, 0.9497, 0.0501, 0.5, 0.5, 0.5, 0.95, 0.5, 0.5, 0.5, 0.05005], "5": [0.501, 0.501, 0.501, 0.501, 0.95, 0.95, 0.501, 0.501, 0.05017, 0.5005, 0.501, 0.0507, 0.501, 0.05203, 0.501, 0.05206, 0.501, 0.05032, 0.05066, 0.95, 0.501, 0.0501, 0.5005, 0.0507, 0.05032, 0.501, 0.5005, 0.501, 0.5005, 0.9497, 0.9497, 0.0502, 0.501, 0.5005, 0.0511, 0.5005, 0.05035, 0.05157, 0.5005, 0.501, 0.501, 0.2876, 0.95, 0.948, 0.5005, 0.05103, 0.05103, 0.0507, 0.949, 0.949, 0.95, 0.2876, 0.0501, 0.5005, 0.5005, 0.501, 0.05017, 0.05017, 0.05078, 0.5005, 0.501, 0.501, 0.95, 0.501, 0.9487, 0.95, 0.501, 0.0511, 0.05035, 0.501, 0.5005, 0.501, 0.948, 0.5005, 0.0502, 0.501, 0.501, 0.95, 0.501, 0.95, 0.05035, 0.501, 0.949, 0.501, 0.501, 0.05078, 0.501, 0.9497, 0.501, 0.948, 0.95, 0.501, 0.5005, 0.501, 0.948, 0.501, 0.948, 0.2876, 0.501, 0.501], "6": [0.949, 0.501, 0.05096, 0.05164, 0.949, 0.949, 0.0506, 0.9497, 0.05038, 0.4995, 0.05066, 0.0504, 0.949, 0.4998, 0.0516, 0.5, 0.4998, 0.05005, 0.949, 0.4998, 0.0504, 0.0506, 0.5, 0.949, 0.5, 0.949, 0.9497, 0.4995, 0.949, 0.5, 0.5005, 0.501, 0.5, 0.05096, 0.949, 0.949, 0.2896, 0.4995, 0.9497, 0.4995, 0.9497, 0.949, 0.4998, 0.4998, 0.949, 0.5, 0.05188, 0.4998, 0.5, 0.2896, 0.05032, 0.4993, 0.05032, 0.502, 0.5, 0.05164, 0.501, 0.5, 0.5, 0.5, 0.949, 0.949, 0.5005, 0.501, 0.0506, 0.949, 0.05045, 0.0516, 0.949, 0.5, 0.5, 0.949, 0.949, 0.949, 0.5, 0.5, 0.5, 0.949, 0.05188, 0.4995, 0.501, 0.5, 0.5, 0.05005, 0.0506, 0.5, 0.4995, 0.4995, 0.4995, 0.501, 0.5, 0.5, 0.501, 0.4998, 0.501, 0.5005, 0.949, 0.5, 0.5, 0.5], "7": [0.949, 0.5, 0.5, 0.949, 0.4998, 0.05032, 0.05136, 0.5, 0.5, 0.5, 0.0506, 0.0509, 0.05005, 0.5, 0.5005, 0.5, 0.05035, 0.05032, 0.05017, 0.05145, 0.5, 0.05157, 0.5, 0.9497, 0.05133, 0.2842, 0.949, 0.05157, 0.5, 0.5, 0.2866, 0.0511, 0.05072, 0.05032, 0.949, 0.05038, 0.9497, 0.5, 0.949, 0.949, 0.949, 0.0511, 0.4993, 0.5, 0.2866, 0.05008, 0.498, 0.949, 0.4993, 0.949, 0.05045, 0.5, 0.05048, 0.949, 0.5, 0.5, 0.05078, 0.05035, 0.05145, 0.4998, 0.949, 0.949, 0.9497, 0.5, 0.498, 0.4998, 0.5, 0.5, 0.5, 0.5, 0.05008, 0.949, 0.05005, 0.949, 0.05048, 0.498, 0.2842, 0.5, 0.5, 0.05145, 0.0506, 0.949, 0.5, 0.4998, 0.5, 0.05078, 0.05035, 0.9497, 0.4993, 0.2866, 0.949, 0.5, 0.05032, 0.949, 0.05045, 0.949, 0.949, 0.949, 0.5, 0.9497], "8": [0.501, 0.5015, 0.0504, 0.95, 0.501, 0.501, 0.949, 0.95, 0.501, 0.05048, 0.95, 0.5005, 0.05084, 0.2764, 0.501, 0.95, 0.05136, 0.501, 0.9497, 0.501, 0.0504, 0.95, 0.95, 0.95, 0.05054, 0.501, 0.501, 0.0502, 0.501, 0.5005, 0.9487, 0.501, 0.9497, 0.0508, 0.05106, 0.95, 0.95, 0.95, 0.5005, 0.501, 0.501, 0.0521, 0.05017, 0.05133, 0.501, 0.501, 0.501, 0.95, 0.501, 0.501, 0.501, 0.0501, 0.0502, 0.5015, 0.95, 0.502, 0.95, 0.502, 0.502, 0.501, 0.05084, 0.05106, 0.9497, 0.05133, 0.95, 0.95, 0.502, 0.502, 0.502, 0.502, 0.502, 0.05103, 0.5015, 0.95, 0.501, 0.501, 0.95, 0.95, 0.501, 0.9497, 0.501, 0.5005, 0.5005, 0.501, 0.05008, 0.2764, 0.501, 0.95, 0.9497, 0.5015, 0.501, 0.95, 0.95, 0.5015, 0.501, 0.0504, 0.05106, 0.501, 0.2764, 0.501], "9": [0.4995, 0.05035, 0.05075, 0.5, 0.0501, 0.05133, 0.5, 0.4998, 0.4998, 0.5, 0.4995, 0.4998, 0.948, 0.4995, 0.716, 0.0519, 0.9497, 0.4995, 0.9497, 0.05148, 0.05112, 0.95, 0.95, 0.95, 0.4998, 0.4998, 0.05148, 0.4995, 0.05054, 0.05054, 0.4995, 0.4995, 0.4995, 0.95, 0.4995, 0.4995, 0.05005, 0.95, 0.05005, 0.948, 0.05035, 0.05075, 0.05066, 0.95, 0.9497, 0.4995, 0.4995, 0.4998, 0.0509, 0.4995, 0.95, 0.95, 0.716, 0.95, 0.05017, 0.05148, 0.95, 0.4998, 0.0519, 0.05017, 0.4995, 0.4995, 0.95, 0.4995, 0.95, 0.4995, 0.0509, 0.4995, 0.4998, 0.9497, 0.95, 0.4995, 0.4995, 0.4995, 0.9497, 0.05133, 0.9497, 0.95, 0.95, 0.4995, 0.4995, 0.4995, 0.4995, 0.4995, 0.4995, 0.4995, 0.05112, 0.4995, 0.4995, 0.4995, 0.4995, 0.4998, 0.95, 0.9497, 0.4995, 0.05032, 0.4995, 0.4995, 0.95, 0.4995], "10": [0.949, 0.05, 0.05005, 0.9497, 0.4985, 0.5, 0.949, 0.949, 0.0501, 0.0501, 0.949, 0.5, 0.949, 0.949, 0.5, 0.5, 0.949, 0.949, 0.05005, 0.4995, 0.4995, 0.4995, 0.2896, 0.05017, 0.5, 0.949, 0.4985, 0.949, 0.949, 0.0503, 0.05017, 0.949, 0.5, 0.05005, 0.05005, 0.949, 0.05, 0.949, 0.949, 0.949, 0.5, 0.05005, 0.4998, 0.5, 0.949, 0.05005, 0.9497, 0.5, 0.5, 0.4998, 0.0504, 0.4995, 0.5, 0.9497, 0.4995, 0.0504, 0.05, 0.9497, 0.5, 0.05, 0.4995, 0.05005, 0.949, 0.949, 0.05, 0.4985, 0.949, 0.4995, 0.949, 0.5, 0.0503, 0.0503, 0.2551, 0.05005, 0.05005, 0.4995, 0.5, 0.9497, 0.5, 0.949, 0.5, 0.949, 0.949, 0.2551, 0.5, 0.5, 0.949, 0.4985, 0.949, 0.949, 0.4985, 0.2896, 0.949, 0.9497, 0.949, 0.949, 0.4985, 0.949, 0.4985, 0.949]}