{"5":{"(Float16(0.6396), Float16(0.6494))":62,"(Float16(7.89e-5), Float16(0.01008))":38},"56":{"(Float16(0.7227), Float16(0.7324))":4,"(Float16(0.6914), Float16(0.701))":11,"(Float16(0.4731), Float16(0.4832))":2,"(Float16(0.6006), Float16(0.6104))":2,"(Float16(0.668), Float16(0.6777))":5,"(Float16(0.0001988), Float16(0.0102))":53,"(Float16(0.7114), Float16(0.721))":4,"(Float16(0.657), Float16(0.667))":9,"(Float16(0.6113), Float16(0.621))":2,"(Float16(0.635), Float16(0.6445))":2,"(Float16(0.7495), Float16(0.7593))":6},"55":{"(Float16(0.6064), Float16(0.616))":51,"(Float16(0.0001476), Float16(0.01015))":49},"35":{"(Float16(0.0001255), Float16(0.010124))":38,"(Float16(0.5996), Float16(0.6094))":62},"60":{"(Float16(0.539), Float16(0.549))":72,"(Float16(1.13e-6), Float16(0.01))":28},"30":{"(Float16(0.6523), Float16(0.662))":65,"(Float16(0.0002135), Float16(0.010216))":35},"32":{"(Float16(0.673), Float16(0.6826))":50,"(Float16(0.00032), Float16(0.01032))":50},"6":{"(Float16(0.0001209), Float16(0.010124))":36,"(Float16(0.661), Float16(0.671))":64},"67":{"(Float16(6.0e-8), Float16(0.01))":89,"(Float16(0.7275), Float16(0.7373))":2,"(Float16(0.6733), Float16(0.683))":5,"(Float16(0.584), Float16(0.5938))":2,"(Float16(0.6987), Float16(0.7085))":2},"45":{"(Float16(0.6904), Float16(0.7))":49,"(Float16(8.154e-5), Float16(0.010086))":51},"73":{"(Float16(0.0001382), Float16(0.01014))":37,"(Float16(0.6797), Float16(0.6895))":63},"64":{"(Float16(0.659), Float16(0.669))":60,"(Float16(0.0001643), Float16(0.01017))":40},"90":{"(Float16(0.7275), Float16(0.7373))":66,"(Float16(0.0001315), Float16(0.01013))":34},"4":{"(Float16(7.42e-5), Float16(0.01008))":38,"(Float16(0.6465), Float16(0.6562))":62},"13":{"(Float16(0.6475), Float16(0.657))":60,"(Float16(0.0001259), Float16(0.01013))":40},"54":{"(Float16(0.000115), Float16(0.01012))":52,"(Float16(0.6865), Float16(0.6963))":48},"63":{"(Float16(0.8203), Float16(0.83))":2,"(Float16(0.695), Float16(0.7046))":7,"(Float16(0.7227), Float16(0.7324))":4,"(Float16(0.593), Float16(0.6025))":2,"(Float16(0.782), Float16(0.792))":2,"(Float16(0.0001248), Float16(0.010124))":64,"(Float16(0.7437), Float16(0.7534))":2,"(Float16(0.705), Float16(0.715))":5,"(Float16(0.672), Float16(0.6816))":2,"(Float16(0.796), Float16(0.8057))":4,"(Float16(0.623), Float16(0.633))":2,"(Float16(0.806), Float16(0.816))":4},"86":{"(Float16(0.664), Float16(0.674))":67,"(Float16(0.000142), Float16(0.01015))":33},"91":{"(Float16(0.5874), Float16(0.597))":1,"(Float16(0.0001358), Float16(0.01014))":99},"62":{"(Float16(0.0002096), Float16(0.01021))":35,"(Float16(0.6055), Float16(0.615))":65},"58":{"(Float16(0.6787), Float16(0.6885))":64,"(Float16(0.000145), Float16(0.01015))":36},"52":{"(Float16(0.0001545), Float16(0.010155))":36,"(Float16(0.616), Float16(0.626))":64},"12":{"(Float16(0.6357), Float16(0.6455))":60,"(Float16(0.00011206), Float16(0.01012))":40},"28":{"(Float16(0.5703), Float16(0.58))":75,"(Float16(0.0001457), Float16(0.01015))":25},"75":{"(Float16(0.0001489), Float16(0.010155))":100},"23":{"(Float16(0.0001295), Float16(0.01013))":35,"(Float16(0.675), Float16(0.6846))":65},"92":{"(Float16(4.864e-5), Float16(0.01005))":39,"(Float16(0.667), Float16(0.677))":61},"41":{"(Float16(0.6533), Float16(0.663))":55,"(Float16(1.6e-5), Float16(0.01002))":45},"43":{"(Float16(1.97e-6), Float16(0.01))":30,"(Float16(0.6816), Float16(0.6914))":70},"69":{"(Float16(0.618), Float16(0.628))":69,"(Float16(0.00011206), Float16(0.01012))":31},"11":{"(Float16(0.6484), Float16(0.658))":56,"(Float16(0.0001951), Float16(0.0102))":44},"68":{"(Float16(0.0001858), Float16(0.010185))":23,"(Float16(0.6094), Float16(0.619))":77},"98":{"(Float16(0.634), Float16(0.6436))":64,"(Float16(0.0001309), Float16(0.01013))":36},"36":{"(Float16(0.0001002), Float16(0.0101))":42,"(Float16(0.585), Float16(0.5947))":58},"82":{"(Float16(0.6533), Float16(0.663))":66,"(Float16(0.0002577), Float16(0.01026))":34},"85":{"(Float16(0.0001316), Float16(0.01013))":33,"(Float16(0.586), Float16(0.5957))":67},"39":{"(Float16(0.673), Float16(0.6826))":64,"(Float16(0.00010556), Float16(0.01011))":36},"84":{"(Float16(0.0001339), Float16(0.01014))":100},"77":{"(Float16(0.000252), Float16(0.010254))":32,"(Float16(0.5625), Float16(0.5723))":68},"7":{"(Float16(0.0001345), Float16(0.01014))":100},"25":{"(Float16(0.6143), Float16(0.624))":65,"(Float16(0.0001717), Float16(0.01018))":35},"95":{"(Float16(0.0001583), Float16(0.01016))":47,"(Float16(0.547), Float16(0.5566))":53},"71":{"(Float16(0.000317), Float16(0.01032))":28,"(Float16(0.6436), Float16(0.6533))":72},"66":{"(Float16(0.6714), Float16(0.681))":70,"(Float16(1.687e-5), Float16(0.01002))":30},"76":{"(Float16(0.673), Float16(0.6826))":62,"(Float16(0.0002375), Float16(0.01024))":38},"93":{"(Float16(0.5967), Float16(0.6064))":4,"(Float16(0.651), Float16(0.6606))":2,"(Float16(0.6934), Float16(0.703))":4,"(Float16(0.678), Float16(0.688))":9,"(Float16(0.626), Float16(0.6357))":4,"(Float16(0.6084), Float16(0.618))":4,"(Float16(0.5244), Float16(0.534))":2,"(Float16(0.582), Float16(0.592))":4,"(Float16(0.0003324), Float16(0.01034))":39,"(Float16(0.663), Float16(0.673))":12,"(Float16(0.637), Float16(0.647))":8,"(Float16(0.7695), Float16(0.7793))":2,"(Float16(0.7085), Float16(0.7183))":4,"(Float16(0.752), Float16(0.7617))":2},"50":{"(Float16(0.702), Float16(0.712))":64,"(Float16(0.000173), Float16(0.01018))":36},"59":{"(Float16(0.0001845), Float16(0.010185))":29,"(Float16(0.552), Float16(0.5615))":71},"34":{"(Float16(0.0002148), Float16(0.010216))":99,"(Float16(0.579), Float16(0.589))":1},"2":{"(Float16(0.0002618), Float16(0.01026))":32,"(Float16(0.537), Float16(0.547))":68},"27":{"(Float16(0.6543), Float16(0.664))":64,"(Float16(5.245e-5), Float16(0.010056))":36},"10":{"(Float16(0.00010806), Float16(0.01011))":40,"(Float16(0.621), Float16(0.631))":60},"26":{"(Float16(0.0001047), Float16(0.01011))":100},"18":{"(Float16(0.709), Float16(0.7188))":63,"(Float16(0.0002203), Float16(0.01022))":37},"42":{"(Float16(0.00011027), Float16(0.01011))":31,"(Float16(0.5977), Float16(0.6074))":69},"87":{"(Float16(0.7197), Float16(0.7295))":4,"(Float16(0.7715), Float16(0.7812))":6,"(Float16(0.7915), Float16(0.8013))":2,"(Float16(9.9e-6), Float16(0.01001))":81,"(Float16(0.749), Float16(0.759))":4,"(Float16(0.625), Float16(0.635))":3},"100":{"(Float16(0.0002203), Float16(0.01022))":33,"(Float16(0.5986), Float16(0.6084))":67},"79":{"(Float16(0.0002162), Float16(0.010216))":37,"(Float16(0.631), Float16(0.6406))":63},"16":{"(Float16(0.6836), Float16(0.6934))":64,"(Float16(0.0001425), Float16(0.01015))":36},"81":{"(Float16(0.632), Float16(0.6416))":63,"(Float16(0.0001462), Float16(0.01015))":37},"20":{"(Float16(0.6494), Float16(0.659))":65,"(Float16(0.0001523), Float16(0.010155))":35},"19":{"(Float16(0.622), Float16(0.632))":63,"(Float16(5.937e-5), Float16(0.01006))":37},"49":{"(Float16(0.659), Float16(0.669))":58,"(Float16(0.000164), Float16(0.01016))":42},"44":{"(Float16(0.0001628), Float16(0.01016))":27,"(Float16(0.6416), Float16(0.6514))":73},"31":{"(Float16(0.000276), Float16(0.01028))":34,"(Float16(0.5723), Float16(0.582))":66},"9":{"(Float16(0.6943), Float16(0.704))":59,"(Float16(0.0001638), Float16(0.01016))":41},"74":{"(Float16(0.6494), Float16(0.659))":65,"(Float16(0.0001302), Float16(0.01013))":35},"61":{"(Float16(6.694e-5), Float16(0.01007))":28,"(Float16(0.6885), Float16(0.698))":72},"29":{"(Float16(0.6123), Float16(0.622))":68,"(Float16(0.0001926), Float16(0.01019))":32},"94":{"(Float16(0.7188), Float16(0.7285))":4,"(Float16(0.6377), Float16(0.6475))":7,"(Float16(0.0002038), Float16(0.01021))":46,"(Float16(0.808), Float16(0.818))":2,"(Float16(0.7896), Float16(0.7993))":4,"(Float16(0.6562), Float16(0.666))":7,"(Float16(0.701), Float16(0.711))":10,"(Float16(0.627), Float16(0.6367))":8,"(Float16(0.677), Float16(0.6865))":6,"(Float16(0.6025), Float16(0.6123))":2,"(Float16(0.752), Float16(0.7617))":4},"46":{"(Float16(9.31e-5), Float16(0.01009))":33,"(Float16(0.634), Float16(0.6436))":67},