{"5":{"(Float16(0.000942), Float16(0.301))":40,"(Float16(0.6143), Float16(0.914))":60},"56":{"(Float16(0.7383), Float16(1.038))":53,"(Float16(0.0011425), Float16(0.301))":47},"35":{"(Float16(0.00096), Float16(0.301))":51,"(Float16(0.746), Float16(1.046))":49},"55":{"(Float16(0.716), Float16(1.016))":57,"(Float16(0.001089), Float16(0.301))":43},"60":{"(Float16(0.00121), Float16(0.3013))":38,"(Float16(0.715), Float16(1.015))":62},"30":{"(Float16(0.6416), Float16(0.9414))":60,"(Float16(0.000844), Float16(0.3008))":40},"32":{"(Float16(0.701), Float16(1.001))":50,"(Float16(0.001327), Float16(0.3013))":50},"6":{"(Float16(0.001435), Float16(0.3015))":58,"(Float16(0.784), Float16(1.084))":42},"67":{"(Float16(0.001663), Float16(0.3018))":41,"(Float16(0.702), Float16(1.002))":59},"45":{"(Float16(0.001802), Float16(0.3018))":40,"(Float16(0.7197), Float16(1.02))":60},"73":{"(Float16(0.707), Float16(1.007))":52,"(Float16(0.001489), Float16(0.3015))":48},"64":{"(Float16(0.713), Float16(1.013))":55,"(Float16(0.001644), Float16(0.3018))":45},"90":{"(Float16(0.0006933), Float16(0.3008))":47,"(Float16(0.7627), Float16(1.0625))":53},"4":{"(Float16(0.001095), Float16(0.301))":33,"(Float16(0.6455), Float16(0.9453))":67},"13":{"(Float16(0.661), Float16(0.961))":41,"(Float16(0.001539), Float16(0.3015))":59},"54":{"(Float16(0.6973), Float16(0.997))":53,"(Float16(0.001503), Float16(0.3015))":47},"63":{"(Float16(0.7217), Float16(1.021))":57,"(Float16(0.000945), Float16(0.301))":43},"86":{"(Float16(0.00105), Float16(0.301))":37,"(Float16(0.6357), Float16(0.9355))":63},"91":{"(Float16(0.6885), Float16(0.9883))":63,"(Float16(0.0010195), Float16(0.301))":37},"62":{"(Float16(0.00108), Float16(0.301))":36,"(Float16(0.6475), Float16(0.9473))":64},"58":{"(Float16(0.001114), Float16(0.301))":58,"(Float16(0.7637), Float16(1.063))":42},"52":{"(Float16(0.6494), Float16(0.949))":58,"(Float16(0.001043), Float16(0.301))":42},"12":{"(Float16(0.7637), Float16(1.063))":52,"(Float16(0.00151), Float16(0.3015))":48},"28":{"(Float16(0.001616), Float16(0.3015))":15,"(Float16(0.6143), Float16(0.914))":85},"75":{"(Float16(0.7217), Float16(1.021))":63,"(Float16(0.001326), Float16(0.3013))":37},"23":{"(Float16(0.467), Float16(0.767))":100},"92":{"(Float16(0.001005), Float16(0.301))":43,"(Float16(0.709), Float16(1.009))":57},"41":{"(Float16(0.000882), Float16(0.3008))":41,"(Float16(0.706), Float16(1.006))":59},"43":{"(Float16(0.001017), Float16(0.301))":32,"(Float16(0.7197), Float16(1.02))":68},"11":{"(Float16(0.666), Float16(0.966))":58,"(Float16(0.001174), Float16(0.3013))":42},"36":{"(Float16(0.000882), Float16(0.3008))":48,"(Float16(0.7373), Float16(1.037))":52},"68":{"(Float16(0.001356), Float16(0.3013))":49,"(Float16(0.717), Float16(1.017))":51},"69":{"(Float16(0.699), Float16(0.999))":57,"(Float16(0.00102), Float16(0.301))":43},"98":{"(Float16(0.4583), Float16(0.7583))":100},"82":{"(Float16(0.6865), Float16(0.9863))":56,"(Float16(0.001839), Float16(0.3018))":44},"85":{"(Float16(0.79), Float16(1.09))":42,"(Float16(0.001373), Float16(0.3013))":58},"39":{"(Float16(0.6533), Float16(0.953))":65,"(Float16(0.001366), Float16(0.3013))":35},"84":{"(Float16(0.001255), Float16(0.3013))":40,"(Float16(0.6846), Float16(0.9844))":60},"77":{"(Float16(0.000946), Float16(0.301))":49,"(Float16(0.6875), Float16(0.9873))":51},"7":{"(Float16(0.001099), Float16(0.301))":42,"(Float16(0.7285), Float16(1.028))":58},"25":{"(Float16(0.001543), Float16(0.3015))":38,"(Float16(0.701), Float16(1.001))":62},"95":{"(Float16(0.000922), Float16(0.301))":56,"(Float16(0.7383), Float16(1.038))":44},"71":{"(Float16(0.0011), Float16(0.301))":35,"(Float16(0.7314), Float16(1.031))":65},"66":{"(Float16(0.7275), Float16(1.027))":42,"(Float16(0.001154), Float16(0.3013))":58},"76":{"(Float16(0.713), Float16(1.013))":39,"(Float16(0.00157), Float16(0.3015))":61},"34":{"(Float16(0.001187), Float16(0.3013))":46,"(Float16(0.6924), Float16(0.992))":54},"50":{"(Float16(0.00127), Float16(0.3013))":44,"(Float16(0.662), Float16(0.962))":56},"59":{"(Float16(0.6836), Float16(0.9834))":60,"(Float16(0.001488), Float16(0.3015))":40},"93":{"(Float16(0.0009155), Float16(0.301))":51,"(Float16(0.6924), Float16(0.992))":49},"2":{"(Float16(0.717), Float16(1.017))":33,"(Float16(0.001042), Float16(0.301))":67},"10":{"(Float16(0.001005), Float16(0.301))":45,"(Float16(0.71), Float16(1.01))":55},"18":{"(Float16(0.001516), Float16(0.3015))":46,"(Float16(0.752), Float16(1.052))":54},"26":{"(Float16(0.745), Float16(1.045))":47,"(Float16(0.00103), Float16(0.301))":53},"27":{"(Float16(0.0008965), Float16(0.3008))":51,"(Float16(0.6797), Float16(0.9795))":49},"42":{"(Float16(0.6543), Float16(0.954))":47,"(Float16(0.00093), Float16(0.301))":53},"87":{"(Float16(0.505), Float16(0.8047))":100},"100":{"(Float16(0.757), Float16(1.057))":58,"(Float16(0.001114), Float16(0.301))":42},"79":{"(Float16(0.001199), Float16(0.3013))":35,"(Float16(0.6934), Float16(0.993))":65},"16":{"(Float16(0.0007935), Float16(0.3008))":37,"(Float16(0.634), Float16(0.9336))":63},"20":{"(Float16(0.001236), Float16(0.3013))":48,"(Float16(0.623), Float16(0.923))":52},"81":{"(Float16(0.001656), Float16(0.3018))":47,"(Float16(0.6924), Float16(0.992))":53},"19":{"(Float16(0.6514), Float16(0.951))":54,"(Float16(0.001242), Float16(0.3013))":46},"49":{"(Float16(0.001139), Float16(0.301))":48,"(Float16(0.715), Float16(1.015))":52},"44":{"(Float16(0.001281), Float16(0.3013))":40,"(Float16(0.7275), Float16(1.027))":60},"9":{"(Float16(0.001297), Float16(0.3013))":49,"(Float16(0.6455), Float16(0.9453))":51},"31":{"(Float16(0.001175), Float16(0.3013))":39,"(Float16(0.666), Float16(0.966))":61},"74":{"(Float16(0.7334), Float16(1.033))":39,"(Float16(0.0013685), Float16(0.3013))":61},"61":{"(Float16(0.753), Float16(1.053))":50,"(Float16(0.001339), Float16(0.3013))":50},"29":{"(Float16(0.001232), Float16(0.3013))":45,"(Float16(0.616), Float16(0.916))":55},"94":{"(Float16(0.717), Float16(1.017))":49,"(Float16(0.001096), Float16(0.301))":51},"46":{"(Float16(0.6943), Float16(0.994))":52,"(Float16(0.000977), Float16(0.301))":48},"57":{"(Float16(0.001434), Float16(0.3015))":42,"(Float16(0.7197), Float16(1.02))":58},"70":{"(Float16(0.001464), Float16(0.3015))":28,"(Float16(0.615), Float16(0.915))":72},"21":{"(Float16(0.7324), Float16(1.032))":49,"(Float16(0.001236), Float16(0.3013))":51},"38":{"(Float16(0.001129), Float16(0.301))":50,"(Float16(0.7744), Float16(1.074))":50},"88":{"(Float16(0.454), Float16(0.754))":100},"78":{"(Float16(0.7305), Float16(1.03))":52,"(Float16(0.0008726), Float16(0.3008))":48},"72":{"(Float16(0.001377), Float16(0.3013))":26,"(Float16(0.628), Float16(0.9277))":74},"24":{"(Float16(0.699), Float16(0.999))":70,"(Float16(0.001319), Float16(0.3013))":30},"8":{"(Float16(0.4465), Float16(0.7466))":100},"17":{"(Float16(0.7666), Float16(1.066))":51,"(Float16(0.001265), Float16(0.3013))":49},"37":{"(Float16(0.4448), Float16(0.7446))":100},"1":{"(Float16(0.001171), Float16(0.3013))":34,"(Float16(0.703), Float16(1.003))":66},"53":{"(Float16(0.001513), Float16(0.3015))":38,"(Float16(0.6533), Float16(0.953))":62},"22":{"(Float16(0.001039), Float16(0.301))":57,"(Float16(0.704), Float16(1.004))":43},"47":{"(Float16(0.000982), Float16(0.301))":54,"(Float16(0.703), Float16(1.003))":46},"83":{"(Float16(0.7393), Float16(1.039))":58,"(Float16(0.001471), Float16(0.3015))":42},"99":{"(Float16(0.001455), Float16(0.3015))":37,"(Float16(0.6396), Float16(0.9395))":63},"89":{"(Float16(0.001077), Float16(0.301))":48,"(Float16(0.6953), Float16(0.995))":52},"14":{"(Float16(0.4326), Float16(0.7324))":100},"3":{"(Float16(0.6885), Float16(0.9883))":49,"(Float16(0.001038), Float16(0.301))":51},"80":{"(Float16(0.001505), Float16(0.3015))":38,"(Float16(0.628), Float16(0.9277))":62},"96":{"(Float16(0.4785), Float16(0.7783))":100},"51":{"(Float16(0.782), Float16(1.082))":44,"(Float16(0.00123), Float16(0.3013))":56},"33":{"(Float16(0.001104), Float16(0.301))":39,"(Float16(0.714), Float16(1.014))":61},