{"5":{"(Float16(0.000216), Float16(0.3003))":57,"(Float16(0.442), Float16(0.7417))":16,"(Float16(0.742), Float16(1.042))":27},"56":{"(Float16(3.39e-5), Float16(0.3))":40,"(Float16(0.615), Float16(0.915))":60},"35":{"(Float16(0.6133), Float16(0.913))":77,"(Float16(0.956), Float16(1.256))":1,"(Float16(0.0002095), Float16(0.3003))":22},"55":{"(Float16(0.7334), Float16(1.033))":50,"(Float16(5.14e-5), Float16(0.3))":50},"60":{"(Float16(0.0002618), Float16(0.3003))":29,"(Float16(0.623), Float16(0.923))":71},"30":{"(Float16(7.623e-5), Float16(0.3))":45,"(Float16(0.664), Float16(0.964))":53,"(Float16(0.334), Float16(0.634))":2},"32":{"(Float16(0.5225), Float16(0.8223))":49,"(Float16(0.87), Float16(1.17))":5,"(Float16(0.0002544), Float16(0.3003))":46},"6":{"(Float16(0.6865), Float16(0.9863))":50,"(Float16(0.00011396), Float16(0.3))":48,"(Float16(0.365), Float16(0.665))":2},"67":{"(Float16(0.000423), Float16(0.3005))":56,"(Float16(0.58), Float16(0.88))":36,"(Float16(0.888), Float16(1.188))":8},"45":{"(Float16(0.6455), Float16(0.9453))":68,"(Float16(0.0001882), Float16(0.3003))":32},"73":{"(Float16(9.79e-5), Float16(0.3))":43,"(Float16(0.6914), Float16(0.991))":57},"64":{"(Float16(0.0001959), Float16(0.3003))":26,"(Float16(0.6836), Float16(0.9834))":74},"90":{"(Float16(0.6523), Float16(0.952))":60,"(Float16(8.93e-5), Float16(0.3))":40},"4":{"(Float16(0.6416), Float16(0.9414))":75,"(Float16(0.0001776), Float16(0.3003))":25},"13":{"(Float16(0.6064), Float16(0.9062))":65,"(Float16(0.0001237), Float16(0.3))":35},"54":{"(Float16(5.543e-5), Float16(0.3))":31,"(Float16(0.6426), Float16(0.9424))":69},"63":{"(Float16(0.0001518), Float16(0.3))":40,"(Float16(0.6533), Float16(0.953))":60},"86":{"(Float16(0.0001795), Float16(0.3003))":31,"(Float16(0.628), Float16(0.9277))":69},"91":{"(Float16(0.666), Float16(0.966))":29,"(Float16(0.0001565), Float16(0.3))":71},"62":{"(Float16(7.0e-7), Float16(0.3))":31,"(Float16(0.6123), Float16(0.912))":69},"58":{"(Float16(0.6416), Float16(0.9414))":74,"(Float16(0.0004797), Float16(0.3005))":26},"52":{"(Float16(0.62), Float16(0.92))":70,"(Float16(0.0002248), Float16(0.3003))":30},"12":{"(Float16(0.592), Float16(0.8916))":77,"(Float16(0.0001748), Float16(0.3003))":22,"(Float16(0.95), Float16(1.25))":1},"28":{"(Float16(0.0002211), Float16(0.3003))":23,"(Float16(0.537), Float16(0.837))":73,"(Float16(0.909), Float16(1.209))":4},"75":{"(Float16(0.6465), Float16(0.9463))":59,"(Float16(0.0001104), Float16(0.3))":41},"23":{"(Float16(0.7363), Float16(1.036))":56,"(Float16(4.816e-5), Float16(0.3))":37,"(Float16(0.349), Float16(0.649))":7},"92":{"(Float16(0.5557), Float16(0.8555))":86,"(Float16(0.0003686), Float16(0.3003))":14},"41":{"(Float16(0.0002503), Float16(0.3003))":21,"(Float16(0.624), Float16(0.924))":79},"43":{"(Float16(0.584), Float16(0.884))":70,"(Float16(0.0002285), Float16(0.3003))":30},"11":{"(Float16(0.5977), Float16(0.8975))":70,"(Float16(0.9307), Float16(1.23))":1,"(Float16(0.000318), Float16(0.3003))":29},"36":{"(Float16(0.0001786), Float16(0.3003))":30,"(Float16(0.666), Float16(0.966))":70},"68":{"(Float16(0.6416), Float16(0.9414))":72,"(Float16(0.0003157), Float16(0.3003))":28},"69":{"(Float16(0.0001906), Float16(0.3003))":29,"(Float16(0.657), Float16(0.957))":71},"98":{"(Float16(0.6123), Float16(0.912))":79,"(Float16(0.0001479), Float16(0.3))":21},"82":{"(Float16(0.579), Float16(0.879))":74,"(Float16(0.0002367), Float16(0.3003))":26},"85":{"(Float16(0.0002997), Float16(0.3003))":24,"(Float16(0.5576), Float16(0.8574))":76},"39":{"(Float16(0.0001376), Float16(0.3))":34,"(Float16(0.6367), Float16(0.9365))":66},"84":{"(Float16(0.0002198), Float16(0.3003))":24,"(Float16(0.629), Float16(0.9287))":76},"77":{"(Float16(0.8623), Float16(1.162))":2,"(Float16(0.553), Float16(0.853))":44,"(Float16(0.0001689), Float16(0.3))":54},"7":{"(Float16(0.713), Float16(1.013))":10,"(Float16(0.4004), Float16(0.7))":54,"(Float16(0.0002065), Float16(0.3003))":36},"25":{"(Float16(0.6514), Float16(0.951))":78,"(Float16(6.46e-5), Float16(0.3))":22},"95":{"(Float16(0.5547), Float16(0.8545))":55,"(Float16(0.0003603), Float16(0.3003))":45},"71":{"(Float16(9.59e-5), Float16(0.3))":31,"(Float16(0.6426), Float16(0.9424))":69},"66":{"(Float16(0.7646), Float16(1.064))":24,"(Float16(0.0002844), Float16(0.3003))":76},"76":{"(Float16(0.00029), Float16(0.3003))":22,"(Float16(0.657), Float16(0.957))":78},"34":{"(Float16(0.6104), Float16(0.91))":70,"(Float16(7.117e-5), Float16(0.3))":30},"50":{"(Float16(0.6826), Float16(0.9824))":60,"(Float16(0.0003142), Float16(0.3003))":38,"(Float16(0.3623), Float16(0.662))":2},"59":{"(Float16(0.0001098), Float16(0.3))":47,"(Float16(0.6504), Float16(0.95))":53},"93":{"(Float16(0.0002003), Float16(0.3003))":30,"(Float16(0.6484), Float16(0.948))":70},"2":{"(Float16(0.000108), Float16(0.3))":31,"(Float16(0.5596), Float16(0.8594))":67,"(Float16(0.9307), Float16(1.23))":2},"10":{"(Float16(0.0002216), Float16(0.3003))":33,"(Float16(0.381), Float16(0.681))":2,"(Float16(0.704), Float16(1.004))":65},"18":{"(Float16(0.000243), Float16(0.3003))":43,"(Float16(0.4531), Float16(0.753))":38,"(Float16(0.754), Float16(1.054))":19},"26":{"(Float16(0.0001066), Float16(0.3))":37,"(Float16(0.625), Float16(0.925))":63},"27":{"(Float16(0.6357), Float16(0.9355))":63,"(Float16(0.0001357), Float16(0.3))":37},"42":{"(Float16(0.000431), Float16(0.3005))":13,"(Float16(0.415), Float16(0.715))":77,"(Float16(0.814), Float16(1.114))":10},"87":{"(Float16(0.422), Float16(0.722))":46,"(Float16(0.0003247), Float16(0.3003))":46,"(Float16(0.7344), Float16(1.034))":8},"100":{"(Float16(0.6533), Float16(0.953))":77,"(Float16(1.806e-5), Float16(0.3))":23},"79":{"(Float16(0.6123), Float16(0.912))":76,"(Float16(0.000178), Float16(0.3003))":24},"16":{"(Float16(0.00011224), Float16(0.3))":33,"(Float16(0.6377), Float16(0.9375))":67},"20":{"(Float16(0.6836), Float16(0.9834))":57,"(Float16(0.0001236), Float16(0.3))":43},"81":{"(Float16(0.67), Float16(0.9697))":70,"(Float16(0.000151), Float16(0.3))":30},"19":{"(Float16(0.6914), Float16(0.991))":75,"(Float16(0.0004008), Float16(0.3003))":25},"49":{"(Float16(0.6455), Float16(0.9453))":67,"(Float16(9.525e-5), Float16(0.3))":33},"44":{"(Float16(0.0001616), Float16(0.3))":36,"(Float16(0.659), Float16(0.959))":64},"9":{"(Float16(0.0001571), Float16(0.3))":19,"(Float16(0.508), Float16(0.8076))":81},"31":{"(Float16(0.00011647), Float16(0.3))":32,"(Float16(0.627), Float16(0.927))":68},"74":{"(Float16(0.0001925), Float16(0.3003))":42,"(Float16(0.7246), Float16(1.024))":54,"(Float16(0.3335), Float16(0.6333))":4},"61":{"(Float16(0.6074), Float16(0.907))":76,"(Float16(8.49e-5), Float16(0.3))":24},"29":{"(Float16(0.6025), Float16(0.9023))":79,"(Float16(0.0001655), Float16(0.3))":21},"94":{"(Float16(0.0001271), Float16(0.3))":39,"(Float16(0.6885), Float16(0.9883))":61},"46":{"(Float16(9.966e-5), Float16(0.3))":44,"(Float16(0.6797), Float16(0.9795))":56},"57":{"(Float16(0.633), Float16(0.9326))":72,"(Float16(0.000234), Float16(0.3003))":28},"70":{"(Float16(0.000339), Float16(0.3003))":22,"(Float16(0.676), Float16(0.9756))":78},"21":{"(Float16(0.7), Float16(1.0))":65,"(Float16(0.3477), Float16(0.6475))":3,"(Float16(0.0001588), Float16(0.3))":32},"38":{"(Float16(0.5293), Float16(0.829))":86,"(Float16(0.0002047), Float16(0.3003))":14},"88":{"(Float16(0.521), Float16(0.821))":43,"(Float16(0.8223), Float16(1.122))":6,"(Float16(0.0002909), Float16(0.3003))":51},"78":{"(Float16(0.6465), Float16(0.9463))":72,"(Float16(0.000254), Float16(0.3003))":28},"72":{"(Float16(0.0001814), Float16(0.3003))":31,"(Float16(0.671), Float16(0.9707))":69},"24":{"(Float16(0.624), Float16(0.924))":69,"(Float16(0.00010514), Float16(0.3))":31},"8":{"(Float16(0.6436), Float16(0.9434))":46,"(Float16(0.0001801), Float16(0.3003))":54},"17":{"(Float16(0.5557), Float16(0.8555))":78,"(Float16(3.0e-7), Float16(0.3))":22},"37":{"(Float16(0.6914), Float16(0.991))":61,"(Float16(0.0001631), Float16(0.3))":39},"1":{"(Float16(0.6094), Float16(0.909))":71,