{"5":{"(Float16(0.877), Float16(0.8867))":19,"(Float16(0.5), Float16(0.51))":81},"56":{"(Float16(0.8853), Float16(0.895))":11,"(Float16(0.0928), Float16(0.1028))":12,"(Float16(0.5), Float16(0.51))":77},"55":{"(Float16(0.8887), Float16(0.8984))":11,"(Float16(0.5), Float16(0.51))":84,"(Float16(0.12195), Float16(0.132))":5},"35":{"(Float16(0.1196), Float16(0.1296))":19,"(Float16(0.5), Float16(0.51))":74,"(Float16(0.8994), Float16(0.909))":7},"60":{"(Float16(0.905), Float16(0.9146))":3,"(Float16(0.5), Float16(0.51))":92,"(Float16(0.10736), Float16(0.1174))":5},"30":{"(Float16(0.5), Float16(0.51))":85,"(Float16(0.8965), Float16(0.9062))":12,"(Float16(0.0902), Float16(0.1002))":3},"32":{"(Float16(0.5), Float16(0.51))":76,"(Float16(0.10254), Float16(0.11255))":14,"(Float16(0.879), Float16(0.8887))":10},"6":{"(Float16(0.5), Float16(0.51))":92,"(Float16(0.1144), Float16(0.1244))":4,"(Float16(0.8955), Float16(0.9053))":4},"67":{"(Float16(0.911), Float16(0.921))":4,"(Float16(0.5), Float16(0.51))":85,"(Float16(0.1284), Float16(0.1384))":11},"45":{"(Float16(0.8843), Float16(0.894))":6,"(Float16(0.10547), Float16(0.1155))":10,"(Float16(0.5), Float16(0.51))":84},"73":{"(Float16(0.5), Float16(0.51))":73,"(Float16(0.8706), Float16(0.8804))":16,"(Float16(0.0834), Float16(0.0934))":11},"64":{"(Float16(0.05768), Float16(0.0677))":6,"(Float16(0.5), Float16(0.51))":85,"(Float16(0.8984), Float16(0.908))":9},"90":{"(Float16(0.926), Float16(0.9355))":16,"(Float16(0.5), Float16(0.51))":80,"(Float16(0.09717), Float16(0.1072))":4},"4":{"(Float16(0.8926), Float16(0.9023))":10,"(Float16(0.5), Float16(0.51))":84,"(Float16(0.1057), Float16(0.1157))":6},"13":{"(Float16(0.5), Float16(0.51))":91,"(Float16(0.879), Float16(0.8887))":9},"54":{"(Float16(0.5), Float16(0.51))":83,"(Float16(0.9214), Float16(0.931))":7,"(Float16(0.0834), Float16(0.0934))":10},"63":{"(Float16(0.5), Float16(0.51))":93,"(Float16(0.866), Float16(0.876))":3,"(Float16(0.04388), Float16(0.0539))":4},"86":{"(Float16(0.5), Float16(0.51))":74,"(Float16(0.12), Float16(0.13))":9,"(Float16(0.9033), Float16(0.913))":17},"91":{"(Float16(0.9043), Float16(0.914))":5,"(Float16(0.5), Float16(0.51))":84,"(Float16(0.109), Float16(0.119))":11},"62":{"(Float16(0.5), Float16(0.51))":85,"(Float16(0.11206), Float16(0.1221))":11,"(Float16(0.923), Float16(0.9326))":4},"58":{"(Float16(0.5), Float16(0.51))":84,"(Float16(0.908), Float16(0.918))":7,"(Float16(0.1063), Float16(0.11633))":9},"52":{"(Float16(0.9023), Float16(0.912))":10,"(Float16(0.5), Float16(0.51))":89,"(Float16(0.0626), Float16(0.07263))":1},"12":{"(Float16(0.5), Float16(0.51))":77,"(Float16(0.9375), Float16(0.9473))":5,"(Float16(0.08374), Float16(0.09375))":18},"28":{"(Float16(0.914), Float16(0.924))":13,"(Float16(0.11017), Float16(0.1202))":7,"(Float16(0.5), Float16(0.51))":80},"75":{"(Float16(0.10223), Float16(0.11224))":10,"(Float16(0.9316), Float16(0.9414))":2,"(Float16(0.5), Float16(0.51))":88},"23":{"(Float16(0.5), Float16(0.51))":85,"(Float16(0.92), Float16(0.9297))":5,"(Float16(0.12067), Float16(0.1306))":10},"92":{"(Float16(0.135), Float16(0.145))":5,"(Float16(0.5), Float16(0.51))":88,"(Float16(0.9053), Float16(0.915))":7},"41":{"(Float16(0.0989), Float16(0.1089))":9,"(Float16(0.5), Float16(0.51))":81,"(Float16(0.8896), Float16(0.8994))":10},"43":{"(Float16(0.9), Float16(0.9097))":8,"(Float16(0.5), Float16(0.51))":87,"(Float16(0.11237), Float16(0.1224))":5},"69":{"(Float16(0.5), Float16(0.51))":92,"(Float16(0.9277), Float16(0.9375))":8},"11":{"(Float16(0.8857), Float16(0.8955))":13,"(Float16(0.1113), Float16(0.12134))":2,"(Float16(0.5), Float16(0.51))":85},"68":{"(Float16(0.10956), Float16(0.11957))":18,"(Float16(0.5), Float16(0.51))":82},"98":{"(Float16(0.0842), Float16(0.09424))":8,"(Float16(0.8613), Float16(0.871))":6,"(Float16(0.5), Float16(0.51))":86},"36":{"(Float16(0.8613), Float16(0.871))":4,"(Float16(0.1068), Float16(0.1168))":9,"(Float16(0.5), Float16(0.51))":87},"82":{"(Float16(0.91), Float16(0.92))":8,"(Float16(0.5), Float16(0.51))":85,"(Float16(0.1489), Float16(0.1589))":7},"85":{"(Float16(0.0935), Float16(0.1035))":3,"(Float16(0.5), Float16(0.51))":86,"(Float16(0.8726), Float16(0.8823))":11},"39":{"(Float16(0.8833), Float16(0.893))":12,"(Float16(0.5), Float16(0.51))":81,"(Float16(0.0746), Float16(0.0846))":7},"84":{"(Float16(0.914), Float16(0.924))":6,"(Float16(0.5), Float16(0.51))":88,"(Float16(0.08374), Float16(0.09375))":6},"77":{"(Float16(0.5), Float16(0.51))":89,"(Float16(0.1235), Float16(0.1334))":7,"(Float16(0.937), Float16(0.947))":4},"7":{"(Float16(0.5), Float16(0.51))":93,"(Float16(0.08386), Float16(0.0939))":4,"(Float16(0.908), Float16(0.918))":3},"25":{"(Float16(0.5), Float16(0.51))":84,"(Float16(0.07025), Float16(0.08026))":5,"(Float16(0.9355), Float16(0.9453))":11},"95":{"(Float16(0.9), Float16(0.9097))":10,"(Float16(0.5), Float16(0.51))":82,"(Float16(0.0906), Float16(0.1006))":8},"71":{"(Float16(0.8843), Float16(0.894))":11,"(Float16(0.07935), Float16(0.08936))":13,"(Float16(0.5), Float16(0.51))":76},"66":{"(Float16(0.0866), Float16(0.0966))":5,"(Float16(0.5), Float16(0.51))":91,"(Float16(0.85), Float16(0.86))":4},"76":{"(Float16(0.5), Float16(0.51))":81,"(Float16(0.9463), Float16(0.956))":6,"(Float16(0.0777), Float16(0.0877))":13},"93":{"(Float16(0.0665), Float16(0.07654))":4,"(Float16(0.873), Float16(0.883))":17,"(Float16(0.5), Float16(0.51))":79},"50":{"(Float16(0.877), Float16(0.8867))":2,"(Float16(0.5), Float16(0.51))":83,"(Float16(0.0873), Float16(0.0973))":15},"59":{"(Float16(0.913), Float16(0.923))":7,"(Float16(0.5), Float16(0.51))":88,"(Float16(0.0962), Float16(0.1062))":5},"34":{"(Float16(0.05795), Float16(0.06793))":4,"(Float16(0.5), Float16(0.51))":78,"(Float16(0.8906), Float16(0.9004))":18},"2":{"(Float16(0.5), Float16(0.51))":84,"(Float16(0.0972), Float16(0.10724))":8,"(Float16(0.8896), Float16(0.8994))":8},"27":{"(Float16(0.9023), Float16(0.912))":11,"(Float16(0.5), Float16(0.51))":81,"(Float16(0.1114), Float16(0.1214))":8},"10":{"(Float16(0.925), Float16(0.9346))":7,"(Float16(0.5), Float16(0.51))":85,"(Float16(0.1074), Float16(0.11743))":8},"26":{"(Float16(0.5), Float16(0.51))":90,"(Float16(0.9316), Float16(0.9414))":6,"(Float16(0.1287), Float16(0.1387))":4},"18":{"(Float16(0.1095), Float16(0.1195))":8,"(Float16(0.5), Float16(0.51))":82,"(Float16(0.8955), Float16(0.9053))":10},"42":{"(Float16(0.07227), Float16(0.0823))":12,"(Float16(0.5), Float16(0.51))":85,"(Float16(0.866), Float16(0.876))":3},"87":{"(Float16(0.5), Float16(0.51))":71,"(Float16(0.089), Float16(0.099))":14,"(Float16(0.8984), Float16(0.908))":15},"100":{"(Float16(0.8975), Float16(0.907))":18,"(Float16(0.5), Float16(0.51))":72,"(Float16(0.09204), Float16(0.10205))":10},"79":{"(Float16(0.8887), Float16(0.8984))":19,"(Float16(0.5), Float16(0.51))":78,"(Float16(0.05902), Float16(0.06903))":3},"16":{"(Float16(0.1335), Float16(0.1436))":16,"(Float16(0.5), Float16(0.51))":80,"(Float16(0.924), Float16(0.9336))":4},"81":{"(Float16(0.0753), Float16(0.0853))":2,"(Float16(0.8613), Float16(0.871))":14,"(Float16(0.5), Float16(0.51))":84},"20":{"(Float16(0.08527), Float16(0.0953))":7,"(Float16(0.8926), Float16(0.9023))":18,"(Float16(0.5), Float16(0.51))":75},"19":{"(Float16(0.0894), Float16(0.0994))":13,"(Float16(0.5), Float16(0.51))":85,"(Float16(0.9746), Float16(0.9844))":2},"49":{"(Float16(0.5), Float16(0.51))":87,"(Float16(0.946), Float16(0.9556))":8,"(Float16(0.138), Float16(0.148))":5},"44":{"(Float16(0.07776), Float16(0.08777))":10,"(Float16(0.5), Float16(0.51))":86,"(Float16(0.909), Float16(0.919))":4},"31":{"(Float16(0.8613), Float16(0.871))":15,"(Float16(0.1093), Float16(0.1193))":5,"(Float16(0.5), Float16(0.51))":80},"9":{"(Float16(0.5), Float16(0.51))":84,"(Float16(0.8984), Float16(0.908))":11,"(Float16(0.06226), Float16(0.07227))":5},"74":{"(Float16(0.0996), Float16(0.1096))":14,"(Float16(0.5), Float16(0.51))":82,"(Float16(0.9307), Float16(0.9404))":4},"61":{"(Float16(0.11633), Float16(0.1263))":14,"(Float16(0.5), Float16(0.51))":78,