{"5":{"(Float16(0.2201), Float16(0.2301))":50,"(Float16(0.693), Float16(0.7026))":48,"(Float16(0.98), Float16(0.9897))":2},"56":{"(Float16(0.801), Float16(0.8105))":38,"(Float16(0.0004687), Float16(0.01047))":55,"(Float16(0.4956), Float16(0.5054))":7},"55":{"(Float16(0.355), Float16(0.365))":1,"(Float16(0.711), Float16(0.7207))":57,"(Float16(0.0007334), Float16(0.010735))":42},"35":{"(Float16(0.8623), Float16(0.872))":26,"(Float16(0.4917), Float16(0.5015))":34,"(Float16(0.000484), Float16(0.01048))":40},"60":{"(Float16(0.97), Float16(0.98))":1,"(Float16(0.000247), Float16(0.01025))":39,"(Float16(0.705), Float16(0.715))":53,"(Float16(0.4204), Float16(0.4304))":7},"30":{"(Float16(0.0003018), Float16(0.01031))":19,"(Float16(0.463), Float16(0.473))":46,"(Float16(0.8545), Float16(0.8643))":35},"32":{"(Float16(0.000691), Float16(0.0107))":25,"(Float16(0.788), Float16(0.798))":24,"(Float16(0.4707), Float16(0.4807))":51},"6":{"(Float16(0.969), Float16(0.979))":1,"(Float16(0.0003815), Float16(0.01038))":46,"(Float16(0.672), Float16(0.6816))":53},"67":{"(Float16(0.8574), Float16(0.867))":33,"(Float16(0.000274), Float16(0.01028))":18,"(Float16(0.4429), Float16(0.453))":49},"45":{"(Float16(0.6865), Float16(0.6963))":46,"(Float16(0.23), Float16(0.24))":54},"73":{"(Float16(0.6533), Float16(0.663))":66,"(Float16(0.0004168), Float16(0.01042))":34},"64":{"(Float16(0.8096), Float16(0.8193))":32,"(Float16(0.3477), Float16(0.3577))":35,"(Float16(0.00059), Float16(0.01059))":33},"90":{"(Float16(0.0003107), Float16(0.010315))":40,"(Float16(0.671), Float16(0.6807))":60},"4":{"(Float16(0.000287), Float16(0.01029))":20,"(Float16(0.756), Float16(0.7656))":37,"(Float16(0.4092), Float16(0.4192))":43},"13":{"(Float16(0.0003052), Float16(0.01031))":27,"(Float16(0.784), Float16(0.794))":34,"(Float16(0.46), Float16(0.47))":39},"54":{"(Float16(0.7217), Float16(0.7314))":56,"(Float16(0.000674), Float16(0.01067))":43,"(Float16(0.4539), Float16(0.4639))":1},"63":{"(Float16(0.0005007), Float16(0.010506))":27,"(Float16(0.3784), Float16(0.3884))":34,"(Float16(0.759), Float16(0.7686))":39},"86":{"(Float16(0.0006166), Float16(0.01062))":58,"(Float16(0.7754), Float16(0.785))":41,"(Float16(0.5312), Float16(0.541))":1},"91":{"(Float16(0.5273), Float16(0.537))":39,"(Float16(0.0004354), Float16(0.01044))":38,"(Float16(0.882), Float16(0.8916))":23},"62":{"(Float16(0.4207), Float16(0.4307))":2,"(Float16(0.000535), Float16(0.01054))":36,"(Float16(0.704), Float16(0.714))":62},"58":{"(Float16(0.628), Float16(0.6377))":72,"(Float16(0.0004096), Float16(0.010414))":28},"52":{"(Float16(0.8447), Float16(0.8545))":36,"(Float16(0.4785), Float16(0.4885))":19,"(Float16(0.000227), Float16(0.01023))":45},"12":{"(Float16(0.7734), Float16(0.783))":48,"(Float16(0.2505), Float16(0.2605))":51,"(Float16(0.497), Float16(0.507))":1},"28":{"(Float16(0.35), Float16(0.36))":59,"(Float16(0.879), Float16(0.8887))":28,"(Float16(0.0003712), Float16(0.010376))":13},"75":{"(Float16(0.6367), Float16(0.6465))":54,"(Float16(0.000585), Float16(0.01059))":39,"(Float16(0.9463), Float16(0.956))":7},"23":{"(Float16(0.8203), Float16(0.83))":40,"(Float16(0.419), Float16(0.429))":45,"(Float16(0.0007095), Float16(0.01071))":15},"92":{"(Float16(0.6973), Float16(0.707))":64,"(Float16(0.0003948), Float16(0.0104))":35,"(Float16(0.964), Float16(0.9736))":1},"41":{"(Float16(0.703), Float16(0.713))":50,"(Float16(0.0004377), Float16(0.01044))":50},"43":{"(Float16(0.8164), Float16(0.826))":25,"(Float16(0.4863), Float16(0.4963))":31,"(Float16(0.0002285), Float16(0.01023))":44},"69":{"(Float16(0.0006747), Float16(0.01067))":62,"(Float16(0.4656), Float16(0.4756))":1,"(Float16(0.787), Float16(0.797))":37},"11":{"(Float16(0.000266), Float16(0.01027))":19,"(Float16(0.4233), Float16(0.4333))":44,"(Float16(0.8135), Float16(0.823))":37},"68":{"(Float16(0.0004249), Float16(0.01043))":21,"(Float16(0.74), Float16(0.75))":35,"(Float16(0.4673), Float16(0.4773))":44},"98":{"(Float16(0.8164), Float16(0.826))":46,"(Float16(0.4058), Float16(0.4158))":46,"(Float16(0.0004582), Float16(0.01046))":8},"36":{"(Float16(0.702), Float16(0.712))":43,"(Float16(0.0007286), Float16(0.01073))":55,"(Float16(0.466), Float16(0.476))":2},"82":{"(Float16(0.3472), Float16(0.3572))":50,"(Float16(0.7656), Float16(0.7754))":41,"(Float16(9.76e-5), Float16(0.0101))":9},"85":{"(Float16(0.4832), Float16(0.4932))":1,"(Float16(0.001286), Float16(0.01129))":1,"(Float16(0.8154), Float16(0.825))":44,"(Float16(0.2478), Float16(0.2578))":54},"39":{"(Float16(0.2358), Float16(0.2458))":54,"(Float16(0.759), Float16(0.7686))":46},"84":{"(Float16(0.0001957), Float16(0.0102))":5,"(Float16(0.743), Float16(0.753))":43,"(Float16(0.3403), Float16(0.3503))":52},"77":{"(Float16(0.0002968), Float16(0.0103))":29,"(Float16(0.5166), Float16(0.5264))":35,"(Float16(0.837), Float16(0.8467))":36},"7":{"(Float16(0.9883), Float16(0.998))":1,"(Float16(0.7), Float16(0.71))":47,"(Float16(0.4836), Float16(0.4937))":1,"(Float16(0.0006933), Float16(0.0107))":51},"25":{"(Float16(0.0004816), Float16(0.01048))":32,"(Float16(0.6846), Float16(0.6943))":68},"95":{"(Float16(4.11e-5), Float16(0.01004))":7,"(Float16(0.374), Float16(0.384))":62,"(Float16(0.8545), Float16(0.8643))":31},"71":{"(Float16(0.8037), Float16(0.8135))":29,"(Float16(0.000551), Float16(0.01055))":35,"(Float16(0.4546), Float16(0.4646))":36},"66":{"(Float16(0.5254), Float16(0.535))":27,"(Float16(0.8516), Float16(0.8613))":37,"(Float16(0.0005913), Float16(0.01059))":36},"76":{"(Float16(0.000492), Float16(0.0105))":27,"(Float16(0.5635), Float16(0.573))":61,"(Float16(0.8545), Float16(0.8643))":12},"93":{"(Float16(0.919), Float16(0.9287))":4,"(Float16(0.6377), Float16(0.6475))":57,"(Float16(0.0004196), Float16(0.01042))":39},"50":{"(Float16(0.000688), Float16(0.01069))":36,"(Float16(0.5547), Float16(0.5645))":52,"(Float16(0.8516), Float16(0.8613))":12},"59":{"(Float16(0.8496), Float16(0.8594))":30,"(Float16(0.0002108), Float16(0.010216))":22,"(Float16(0.401), Float16(0.411))":48},"34":{"(Float16(0.657), Float16(0.667))":59,"(Float16(0.000503), Float16(0.010506))":41},"2":{"(Float16(0.7188), Float16(0.7285))":49,"(Float16(0.276), Float16(0.286))":51},"27":{"(Float16(0.000406), Float16(0.01041))":34,"(Float16(0.703), Float16(0.713))":66},"10":{"(Float16(0.000603), Float16(0.010605))":33,"(Float16(0.834), Float16(0.8438))":34,"(Float16(0.4512), Float16(0.4612))":33},"26":{"(Float16(0.4985), Float16(0.5083))":35,"(Float16(0.000556), Float16(0.01056))":26,"(Float16(0.8057), Float16(0.8154))":39},"18":{"(Float16(0.665), Float16(0.675))":62,"(Float16(0.000331), Float16(0.01033))":38},"42":{"(Float16(0.2367), Float16(0.2467))":62,"(Float16(0.7646), Float16(0.7744))":38},"87":{"(Float16(0.0001984), Float16(0.0102))":36,"(Float16(0.464), Float16(0.474))":1,"(Float16(0.6953), Float16(0.705))":63},"100":{"(Float16(0.6553), Float16(0.665))":69,"(Float16(0.0005636), Float16(0.01057))":31},"79":{"(Float16(0.4302), Float16(0.4402))":31,"(Float16(0.798), Float16(0.8076))":36,"(Float16(0.00091), Float16(0.01091))":33},"16":{"(Float16(0.2185), Float16(0.2285))":46,"(Float16(0.7524), Float16(0.762))":54},"81":{"(Float16(0.000403), Float16(0.01041))":6,"(Float16(0.3374), Float16(0.3474))":59,"(Float16(0.839), Float16(0.8486))":35},"20":{"(Float16(0.8154), Float16(0.825))":45,"(Float16(0.4604), Float16(0.4705))":11,"(Float16(0.0006266), Float16(0.01063))":44},"19":{"(Float16(0.0004349), Float16(0.01044))":16,"(Float16(0.8096), Float16(0.8193))":38,"(Float16(0.4653), Float16(0.4753))":46},"49":{"(Float16(0.706), Float16(0.716))":61,"(Float16(0.0001272), Float16(0.01013))":36,"(Float16(0.3655), Float16(0.3755))":3},"44":{"(Float16(0.4395), Float16(0.4495))":31,"(Float16(0.996), Float16(1.006))":1,"(Float16(0.745), Float16(0.755))":41,"(Float16(0.0003767), Float16(0.010376))":27},"31":{"(Float16(0.000413), Float16(0.010414))":38,"(Float16(0.536), Float16(0.546))":22,"(Float16(0.8174), Float16(0.827))":40},"9":{"(Float16(0.765), Float16(0.775))":29,"(Float16(0.2832), Float16(0.2932))":71},