{"5":[0.8135,0.322,0.0002396,0.2695,0.813,0.3486,0.5156,0.8125,0.8125,0.8125,0.8125,0.4888,0.8125,0.2356,0.8125,0.4321,0.2695,0.0004025,0.4888,0.432,0.5195,0.5312,0.4937,0.5156,0.322,0.0002012,0.432,0.813,0.8135,0.814,0.3486,0.00029,0.231,0.8145,0.5195,0.8145,0.8145,0.2261,0.2251,0.0004864,0.8145,0.0003076,0.8145,0.8145,0.000844,0.5312,0.0004776,0.231,0.4321,0.8145,0.8145,0.0004182,0.814,0.2935,0.0002432,0.8135,0.000442,0.8135,0.2347,0.8135,0.814,0.8145,0.3965,0.8145,0.000995,0.0006366,0.0002396,0.4937,0.0002172,0.0002954,0.2261,0.814,0.2261,0.8135,0.0002388,0.8135,0.3718,0.0004973,0.8135,0.2356,0.8135,0.8135,0.8135,0.0002947,0.2935,0.8135,0.8135,0.2347,0.8135,0.8135,0.5156,0.000422,0.8135,0.0001086,0.00029,0.3965,0.2251,0.3718,0.8135,0.0002954],"4":[0.385,0.3853,0.3853,0.3853,0.8516,0.3853,0.3853,0.3853,0.8096,0.836,0.3853,0.3853,0.385,0.8096,0.0001537,0.000502,0.841,0.3848,0.745,0.673,0.3848,0.8223,0.001543,0.3848,0.3848,0.3848,0.836,0.7783,0.001574,0.9365,0.001066,0.661,0.0001117,0.661,0.0002913,0.3848,0.000502,0.3848,0.001022,0.9365,0.757,0.385,0.8955,0.3853,0.3853,0.6934,0.785,0.001028,0.3853,0.785,0.909,0.3853,0.001022,0.0003185,0.8223,0.3853,0.841,0.000805,0.909,0.673,0.3853,0.001574,0.8516,0.0003185,0.993,0.385,0.745,0.3848,0.0001537,0.756,0.3848,0.3848,0.8945,0.3848,0.757,0.3848,0.7783,0.000533,0.385,0.3853,0.3853,0.3855,0.3857,0.3857,0.000514,0.3857,0.8945,0.3857,0.8223,0.3855,0.3853,0.756,0.6934,0.3853,0.385,0.3848,0.8955,0.3848,0.993,0.385],"6":[0.701,0.701,0.701,0.701,0.701,0.701,0.701,0.701,0.7007,0.375,0.00076,0.7,0.6997,0.0001993,0.699,0.0003643,0.000328,0.699,0.699,0.699,0.6987,0.698,0.0003548,0.3708,0.375,0.4175,0.357,0.001268,0.6978,0.6973,0.2395,0.0004172,0.697,0.697,0.6963,0.6963,0.6963,0.00076,0.0002187,0.6963,0.000837,0.6963,8.63e-5,0.696,0.6953,0.000322,0.000823,0.6953,0.0001822,0.4175,0.696,0.3708,0.6963,0.6963,0.000735,0.000735,0.6963,0.2395,0.6963,0.696,3.41e-5,0.6953,8.786e-5,0.696,0.6963,0.6973,0.6978,0.357,0.698,0.000837,8.345e-5,0.4456,0.000173,6.3e-5,0.4456,0.698,0.6987,0.699,3.15e-5,0.0002187,0.6997,0.7,0.0002913,0.7007,0.701,0.000634,0.000161,0.7017,0.702,0.702,0.702,8.65e-5,0.702,0.702,0.7017,0.701,0.357,0.701,0.0004172,0.0002913],"7":[0.8994,0.8994,0.8994,0.001002,0.4106,0.899,0.6064,0.6006,0.2073,0.5815,0.0004268,0.6006,0.672,0.4927,0.2275,0.8984,0.000781,0.000292,0.4807,0.5557,0.3647,0.8984,0.2434,0.8984,0.4094,0.8984,0.0002666,0.5254,0.0006495,0.001204,0.4807,0.8984,0.000338,0.2136,0.2136,0.672,0.5815,0.6514,0.0006137,0.0002108,0.574,0.0002666,0.574,0.6367,0.8984,0.8984,0.2197,0.3647,0.00054,0.5557,0.6367,0.0003905,0.0004315,0.899,0.4094,0.599,0.8994,0.574,0.8994,0.0001054,0.2051,0.8994,0.001204,0.2051,0.4927,0.0002527,0.5254,0.6064,0.4106,0.8994,0.0002158,0.899,0.8984,0.2479,0.0003085,0.574,0.8984,0.8984,0.8984,0.2073,0.5557,0.2197,0.899,0.599,0.0002697,0.6514,0.438,0.8994,8.93e-5,0.0001264,0.8994,0.2479,0.2275,0.438,0.0006137,0.00054,0.2434,4.464e-5,0.001002,0.8994],"2":[0.425,0.4253,0.4253,0.4253,0.7363,0.4253,0.4253,0.4253,0.0002768,0.00051,0.4253,0.946,0.9756,0.001901,0.6934,0.919,0.4253,0.794,0.76,0.000763,0.4253,0.0002506,0.4253,0.425,0.4248,0.0009503,0.4248,0.6934,0.000552,0.4248,0.702,0.4248,0.4248,0.4246,0.4243,0.4243,0.8467,0.0008993,0.4243,0.4243,0.4243,0.4243,0.4243,0.794,0.835,0.424,0.0009336,0.4238,0.876,0.9756,0.002,0.4238,0.9946,0.4238,0.702,0.4238,0.0002537,0.796,0.4238,0.4238,0.001211,0.7363,0.8467,0.4238,0.000549,0.876,0.4238,0.4238,0.4238,0.4238,0.4238,0.0006056,0.00051,0.9946,0.002,0.4238,0.4236,0.835,0.4233,0.4233,0.4233,0.4233,0.919,0.4233,0.0008993,0.4233,0.4236,0.4238,0.4238,0.424,0.796,0.4243,0.000549,0.835,0.4246,0.946,0.4248,0.76,0.796,0.425],"10":[0.8184,0.8174,0.0008755,0.397,0.000863,0.2148,0.2192,0.002466,0.8174,0.511,0.8174,0.4717,0.8174,0.8174,0.5615,0.4443,0.8174,0.4438,0.8174,0.0004063,0.000738,0.437,0.000999,0.8174,0.817,0.0002713,0.8164,0.8164,0.5615,0.000319,0.2148,0.8164,0.8164,0.2148,0.8164,0.2986,0.437,0.0002223,0.511,0.464,0.8164,0.0004425,0.8164,0.3738,0.8164,0.00083,0.2112,0.0002713,0.00083,0.4014,0.8164,0.0008755,0.8164,0.000999,0.0002301,0.8164,0.8164,0.441,0.2241,0.0006275,0.817,0.8174,0.000163,0.0002031,0.4443,0.4438,0.818,0.2112,0.4014,0.8184,0.397,0.8184,0.8184,0.311,0.441,0.8184,0.3262,0.8184,0.8184,0.5503,0.441,0.8184,0.2986,0.2192,0.0004425,0.464,0.8184,0.3738,0.311,0.001233,0.4717,0.5503,0.000738,0.8184,0.00011116,0.0004315,0.3262,0.0003138,8.15e-5,0.2241],"9":[0.3833,0.3835,0.3838,0.3838,0.3838,0.384,0.3843,0.3848,0.3848,0.000362,0.385,0.3853,0.86,0.000868,0.3857,0.745,0.945,0.0005703,0.705,0.705,0.386,0.001625,0.000647,0.3862,0.3862,0.00025,0.923,0.3862,0.0001386,0.708,0.386,0.739,0.3857,0.739,0.885,0.86,0.885,0.0003235,0.945,0.8154,0.0001386,0.001286,0.956,0.3857,0.3853,0.6484,0.3857,0.3857,0.3857,0.745,0.3857,0.386,0.3862,0.3862,0.3862,0.3862,0.386,0.6226,0.885,0.000867,0.3857,0.3853,0.385,0.001227,0.3848,0.3848,0.0008125,0.3845,0.3843,0.384,0.3843,0.6484,0.865,0.708,0.384,0.3838,0.6226,0.001286,0.956,0.923,0.3835,0.8154,0.3833,0.9185,0.3833,0.3833,0.887,0.958,0.3833,0.3833,0.9185,0.3833,0.3833,0.3833,0.958,0.0002184,0.0002184,0.865,0.000868,0.887],"8":[0.4004,0.4006,0.401,0.401,0.4011,0.4014,0.0007396,0.4014,0.794,0.9062,0.4014,0.4014,0.676,0.676,0.744,0.00213,0.00111,0.744,0.868,0.917,0.4014,0.785,0.784,0.784,0.4011,0.401,0.401,0.401,0.8315,0.682,0.826,0.401,0.00111,0.401,0.401,0.7783,0.001854,0.682,0.401,0.401,0.8027,0.000737,0.401,0.001204,0.7744,0.0004215,0.8115,0.682,0.0004616,0.000524,0.401,0.401,0.401,0.401,0.4011,0.4014,0.4014,0.883,0.8027,0.826,0.875,0.785,0.4014,0.7593,0.4014,0.4014,0.4014,0.9062,0.4011,0.401,0.401,0.401,0.875,0.794,0.401,0.7505,0.4006,0.0004616,0.7505,0.8115,0.4004,0.4004,0.00213,0.000524,0.4004,0.799,0.000737,0.0002134,0.7593,0.799,0.868,0.0002134,0.7783,0.917,0.4004,0.8315,0.883,0.7744,0.0002108,0.4004],"3":[0.6914,0.001986,0.3013,0.316,0.691,0.001085,0.2693,0.6904,0.6904,0.2993,0.001663,0.0007176,0.3193,0.6904,0.313,0.4102,0.398,0.001369,0.2693,0.6904,0.6904,0.6904,0.2993,0.691,0.6914,0.0005245,0.2578,0.6924,0.693,0.3257,0.6934,0.6934,0.6934,0.693,0.6924,0.6924,0.6924,0.6924,0.693,0.6934,0.6934,0.3257,0.693,0.6924,0.296,0.692,0.001085,0.6914,0.3013,0.691,0.6904,0.6904,0.6904,0.6904,0.691,0.6914,0.267,0.692,0.4102,0.6924,0.293,0.6924,0.3247,0.313,0.3057,0.398,0.6924,0.6924,0.316,0.0003045,0.693,0.000556,0.2578,0.0002623,0.267,0.000311,0.296,0.6934,0.6934,0.6934,0.317,0.0003045,0.693,0.001082,0.3247,0.6924,0.001369,0.6924,0.000278,0.6924,0.293,0.692,0.6914,0.3057,0.317,0.6914,0.317,0.001986,0.6914,0.3193],"1":[0.001503,0.476,0.9385,0.002247,0.644,0.544,0.001224,0.843,0.0007772,0.001386,0.000676,0.7734,0.0002942,0.001736,0.7915,0.8105,0.784,0.544,0.001754,0.5293,0.4412,0.591,0.3018,0.3735,0.3765,0.001038,0.001701,0.001453,0.578,0.8037,0.5293,0.0006857,0.591,0.3374,0.6006,0.8037,0.8174,0.8105,0.304,0.000825,0.667,0.8174,0.843,0.3486,0.7734,0.8867,0.3765,0.915,0.001049,0.001038,0.001013,0.784,0.784,0.592,0.304,0.8867,0.3486,0.3735,0.7915,0.001453,0.001013,0.438,0.499,0.499,0.00148,0.0008583,0.001077,0.0003886,0.001701,0.915,0.001204,0.499,0.0005927,0.9385,0.573,0.001591,0.0007076,0.000825,0.001049,0.0005927,0.9146,0.573,0.3018,0.001503,0.578,0.3374,0.9146,0.644,0.438,0.001204,0.592,0.8867,0.6006,0.5293,0.4412,0.907,0.667,0.907,0.8867,0.476]}