{"5":{"(Float16(0.7886), Float16(0.7983))":5,"(Float16(0.8037), Float16(0.8135))":15,"(Float16(0.05), Float16(0.06))":10,"(Float16(0.8145), Float16(0.824))":3,"(Float16(0.887), Float16(0.897))":4,"(Float16(0.8726), Float16(0.8823))":4,"(Float16(0.6133), Float16(0.623))":2,"(Float16(0.706), Float16(0.716))":5,"(Float16(0.7417), Float16(0.7515))":7,"(Float16(0.6943), Float16(0.704))":3,"(Float16(0.919), Float16(0.9287))":1,"(Float16(0.7637), Float16(0.7734))":6,"(Float16(0.595), Float16(0.605))":2,"(Float16(0.838), Float16(0.8477))":7,"(Float16(0.629), Float16(0.6387))":2,"(Float16(0.826), Float16(0.836))":2,"(Float16(0.654), Float16(0.6636))":2,"(Float16(0.6426), Float16(0.6523))":3,"(Float16(0.7173), Float16(0.727))":5,"(Float16(0.752), Float16(0.7617))":8,"(Float16(0.7773), Float16(0.787))":4},"4":{"(Float16(0.5), Float16(0.51))":100},"6":{"(Float16(0.4985), Float16(0.5083))":100},"7":{"(Float16(0.05005), Float16(0.06006))":3,"(Float16(0.5005), Float16(0.5103))":97},"2":{"(Float16(0.5005), Float16(0.5103))":100},"10":{"(Float16(0.5005), Float16(0.5103))":100},"9":{"(Float16(0.4985), Float16(0.5083))":99,"(Float16(0.0501), Float16(0.06012))":1},"8":{"(Float16(0.5005), Float16(0.5103))":100},"3":{"(Float16(0.4983), Float16(0.5083))":100},"1":{"(Float16(0.05026), Float16(0.06027))":1,"(Float16(0.5005), Float16(0.5103))":99}}