{"5":{"(Float16(0.0003777), Float16(0.4004))":100},"56":{"(Float16(0.0003142), Float16(0.4004))":96,"(Float16(0.77), Float16(1.17))":4},"35":{"(Float16(0.0002321), Float16(0.4001))":100},"55":{"(Float16(0.0002105), Float16(0.4001))":20,"(Float16(0.5674), Float16(0.9673))":80},"60":{"(Float16(0.4385), Float16(0.8384))":100},"30":{"(Float16(0.000469), Float16(0.4004))":98,"(Float16(0.956), Float16(1.356))":2},"32":{"(Float16(0.0002074), Float16(0.4001))":36,"(Float16(0.67), Float16(1.07))":64},"6":{"(Float16(0.8384), Float16(1.238))":4,"(Float16(0.0002742), Float16(0.4004))":96},"67":{"(Float16(0.0002065), Float16(0.4001))":34,"(Float16(0.6416), Float16(1.042))":66},"45":{"(Float16(0.6553), Float16(1.056))":14,"(Float16(0.0002421), Float16(0.4001))":86},"73":{"(Float16(0.0001988), Float16(0.4001))":100},"64":{"(Float16(0.0001698), Float16(0.4001))":31,"(Float16(0.6426), Float16(1.043))":69},"90":{"(Float16(0.0001645), Float16(0.4001))":13,"(Float16(0.507), Float16(0.9067))":87},"4":{"(Float16(0.000874), Float16(0.401))":11,"(Float16(0.5527), Float16(0.9526))":89},"13":{"(Float16(0.0004282), Float16(0.4004))":100},"54":{"(Float16(0.0003252), Float16(0.4004))":100},"63":{"(Float16(0.5156), Float16(0.9155))":90,"(Float16(0.000498), Float16(0.4004))":10},"86":{"(Float16(0.967), Float16(1.367))":1,"(Float16(0.0003705), Float16(0.4004))":99},"91":{"(Float16(0.00018), Float16(0.4001))":100},"62":{"(Float16(0.0003304), Float16(0.4004))":100},"58":{"(Float16(0.967), Float16(1.367))":1,"(Float16(0.0002434), Float16(0.4001))":99},"52":{"(Float16(0.0004647), Float16(0.4004))":100},"12":{"(Float16(0.587), Float16(0.987))":81,"(Float16(0.000493), Float16(0.4004))":19},"28":{"(Float16(0.0002856), Float16(0.4004))":100},"75":{"(Float16(0.7607), Float16(1.161))":56,"(Float16(0.0001473), Float16(0.4001))":44},"23":{"(Float16(0.0002112), Float16(0.4001))":100},"92":{"(Float16(0.0002077), Float16(0.4001))":100},"41":{"(Float16(0.6465), Float16(1.047))":74,"(Float16(0.0002012), Float16(0.4001))":26},"43":{"(Float16(0.7583), Float16(1.158))":2,"(Float16(0.0003238), Float16(0.4004))":98},"11":{"(Float16(0.0003285), Float16(0.4004))":57,"(Float16(0.66), Float16(1.061))":43},"36":{"(Float16(0.866), Float16(1.267))":2,"(Float16(0.0002613), Float16(0.4001))":98},"68":{"(Float16(0.824), Float16(1.225))":5,"(Float16(0.0001678), Float16(0.4001))":95},"69":{"(Float16(0.0004401), Float16(0.4004))":9,"(Float16(0.5547), Float16(0.9546))":91},"98":{"(Float16(0.51), Float16(0.9097))":94,"(Float16(0.00068), Float16(0.4006))":6},"82":{"(Float16(0.0002257), Float16(0.4001))":98,"(Float16(0.9634), Float16(1.363))":2},"85":{"(Float16(0.497), Float16(0.897))":93,"(Float16(0.00010777), Float16(0.4001))":7},"39":{"(Float16(0.699), Float16(1.1))":63,"(Float16(7.37e-5), Float16(0.4001))":37},"84":{"(Float16(0.92), Float16(1.32))":3,"(Float16(0.000259), Float16(0.4001))":97},"77":{"(Float16(0.0002952), Float16(0.4004))":23,"(Float16(0.621), Float16(1.021))":77},"7":{"(Float16(0.000407), Float16(0.4004))":95,"(Float16(0.8447), Float16(1.245))":5},"25":{"(Float16(0.0001553), Float16(0.4001))":30,"(Float16(0.58), Float16(0.98))":70},"95":{"(Float16(0.000999), Float16(0.401))":2,"(Float16(0.4692), Float16(0.869))":98},"71":{"(Float16(0.0005207), Float16(0.4006))":6,"(Float16(0.503), Float16(0.903))":94},"66":{"(Float16(0.0002937), Float16(0.4004))":100},"76":{"(Float16(0.0003695), Float16(0.4004))":100},"34":{"(Float16(0.0002153), Float16(0.4001))":100},"50":{"(Float16(0.44), Float16(0.84))":98,"(Float16(0.001953), Float16(0.4019))":2},"59":{"(Float16(0.0004365), Float16(0.4004))":100},"93":{"(Float16(0.742), Float16(1.143))":55,"(Float16(0.00011694), Float16(0.4001))":45},"2":{"(Float16(0.544), Float16(0.944))":87,"(Float16(0.0), Float16(0.4))":13},"10":{"(Float16(0.000261), Float16(0.4001))":100},"18":{"(Float16(0.0002419), Float16(0.4001))":100},"26":{"(Float16(0.0002718), Float16(0.4004))":100},"27":{"(Float16(0.0001824), Float16(0.4001))":100},"42":{"(Float16(0.0001607), Float16(0.4001))":38,"(Float16(0.664), Float16(1.064))":62},"87":{"(Float16(0.0003486), Float16(0.4004))":100},"100":{"(Float16(0.4678), Float16(0.8677))":96,"(Float16(0.0005684), Float16(0.4006))":4},"79":{"(Float16(0.6543), Float16(1.055))":20,"(Float16(0.0003085), Float16(0.4004))":80},"16":{"(Float16(0.5547), Float16(0.9546))":55,"(Float16(0.000399), Float16(0.4004))":45},"20":{"(Float16(0.6133), Float16(1.014))":69,"(Float16(0.0002342), Float16(0.4001))":31},"81":{"(Float16(0.0002084), Float16(0.4001))":100},"19":{"(Float16(0.0003293), Float16(0.4004))":100},"49":{"(Float16(0.0002866), Float16(0.4004))":100},"44":{"(Float16(0.6025), Float16(1.003))":82,"(Float16(0.0002565), Float16(0.4001))":18},"9":{"(Float16(0.0002477), Float16(0.4001))":100},"31":{"(Float16(0.0003002), Float16(0.4004))":100},"74":{"(Float16(0.000267), Float16(0.4001))":100},"61":{"(Float16(0.0002074), Float16(0.4001))":100},"29":{"(Float16(0.0003839), Float16(0.4004))":14,"(Float16(0.533), Float16(0.933))":86},"94":{"(Float16(0.0002847), Float16(0.4004))":100},"46":{"(Float16(0.59), Float16(0.9897))":81,"(Float16(0.000393), Float16(0.4004))":19},"57":{"(Float16(0.0003104), Float16(0.4004))":100},"70":{"(Float16(0.0002818), Float16(0.4004))":100},"21":{"(Float16(0.766), Float16(1.166))":2,"(Float16(0.0003414), Float16(0.4004))":98},"38":{"(Float16(0.000252), Float16(0.4001))":100},"88":{"(Float16(0.0002022), Float16(0.4001))":100},"78":{"(Float16(0.0003881), Float16(0.4004))":100},"72":{"(Float16(0.000526), Float16(0.4006))":13,"(Float16(0.5723), Float16(0.972))":87},"24":{"(Float16(0.000536), Float16(0.4006))":100},"8":{"(Float16(0.001178), Float16(0.4011))":5,"(Float16(0.4966), Float16(0.8965))":95},"17":{"(Float16(0.000297), Float16(0.4004))":100},"37":{"(Float16(0.633), Float16(1.033))":16,"(Float16(0.0002353), Float16(0.4001))":84},"1":{"(Float16(0.0001528), Float16(0.4001))":100},"53":{"(Float16(0.0003033), Float16(0.4004))":100},"22":{"(Float16(0.0003042), Float16(0.4004))":100},"47":{"(Float16(0.0003026), Float16(0.4004))":28,"(Float16(0.668), Float16(1.068))":72},"83":{"(Float16(0.0004678), Float16(0.4004))":100},"99":{"(Float16(0.0003119), Float16(0.4004))":100},"89":{"(Float16(0.0003047), Float16(0.4004))":100},"14":{"(Float16(0.0002018), Float16(0.4001))":15,"(Float16(0.573), Float16(0.973))":85},"3":{"(Float16(0.0001912), Float16(0.4001))":100},"80":{"(Float16(0.000284), Float16(0.4004))":100},"96":{"(Float16(0.0002813), Float16(0.4004))":100},"51":{"(Float16(0.0001689), Float16(0.4001))":100},"33":{"(Float16(0.0001493), Float16(0.4001))":100},"40":{"(Float16(0.0003443), Float16(0.4004))":100},"48":{"(Float16(0.0002532), Float16(0.4001))":100},"15":{"(Float16(0.0002751), Float16(0.4004))":100},"65":{"(Float16(0.0003748), Float16(0.4004))":90,"(Float16(0.6475), Float16(1.048))":10},"97":{"(Float16(0.0002036), Float16(0.4001))":100}}