{"1":{"(Float16(0.9497), Float16(1.25))":8,"(Float16(0.5005), Float16(0.8003))":73,"(Float16(0.05), Float16(0.35))":19},"2":{"(Float16(0.05005), Float16(0.35))":15,"(Float16(0.948), Float16(1.248))":19,"(Float16(0.5), Float16(0.8))":66},"3":{"(Float16(0.9487), Float16(1.249))":16,"(Float16(0.5005), Float16(0.8003))":65,"(Float16(0.05005), Float16(0.35))":19}}