{"5":{"(Float16(0.393), Float16(0.5933))":41,"(Float16(0.0004964), Float16(0.2004))":19,"(Float16(0.745), Float16(0.9453))":40},"56":{"(Float16(0.3438), Float16(0.544))":42,"(Float16(0.784), Float16(0.9844))":44,"(Float16(0.0002258), Float16(0.2002))":14},"35":{"(Float16(8.1e-6), Float16(0.2))":28,"(Float16(0.618), Float16(0.8184))":72},"55":{"(Float16(0.000758), Float16(0.2008))":14,"(Float16(0.3857), Float16(0.586))":35,"(Float16(0.7393), Float16(0.9395))":51},"60":{"(Float16(0.0003738), Float16(0.2003))":22,"(Float16(0.755), Float16(0.955))":41,"(Float16(0.354), Float16(0.554))":37},"30":{"(Float16(0.4385), Float16(0.6387))":45,"(Float16(9.8e-6), Float16(0.2))":18,"(Float16(0.8066), Float16(1.007))":37},"32":{"(Float16(0.309), Float16(0.5093))":26,"(Float16(0.7246), Float16(0.925))":52,"(Float16(0.0001385), Float16(0.2002))":22},"6":{"(Float16(0.3857), Float16(0.586))":42,"(Float16(0.787), Float16(0.9873))":36,"(Float16(0.0006075), Float16(0.2006))":22},"67":{"(Float16(0.000623), Float16(0.2007))":44,"(Float16(0.706), Float16(0.9062))":56},"45":{"(Float16(0.7314), Float16(0.9316))":41,"(Float16(0.0001626), Float16(0.2002))":30,"(Float16(0.3667), Float16(0.567))":29},"73":{"(Float16(0.2725), Float16(0.4724))":4,"(Float16(0.843), Float16(1.043))":26,"(Float16(0.0006285), Float16(0.2007))":24,"(Float16(0.506), Float16(0.706))":46},"64":{"(Float16(0.0001005), Float16(0.2001))":28,"(Float16(0.664), Float16(0.8643))":72},"90":{"(Float16(0.7554), Float16(0.9556))":40,"(Float16(0.362), Float16(0.562))":42,"(Float16(0.0004284), Float16(0.2004))":18},"4":{"(Float16(2.4e-7), Float16(0.2))":24,"(Float16(0.6523), Float16(0.8525))":76},"13":{"(Float16(0.7773), Float16(0.9775))":40,"(Float16(0.3735), Float16(0.5737))":38,"(Float16(0.000306), Float16(0.2003))":22},"54":{"(Float16(0.000454), Float16(0.2004))":17,"(Float16(0.841), Float16(1.041))":34,"(Float16(0.4336), Float16(0.634))":49},"63":{"(Float16(8.64e-6), Float16(0.2))":31,"(Float16(0.6562), Float16(0.8564))":69},"86":{"(Float16(0.759), Float16(0.959))":47,"(Float16(0.0003598), Float16(0.2003))":24,"(Float16(0.4263), Float16(0.6265))":29},"91":{"(Float16(0.000552), Float16(0.2006))":18,"(Float16(0.7197), Float16(0.92))":40,"(Float16(0.3564), Float16(0.5566))":42},"62":{"(Float16(0.7314), Float16(0.9316))":52,"(Float16(0.0003135), Float16(0.2003))":48},"58":{"(Float16(0.829), Float16(1.029))":38,"(Float16(0.4653), Float16(0.6655))":38,"(Float16(0.000748), Float16(0.2008))":24},"52":{"(Float16(0.3306), Float16(0.531))":29,"(Float16(0.746), Float16(0.9463))":50,"(Float16(0.0007625), Float16(0.2008))":21},"12":{"(Float16(0.398), Float16(0.598))":22,"(Float16(0.0002282), Float16(0.2002))":29,"(Float16(0.7627), Float16(0.963))":49},"28":{"(Float16(0.44), Float16(0.64))":53,"(Float16(0.0003495), Float16(0.2003))":22,"(Float16(0.8164), Float16(1.017))":25},"75":{"(Float16(0.4204), Float16(0.6206))":35,"(Float16(0.784), Float16(0.9844))":48,"(Float16(0.000557), Float16(0.2006))":17},"23":{"(Float16(0.3975), Float16(0.5977))":33,"(Float16(0.796), Float16(0.996))":41,"(Float16(0.000374), Float16(0.2003))":26},"92":{"(Float16(0.4614), Float16(0.6616))":46,"(Float16(0.832), Float16(1.032))":32,"(Float16(0.0003254), Float16(0.2003))":22},"41":{"(Float16(0.000542), Float16(0.2006))":25,"(Float16(0.8438), Float16(1.044))":38,"(Float16(0.4614), Float16(0.6616))":37},"43":{"(Float16(0.551), Float16(0.751))":38,"(Float16(0.00056), Float16(0.2006))":32,"(Float16(0.878), Float16(1.078))":30},"11":{"(Float16(0.4436), Float16(0.6436))":38,"(Float16(0.839), Float16(1.039))":41,"(Float16(0.0001872), Float16(0.2002))":21},"36":{"(Float16(0.508), Float16(0.708))":40,"(Float16(0.8623), Float16(1.0625))":25,"(Float16(0.0003521), Float16(0.2003))":35},"68":{"(Float16(0.698), Float16(0.8984))":51,"(Float16(9.13e-5), Float16(0.2001))":22,"(Float16(0.396), Float16(0.596))":27},"69":{"(Float16(0.0004735), Float16(0.2004))":27,"(Float16(0.8447), Float16(1.045))":32,"(Float16(0.4326), Float16(0.633))":41},"98":{"(Float16(0.8037), Float16(1.004))":34,"(Float16(5.97e-5), Float16(0.2001))":27,"(Float16(0.4648), Float16(0.665))":39},"82":{"(Float16(0.5537), Float16(0.754))":5,"(Float16(0.3381), Float16(0.538))":41,"(Float16(0.832), Float16(1.032))":39,"(Float16(0.0006933), Float16(0.2007))":15},"85":{"(Float16(0.8184), Float16(1.019))":15,"(Float16(1.204e-5), Float16(0.2))":34,"(Float16(0.5303), Float16(0.7305))":51},"39":{"(Float16(0.4204), Float16(0.6206))":32,"(Float16(0.0003614), Float16(0.2003))":31,"(Float16(0.7734), Float16(0.9736))":37},"84":{"(Float16(0.616), Float16(0.8164))":65,"(Float16(0.0002575), Float16(0.2003))":35},"77":{"(Float16(0.8057), Float16(1.006))":42,"(Float16(0.0004451), Float16(0.2004))":23,"(Float16(0.44), Float16(0.64))":35},"7":{"(Float16(0.4453), Float16(0.6455))":43,"(Float16(0.0006776), Float16(0.2007))":26,"(Float16(0.8164), Float16(1.017))":31},"25":{"(Float16(0.4395), Float16(0.6396))":38,"(Float16(0.0004175), Float16(0.2004))":28,"(Float16(0.83), Float16(1.03))":34},"95":{"(Float16(0.7754), Float16(0.9756))":46,"(Float16(0.4497), Float16(0.65))":28,"(Float16(0.0006456), Float16(0.2007))":26},"71":{"(Float16(0.0006313), Float16(0.2007))":25,"(Float16(0.4805), Float16(0.6807))":38,"(Float16(0.8213), Float16(1.021))":37},"66":{"(Float16(0.461), Float16(0.661))":37,"(Float16(0.0005894), Float16(0.2006))":27,"(Float16(0.799), Float16(0.999))":36},"76":{"(Float16(0.828), Float16(1.028))":21,"(Float16(0.498), Float16(0.698))":54,"(Float16(0.0004132), Float16(0.2004))":25},"34":{"(Float16(0.7373), Float16(0.9375))":55,"(Float16(0.0002875), Float16(0.2003))":45},"50":{"(Float16(0.674), Float16(0.874))":50,"(Float16(0.9287), Float16(1.129))":15,"(Float16(0.0005016), Float16(0.2006))":19,"(Float16(0.2988), Float16(0.4988))":16},"59":{"(Float16(0.4873), Float16(0.6875))":31,"(Float16(0.000318), Float16(0.2003))":42,"(Float16(0.8467), Float16(1.047))":27},"93":{"(Float16(0.000964), Float16(0.2009))":22,"(Float16(0.4404), Float16(0.6406))":54,"(Float16(0.8467), Float16(1.047))":24},"2":{"(Float16(0.0003207), Float16(0.2003))":23,"(Float16(0.406), Float16(0.606))":35,"(Float16(0.794), Float16(0.994))":42},"10":{"(Float16(0.537), Float16(0.7373))":42,"(Float16(0.0002947), Float16(0.2003))":28,"(Float16(0.8613), Float16(1.062))":30},"18":{"(Float16(0.0002782), Float16(0.2003))":30,"(Float16(0.841), Float16(1.041))":22,"(Float16(0.535), Float16(0.7354))":48},"26":{"(Float16(0.885), Float16(1.085))":16,"(Float16(0.5215), Float16(0.7217))":50,"(Float16(0.000347), Float16(0.2003))":34},"27":{"(Float16(0.417), Float16(0.617))":42,"(Float16(0.000635), Float16(0.2007))":21,"(Float16(0.791), Float16(0.991))":37},"42":{"(Float16(0.0004609), Float16(0.2004))":41,"(Float16(0.6924), Float16(0.8926))":47,"(Float16(0.372), Float16(0.5723))":12},"87":{"(Float16(0.503), Float16(0.703))":34,"(Float16(0.823), Float16(1.023))":35,"(Float16(0.0005064), Float16(0.2006))":31},"100":{"(Float16(0.544), Float16(0.744))":59,"(Float16(0.907), Float16(1.107))":13,"(Float16(0.000519), Float16(0.2006))":28},"79":{"(Float16(0.437), Float16(0.637))":46,"(Float16(0.8125), Float16(1.013))":26,"(Float16(0.000413), Float16(0.2004))":28},"16":{"(Float16(0.000497), Float16(0.2004))":16,"(Float16(0.7324), Float16(0.9326))":45,"(Float16(0.378), Float16(0.578))":39},"20":{"(Float16(0.916), Float16(1.116))":13,"(Float16(0.542), Float16(0.742))":70,"(Float16(2.4e-7), Float16(0.2))":17},"81":{"(Float16(0.0004387), Float16(0.2004))":17,"(Float16(0.71), Float16(0.91))":43,"(Float16(0.2852), Float16(0.485))":40},"19":{"(Float16(0.6807), Float16(0.881))":64,"(Float16(0.000362), Float16(0.2003))":36},"49":{"(Float16(0.000506), Float16(0.2006))":22,"(Float16(0.4517), Float16(0.652))":42,"(Float16(0.8213), Float16(1.021))":36},"44":{"(Float16(0.375), Float16(0.575))":24,"(Float16(0.7393), Float16(0.9395))":49,"(Float16(0.0002357), Float16(0.2002))":27},"9":{"(Float16(0.4512), Float16(0.6514))":56,"(Float16(0.8975), Float16(1.098))":19,