{"5":{"(Float16(0.5737), Float16(0.5835))":1,"(Float16(0.0001915), Float16(0.01019))":99},"56":{"(Float16(0.794), Float16(0.8037))":2,"(Float16(9.28e-5), Float16(0.01009))":98},"35":{"(Float16(0.0002282), Float16(0.01023))":100},"55":{"(Float16(0.0002186), Float16(0.01022))":100},"60":{"(Float16(8.917e-5), Float16(0.01009))":99,"(Float16(0.5957), Float16(0.6055))":1},"30":{"(Float16(0.0002189), Float16(0.01022))":99,"(Float16(0.7026), Float16(0.7124))":1},"32":{"(Float16(0.0001389), Float16(0.01014))":100},"6":{"(Float16(0.658), Float16(0.668))":2,"(Float16(0.771), Float16(0.781))":2,"(Float16(0.0002894), Float16(0.01029))":96},"67":{"(Float16(0.0001304), Float16(0.01013))":99,"(Float16(0.6475), Float16(0.657))":1},"45":{"(Float16(0.0001402), Float16(0.01014))":98,"(Float16(0.735), Float16(0.7446))":2},"73":{"(Float16(0.833), Float16(0.843))":2,"(Float16(0.0002041), Float16(0.01021))":98},"64":{"(Float16(0.0001717), Float16(0.01018))":100},"90":{"(Float16(0.7793), Float16(0.789))":2,"(Float16(0.8027), Float16(0.8125))":2,"(Float16(0.7905), Float16(0.8003))":2,"(Float16(0.6904), Float16(0.7))":2,"(Float16(0.756), Float16(0.7656))":2,"(Float16(0.0001264), Float16(0.01013))":90},"4":{"(Float16(0.0001494), Float16(0.010155))":99,"(Float16(0.743), Float16(0.753))":1},"13":{"(Float16(0.886), Float16(0.896))":1,"(Float16(0.0001911), Float16(0.01019))":99},"54":{"(Float16(0.000106), Float16(0.01011))":99,"(Float16(0.6875), Float16(0.6973))":1},"63":{"(Float16(0.0001558), Float16(0.010155))":100},"86":{"(Float16(0.0001105), Float16(0.01011))":100},"91":{"(Float16(0.000207), Float16(0.01021))":100},"62":{"(Float16(0.7847), Float16(0.7944))":2,"(Float16(0.0001998), Float16(0.0102))":96,"(Float16(0.8496), Float16(0.8594))":2},"58":{"(Float16(0.0002111), Float16(0.010216))":98,"(Float16(0.707), Float16(0.717))":2},"52":{"(Float16(0.0001849), Float16(0.010185))":99,"(Float16(0.664), Float16(0.674))":1},"12":{"(Float16(0.0001962), Float16(0.0102))":99,"(Float16(0.75), Float16(0.76))":1},"28":{"(Float16(0.6045), Float16(0.6143))":2,"(Float16(0.0001264), Float16(0.01013))":98},"75":{"(Float16(1.407e-5), Float16(0.01002))":98,"(Float16(0.708), Float16(0.718))":2},"23":{"(Float16(0.0002009), Float16(0.0102))":98,"(Float16(0.866), Float16(0.876))":2},"92":{"(Float16(6.0e-8), Float16(0.01))":97,"(Float16(0.783), Float16(0.793))":3},"41":{"(Float16(0.0001396), Float16(0.01014))":99,"(Float16(0.6895), Float16(0.699))":1},"43":{"(Float16(0.0001721), Float16(0.01018))":100},"11":{"(Float16(0.000186), Float16(0.010185))":100},"36":{"(Float16(9.453e-5), Float16(0.01009))":99,"(Float16(0.701), Float16(0.711))":1},"68":{"(Float16(0.744), Float16(0.754))":1,"(Float16(0.0002012), Float16(0.0102))":99},"69":{"(Float16(0.0001435), Float16(0.01015))":99,"(Float16(0.6016), Float16(0.6113))":1},"98":{"(Float16(0.876), Float16(0.8857))":2,"(Float16(0.0001755), Float16(0.01018))":98},"82":{"(Float16(0.6807), Float16(0.6904))":1,"(Float16(0.0001278), Float16(0.01013))":99},"85":{"(Float16(0.0001198), Float16(0.010124))":100},"39":{"(Float16(0.0001729), Float16(0.01018))":100},"84":{"(Float16(0.0001127), Float16(0.01012))":100},"77":{"(Float16(0.74), Float16(0.75))":3,"(Float16(6.0e-7), Float16(0.01))":97},"7":{"(Float16(0.0001395), Float16(0.01014))":100},"25":{"(Float16(0.7427), Float16(0.7524))":2,"(Float16(0.0001563), Float16(0.010155))":95,"(Float16(0.67), Float16(0.6797))":3},"95":{"(Float16(0.802), Float16(0.8115))":1,"(Float16(0.0001715), Float16(0.01017))":99},"71":{"(Float16(0.0001905), Float16(0.01019))":99,"(Float16(0.853), Float16(0.863))":1},"66":{"(Float16(0.8604), Float16(0.87))":2,"(Float16(0.000188), Float16(0.01019))":93,"(Float16(0.628), Float16(0.6377))":5},"76":{"(Float16(0.000123), Float16(0.010124))":100},"34":{"(Float16(0.688), Float16(0.6978))":3,"(Float16(1.436e-5), Float16(0.01002))":97},"50":{"(Float16(0.0001698), Float16(0.01017))":100},"59":{"(Float16(0.0001314), Float16(0.01013))":99,"(Float16(0.67), Float16(0.6797))":1},"93":{"(Float16(0.0002127), Float16(0.010216))":100},"2":{"(Float16(6.0e-8), Float16(0.01))":97,"(Float16(0.853), Float16(0.863))":3},"10":{"(Float16(0.0001369), Float16(0.01014))":100},"18":{"(Float16(0.6973), Float16(0.707))":2,"(Float16(0.6807), Float16(0.6904))":7,"(Float16(5.0e-7), Float16(0.01))":91},"26":{"(Float16(2.4e-6), Float16(0.01))":97,"(Float16(0.691), Float16(0.7007))":3},"27":{"(Float16(0.6753), Float16(0.685))":2,"(Float16(0.0001621), Float16(0.01016))":98},"42":{"(Float16(0.0002334), Float16(0.01024))":98,"(Float16(0.7446), Float16(0.7544))":2},"87":{"(Float16(0.000152), Float16(0.010155))":100},"100":{"(Float16(0.000239), Float16(0.01024))":100},"79":{"(Float16(1.496e-5), Float16(0.01002))":95,"(Float16(0.7803), Float16(0.79))":5},"16":{"(Float16(0.0002248), Float16(0.01022))":98,"(Float16(0.72), Float16(0.73))":2},"20":{"(Float16(0.8486), Float16(0.8584))":2,"(Float16(0.0001229), Float16(0.010124))":96,"(Float16(0.8994), Float16(0.909))":2},"81":{"(Float16(0.000201), Float16(0.0102))":100},"19":{"(Float16(0.0001252), Float16(0.010124))":100},"49":{"(Float16(0.8203), Float16(0.83))":3,"(Float16(6.0e-8), Float16(0.01))":97},"44":{"(Float16(0.000155), Float16(0.010155))":100},"9":{"(Float16(4.11e-5), Float16(0.01004))":94,"(Float16(0.7305), Float16(0.74))":2,"(Float16(0.705), Float16(0.715))":2,"(Float16(0.783), Float16(0.793))":2},"31":{"(Float16(0.0001619), Float16(0.01016))":100},"74":{"(Float16(5.585e-5), Float16(0.010056))":90,"(Float16(0.6753), Float16(0.685))":2,"(Float16(0.66), Float16(0.67))":8},"61":{"(Float16(0.7246), Float16(0.7344))":2,"(Float16(6.0e-8), Float16(0.01))":98},"29":{"(Float16(0.859), Float16(0.8687))":1,"(Float16(0.0001017), Float16(0.0101))":99},"94":{"(Float16(0.00010103), Float16(0.0101))":100},"46":{"(Float16(0.7056), Float16(0.7153))":2,"(Float16(0.0001714), Float16(0.01017))":94,"(Float16(0.726), Float16(0.736))":4},"57":{"(Float16(0.8447), Float16(0.8545))":3,"(Float16(6.0e-8), Float16(0.01))":97},"70":{"(Float16(0.0001832), Float16(0.010185))":100},"21":{"(Float16(0.906), Float16(0.9155))":2,"(Float16(0.000139), Float16(0.01014))":98},"38":{"(Float16(0.65), Float16(0.6597))":2,"(Float16(0.00011003), Float16(0.01011))":98},"88":{"(Float16(0.0001712), Float16(0.01017))":100},"78":{"(Float16(1.0e-7), Float16(0.01))":97,"(Float16(0.6367), Float16(0.6465))":3},"72":{"(Float16(0.0001411), Float16(0.01015))":100},"24":{"(Float16(0.0001795), Float16(0.010185))":100},"8":{"(Float16(0.0001354), Float16(0.01014))":100},"17":{"(Float16(6.0e-8), Float16(0.01))":97,"(Float16(0.662), Float16(0.672))":3},"37":{"(Float16(0.00017), Float16(0.01017))":100},"1":{"(Float16(0.00011164), Float16(0.01012))":99,"(Float16(0.737), Float16(0.7466))":1},"53":{"(Float16(0.000243), Float16(0.01025))":100},"22":{"(Float16(0.0001792), Float16(0.01018))":100},"47":{"(Float16(0.0001209), Float16(0.010124))":99,"(Float16(0.738), Float16(0.7476))":1},"83":{"(Float16(0.0001402), Float16(0.01014))":99,"(Float16(0.7007), Float16(0.7104))":1},"99":{"(Float16(0.0001804), Float16(0.010185))":99,"(Float16(0.981), Float16(0.9907))":1},"89":{"(Float16(0.7754), Float16(0.785))":1,"(Float16(0.0001525), Float16(0.010155))":99},"14":{"(Float16(0.0002021), Float16(0.0102))":100},"3":{"(Float16(1.97e-6), Float16(0.01))":97,"(Float16(0.6543), Float16(0.664))":3},"80":{"(Float16(6.0e-8), Float16(0.01))":95,"(Float16(0.789), Float16(0.799))":5},"96":{"(Float16(0.0001585), Float16(0.01016))":100},"51":{"(Float16(9.84e-5), Float16(0.0101))":100},"33":{"(Float16(0.6494), Float16(0.659))":1,"(Float16(0.0001281), Float16(0.01013))":99},"40":{"(Float16(8.476e-5), Float16(0.010086))":100},"48":{"(Float16(1.0e-7), Float16(0.01))":94,"(Float16(0.8086), Float16(0.8184))":6},"15":{"(Float16(0.0001473), Float16(0.01015))":100},"65":{"(Float16(0.0002732), Float16(0.01028))":99,"(Float16(0.657), Float16(0.667))":1},"97":{"(Float16(9.155e-5), Float16(0.01009))":100}}