{"5":{"(Float16(0.0002404), Float16(0.4001))":47,"(Float16(0.5557), Float16(0.9556))":53},"56":{"(Float16(0.6416), Float16(1.042))":66,"(Float16(9.5e-7), Float16(0.4))":34},"35":{"(Float16(0.0001866), Float16(0.4001))":100},"55":{"(Float16(0.0001027), Float16(0.4001))":100},"60":{"(Float16(6.0e-7), Float16(0.4))":19,"(Float16(0.5635), Float16(0.9634))":81},"30":{"(Float16(0.665), Float16(1.065))":73,"(Float16(7.7e-6), Float16(0.4))":27},"32":{"(Float16(1.25e-5), Float16(0.4))":31,"(Float16(0.663), Float16(1.063))":69},"6":{"(Float16(7.64e-5), Float16(0.4001))":100},"67":{"(Float16(0.0001318), Float16(0.4001))":100},"45":{"(Float16(6.0e-8), Float16(0.4))":27,"(Float16(0.5664), Float16(0.9663))":73},"73":{"(Float16(2.1e-6), Float16(0.4))":60,"(Float16(0.6797), Float16(1.08))":40},"64":{"(Float16(0.0002002), Float16(0.4001))":100},"90":{"(Float16(0.0), Float16(0.4))":19,"(Float16(0.5967), Float16(0.9966))":81},"4":{"(Float16(0.0001429), Float16(0.4001))":100},"13":{"(Float16(6.44e-6), Float16(0.4))":35,"(Float16(0.589), Float16(0.989))":65},"54":{"(Float16(0.0002458), Float16(0.4001))":100},"63":{"(Float16(1.52e-5), Float16(0.4))":53,"(Float16(0.6865), Float16(1.087))":47},"86":{"(Float16(0.0001509), Float16(0.4001))":100},"91":{"(Float16(0.599), Float16(0.999))":16,"(Float16(0.0002037), Float16(0.4001))":84},"62":{"(Float16(0.6553), Float16(1.056))":71,"(Float16(1.33e-5), Float16(0.4))":29},"58":{"(Float16(0.0001402), Float16(0.4001))":100},"52":{"(Float16(0.617), Float16(1.018))":63,"(Float16(4.935e-5), Float16(0.4001))":37},"12":{"(Float16(0.635), Float16(1.035))":76,"(Float16(0.0), Float16(0.4))":24},"28":{"(Float16(0.589), Float16(0.989))":67,"(Float16(2.2e-6), Float16(0.4))":33},"75":{"(Float16(1.216e-5), Float16(0.4))":27,"(Float16(0.6133), Float16(1.014))":73},"23":{"(Float16(0.669), Float16(1.069))":77,"(Float16(1.574e-5), Float16(0.4))":23},"92":{"(Float16(0.0002291), Float16(0.4001))":100},"41":{"(Float16(0.0001774), Float16(0.4001))":100},"43":{"(Float16(0.0001621), Float16(0.4001))":100},"11":{"(Float16(6.6e-7), Float16(0.4))":24,"(Float16(0.6445), Float16(1.045))":76},"36":{"(Float16(0.0002363), Float16(0.4001))":100},"68":{"(Float16(0.0001543), Float16(0.4001))":66,"(Float16(0.5947), Float16(0.9946))":34},"69":{"(Float16(3.3e-6), Float16(0.4))":34,"(Float16(0.623), Float16(1.023))":66},"98":{"(Float16(0.657), Float16(1.058))":38,"(Float16(9.5e-6), Float16(0.4))":62},"82":{"(Float16(0.0003262), Float16(0.4004))":38,"(Float16(0.548), Float16(0.9478))":62},"85":{"(Float16(0.6963), Float16(1.097))":8,"(Float16(0.0002732), Float16(0.4004))":92},"39":{"(Float16(0.6514), Float16(1.052))":83,"(Float16(5.9e-6), Float16(0.4))":17},"84":{"(Float16(5.58e-5), Float16(0.4001))":32,"(Float16(0.658), Float16(1.059))":68},"77":{"(Float16(0.0002286), Float16(0.4001))":99,"(Float16(0.649), Float16(1.049))":1},"7":{"(Float16(4.0e-7), Float16(0.4))":20,"(Float16(0.5146), Float16(0.9146))":80},"25":{"(Float16(0.0001516), Float16(0.4001))":100},"95":{"(Float16(0.633), Float16(1.033))":73,"(Float16(7.0e-7), Float16(0.4))":27},"71":{"(Float16(0.0001616), Float16(0.4001))":93,"(Float16(0.718), Float16(1.118))":7},"66":{"(Float16(0.574), Float16(0.974))":77,"(Float16(8.24e-5), Float16(0.4001))":23},"76":{"(Float16(1.0e-7), Float16(0.4))":15,"(Float16(0.627), Float16(1.027))":85},"34":{"(Float16(0.591), Float16(0.9907))":88,"(Float16(3.14e-5), Float16(0.4001))":12},"50":{"(Float16(0.798), Float16(1.198))":1,"(Float16(0.0001414), Float16(0.4001))":99},"59":{"(Float16(0.0002437), Float16(0.4001))":100},"93":{"(Float16(9.88e-5), Float16(0.4001))":26,"(Float16(0.6504), Float16(1.051))":74},"2":{"(Float16(0.0001581), Float16(0.4001))":100},"10":{"(Float16(0.0001447), Float16(0.4001))":100},"18":{"(Float16(1.29e-5), Float16(0.4))":22,"(Float16(0.5947), Float16(0.9946))":78},"26":{"(Float16(0.0002095), Float16(0.4001))":100},"27":{"(Float16(0.0002034), Float16(0.4001))":100},"42":{"(Float16(0.0001676), Float16(0.4001))":100},"87":{"(Float16(0.6816), Float16(1.082))":63,"(Float16(3.05e-5), Float16(0.4001))":37},"100":{"(Float16(0.658), Float16(1.059))":80,"(Float16(1.92e-5), Float16(0.4))":20},"79":{"(Float16(0.0001643), Float16(0.4001))":87,"(Float16(0.615), Float16(1.016))":13},"16":{"(Float16(0.881), Float16(1.281))":2,"(Float16(0.0002007), Float16(0.4001))":98},"20":{"(Float16(3.36e-5), Float16(0.4001))":29,"(Float16(0.619), Float16(1.02))":71},"81":{"(Float16(0.00011176), Float16(0.4001))":100},"19":{"(Float16(0.551), Float16(0.9507))":4,"(Float16(0.000158), Float16(0.4001))":96},"49":{"(Float16(0.0001171), Float16(0.4001))":100},"44":{"(Float16(0.0002153), Float16(0.4001))":100},"9":{"(Float16(4.1e-6), Float16(0.4))":32,"(Float16(0.663), Float16(1.063))":68},"31":{"(Float16(0.5654), Float16(0.9653))":2,"(Float16(0.00017), Float16(0.4001))":98},"74":{"(Float16(6.0e-8), Float16(0.4))":38,"(Float16(0.6045), Float16(1.005))":62},"61":{"(Float16(0.6387), Float16(1.039))":76,"(Float16(3.2e-6), Float16(0.4))":24},"29":{"(Float16(0.618), Float16(1.019))":71,"(Float16(3.1e-6), Float16(0.4))":29},"94":{"(Float16(0.000201), Float16(0.4001))":100},"46":{"(Float16(0.0001268), Float16(0.4001))":100},"57":{"(Float16(0.912), Float16(1.3125))":10,"(Float16(8.42e-5), Float16(0.4001))":90},"70":{"(Float16(0.629), Float16(1.029))":72,"(Float16(1.11e-5), Float16(0.4))":28},"21":{"(Float16(0.5645), Float16(0.9644))":85,"(Float16(3.9e-6), Float16(0.4))":15},"38":{"(Float16(0.0001588), Float16(0.4001))":100},"88":{"(Float16(0.0001211), Float16(0.4001))":100},"78":{"(Float16(0.5625), Float16(0.9624))":73,"(Float16(3.85e-5), Float16(0.4001))":27},"72":{"(Float16(0.0001844), Float16(0.4001))":100},"24":{"(Float16(0.0002038), Float16(0.4001))":100},"8":{"(Float16(0.5938), Float16(0.9937))":73,"(Float16(2.4e-7), Float16(0.4))":27},"17":{"(Float16(0.617), Float16(1.018))":76,"(Float16(3.04e-6), Float16(0.4))":24},"37":{"(Float16(9.32e-5), Float16(0.4001))":100},"1":{"(Float16(0.0001148), Float16(0.4001))":31,"(Float16(0.6133), Float16(1.014))":69},"53":{"(Float16(2.0e-6), Float16(0.4))":31,"(Float16(0.6035), Float16(1.004))":69},"22":{"(Float16(2.4e-6), Float16(0.4))":16,"(Float16(0.5186), Float16(0.9185))":84},"47":{"(Float16(0.617), Float16(1.018))":73,"(Float16(1.3e-6), Float16(0.4))":27},"83":{"(Float16(0.539), Float16(0.939))":45,"(Float16(0.0002421), Float16(0.4001))":55},"99":{"(Float16(1.335e-5), Float16(0.4))":16,"(Float16(0.503), Float16(0.903))":84},"89":{"(Float16(5.424e-5), Float16(0.4001))":100},"14":{"(Float16(1.5e-5), Float16(0.4))":39,"(Float16(0.6504), Float16(1.051))":61},"3":{"(Float16(5.645e-5), Float16(0.4001))":25,"(Float16(0.5986), Float16(0.9985))":75},"80":{"(Float16(0.953), Float16(1.354))":3,"(Float16(0.0001493), Float16(0.4001))":97},"96":{"(Float16(0.0002321), Float16(0.4001))":100},"51":{"(Float16(0.0001811), Float16(0.4001))":100},"33":{"(Float16(0.0001527), Float16(0.4001))":100},"40":{"(Float16(0.9287), Float16(1.329))":3,"(Float16(0.0001923), Float16(0.4001))":97},"48":{"(Float16(3.48e-5), Float16(0.4001))":32,"(Float16(0.5957), Float16(0.9956))":68},"15":{"(Float16(0.0002754), Float16(0.4004))":100},"65":{"(Float16(0.0001943), Float16(0.4001))":100},"97":{"(Float16(0.5293), Float16(0.929))":89,"(Float16(4.697e-5), Float16(0.4001))":11}}