{"5":{"(Float16(0.5024), 0.51244140625)":100},"56":{"(Float16(0.948), 0.9582421875)":99,"(Float16(0.05), 0.05998779296875)":1},"35":{"(Float16(0.05084), 0.06084228515625)":100},"55":{"(Float16(0.5156), 0.525625)":100},"60":{"(Float16(0.4973), 0.507314453125)":100},"30":{"(Float16(0.4915), 0.501455078125)":100},"32":{"(Float16(0.482), 0.49193359375)":100},"6":{"(Float16(0.05075), 0.060750732421875)":99,"(Float16(0.95), 0.9601953125)":1},"67":{"(Float16(0.95), 0.9601953125)":1,"(Float16(0.05066), 0.0606591796875)":99},"45":{"(Float16(0.948), 0.9582421875)":100},"73":{"(Float16(0.5), 0.51)":100},"64":{"(Float16(0.95), 0.9601953125)":1,"(Float16(0.05054), 0.060537109375)":99},"90":{"(Float16(0.508), 0.5178125)":100},"4":{"(Float16(0.95), 0.9601953125)":3,"(Float16(0.05066), 0.0606591796875)":97},"13":{"(Float16(0.4631), 0.473134765625)":100},"54":{"(Float16(0.948), 0.9582421875)":100},"63":{"(Float16(0.5195), 0.52953125)":100},"86":{"(Float16(0.948), 0.9582421875)":99,"(Float16(0.05), 0.05998779296875)":1},"91":{"(Float16(0.5186), 0.5285546875)":100},"62":{"(Float16(0.544), 0.5539453125)":100},"58":{"(Float16(0.483), 0.49291015625)":100},"52":{"(Float16(0.948), 0.9582421875)":100},"12":{"(Float16(0.05075), 0.060750732421875)":97,"(Float16(0.95), 0.9601953125)":3},"28":{"(Float16(0.95), 0.9601953125)":2,"(Float16(0.05084), 0.06084228515625)":98},"75":{"(Float16(0.948), 0.9582421875)":100},"23":{"(Float16(0.05078), 0.06078125)":100},"92":{"(Float16(0.4995), 0.50951171875)":100},"41":{"(Float16(0.5156), 0.525625)":100},"43":{"(Float16(0.95), 0.9601953125)":1,"(Float16(0.05078), 0.06078125)":99},"11":{"(Float16(0.948), 0.9582421875)":100},"36":{"(Float16(0.05075), 0.060750732421875)":100},"68":{"(Float16(0.4858), 0.49583984375)":100},"69":{"(Float16(0.05087), 0.060872802734375)":100},"98":{"(Float16(0.5176), 0.527578125)":100},"82":{"(Float16(0.4814), 0.4914453125)":100},"85":{"(Float16(0.4546), 0.46458984375)":98,"(Float16(0.948), 0.9582421875)":2},"39":{"(Float16(0.948), 0.9582421875)":93,"(Float16(0.05), 0.05998779296875)":7},"84":{"(Float16(0.462), 0.4719140625)":100},"77":{"(Float16(0.481), 0.49095703125)":100},"7":{"(Float16(0.477), 0.48705078125)":100},"25":{"(Float16(0.948), 0.9582421875)":100},"95":{"(Float16(0.519), 0.52904296875)":100},"71":{"(Float16(0.05066), 0.0606591796875)":100},"66":{"(Float16(0.5166), 0.5266015625)":100},"76":{"(Float16(0.05066), 0.0606591796875)":100},"34":{"(Float16(0.5073), 0.51732421875)":100},"50":{"(Float16(0.0509), 0.0609033203125)":100},"59":{"(Float16(0.05176), 0.0617578125)":1,"(Float16(0.502), 0.511953125)":99},"93":{"(Float16(0.48), 0.48998046875)":100},"2":{"(Float16(0.04974), 0.05974365234375)":1,"(Float16(0.5444), 0.55443359375)":99},"10":{"(Float16(0.4893), 0.4992578125)":100},"18":{"(Float16(0.0508), 0.060811767578125)":100},"26":{"(Float16(0.0509), 0.0609033203125)":100},"27":{"(Float16(0.5327), 0.54271484375)":100},"42":{"(Float16(0.0506), 0.06059814453125)":100},"87":{"(Float16(0.948), 0.9582421875)":100},"100":{"(Float16(0.948), 0.9582421875)":96,"(Float16(0.05), 0.05998779296875)":4},"79":{"(Float16(0.948), 0.9582421875)":100},"16":{"(Float16(0.0506), 0.06059814453125)":100},"20":{"(Float16(0.5146), 0.5246484375)":100},"81":{"(Float16(0.05063), 0.060628662109375)":100},"19":{"(Float16(0.0506), 0.06059814453125)":99,"(Float16(0.95), 0.9601953125)":1},"49":{"(Float16(0.511), 0.52123046875)":100},"44":{"(Float16(0.4692), 0.47923828125)":100},"9":{"(Float16(0.95), 0.9601953125)":1,"(Float16(0.0509), 0.0609033203125)":99},"31":{"(Float16(0.495), 0.5051171875)":100},"74":{"(Float16(0.5283), 0.5383203125)":99,"(Float16(0.0489), 0.05888916015625)":1},"61":{"(Float16(0.948), 0.9582421875)":100},"29":{"(Float16(0.4885), 0.498525390625)":100},"94":{"(Float16(0.948), 0.9582421875)":97,"(Float16(0.05), 0.05998779296875)":3},"46":{"(Float16(0.05075), 0.060750732421875)":100},"57":{"(Float16(0.9487), 0.95873046875)":2,"(Float16(0.05075), 0.060750732421875)":98},"70":{"(Float16(0.948), 0.9582421875)":87,"(Float16(0.05), 0.05998779296875)":13},"21":{"(Float16(0.4766), 0.4865625)":99,"(Float16(0.951), 0.961171875)":1},"38":{"(Float16(0.4805), 0.49046875)":100},"88":{"(Float16(0.5366), 0.54662109375)":100},"78":{"(Float16(0.4758), 0.485830078125)":100},"72":{"(Float16(0.5176), 0.527578125)":100},"24":{"(Float16(0.4685), 0.478505859375)":100},"8":{"(Float16(0.0506), 0.06059814453125)":100},"17":{"(Float16(0.95), 0.9601953125)":1,"(Float16(0.05057), 0.060567626953125)":99},"37":{"(Float16(0.5283), 0.5383203125)":100},"1":{"(Float16(0.5205), 0.5305078125)":100},"53":{"(Float16(0.05096), 0.06096435546875)":92,"(Float16(0.95), 0.9601953125)":8},"22":{"(Float16(0.499), 0.5090234375)":99,"(Float16(0.9517), 0.96166015625)":1},"47":{"(Float16(0.5273), 0.53734375)":100},"83":{"(Float16(0.4915), 0.501455078125)":100},"99":{"(Float16(0.95), 0.9601953125)":2,"(Float16(0.05084), 0.06084228515625)":98},"89":{"(Float16(0.95), 0.9601953125)":8,"(Float16(0.05057), 0.060567626953125)":92},"14":{"(Float16(0.05084), 0.06084228515625)":100},"3":{"(Float16(0.4958), 0.505849609375)":100},"80":{"(Float16(0.95), 0.9601953125)":1,"(Float16(0.05093), 0.060933837890625)":99},"96":{"(Float16(0.04807), 0.058065185546875)":1,"(Float16(0.547), 0.556875)":99},"51":{"(Float16(0.5176), 0.527578125)":100},"33":{"(Float16(0.526), 0.53587890625)":100},"40":{"(Float16(0.0508), 0.060811767578125)":100},"48":{"(Float16(0.4604), 0.47044921875)":100},"15":{"(Float16(0.948), 0.9582421875)":100},"65":{"(Float16(0.0509), 0.0609033203125)":100},"97":{"(Float16(0.948), 0.9582421875)":97,"(Float16(0.05), 0.05998779296875)":3}}