{"4":{"(Float16(0.5), Float16(0.6))":7,"(Float16(0.756), Float16(0.856))":23,"(Float16(0.3286), Float16(0.4287))":10,"(Float16(0.1833), Float16(0.2834))":15,"(Float16(0.6133), Float16(0.7134))":3,"(Float16(0.05005), Float16(0.15))":23,"(Float16(0.948), Float16(1.048))":19},"1":{"(Float16(0.632), Float16(0.732))":7,"(Float16(0.2573), Float16(0.3574))":2,"(Float16(0.4985), Float16(0.5986))":36,"(Float16(0.7607), Float16(0.861))":12,"(Float16(0.1523), Float16(0.2524))":13,"(Float16(0.05005), Float16(0.15))":11,"(Float16(0.948), Float16(1.048))":19},"5":{"(Float16(0.4983), Float16(0.598))":16,"(Float16(0.7314), Float16(0.8315))":12,"(Float16(0.04962), Float16(0.1497))":12,"(Float16(0.2478), Float16(0.348))":35,"(Float16(0.9487), Float16(1.049))":16,"(Float16(0.621), Float16(0.721))":9},"2":{"(Float16(0.498), Float16(0.598))":31,"(Float16(0.1919), Float16(0.292))":12,"(Float16(0.05), Float16(0.15))":13,"(Float16(0.3052), Float16(0.4053))":9,"(Float16(0.7275), Float16(0.8276))":22,"(Float16(0.9497), Float16(1.05))":13},"3":{"(Float16(0.7417), Float16(0.842))":15,"(Float16(0.3643), Float16(0.4644))":26,"(Float16(0.846), Float16(0.9463))":2,"(Float16(0.1775), Float16(0.2776))":6,"(Float16(0.5), Float16(0.6))":17,"(Float16(0.619), Float16(0.719))":7,"(Float16(0.9497), Float16(1.05))":10,"(Float16(0.05023), Float16(0.1503))":17}}