{"5":{"(Float16(0.05), Float16(0.35))":13,"(Float16(0.501), Float16(0.801))":87},"56":{"(Float16(0.498), Float16(0.798))":95,"(Float16(0.05), Float16(0.35))":1,"(Float16(0.95), Float16(1.25))":4},"35":{"(Float16(0.498), Float16(0.798))":97,"(Float16(0.05), Float16(0.35))":1,"(Float16(0.95), Float16(1.25))":2},"55":{"(Float16(0.05), Float16(0.35))":3,"(Float16(0.95), Float16(1.25))":1,"(Float16(0.501), Float16(0.801))":96},"60":{"(Float16(0.5015), Float16(0.8013))":97,"(Float16(0.05), Float16(0.35))":3},"30":{"(Float16(0.5005), Float16(0.8003))":98,"(Float16(0.05), Float16(0.35))":2},"32":{"(Float16(0.05), Float16(0.35))":10,"(Float16(0.501), Float16(0.801))":90},"6":{"(Float16(0.498), Float16(0.798))":84,"(Float16(0.949), Float16(1.249))":16},"67":{"(Float16(0.1713), Float16(0.4712))":77,"(Float16(0.95), Float16(1.25))":23},"45":{"(Float16(0.5005), Float16(0.8003))":69,"(Float16(0.05002), Float16(0.35))":31},"73":{"(Float16(0.05), Float16(0.35))":10,"(Float16(0.95), Float16(1.25))":3,"(Float16(0.501), Float16(0.801))":87},"64":{"(Float16(0.498), Float16(0.798))":100},"90":{"(Float16(0.498), Float16(0.798))":88,"(Float16(0.95), Float16(1.25))":12},"4":{"(Float16(0.498), Float16(0.798))":95,"(Float16(0.95), Float16(1.25))":5},"13":{"(Float16(0.05), Float16(0.35))":2,"(Float16(0.4985), Float16(0.7983))":96,"(Float16(0.95), Float16(1.25))":2},"54":{"(Float16(0.05002), Float16(0.35))":44,"(Float16(0.501), Float16(0.801))":56},"63":{"(Float16(0.05), Float16(0.35))":5,"(Float16(0.95), Float16(1.25))":1,"(Float16(0.501), Float16(0.801))":94},"86":{"(Float16(0.05), Float16(0.35))":4,"(Float16(0.501), Float16(0.801))":96},"91":{"(Float16(0.498), Float16(0.798))":100},"62":{"(Float16(0.948), Float16(1.248))":71,"(Float16(0.05002), Float16(0.35))":29},"58":{"(Float16(0.6157), Float16(0.9155))":70,"(Float16(0.05002), Float16(0.35))":30},"52":{"(Float16(0.05), Float16(0.35))":3,"(Float16(0.501), Float16(0.801))":97},"12":{"(Float16(0.95), Float16(1.25))":4,"(Float16(0.501), Float16(0.801))":96},"28":{"(Float16(0.5015), Float16(0.8013))":99,"(Float16(0.05), Float16(0.35))":1},"75":{"(Float16(0.5005), Float16(0.8003))":100},"23":{"(Float16(0.5005), Float16(0.8003))":99,"(Float16(0.05), Float16(0.35))":1},"92":{"(Float16(0.498), Float16(0.798))":99,"(Float16(0.05), Float16(0.35))":1},"41":{"(Float16(0.498), Float16(0.798))":60,"(Float16(0.949), Float16(1.249))":40},"43":{"(Float16(0.05084), Float16(0.3508))":64,"(Float16(0.949), Float16(1.249))":36},"11":{"(Float16(0.498), Float16(0.798))":96,"(Float16(0.95), Float16(1.25))":4},"36":{"(Float16(0.498), Float16(0.798))":99,"(Float16(0.95), Float16(1.25))":1},"68":{"(Float16(0.5005), Float16(0.8003))":98,"(Float16(0.05), Float16(0.35))":2},"69":{"(Float16(0.05002), Float16(0.35))":24,"(Float16(0.501), Float16(0.801))":76},"98":{"(Float16(0.498), Float16(0.798))":96,"(Float16(0.95), Float16(1.25))":4},"82":{"(Float16(0.5005), Float16(0.8003))":80,"(Float16(0.05), Float16(0.35))":20},"85":{"(Float16(0.05), Float16(0.35))":4,"(Float16(0.501), Float16(0.801))":96},"39":{"(Float16(0.498), Float16(0.798))":65,"(Float16(0.948), Float16(1.248))":35},"84":{"(Float16(0.05), Float16(0.35))":1,"(Float16(0.95), Float16(1.25))":1,"(Float16(0.501), Float16(0.801))":98},"77":{"(Float16(0.4985), Float16(0.7983))":90,"(Float16(0.95), Float16(1.25))":10},"7":{"(Float16(0.948), Float16(1.248))":64,"(Float16(0.05002), Float16(0.35))":36},"25":{"(Float16(0.5005), Float16(0.8003))":99,"(Float16(0.948), Float16(1.248))":1},"95":{"(Float16(0.5015), Float16(0.8013))":100},"71":{"(Float16(0.05), Float16(0.35))":1,"(Float16(0.501), Float16(0.801))":99},"66":{"(Float16(0.5005), Float16(0.8003))":97,"(Float16(0.05), Float16(0.35))":2,"(Float16(0.95), Float16(1.25))":1},"76":{"(Float16(0.05), Float16(0.35))":3,"(Float16(0.501), Float16(0.801))":97},"34":{"(Float16(0.05), Float16(0.35))":4,"(Float16(0.501), Float16(0.801))":96},"50":{"(Float16(0.948), Float16(1.248))":59,"(Float16(0.05002), Float16(0.35))":41},"59":{"(Float16(0.498), Float16(0.798))":100},"93":{"(Float16(0.05), Float16(0.35))":2,"(Float16(0.501), Float16(0.801))":98},"2":{"(Float16(0.05005), Float16(0.35))":23,"(Float16(0.501), Float16(0.801))":77},"10":{"(Float16(0.05), Float16(0.35))":2,"(Float16(0.95), Float16(1.25))":1,"(Float16(0.501), Float16(0.801))":97},"18":{"(Float16(0.05), Float16(0.35))":7,"(Float16(0.501), Float16(0.801))":93},"26":{"(Float16(0.502), Float16(0.802))":98,"(Float16(0.05), Float16(0.35))":2},"27":{"(Float16(0.498), Float16(0.798))":89,"(Float16(0.05), Float16(0.35))":1,"(Float16(0.95), Float16(1.25))":10},"42":{"(Float16(0.501), Float16(0.801))":100},"87":{"(Float16(0.498), Float16(0.798))":99,"(Float16(0.95), Float16(1.25))":1},"100":{"(Float16(0.501), Float16(0.801))":100},"79":{"(Float16(0.05005), Float16(0.35))":30,"(Float16(0.95), Float16(1.25))":6,"(Float16(0.501), Float16(0.801))":64},"16":{"(Float16(0.498), Float16(0.798))":100},"20":{"(Float16(0.05), Float16(0.35))":1,"(Float16(0.501), Float16(0.801))":99},"81":{"(Float16(0.5005), Float16(0.8003))":81,"(Float16(0.05002), Float16(0.35))":19},"19":{"(Float16(0.498), Float16(0.798))":99,"(Float16(0.95), Float16(1.25))":1},"49":{"(Float16(0.498), Float16(0.798))":96,"(Float16(0.95), Float16(1.25))":4},"44":{"(Float16(0.5005), Float16(0.8003))":99,"(Float16(0.0487), Float16(0.3486))":1},"9":{"(Float16(0.949), Float16(1.249))":45,"(Float16(0.05075), Float16(0.3508))":55},"31":{"(Float16(0.498), Float16(0.798))":99,"(Float16(0.95), Float16(1.25))":1},"74":{"(Float16(0.5015), Float16(0.8013))":100},"61":{"(Float16(0.498), Float16(0.798))":87,"(Float16(0.95), Float16(1.25))":13},"29":{"(Float16(0.498), Float16(0.798))":100},"94":{"(Float16(0.5015), Float16(0.8013))":100},"46":{"(Float16(0.5015), Float16(0.8013))":100},"57":{"(Float16(0.05), Float16(0.35))":23,"(Float16(0.501), Float16(0.801))":77},"70":{"(Float16(0.05), Float16(0.35))":2,"(Float16(0.501), Float16(0.801))":98},"21":{"(Float16(0.05), Float16(0.35))":10,"(Float16(0.501), Float16(0.801))":90},"38":{"(Float16(0.9487), Float16(1.249))":2,"(Float16(0.4985), Float16(0.7983))":98},"88":{"(Float16(0.05), Float16(0.35))":6,"(Float16(0.501), Float16(0.801))":94},"78":{"(Float16(0.05), Float16(0.35))":1,"(Float16(0.501), Float16(0.801))":99},"72":{"(Float16(0.948), Float16(1.248))":67,"(Float16(0.05002), Float16(0.35))":33},"24":{"(Float16(0.498), Float16(0.798))":95,"(Float16(0.05), Float16(0.35))":2,"(Float16(0.95), Float16(1.25))":3},"8":{"(Float16(0.1923), Float16(0.4922))":74,"(Float16(0.949), Float16(1.249))":26},"17":{"(Float16(0.498), Float16(0.798))":100},"37":{"(Float16(0.498), Float16(0.798))":86,"(Float16(0.95), Float16(1.25))":14},"1":{"(Float16(0.498), Float16(0.798))":100},"53":{"(Float16(0.498), Float16(0.798))":100},"22":{"(Float16(0.05), Float16(0.35))":8,"(Float16(0.95), Float16(1.25))":2,"(Float16(0.501), Float16(0.801))":90},"47":{"(Float16(0.498), Float16(0.798))":79,"(Float16(0.949), Float16(1.249))":21},"83":{"(Float16(0.05), Float16(0.35))":13,"(Float16(0.95), Float16(1.25))":1,"(Float16(0.501), Float16(0.801))":86},"99":{"(Float16(0.498), Float16(0.798))":97,"(Float16(0.95), Float16(1.25))":3},"89":{"(Float16(0.05), Float16(0.35))":8,"(Float16(0.95), Float16(1.25))":2,"(Float16(0.501), Float16(0.801))":90},"14":{"(Float16(0.498), Float16(0.798))":100},"3":{"(Float16(0.498), Float16(0.798))":97,"(Float16(0.95), Float16(1.25))":3},"80":{"(Float16(0.498), Float16(0.798))":100},"96":{"(Float16(0.05), Float16(0.35))":1,"(Float16(0.95), Float16(1.25))":1,"(Float16(0.501), Float16(0.801))":98},"51":{"(Float16(0.498), Float16(0.798))":61,"(Float16(0.949), Float16(1.249))":39},"33":{"(Float16(0.498), Float16(0.798))":100},"40":{"(Float16(0.498), Float16(0.798))":80,"(Float16(0.949), Float16(1.249))":20},"48":{"(Float16(0.498), Float16(0.798))":63,"(Float16(0.949), Float16(1.249))":37},"15":{"(Float16(0.05), Float16(0.35))":2,"(Float16(0.95), Float16(1.25))":1,"(Float16(0.501), Float16(0.801))":97},