{"5":{"(Float16(0.684), Float16(0.694))":1,"(Float16(7.31e-5), Float16(0.01008))":99},"56":{"(Float16(5.335e-5), Float16(0.010056))":99,"(Float16(0.8584), Float16(0.868))":1},"55":{"(Float16(8.225e-5), Float16(0.010086))":99,"(Float16(0.623), Float16(0.633))":1},"35":{"(Float16(0.682), Float16(0.692))":50,"(Float16(4.52e-5), Float16(0.01005))":50},"60":{"(Float16(0.662), Float16(0.672))":66,"(Float16(2.754e-5), Float16(0.01003))":34},"30":{"(Float16(0.675), Float16(0.6846))":57,"(Float16(2.26e-6), Float16(0.01))":43},"32":{"(Float16(6.58e-5), Float16(0.01007))":100},"6":{"(Float16(0.0001465), Float16(0.01015))":49,"(Float16(0.7227), Float16(0.7324))":6,"(Float16(0.6914), Float16(0.701))":6,"(Float16(0.676), Float16(0.6855))":5,"(Float16(0.7124), Float16(0.722))":5,"(Float16(0.652), Float16(0.6616))":4,"(Float16(0.761), Float16(0.771))":2,"(Float16(0.733), Float16(0.7427))":6,"(Float16(0.6626), Float16(0.6724))":2,"(Float16(0.702), Float16(0.712))":5,"(Float16(0.79), Float16(0.8))":2,"(Float16(0.7446), Float16(0.7544))":6,"(Float16(0.631), Float16(0.6406))":2},"67":{"(Float16(0.7876), Float16(0.7974))":2,"(Float16(0.0001285), Float16(0.01013))":98},"45":{"(Float16(0.7373), Float16(0.747))":2,"(Float16(6.276e-5), Float16(0.01006))":89,"(Float16(0.607), Float16(0.6167))":2,"(Float16(0.708), Float16(0.718))":3,"(Float16(0.669), Float16(0.6787))":4},"73":{"(Float16(7.963e-5), Float16(0.01008))":98,"(Float16(0.6353), Float16(0.645))":2},"64":{"(Float16(6.34e-5), Float16(0.01006))":100},"90":{"(Float16(5.513e-5), Float16(0.010056))":100},"4":{"(Float16(9.19e-5), Float16(0.01009))":94,"(Float16(0.646), Float16(0.656))":2,"(Float16(0.6836), Float16(0.6934))":2,"(Float16(0.623), Float16(0.633))":2},"13":{"(Float16(4.61e-5), Float16(0.01005))":98,"(Float16(0.6396), Float16(0.6494))":2},"54":{"(Float16(9.58e-5), Float16(0.0101))":100},"63":{"(Float16(4.977e-5), Float16(0.010056))":100},"86":{"(Float16(0.6597), Float16(0.6694))":3,"(Float16(9.894e-5), Float16(0.0101))":97},"91":{"(Float16(6.276e-5), Float16(0.01006))":99,"(Float16(0.6104), Float16(0.62))":1},"62":{"(Float16(0.6504), Float16(0.66))":59,"(Float16(1.1e-6), Float16(0.01))":41},"58":{"(Float16(0.00011724), Float16(0.01012))":100},"52":{"(Float16(6.59e-5), Float16(0.01007))":100},"12":{"(Float16(0.6543), Float16(0.664))":2,"(Float16(0.0001338), Float16(0.01014))":98},"28":{"(Float16(0.593), Float16(0.6025))":1,"(Float16(5.84e-5), Float16(0.01006))":99},"75":{"(Float16(6.52e-5), Float16(0.01007))":100},"23":{"(Float16(4.35e-5), Float16(0.01005))":98,"(Float16(0.666), Float16(0.676))":2},"92":{"(Float16(9.036e-5), Float16(0.01009))":46,"(Float16(0.7188), Float16(0.7285))":54},"41":{"(Float16(8.07e-5), Float16(0.010086))":97,"(Float16(0.6367), Float16(0.6465))":3},"43":{"(Float16(6.28e-5), Float16(0.01006))":99,"(Float16(0.633), Float16(0.6426))":1},"69":{"(Float16(0.6265), Float16(0.636))":2,"(Float16(0.6143), Float16(0.624))":2,"(Float16(0.0001278), Float16(0.01013))":94,"(Float16(0.6646), Float16(0.6743))":2},"11":{"(Float16(6.99e-5), Float16(0.01007))":100},"68":{"(Float16(1.484e-5), Float16(0.01002))":95,"(Float16(0.673), Float16(0.6826))":2,"(Float16(0.7495), Float16(0.7593))":3},"98":{"(Float16(0.603), Float16(0.613))":4,"(Float16(4.5e-5), Float16(0.01005))":96},"36":{"(Float16(0.824), Float16(0.834))":2,"(Float16(9.3e-5), Float16(0.01009))":96,"(Float16(0.764), Float16(0.774))":2},"82":{"(Float16(7.67e-5), Float16(0.01008))":100},"85":{"(Float16(7.606e-5), Float16(0.01008))":91,"(Float16(0.703), Float16(0.713))":4,"(Float16(0.6387), Float16(0.6484))":3,"(Float16(0.7856), Float16(0.7954))":2},"39":{"(Float16(0.658), Float16(0.668))":2,"(Float16(8.863e-5), Float16(0.01009))":96,"(Float16(0.707), Float16(0.717))":2},"84":{"(Float16(9.227e-5), Float16(0.01009))":100},"77":{"(Float16(0.7246), Float16(0.7344))":6,"(Float16(8.04e-5), Float16(0.010086))":88,"(Float16(0.626), Float16(0.6357))":2,"(Float16(0.6846), Float16(0.6943))":4},"7":{"(Float16(5.794e-5), Float16(0.01006))":100},"25":{"(Float16(0.682), Float16(0.692))":1,"(Float16(9.567e-5), Float16(0.0101))":99},"95":{"(Float16(0.6113), Float16(0.621))":3,"(Float16(1.42e-5), Float16(0.01002))":97},"71":{"(Float16(0.0001013), Float16(0.0101))":99,"(Float16(0.5947), Float16(0.6045))":1},"66":{"(Float16(6.247e-5), Float16(0.01006))":100},"76":{"(Float16(0.6484), Float16(0.658))":2,"(Float16(0.7305), Float16(0.74))":3,"(Float16(8.57e-5), Float16(0.010086))":95},"93":{"(Float16(0.00011945), Float16(0.010124))":99,"(Float16(0.5674), Float16(0.577))":1},"50":{"(Float16(0.0001392), Float16(0.01014))":100},"59":{"(Float16(0.0001228), Float16(0.010124))":100},"34":{"(Float16(0.00012195), Float16(0.010124))":100},"2":{"(Float16(0.5938), Float16(0.6035))":2,"(Float16(6.24e-5), Float16(0.01006))":98},"27":{"(Float16(5.376e-5), Float16(0.010056))":100},"10":{"(Float16(0.581), Float16(0.591))":3,"(Float16(3.15e-5), Float16(0.01003))":97},"26":{"(Float16(8.273e-5), Float16(0.010086))":99,"(Float16(0.6094), Float16(0.619))":1},"18":{"(Float16(0.000103), Float16(0.0101))":100},"42":{"(Float16(4.67e-5), Float16(0.01005))":100},"87":{"(Float16(0.6123), Float16(0.622))":1,"(Float16(0.0001054), Float16(0.01011))":99},"100":{"(Float16(0.0001042), Float16(0.01011))":96,"(Float16(0.601), Float16(0.611))":2,"(Float16(0.6396), Float16(0.6494))":2},"79":{"(Float16(6.336e-5), Float16(0.01006))":100},"16":{"(Float16(0.0001206), Float16(0.010124))":100},"81":{"(Float16(6.28e-5), Float16(0.01006))":99,"(Float16(0.671), Float16(0.6807))":1},"20":{"(Float16(5.15e-5), Float16(0.010056))":100},"19":{"(Float16(6.735e-5), Float16(0.01007))":97,"(Float16(0.669), Float16(0.6787))":3},"49":{"(Float16(8.154e-5), Float16(0.010086))":100},"44":{"(Float16(0.0001207), Float16(0.010124))":100},"31":{"(Float16(6.6e-5), Float16(0.01007))":94,"(Float16(0.622), Float16(0.632))":2,"(Float16(0.6733), Float16(0.683))":2,"(Float16(0.83), Float16(0.84))":2},"9":{"(Float16(0.6133), Float16(0.623))":2,"(Float16(0.801), Float16(0.8105))":2,"(Float16(9.51e-5), Float16(0.01009))":96},"74":{"(Float16(7.51e-5), Float16(0.01008))":99,"(Float16(0.971), Float16(0.981))":1},"61":{"(Float16(8.136e-5), Float16(0.010086))":100},"29":{"(Float16(4.935e-5), Float16(0.01005))":91,"(Float16(0.756), Float16(0.7656))":3,"(Float16(0.6553), Float16(0.665))":4,"(Float16(0.681), Float16(0.691))":2},"94":{"(Float16(6.855e-5), Float16(0.01007))":100},"46":{"(Float16(6.765e-5), Float16(0.01007))":92,"(Float16(0.6167), Float16(0.6265))":4,"(Float16(0.643), Float16(0.653))":4},"57":{"(Float16(5.77e-5), Float16(0.01006))":100},"70":{"(Float16(6.29e-5), Float16(0.01006))":96,"(Float16(0.744), Float16(0.754))":2,"(Float16(0.6685), Float16(0.678))":2},"21":{"(Float16(8.07e-5), Float16(0.010086))":96,"(Float16(0.624), Float16(0.634))":4},"88":{"(Float16(0.0001322), Float16(0.01013))":96,"(Float16(0.6016), Float16(0.6113))":4},"38":{"(Float16(9.87e-5), Float16(0.0101))":96,"(Float16(0.6094), Float16(0.619))":4},"78":{"(Float16(1.675e-5), Float16(0.01002))":35,"(Float16(0.665), Float16(0.675))":65},"72":{"(Float16(0.0001404), Float16(0.01014))":99,"(Float16(0.573), Float16(0.583))":1},"24":{"(Float16(9.38e-5), Float16(0.01009))":100},"8":{"(Float16(0.00010836), Float16(0.01011))":100},"17":{"(Float16(0.5923), Float16(0.602))":1,"(Float16(8.38e-5), Float16(0.010086))":99},"37":{"(Float16(0.6694), Float16(0.679))":4,"(Float16(9.37e-5), Float16(0.01009))":96},"1":{"(Float16(2.4e-5), Float16(0.010025))":100},"53":{"(Float16(0.0001084), Float16(0.01011))":100},"22":{"(Float16(7.25e-5), Float16(0.01007))":100},"47":{"(Float16(0.7847), Float16(0.7944))":2,"(Float16(0.8086), Float16(0.8184))":2,"(Float16(5.44e-5), Float16(0.010056))":94,"(Float16(0.7573), Float16(0.767))":2},"83":{"(Float16(3.1e-5), Float16(0.01003))":99,"(Float16(0.5776), Float16(0.5874))":1},"99":{"(Float16(4.21e-5), Float16(0.01005))":100},"89":{"(Float16(9.286e-5), Float16(0.01009))":95,"(Float16(0.5947), Float16(0.6045))":2,"(Float16(0.6953), Float16(0.705))":3},