{"5":[0.758,0.793,0.7637,0.8037,0.7705,0.8438,0.7505,0.7524,0.789,0.831,0.706,0.8145,0.8896,0.81,0.753,0.753,0.794,0.654,0.8438,0.839,0.747,0.887,0.878,0.703,0.8047,0.7773,0.715,0.7656,0.824,0.725,0.7437,0.6514,0.874,0.8047,0.785,0.8896,0.7104,0.7886,0.595,0.7837,0.786,0.8125,0.05,0.7266,0.8086,0.6523,0.8037,0.05,0.05,0.8184,0.05,0.8135,0.7417,0.8477,0.793,0.629,0.6943,0.7183,0.842,0.629,0.05,0.8115,0.749,0.05,0.05,0.6035,0.8135,0.6133,0.8115,0.703,0.8115,0.05,0.7104,0.813,0.919,0.7656,0.6157,0.7173,0.7617,0.8726,0.8086,0.7676,0.7266,0.706,0.826,0.05,0.8774,0.888,0.654,0.05,0.8037,0.838,0.7695,0.7524,0.6426,0.747,0.742,0.752,0.8477,0.758],"4":[0.5015,0.5015,0.5005,0.501,0.501,0.5005,0.5005,0.501,0.501,0.5,0.501,0.501,0.501,0.5005,0.501,0.501,0.502,0.5015,0.501,0.5015,0.501,0.501,0.501,0.501,0.5005,0.501,0.501,0.5005,0.5005,0.501,0.501,0.5015,0.5015,0.502,0.501,0.501,0.5005,0.501,0.501,0.501,0.502,0.501,0.502,0.5015,0.502,0.5015,0.501,0.501,0.5015,0.502,0.501,0.502,0.502,0.501,0.501,0.5015,0.501,0.5015,0.5015,0.5005,0.5015,0.5005,0.501,0.501,0.501,0.501,0.501,0.501,0.5005,0.5,0.5,0.5,0.5,0.5,0.5,0.5,0.5,0.5005,0.501,0.501,0.5,0.5,0.5,0.5,0.5,0.5,0.5,0.5,0.5,0.5,0.5,0.5,0.5,0.5,0.5,0.5,0.5005,0.501,0.5015,0.501],"6":[0.4995,0.4995,0.4995,0.4995,0.4995,0.4995,0.4995,0.4995,0.4998,0.4998,0.4995,0.4988,0.4998,0.4993,0.499,0.499,0.4995,0.4995,0.4995,0.4993,0.4995,0.499,0.499,0.4995,0.4985,0.4995,0.499,0.4995,0.499,0.4995,0.4995,0.4985,0.4985,0.4993,0.4985,0.4985,0.4993,0.4993,0.4988,0.4995,0.499,0.4993,0.4995,0.4995,0.4993,0.4995,0.4995,0.499,0.4995,0.4988,0.4995,0.499,0.4995,0.4988,0.4993,0.4988,0.4985,0.4985,0.4985,0.4985,0.4995,0.499,0.4993,0.4995,0.4995,0.4995,0.4995,0.4995,0.4995,0.4995,0.4998,0.4995,0.499,0.499,0.4993,0.4993,0.4998,0.499,0.4993,0.4995,0.4993,0.499,0.499,0.4993,0.4995,0.4995,0.499,0.4995,0.499,0.499,0.499,0.4995,0.4998,0.4995,0.4995,0.4995,0.4998,0.4998,0.4998,0.4995],"7":[0.502,0.5015,0.05005,0.501,0.501,0.5015,0.501,0.502,0.501,0.502,0.5024,0.502,0.502,0.502,0.502,0.501,0.501,0.5015,0.502,0.501,0.501,0.502,0.502,0.502,0.5015,0.502,0.502,0.501,0.502,0.502,0.5015,0.502,0.5015,0.501,0.501,0.501,0.5005,0.501,0.5005,0.501,0.501,0.501,0.501,0.501,0.501,0.5005,0.5015,0.502,0.501,0.502,0.502,0.5015,0.501,0.5005,0.501,0.5005,0.501,0.501,0.501,0.501,0.501,0.501,0.5005,0.501,0.5015,0.501,0.501,0.5005,0.501,0.501,0.5005,0.501,0.501,0.501,0.5005,0.5005,0.501,0.5005,0.5015,0.501,0.501,0.501,0.5005,0.501,0.5005,0.501,0.5005,0.501,0.501,0.05023,0.501,0.501,0.05023,0.501,0.501,0.501,0.501,0.5015,0.502,0.502],"2":[0.5024,0.5024,0.502,0.501,0.501,0.501,0.502,0.501,0.502,0.5015,0.502,0.502,0.501,0.501,0.5015,0.502,0.5015,0.502,0.501,0.502,0.501,0.5015,0.501,0.5005,0.5015,0.502,0.502,0.5015,0.5015,0.501,0.5005,0.501,0.501,0.5005,0.501,0.501,0.501,0.5005,0.501,0.501,0.501,0.5015,0.502,0.501,0.501,0.502,0.501,0.502,0.502,0.502,0.501,0.5015,0.5015,0.501,0.501,0.5005,0.501,0.5005,0.501,0.501,0.501,0.501,0.5015,0.502,0.501,0.501,0.501,0.501,0.5005,0.501,0.501,0.501,0.5015,0.501,0.501,0.501,0.5015,0.501,0.5015,0.5005,0.5015,0.501,0.501,0.5024,0.501,0.501,0.501,0.501,0.501,0.5015,0.501,0.502,0.502,0.502,0.502,0.502,0.5015,0.502,0.501,0.5024],"10":[0.502,0.502,0.501,0.502,0.5015,0.502,0.5015,0.502,0.501,0.5015,0.501,0.502,0.501,0.5015,0.501,0.501,0.5015,0.502,0.502,0.5015,0.502,0.502,0.502,0.501,0.5015,0.5015,0.5005,0.5005,0.501,0.502,0.502,0.501,0.502,0.502,0.501,0.502,0.502,0.502,0.501,0.501,0.5015,0.501,0.5015,0.501,0.502,0.502,0.502,0.5015,0.501,0.502,0.501,0.501,0.502,0.501,0.502,0.501,0.5015,0.5015,0.5005,0.501,0.5015,0.502,0.5015,0.501,0.502,0.502,0.501,0.5005,0.501,0.501,0.501,0.501,0.501,0.502,0.502,0.5015,0.501,0.5015,0.501,0.501,0.501,0.501,0.5015,0.501,0.5015,0.501,0.5015,0.502,0.501,0.502,0.502,0.502,0.502,0.5015,0.502,0.502,0.501,0.501,0.502,0.502],"9":[0.4988,0.499,0.499,0.4995,0.499,0.499,0.499,0.4988,0.4995,0.4985,0.4985,0.4988,0.499,0.499,0.499,0.499,0.499,0.499,0.4995,0.499,0.4995,0.4985,0.4988,0.4985,0.4993,0.499,0.499,0.499,0.4995,0.499,0.4995,0.4993,0.4995,0.499,0.4995,0.4995,0.4988,0.4995,0.4995,0.4995,0.4995,0.499,0.4995,0.4993,0.4995,0.4993,0.4998,0.4993,0.4993,0.4998,0.4993,0.4988,0.499,0.4988,0.4995,0.4993,0.4988,0.4995,0.4985,0.4985,0.4985,0.4985,0.4995,0.4995,0.4985,0.499,0.4995,0.4985,0.4993,0.4995,0.499,0.499,0.4993,0.4998,0.0501,0.4993,0.4993,0.4995,0.4995,0.4995,0.4995,0.4998,0.4995,0.4995,0.4995,0.4995,0.4998,0.4998,0.4995,0.4995,0.4995,0.4995,0.4998,0.4998,0.4998,0.4993,0.499,0.4995,0.499,0.4995],"8":[0.501,0.501,0.501,0.501,0.501,0.501,0.501,0.501,0.501,0.501,0.501,0.5005,0.501,0.501,0.502,0.502,0.5015,0.5005,0.501,0.501,0.501,0.502,0.5015,0.502,0.501,0.501,0.5005,0.5005,0.501,0.501,0.501,0.501,0.5005,0.501,0.501,0.501,0.502,0.5015,0.502,0.502,0.501,0.501,0.501,0.5005,0.5005,0.501,0.501,0.5005,0.501,0.5005,0.501,0.5005,0.5005,0.501,0.5005,0.501,0.5005,0.501,0.501,0.5005,0.501,0.501,0.5005,0.501,0.501,0.5005,0.501,0.5005,0.501,0.501,0.5015,0.501,0.501,0.501,0.5005,0.5005,0.501,0.501,0.501,0.5005,0.5015,0.5015,0.502,0.502,0.5015,0.501,0.5015,0.5005,0.501,0.5005,0.5015,0.501,0.501,0.5015,0.502,0.5015,0.501,0.501,0.5005,0.501],"3":[0.499,0.4995,0.499,0.4988,0.4988,0.499,0.499,0.499,0.4993,0.499,0.4988,0.499,0.4988,0.4985,0.499,0.499,0.4995,0.4995,0.499,0.499,0.4988,0.499,0.499,0.4995,0.499,0.499,0.499,0.499,0.4995,0.4995,0.4995,0.499,0.499,0.4993,0.4983,0.4985,0.4985,0.4993,0.499,0.499,0.4995,0.499,0.499,0.4993,0.4995,0.4998,0.4995,0.4995,0.4995,0.499,0.499,0.499,0.4995,0.4995,0.499,0.499,0.499,0.499,0.4995,0.4993,0.4995,0.4998,0.4995,0.4995,0.4995,0.4998,0.4995,0.4995,0.4993,0.499,0.4995,0.499,0.499,0.499,0.4995,0.4995,0.499,0.499,0.4995,0.4995,0.4995,0.4995,0.499,0.4995,0.4988,0.4993,0.499,0.4988,0.4993,0.4985,0.4985,0.4985,0.4985,0.4985,0.499,0.4995,0.4995,0.4998,0.499,0.499],"1":[0.501,0.501,0.501,0.501,0.502,0.501,0.501,0.5015,0.502,0.501,0.05026,0.502,0.502,0.502,0.501,0.5015,0.501,0.501,0.501,0.501,0.501,0.5015,0.5005,0.501,0.501,0.5005,0.501,0.5005,0.501,0.5005,0.5015,0.501,0.5015,0.501,0.5015,0.501,0.5015,0.501,0.5015,0.501,0.5015,0.5015,0.501,0.5015,0.502,0.501,0.501,0.5015,0.501,0.5005,0.5005,0.5005,0.501,0.501,0.501,0.501,0.501,0.5005,0.501,0.501,0.5005,0.501,0.501,0.501,0.5005,0.5015,0.5005,0.501,0.502,0.502,0.5024,0.502,0.5015,0.5015,0.502,0.502,0.501,0.5005,0.501,0.501,0.501,0.502,0.501,0.501,0.5005,0.502,0.5024,0.5024,0.501,0.502,0.5015,0.501,0.5015,0.501,0.5015,0.501,0.501,0.5005,0.501,0.501]}