{"4":[0.757,0.05045,0.05023,0.2205,0.1904,0.276,0.05008,0.948,0.949,0.6133,0.948,0.757,0.949,0.05023,0.757,0.05014,0.3337,0.5,0.9497,0.5,0.05048,0.0503,0.1833,0.05005,0.2205,0.3337,0.948,0.7563,0.3286,0.05026,0.05005,0.5,0.05026,0.756,0.756,0.756,0.756,0.95,0.3442,0.9497,0.756,0.5,0.05023,0.2812,0.7563,0.1904,0.05017,0.949,0.276,0.949,0.5,0.358,0.9497,0.5,0.258,0.948,0.3442,0.757,0.258,0.0503,0.05048,0.757,0.2812,0.05045,0.2307,0.05078,0.05014,0.948,0.95,0.9497,0.05008,0.757,0.3782,0.05023,0.757,0.757,0.05023,0.757,0.6133,0.5,0.3782,0.757,0.949,0.05078,0.1833,0.2205,0.757,0.757,0.358,0.757,0.2307,0.6133,0.05023,0.948,0.757,0.757,0.948,0.3286,0.95,0.757],"1":[0.499,0.6997,0.788,0.499,0.1731,0.949,0.949,0.4988,0.824,0.2174,0.0502,0.95,0.788,0.2174,0.949,0.95,0.9487,0.788,0.6934,0.4985,0.4985,0.949,0.05054,0.632,0.4985,0.05026,0.95,0.4985,0.1523,0.05023,0.1655,0.8037,0.95,0.4985,0.6997,0.824,0.4985,0.8037,0.1694,0.4988,0.499,0.95,0.4988,0.05005,0.0506,0.948,0.4985,0.0502,0.4985,0.499,0.499,0.949,0.9487,0.1655,0.2573,0.948,0.7607,0.499,0.4993,0.4995,0.1731,0.2332,0.8037,0.4995,0.95,0.7773,0.2573,0.4995,0.6934,0.632,0.0503,0.632,0.7773,0.949,0.4995,0.4995,0.4995,0.95,0.2332,0.4995,0.4995,0.05023,0.95,0.4995,0.1655,0.4995,0.7607,0.4995,0.4995,0.4995,0.4995,0.05005,0.4993,0.4995,0.0501,0.1523,0.1694,0.499,0.499,0.949],"5":[0.2485,0.7314,0.499,0.95,0.4985,0.2483,0.04984,0.2483,0.949,0.4988,0.04984,0.2483,0.2483,0.9487,0.95,0.04962,0.2482,0.4988,0.248,0.95,0.949,0.248,0.2479,0.802,0.0498,0.949,0.2478,0.04974,0.4993,0.2478,0.2478,0.821,0.2478,0.8247,0.6865,0.2478,0.2478,0.4988,0.2478,0.2478,0.663,0.949,0.2478,0.8105,0.2478,0.04987,0.4983,0.4985,0.2478,0.04974,0.04993,0.621,0.663,0.4995,0.949,0.2478,0.4998,0.95,0.6836,0.949,0.821,0.4998,0.4998,0.04993,0.2479,0.248,0.2482,0.2483,0.8066,0.2484,0.95,0.621,0.2485,0.7314,0.8105,0.2485,0.6865,0.2485,0.0498,0.4983,0.8066,0.6865,0.2485,0.4993,0.6836,0.9487,0.04974,0.2485,0.0499,0.95,0.2485,0.4988,0.802,0.2485,0.8247,0.95,0.2485,0.2485,0.4995,0.949],"2":[0.7275,0.5,0.7275,0.3848,0.5,0.7275,0.95,0.7275,0.3086,0.5,0.4998,0.3052,0.2218,0.4995,0.7275,0.5,0.2734,0.1919,0.7275,0.2734,0.05,0.5,0.7275,0.5,0.3052,0.2637,0.05,0.7275,0.3086,0.05005,0.5,0.7275,0.7275,0.7275,0.5,0.33,0.5,0.05,0.4998,0.3848,0.498,0.4983,0.9497,0.7275,0.5,0.7275,0.7275,0.95,0.5,0.7275,0.5,0.05,0.95,0.95,0.5,0.1919,0.4998,0.7275,0.05,0.33,0.2637,0.2218,0.95,0.4995,0.498,0.7275,0.95,0.5,0.05,0.05005,0.95,0.95,0.5,0.5,0.2817,0.7275,0.5,0.197,0.05005,0.95,0.5,0.197,0.05005,0.4998,0.7275,0.7275,0.5,0.7275,0.9497,0.5,0.05002,0.7275,0.3848,0.5,0.05,0.95,0.2817,0.05002,0.95,0.5],"3":[0.3647,0.9497,0.05066,0.05048,0.751,0.7637,0.704,0.3647,0.95,0.3647,0.5,0.05045,0.0509,0.3647,0.5,0.5,0.3647,0.95,0.5,0.05106,0.6396,0.751,0.3647,0.704,0.05023,0.846,0.5,0.3647,0.5,0.764,0.7637,0.799,0.5,0.3647,0.3647,0.3647,0.3647,0.5,0.197,0.1775,0.3647,0.3647,0.2307,0.3647,0.704,0.3647,0.0512,0.3647,0.5,0.3647,0.619,0.2307,0.842,0.05087,0.3647,0.5,0.7417,0.9497,0.3647,0.846,0.05045,0.79,0.3645,0.5,0.05078,0.799,0.1775,0.6396,0.3643,0.5,0.3643,0.05054,0.0506,0.95,0.7637,0.5,0.3643,0.05066,0.197,0.764,0.3643,0.7417,0.5,0.5,0.05115,0.95,0.5,0.95,0.95,0.95,0.95,0.5,0.619,0.05057,0.3645,0.05106,0.842,0.3647,0.05038,0.79]}