{"5":{"(Float16(0.05), Float16(0.06))":13,"(Float16(0.501), Float16(0.5107))":87},"56":{"(Float16(0.498), Float16(0.508))":95,"(Float16(0.05), Float16(0.06))":1,"(Float16(0.95), Float16(0.96))":4},"35":{"(Float16(0.498), Float16(0.508))":97,"(Float16(0.05), Float16(0.06))":1,"(Float16(0.95), Float16(0.96))":2},"55":{"(Float16(0.05), Float16(0.06))":3,"(Float16(0.501), Float16(0.5107))":96,"(Float16(0.95), Float16(0.96))":1},"60":{"(Float16(0.05), Float16(0.06))":3,"(Float16(0.5015), Float16(0.511))":97},"30":{"(Float16(0.05), Float16(0.06))":2,"(Float16(0.5005), Float16(0.5103))":98},"32":{"(Float16(0.05), Float16(0.06))":10,"(Float16(0.501), Float16(0.5107))":90},"6":{"(Float16(0.498), Float16(0.508))":84,"(Float16(0.949), Float16(0.959))":16},"67":{"(Float16(0.2144), Float16(0.2244))":1,"(Float16(0.3035), Float16(0.3135))":5,"(Float16(0.293), Float16(0.303))":10,"(Float16(0.2827), Float16(0.2927))":19,"(Float16(0.1713), Float16(0.1813))":1,"(Float16(0.3413), Float16(0.3513))":1,"(Float16(0.2568), Float16(0.2668))":9,"(Float16(0.95), Float16(0.96))":23,"(Float16(0.232), Float16(0.2421))":1,"(Float16(0.42), Float16(0.43))":1,"(Float16(0.2725), Float16(0.2825))":16,"(Float16(0.314), Float16(0.324))":5,"(Float16(0.246), Float16(0.2559))":6,"(Float16(0.3877), Float16(0.3977))":2},"45":{"(Float16(0.05002), Float16(0.06003))":31,"(Float16(0.5005), Float16(0.5103))":69},"73":{"(Float16(0.05), Float16(0.06))":10,"(Float16(0.501), Float16(0.5107))":87,"(Float16(0.95), Float16(0.96))":3},"64":{"(Float16(0.498), Float16(0.508))":100},"90":{"(Float16(0.498), Float16(0.508))":88,"(Float16(0.95), Float16(0.96))":12},"4":{"(Float16(0.498), Float16(0.508))":95,"(Float16(0.95), Float16(0.96))":5},"13":{"(Float16(0.4985), Float16(0.5083))":96,"(Float16(0.05), Float16(0.06))":2,"(Float16(0.95), Float16(0.96))":2},"54":{"(Float16(0.501), Float16(0.5107))":56,"(Float16(0.05002), Float16(0.06003))":44},"63":{"(Float16(0.05), Float16(0.06))":5,"(Float16(0.501), Float16(0.5107))":94,"(Float16(0.95), Float16(0.96))":1},"86":{"(Float16(0.05), Float16(0.06))":4,"(Float16(0.501), Float16(0.5107))":96},"91":{"(Float16(0.498), Float16(0.508))":100},"62":{"(Float16(0.948), Float16(0.958))":71,"(Float16(0.05002), Float16(0.06003))":29},"58":{"(Float16(0.05002), Float16(0.06003))":30,"(Float16(0.6924), Float16(0.702))":2,"(Float16(0.709), Float16(0.7188))":5,"(Float16(0.6157), Float16(0.6255))":2,"(Float16(0.635), Float16(0.6445))":2,"(Float16(0.674), Float16(0.6836))":1,"(Float16(0.6597), Float16(0.6694))":2,"(Float16(0.753), Float16(0.7627))":7,"(Float16(0.72), Float16(0.73))":15,"(Float16(0.7305), Float16(0.74))":25,"(Float16(0.741), Float16(0.751))":9},"52":{"(Float16(0.05), Float16(0.06))":3,"(Float16(0.501), Float16(0.5107))":97},"12":{"(Float16(0.501), Float16(0.5107))":96,"(Float16(0.95), Float16(0.96))":4},"28":{"(Float16(0.05), Float16(0.06))":1,"(Float16(0.5015), Float16(0.511))":99},"75":{"(Float16(0.5005), Float16(0.5103))":100},"23":{"(Float16(0.05), Float16(0.06))":1,"(Float16(0.5005), Float16(0.5103))":99},"92":{"(Float16(0.498), Float16(0.508))":99,"(Float16(0.05), Float16(0.06))":1},"41":{"(Float16(0.498), Float16(0.508))":60,"(Float16(0.949), Float16(0.959))":40},"43":{"(Float16(0.05084), Float16(0.06085))":64,"(Float16(0.949), Float16(0.959))":36},"11":{"(Float16(0.498), Float16(0.508))":96,"(Float16(0.95), Float16(0.96))":4},"36":{"(Float16(0.498), Float16(0.508))":99,"(Float16(0.95), Float16(0.96))":1},"68":{"(Float16(0.05), Float16(0.06))":2,"(Float16(0.5005), Float16(0.5103))":98},"69":{"(Float16(0.501), Float16(0.5107))":76,"(Float16(0.05002), Float16(0.06003))":24},"98":{"(Float16(0.498), Float16(0.508))":96,"(Float16(0.95), Float16(0.96))":4},"82":{"(Float16(0.05), Float16(0.06))":20,"(Float16(0.5005), Float16(0.5103))":80},"85":{"(Float16(0.05), Float16(0.06))":4,"(Float16(0.501), Float16(0.5107))":96},"39":{"(Float16(0.498), Float16(0.508))":65,"(Float16(0.948), Float16(0.958))":35},"84":{"(Float16(0.05), Float16(0.06))":1,"(Float16(0.501), Float16(0.5107))":98,"(Float16(0.95), Float16(0.96))":1},"77":{"(Float16(0.4985), Float16(0.5083))":90,"(Float16(0.95), Float16(0.96))":10},"7":{"(Float16(0.948), Float16(0.958))":64,"(Float16(0.05002), Float16(0.06003))":36},"25":{"(Float16(0.948), Float16(0.958))":1,"(Float16(0.5005), Float16(0.5103))":99},"95":{"(Float16(0.5015), Float16(0.511))":100},"71":{"(Float16(0.05), Float16(0.06))":1,"(Float16(0.501), Float16(0.5107))":99},"66":{"(Float16(0.05), Float16(0.06))":2,"(Float16(0.95), Float16(0.96))":1,"(Float16(0.5005), Float16(0.5103))":97},"76":{"(Float16(0.05), Float16(0.06))":3,"(Float16(0.501), Float16(0.5107))":97},"34":{"(Float16(0.05), Float16(0.06))":4,"(Float16(0.501), Float16(0.5107))":96},"50":{"(Float16(0.948), Float16(0.958))":59,"(Float16(0.05002), Float16(0.06003))":41},"59":{"(Float16(0.498), Float16(0.508))":100},"93":{"(Float16(0.05), Float16(0.06))":2,"(Float16(0.501), Float16(0.5107))":98},"2":{"(Float16(0.05005), Float16(0.06006))":23,"(Float16(0.501), Float16(0.5107))":77},"10":{"(Float16(0.05), Float16(0.06))":2,"(Float16(0.501), Float16(0.5107))":97,"(Float16(0.95), Float16(0.96))":1},"18":{"(Float16(0.05), Float16(0.06))":7,"(Float16(0.501), Float16(0.5107))":93},"26":{"(Float16(0.05), Float16(0.06))":2,"(Float16(0.502), Float16(0.5117))":98},"27":{"(Float16(0.498), Float16(0.508))":89,"(Float16(0.05), Float16(0.06))":1,"(Float16(0.95), Float16(0.96))":10},"42":{"(Float16(0.501), Float16(0.5107))":100},"87":{"(Float16(0.498), Float16(0.508))":99,"(Float16(0.95), Float16(0.96))":1},"100":{"(Float16(0.501), Float16(0.5107))":100},"79":{"(Float16(0.05005), Float16(0.06006))":30,"(Float16(0.501), Float16(0.5107))":64,"(Float16(0.95), Float16(0.96))":6},"16":{"(Float16(0.498), Float16(0.508))":100},"20":{"(Float16(0.05), Float16(0.06))":1,"(Float16(0.501), Float16(0.5107))":99},"81":{"(Float16(0.05002), Float16(0.06003))":19,"(Float16(0.5005), Float16(0.5103))":81},"19":{"(Float16(0.498), Float16(0.508))":99,"(Float16(0.95), Float16(0.96))":1},"49":{"(Float16(0.498), Float16(0.508))":96,"(Float16(0.95), Float16(0.96))":4},"44":{"(Float16(0.0487), Float16(0.05872))":1,"(Float16(0.5005), Float16(0.5103))":99},"9":{"(Float16(0.949), Float16(0.959))":45,"(Float16(0.05075), Float16(0.06076))":55},"31":{"(Float16(0.498), Float16(0.508))":99,"(Float16(0.95), Float16(0.96))":1},"74":{"(Float16(0.5015), Float16(0.511))":100},"61":{"(Float16(0.498), Float16(0.508))":87,"(Float16(0.95), Float16(0.96))":13},"29":{"(Float16(0.498), Float16(0.508))":100},"94":{"(Float16(0.5015), Float16(0.511))":100},"46":{"(Float16(0.5015), Float16(0.511))":100},"57":{"(Float16(0.05), Float16(0.06))":23,"(Float16(0.501), Float16(0.5107))":77},"70":{"(Float16(0.05), Float16(0.06))":2,"(Float16(0.501), Float16(0.5107))":98},"21":{"(Float16(0.05), Float16(0.06))":10,"(Float16(0.501), Float16(0.5107))":90},"38":{"(Float16(0.4985), Float16(0.5083))":98,"(Float16(0.9487), Float16(0.9585))":2},"88":{"(Float16(0.05), Float16(0.06))":6,"(Float16(0.501), Float16(0.5107))":94},"78":{"(Float16(0.05), Float16(0.06))":1,"(Float16(0.501), Float16(0.5107))":99},"72":{"(Float16(0.948), Float16(0.958))":67,"(Float16(0.05002), Float16(0.06003))":33},"24":{"(Float16(0.498), Float16(0.508))":95,"(Float16(0.05), Float16(0.06))":2,"(Float16(0.95), Float16(0.96))":3},"8":{"(Float16(0.2688), Float16(0.2788))":4,"(Float16(0.2573), Float16(0.2673))":15,"(Float16(0.2256), Float16(0.2356))":11,"(Float16(0.2108), Float16(0.2208))":4,"(Float16(0.2837), Float16(0.2937))":2,"(Float16(0.2365), Float16(0.2465))":11,"(Float16(0.1923), Float16(0.2023))":2,"(Float16(0.2472), Float16(0.257))":25,"(Float16(0.949), Float16(0.959))":26},"17":{"(Float16(0.498), Float16(0.508))":100},"37":{"(Float16(0.498), Float16(0.508))":86,"(Float16(0.95), Float16(0.96))":14},"1":{"(Float16(0.498), Float16(0.508))":98,"(Float16(0.05), Float16(0.06))":1,"(Float16(0.95), Float16(0.96))":1},"53":{"(Float16(0.498), Float16(0.508))":100},