{"5":{"(Float16(0.0005856), Float16(0.5005))":100},"56":{"(Float16(0.000619), Float16(0.5005))":100},"35":{"(Float16(0.000575), Float16(0.5005))":100},"55":{"(Float16(0.0004451), Float16(0.5005))":100},"60":{"(Float16(0.0006027), Float16(0.5005))":100},"30":{"(Float16(0.8643), Float16(1.364))":9,"(Float16(0.0005636), Float16(0.5005))":91},"32":{"(Float16(0.000676), Float16(0.5005))":100},"6":{"(Float16(0.0004702), Float16(0.5005))":100},"67":{"(Float16(0.0005684), Float16(0.5005))":100},"45":{"(Float16(0.0005255), Float16(0.5005))":100},"73":{"(Float16(0.0004587), Float16(0.5005))":100},"64":{"(Float16(0.0003328), Float16(0.5005))":100},"90":{"(Float16(0.0005074), Float16(0.5005))":100},"4":{"(Float16(0.000566), Float16(0.5005))":100},"13":{"(Float16(0.000442), Float16(0.5005))":100},"54":{"(Float16(0.000706), Float16(0.5005))":100},"63":{"(Float16(0.000497), Float16(0.5005))":100},"86":{"(Float16(0.0004067), Float16(0.5005))":100},"91":{"(Float16(0.0004835), Float16(0.5005))":100},"62":{"(Float16(0.000474), Float16(0.5005))":100},"58":{"(Float16(0.0004618), Float16(0.5005))":100},"52":{"(Float16(0.0005226), Float16(0.5005))":100},"12":{"(Float16(0.000592), Float16(0.5005))":100},"28":{"(Float16(0.000563), Float16(0.5005))":100},"75":{"(Float16(0.866), Float16(1.366))":2,"(Float16(0.0005445), Float16(0.5005))":98},"23":{"(Float16(0.0005054), Float16(0.5005))":100},"92":{"(Float16(0.0003724), Float16(0.5005))":100},"41":{"(Float16(0.0006022), Float16(0.5005))":100},"43":{"(Float16(0.0003793), Float16(0.5005))":100},"11":{"(Float16(0.000626), Float16(0.5005))":100},"36":{"(Float16(0.0005608), Float16(0.5005))":100},"68":{"(Float16(0.000588), Float16(0.5005))":100},"69":{"(Float16(0.0004678), Float16(0.5005))":100},"98":{"(Float16(0.0004208), Float16(0.5005))":100},"82":{"(Float16(0.0005393), Float16(0.5005))":100},"85":{"(Float16(0.000484), Float16(0.5005))":100},"39":{"(Float16(0.0006227), Float16(0.5005))":100},"84":{"(Float16(0.0006075), Float16(0.5005))":100},"77":{"(Float16(0.000446), Float16(0.5005))":100},"7":{"(Float16(0.000484), Float16(0.5005))":100},"25":{"(Float16(0.0006227), Float16(0.5005))":100},"95":{"(Float16(0.000519), Float16(0.5005))":100},"71":{"(Float16(0.000346), Float16(0.5005))":100},"66":{"(Float16(0.000288), Float16(0.5005))":93,"(Float16(0.8926), Float16(1.393))":7},"76":{"(Float16(0.000424), Float16(0.5005))":100},"34":{"(Float16(0.00064), Float16(0.5005))":100},"50":{"(Float16(0.000684), Float16(0.5005))":100},"59":{"(Float16(0.0004845), Float16(0.5005))":100},"93":{"(Float16(0.0006104), Float16(0.5005))":100},"2":{"(Float16(0.0003862), Float16(0.5005))":100},"10":{"(Float16(0.000526), Float16(0.5005))":100},"18":{"(Float16(0.0006886), Float16(0.5005))":100},"26":{"(Float16(0.000537), Float16(0.5005))":100},"27":{"(Float16(0.0003417), Float16(0.5005))":100},"42":{"(Float16(0.0006623), Float16(0.5005))":100},"87":{"(Float16(0.000488), Float16(0.5005))":100},"100":{"(Float16(0.0003922), Float16(0.5005))":100},"79":{"(Float16(0.0003886), Float16(0.5005))":100},"16":{"(Float16(0.0005226), Float16(0.5005))":100},"20":{"(Float16(0.000363), Float16(0.5005))":100},"81":{"(Float16(0.000572), Float16(0.5005))":100},"19":{"(Float16(0.0004826), Float16(0.5005))":100},"49":{"(Float16(0.0004761), Float16(0.5005))":100},"44":{"(Float16(0.0005007), Float16(0.5005))":100},"9":{"(Float16(0.0005617), Float16(0.5005))":100},"31":{"(Float16(0.000471), Float16(0.5005))":100},"74":{"(Float16(0.0005383), Float16(0.5005))":100},"61":{"(Float16(0.0003605), Float16(0.5005))":100},"29":{"(Float16(0.000369), Float16(0.5005))":100},"94":{"(Float16(0.000449), Float16(0.5005))":100},"46":{"(Float16(0.0004458), Float16(0.5005))":100},"57":{"(Float16(0.0004597), Float16(0.5005))":100},"70":{"(Float16(0.0004497), Float16(0.5005))":100},"21":{"(Float16(0.00057), Float16(0.5005))":100},"38":{"(Float16(0.0005035), Float16(0.5005))":100},"88":{"(Float16(0.000363), Float16(0.5005))":100},"78":{"(Float16(0.000577), Float16(0.5005))":100},"72":{"(Float16(0.0005493), Float16(0.5005))":100},"24":{"(Float16(0.0005693), Float16(0.5005))":100},"8":{"(Float16(0.0006337), Float16(0.5005))":100},"17":{"(Float16(0.000669), Float16(0.5005))":100},"37":{"(Float16(0.0005717), Float16(0.5005))":100},"1":{"(Float16(0.0004058), Float16(0.5005))":100},"53":{"(Float16(0.000554), Float16(0.5005))":100},"22":{"(Float16(0.0004153), Float16(0.5005))":100},"47":{"(Float16(0.000512), Float16(0.5005))":100},"83":{"(Float16(0.000678), Float16(0.5005))":100},"99":{"(Float16(0.000584), Float16(0.5005))":100},"89":{"(Float16(0.0005884), Float16(0.5005))":100},"14":{"(Float16(0.00058), Float16(0.5005))":100},"3":{"(Float16(0.0005116), Float16(0.5005))":100},"80":{"(Float16(0.0005217), Float16(0.5005))":100},"96":{"(Float16(0.0004115), Float16(0.5005))":100},"51":{"(Float16(0.0004747), Float16(0.5005))":100},"33":{"(Float16(0.0003695), Float16(0.5005))":100},"40":{"(Float16(0.000604), Float16(0.5005))":100},"48":{"(Float16(0.000417), Float16(0.5005))":100},"15":{"(Float16(0.0004616), Float16(0.5005))":100},"65":{"(Float16(0.000492), Float16(0.5005))":100},"97":{"(Float16(0.0003557), Float16(0.5005))":100}}