{"5":{"(Float16(0.05), Float16(0.06))":23,"(Float16(0.5005), Float16(0.5103))":77},"56":{"(Float16(0.5), Float16(0.51))":48,"(Float16(0.05002), Float16(0.06003))":31,"(Float16(0.949), Float16(0.959))":21},"35":{"(Float16(0.9497), Float16(0.9595))":8,"(Float16(0.05005), Float16(0.06006))":23,"(Float16(0.5005), Float16(0.5103))":69},"55":{"(Float16(0.498), Float16(0.508))":71,"(Float16(0.05078), Float16(0.0608))":1,"(Float16(0.949), Float16(0.959))":28},"60":{"(Float16(0.05), Float16(0.06))":33,"(Float16(0.95), Float16(0.96))":1,"(Float16(0.5005), Float16(0.5103))":66},"30":{"(Float16(0.05), Float16(0.06))":24,"(Float16(0.5005), Float16(0.5103))":76},"32":{"(Float16(0.05), Float16(0.06))":25,"(Float16(0.501), Float16(0.5107))":73,"(Float16(0.949), Float16(0.959))":2},"6":{"(Float16(0.05005), Float16(0.06006))":23,"(Float16(0.948), Float16(0.958))":11,"(Float16(0.5005), Float16(0.5103))":66},"67":{"(Float16(0.9497), Float16(0.9595))":22,"(Float16(0.0501), Float16(0.06012))":4,"(Float16(0.4978), Float16(0.508))":74},"45":{"(Float16(0.498), Float16(0.508))":71,"(Float16(0.05035), Float16(0.06036))":6,"(Float16(0.949), Float16(0.959))":23},"73":{"(Float16(0.948), Float16(0.958))":26,"(Float16(0.499), Float16(0.509))":74},"64":{"(Float16(0.4985), Float16(0.5083))":82,"(Float16(0.05005), Float16(0.06006))":6,"(Float16(0.9487), Float16(0.9585))":12},"90":{"(Float16(0.05), Float16(0.06))":22,"(Float16(0.5005), Float16(0.5103))":78},"4":{"(Float16(0.05002), Float16(0.06003))":20,"(Float16(0.5005), Float16(0.5103))":78,"(Float16(0.949), Float16(0.959))":2},"13":{"(Float16(0.05005), Float16(0.06006))":20,"(Float16(0.95), Float16(0.96))":4,"(Float16(0.5005), Float16(0.5103))":76},"54":{"(Float16(0.4985), Float16(0.5083))":35,"(Float16(0.05005), Float16(0.06006))":30,"(Float16(0.949), Float16(0.959))":35},"63":{"(Float16(0.0501), Float16(0.06012))":15,"(Float16(0.5005), Float16(0.5103))":79,"(Float16(0.949), Float16(0.959))":6},"86":{"(Float16(0.9497), Float16(0.9595))":20,"(Float16(0.05005), Float16(0.06006))":23,"(Float16(0.499), Float16(0.509))":57},"91":{"(Float16(0.05), Float16(0.06))":22,"(Float16(0.5005), Float16(0.5103))":78},"62":{"(Float16(0.498), Float16(0.508))":65,"(Float16(0.948), Float16(0.958))":25,"(Float16(0.05008), Float16(0.0601))":10},"58":{"(Float16(0.948), Float16(0.958))":16,"(Float16(0.0501), Float16(0.06012))":16,"(Float16(0.5005), Float16(0.5103))":68},"52":{"(Float16(0.4995), Float16(0.5093))":59,"(Float16(0.9487), Float16(0.9585))":11,"(Float16(0.05008), Float16(0.0601))":30},"12":{"(Float16(0.948), Float16(0.958))":7,"(Float16(0.0501), Float16(0.06012))":14,"(Float16(0.5005), Float16(0.5103))":79},"28":{"(Float16(0.05), Float16(0.06))":28,"(Float16(0.9487), Float16(0.9585))":13,"(Float16(0.5005), Float16(0.5103))":59},"75":{"(Float16(0.05), Float16(0.06))":29,"(Float16(0.5005), Float16(0.5103))":71},"23":{"(Float16(0.05045), Float16(0.06046))":48,"(Float16(0.5), Float16(0.51))":25,"(Float16(0.9473), Float16(0.957))":27},"92":{"(Float16(0.498), Float16(0.508))":61,"(Float16(0.05023), Float16(0.06024))":15,"(Float16(0.948), Float16(0.958))":24},"41":{"(Float16(0.05), Float16(0.06))":15,"(Float16(0.501), Float16(0.5107))":78,"(Float16(0.949), Float16(0.959))":7},"43":{"(Float16(0.05), Float16(0.06))":23,"(Float16(0.5005), Float16(0.5103))":77},"11":{"(Float16(0.9497), Float16(0.9595))":21,"(Float16(0.0501), Float16(0.06012))":4,"(Float16(0.4978), Float16(0.508))":75},"36":{"(Float16(0.05066), Float16(0.06067))":4,"(Float16(0.499), Float16(0.509))":82,"(Float16(0.95), Float16(0.96))":14},"68":{"(Float16(0.498), Float16(0.508))":64,"(Float16(0.0501), Float16(0.06012))":16,"(Float16(0.949), Float16(0.959))":20},"69":{"(Float16(0.948), Float16(0.958))":23,"(Float16(0.0503), Float16(0.0603))":15,"(Float16(0.4993), Float16(0.5093))":62},"98":{"(Float16(0.4983), Float16(0.5083))":71,"(Float16(0.948), Float16(0.958))":22,"(Float16(0.0501), Float16(0.06012))":7},"82":{"(Float16(0.0506), Float16(0.0606))":14,"(Float16(0.948), Float16(0.958))":11,"(Float16(0.5005), Float16(0.5103))":75},"85":{"(Float16(0.05), Float16(0.06))":22,"(Float16(0.95), Float16(0.96))":12,"(Float16(0.5005), Float16(0.5103))":66},"39":{"(Float16(0.05), Float16(0.06))":29,"(Float16(0.95), Float16(0.96))":11,"(Float16(0.5005), Float16(0.5103))":60},"84":{"(Float16(0.9497), Float16(0.9595))":15,"(Float16(0.0501), Float16(0.06012))":20,"(Float16(0.5005), Float16(0.5103))":65},"77":{"(Float16(0.948), Float16(0.958))":8,"(Float16(0.05008), Float16(0.0601))":14,"(Float16(0.5005), Float16(0.5103))":78},"7":{"(Float16(0.95), Float16(0.96))":16,"(Float16(0.4976), Float16(0.5073))":84},"25":{"(Float16(0.05017), Float16(0.06018))":19,"(Float16(0.4995), Float16(0.5093))":67,"(Float16(0.949), Float16(0.959))":14},"95":{"(Float16(0.05), Float16(0.06))":35,"(Float16(0.5005), Float16(0.5103))":65},"71":{"(Float16(0.9497), Float16(0.9595))":10,"(Float16(0.05005), Float16(0.06006))":25,"(Float16(0.5), Float16(0.51))":65},"66":{"(Float16(0.05005), Float16(0.06006))":15,"(Float16(0.5005), Float16(0.5103))":75,"(Float16(0.949), Float16(0.959))":10},"76":{"(Float16(0.4995), Float16(0.5093))":65,"(Float16(0.05002), Float16(0.06003))":20,"(Float16(0.949), Float16(0.959))":15},"34":{"(Float16(0.4985), Float16(0.5083))":74,"(Float16(0.05008), Float16(0.0601))":8,"(Float16(0.949), Float16(0.959))":18},"50":{"(Float16(0.05), Float16(0.06))":21,"(Float16(0.5005), Float16(0.5103))":77,"(Float16(0.949), Float16(0.959))":2},"59":{"(Float16(0.05023), Float16(0.06024))":16,"(Float16(0.499), Float16(0.509))":72,"(Float16(0.949), Float16(0.959))":12},"93":{"(Float16(0.05002), Float16(0.06003))":29,"(Float16(0.5005), Float16(0.5103))":71},"2":{"(Float16(0.4985), Float16(0.5083))":65,"(Float16(0.05005), Float16(0.06006))":10,"(Float16(0.948), Float16(0.958))":25},"10":{"(Float16(0.498), Float16(0.508))":77,"(Float16(0.05005), Float16(0.06006))":11,"(Float16(0.949), Float16(0.959))":12},"18":{"(Float16(0.4985), Float16(0.5083))":72,"(Float16(0.949), Float16(0.959))":28},"26":{"(Float16(0.05), Float16(0.06))":23,"(Float16(0.9487), Float16(0.9585))":11,"(Float16(0.5005), Float16(0.5103))":66},"27":{"(Float16(0.5), Float16(0.51))":59,"(Float16(0.0501), Float16(0.06012))":21,"(Float16(0.949), Float16(0.959))":20},"42":{"(Float16(0.05002), Float16(0.06003))":22,"(Float16(0.5005), Float16(0.5103))":71,"(Float16(0.949), Float16(0.959))":7},"87":{"(Float16(0.95), Float16(0.96))":9,"(Float16(0.0501), Float16(0.06012))":17,"(Float16(0.5005), Float16(0.5103))":74},"100":{"(Float16(0.95), Float16(0.96))":8,"(Float16(0.05002), Float16(0.06003))":22,"(Float16(0.5005), Float16(0.5103))":70},"79":{"(Float16(0.05), Float16(0.06))":29,"(Float16(0.5005), Float16(0.5103))":71},"16":{"(Float16(0.9497), Float16(0.9595))":17,"(Float16(0.05005), Float16(0.06006))":23,"(Float16(0.4998), Float16(0.51))":60},"20":{"(Float16(0.95), Float16(0.96))":24,"(Float16(0.4976), Float16(0.5073))":76},"81":{"(Float16(0.9497), Float16(0.9595))":28,"(Float16(0.4988), Float16(0.509))":72},"19":{"(Float16(0.05005), Float16(0.06006))":20,"(Float16(0.948), Float16(0.958))":18,"(Float16(0.5005), Float16(0.5103))":62},"49":{"(Float16(0.9497), Float16(0.9595))":14,"(Float16(0.05), Float16(0.06))":45,"(Float16(0.5005), Float16(0.5103))":41},"44":{"(Float16(0.498), Float16(0.508))":72,"(Float16(0.95), Float16(0.96))":28},"9":{"(Float16(0.498), Float16(0.508))":72,"(Float16(0.05026), Float16(0.06027))":3,"(Float16(0.948), Float16(0.958))":25},"31":{"(Float16(0.05017), Float16(0.06018))":21,"(Float16(0.5005), Float16(0.5103))":73,"(Float16(0.949), Float16(0.959))":6},"74":{"(Float16(0.05005), Float16(0.06006))":20,"(Float16(0.4995), Float16(0.5093))":63,"(Float16(0.949), Float16(0.959))":17},"61":{"(Float16(0.498), Float16(0.508))":66,"(Float16(0.95), Float16(0.96))":34},"29":{"(Float16(0.05005), Float16(0.06006))":21,"(Float16(0.5005), Float16(0.5103))":74,"(Float16(0.949), Float16(0.959))":5},"94":{"(Float16(0.0501), Float16(0.06012))":20,