{"5":{"(Float16(0.0005655), Float16(0.01057))":100},"56":{"(Float16(0.000622), Float16(0.01062))":100},"35":{"(Float16(0.0004709), Float16(0.010475))":100},"55":{"(Float16(0.000576), Float16(0.010574))":100},"60":{"(Float16(0.0003781), Float16(0.01038))":100},"30":{"(Float16(0.0003972), Float16(0.0104))":100},"32":{"(Float16(0.0004795), Float16(0.01048))":100},"6":{"(Float16(0.000587), Float16(0.01059))":100},"67":{"(Float16(0.0003476), Float16(0.01035))":100},"45":{"(Float16(0.000373), Float16(0.010376))":95,"(Float16(0.9385), Float16(0.948))":3,"(Float16(0.904), Float16(0.9136))":2},"73":{"(Float16(0.0006266), Float16(0.01063))":99,"(Float16(0.9736), Float16(0.9834))":1},"64":{"(Float16(0.0002162), Float16(0.010216))":100},"90":{"(Float16(0.0006046), Float16(0.010605))":100},"4":{"(Float16(0.0003233), Float16(0.01032))":100},"13":{"(Float16(0.0004692), Float16(0.01047))":100},"54":{"(Float16(0.0004535), Float16(0.01045))":100},"63":{"(Float16(0.000519), Float16(0.01052))":100},"86":{"(Float16(0.0004222), Float16(0.01042))":100},"91":{"(Float16(0.8486), Float16(0.8584))":2,"(Float16(0.000267), Float16(0.01027))":98},"62":{"(Float16(0.000588), Float16(0.01059))":98,"(Float16(0.9297), Float16(0.9395))":2},"58":{"(Float16(0.000546), Float16(0.01055))":100},"52":{"(Float16(0.0005455), Float16(0.010544))":100},"12":{"(Float16(0.0003772), Float16(0.010376))":97,"(Float16(0.923), Float16(0.9326))":3},"28":{"(Float16(0.0003724), Float16(0.010376))":100},"75":{"(Float16(0.0003219), Float16(0.01032))":100},"23":{"(Float16(0.0003228), Float16(0.01032))":100},"92":{"(Float16(0.0002856), Float16(0.010284))":100},"41":{"(Float16(0.000457), Float16(0.01046))":99,"(Float16(0.9395), Float16(0.949))":1},"43":{"(Float16(0.0004632), Float16(0.01047))":100},"11":{"(Float16(0.0004773), Float16(0.01048))":100},"36":{"(Float16(0.0004883), Float16(0.01049))":100},"68":{"(Float16(0.00035), Float16(0.01035))":100},"69":{"(Float16(0.0002413), Float16(0.01025))":100},"98":{"(Float16(0.00023), Float16(0.01023))":100},"82":{"(Float16(0.0005836), Float16(0.01059))":100},"85":{"(Float16(0.0005198), Float16(0.01052))":100},"39":{"(Float16(0.0003176), Float16(0.01032))":100},"84":{"(Float16(0.000656), Float16(0.01066))":100},"77":{"(Float16(0.000525), Float16(0.01053))":100},"7":{"(Float16(0.0004632), Float16(0.01047))":100},"25":{"(Float16(0.000483), Float16(0.01048))":100},"95":{"(Float16(0.0005474), Float16(0.01055))":100},"71":{"(Float16(0.0004935), Float16(0.0105))":100},"66":{"(Float16(0.0004792), Float16(0.01048))":100},"76":{"(Float16(0.0007176), Float16(0.01072))":100},"34":{"(Float16(0.0006304), Float16(0.010635))":100},"50":{"(Float16(0.000551), Float16(0.01055))":100},"59":{"(Float16(0.000425), Float16(0.01043))":100},"93":{"(Float16(0.000317), Float16(0.01032))":100},"2":{"(Float16(0.0002584), Float16(0.01026))":100},"10":{"(Float16(0.0004363), Float16(0.01044))":100},"18":{"(Float16(0.0006), Float16(0.010605))":100},"26":{"(Float16(0.0004344), Float16(0.01044))":100},"27":{"(Float16(0.0005455), Float16(0.010544))":100},"42":{"(Float16(0.0002161), Float16(0.010216))":100},"87":{"(Float16(0.0005), Float16(0.010506))":100},"100":{"(Float16(0.0004437), Float16(0.010445))":100},"79":{"(Float16(0.00054), Float16(0.010544))":100},"16":{"(Float16(0.0002295), Float16(0.01023))":100},"20":{"(Float16(0.0004356), Float16(0.01044))":100},"81":{"(Float16(0.0003314), Float16(0.01033))":100},"19":{"(Float16(0.000434), Float16(0.01044))":100},"49":{"(Float16(0.0003996), Float16(0.0104))":100},"44":{"(Float16(0.0003927), Float16(0.01039))":100},"9":{"(Float16(0.0005484), Float16(0.01055))":100},"31":{"(Float16(0.000381), Float16(0.01038))":100},"74":{"(Float16(0.000648), Float16(0.01065))":100},"61":{"(Float16(0.0004313), Float16(0.01044))":100},"29":{"(Float16(0.000529), Float16(0.01053))":100},"94":{"(Float16(0.000417), Float16(0.01042))":100},"46":{"(Float16(0.0004692), Float16(0.01047))":100},"57":{"(Float16(0.0005693), Float16(0.010574))":100},"70":{"(Float16(0.0003824), Float16(0.01038))":100},"21":{"(Float16(0.000617), Float16(0.01062))":100},"38":{"(Float16(0.0005007), Float16(0.010506))":100},"88":{"(Float16(0.0003085), Float16(0.01031))":100},"78":{"(Float16(0.0004554), Float16(0.01046))":100},"72":{"(Float16(0.0004604), Float16(0.01046))":100},"24":{"(Float16(0.000352), Float16(0.01035))":100},"8":{"(Float16(0.0003538), Float16(0.01035))":100},"17":{"(Float16(0.00035), Float16(0.01035))":100},"37":{"(Float16(0.0003338), Float16(0.01034))":100},"1":{"(Float16(0.000512), Float16(0.01051))":100},"53":{"(Float16(0.0003276), Float16(0.01033))":100},"22":{"(Float16(0.958), Float16(0.968))":2,"(Float16(0.000277), Float16(0.01028))":98},"47":{"(Float16(0.000618), Float16(0.01062))":100},"83":{"(Float16(0.000288), Float16(0.01029))":100},"99":{"(Float16(0.0003939), Float16(0.0104))":100},"89":{"(Float16(0.000256), Float16(0.01026))":100},"14":{"(Float16(0.0005393), Float16(0.010544))":100},"3":{"(Float16(0.0005436), Float16(0.010544))":100},"80":{"(Float16(0.0003495), Float16(0.01035))":100},"96":{"(Float16(0.0004435), Float16(0.010445))":100},"51":{"(Float16(0.000294), Float16(0.0103))":100},"33":{"(Float16(0.000351), Float16(0.01035))":100},"40":{"(Float16(0.0002184), Float16(0.01022))":100},"48":{"(Float16(0.0003967), Float16(0.0104))":100},"15":{"(Float16(0.0003068), Float16(0.01031))":100},"65":{"(Float16(0.000354), Float16(0.01035))":100},"97":{"(Float16(0.000592), Float16(0.0106))":100}}