{"5":{"(Float16(0.501), Float16(0.701))":35,"(Float16(0.948), Float16(1.148))":34,"(Float16(0.0501), Float16(0.25))":31},"56":{"(Float16(0.4995), Float16(0.6997))":41,"(Float16(0.0503), Float16(0.2502))":32,"(Float16(0.949), Float16(1.149))":27},"35":{"(Float16(0.05017), Float16(0.2502))":28,"(Float16(0.4988), Float16(0.6987))":39,"(Float16(0.9478), Float16(1.147))":33},"55":{"(Float16(0.5015), Float16(0.7017))":45,"(Float16(0.949), Float16(1.149))":28,"(Float16(0.0501), Float16(0.25))":27},"60":{"(Float16(0.501), Float16(0.701))":51,"(Float16(0.948), Float16(1.148))":22,"(Float16(0.0503), Float16(0.2502))":27},"30":{"(Float16(0.498), Float16(0.698))":47,"(Float16(0.9473), Float16(1.147))":32,"(Float16(0.05017), Float16(0.2502))":21},"32":{"(Float16(0.4995), Float16(0.6997))":42,"(Float16(0.2534), Float16(0.4534))":15,"(Float16(0.949), Float16(1.149))":24,"(Float16(0.05023), Float16(0.2502))":19},"6":{"(Float16(0.4995), Float16(0.6997))":47,"(Float16(0.05063), Float16(0.2507))":26,"(Float16(0.9473), Float16(1.147))":27},"67":{"(Float16(0.9473), Float16(1.147))":35,"(Float16(0.0506), Float16(0.2505))":17,"(Float16(0.4976), Float16(0.6978))":48},"45":{"(Float16(0.501), Float16(0.701))":51,"(Float16(0.05017), Float16(0.2502))":25,"(Float16(0.9478), Float16(1.147))":24},"73":{"(Float16(0.05008), Float16(0.25))":37,"(Float16(0.4995), Float16(0.6997))":31,"(Float16(0.9478), Float16(1.147))":32},"64":{"(Float16(0.05014), Float16(0.2502))":14,"(Float16(0.498), Float16(0.698))":52,"(Float16(0.9473), Float16(1.147))":34},"90":{"(Float16(0.948), Float16(1.148))":29,"(Float16(0.05063), Float16(0.2507))":27,"(Float16(0.498), Float16(0.698))":44},"4":{"(Float16(0.501), Float16(0.701))":35,"(Float16(0.05038), Float16(0.2505))":34,"(Float16(0.949), Float16(1.149))":31},"13":{"(Float16(0.948), Float16(1.148))":12,"(Float16(0.4995), Float16(0.6997))":42,"(Float16(0.7344), Float16(0.9346))":23,"(Float16(0.05005), Float16(0.25))":23},"54":{"(Float16(0.948), Float16(1.148))":28,"(Float16(0.05014), Float16(0.2502))":26,"(Float16(0.4985), Float16(0.6987))":46},"63":{"(Float16(0.501), Float16(0.701))":41,"(Float16(0.05005), Float16(0.25))":33,"(Float16(0.949), Float16(1.149))":26},"86":{"(Float16(0.948), Float16(1.148))":30,"(Float16(0.05017), Float16(0.2502))":17,"(Float16(0.4983), Float16(0.698))":53},"91":{"(Float16(0.948), Float16(1.148))":29,"(Float16(0.0504), Float16(0.2505))":30,"(Float16(0.498), Float16(0.698))":41},"62":{"(Float16(0.0502), Float16(0.2502))":37,"(Float16(0.501), Float16(0.701))":42,"(Float16(0.9478), Float16(1.147))":21},"58":{"(Float16(0.5015), Float16(0.7017))":50,"(Float16(0.05005), Float16(0.25))":30,"(Float16(0.949), Float16(1.149))":20},"52":{"(Float16(0.501), Float16(0.701))":51,"(Float16(0.948), Float16(1.148))":27,"(Float16(0.0504), Float16(0.2505))":22},"12":{"(Float16(0.501), Float16(0.701))":40,"(Float16(0.05026), Float16(0.2502))":27,"(Float16(0.949), Float16(1.149))":33},"28":{"(Float16(0.948), Float16(1.148))":24,"(Float16(0.4983), Float16(0.698))":51,"(Float16(0.05005), Float16(0.25))":25},"75":{"(Float16(0.948), Float16(1.148))":31,"(Float16(0.4985), Float16(0.6987))":46,"(Float16(0.05005), Float16(0.25))":23},"23":{"(Float16(0.951), Float16(1.151))":27,"(Float16(0.0503), Float16(0.2502))":18,"(Float16(0.4988), Float16(0.6987))":55},"92":{"(Float16(0.501), Float16(0.701))":36,"(Float16(0.0504), Float16(0.2505))":29,"(Float16(0.9487), Float16(1.148))":35},"41":{"(Float16(0.501), Float16(0.701))":50,"(Float16(0.0504), Float16(0.2505))":27,"(Float16(0.949), Float16(1.149))":23},"43":{"(Float16(0.948), Float16(1.148))":42,"(Float16(0.05008), Float16(0.25))":24,"(Float16(0.4995), Float16(0.6997))":34},"11":{"(Float16(0.501), Float16(0.701))":31,"(Float16(0.05038), Float16(0.2505))":36,"(Float16(0.949), Float16(1.149))":33},"36":{"(Float16(0.948), Float16(1.148))":16,"(Float16(0.0506), Float16(0.2505))":20,"(Float16(0.499), Float16(0.699))":64},"68":{"(Float16(0.4985), Float16(0.6987))":47,"(Float16(0.9473), Float16(1.147))":31,"(Float16(0.05017), Float16(0.2502))":22},"69":{"(Float16(0.948), Float16(1.148))":35,"(Float16(0.4988), Float16(0.6987))":49,"(Float16(0.05), Float16(0.25))":16},"98":{"(Float16(0.948), Float16(1.148))":23,"(Float16(0.498), Float16(0.698))":46,"(Float16(0.05017), Float16(0.2502))":31},"82":{"(Float16(0.0495), Float16(0.2495))":22,"(Float16(0.498), Float16(0.698))":44,"(Float16(0.951), Float16(1.151))":26,"(Float16(0.7256), Float16(0.926))":8},"85":{"(Float16(0.4995), Float16(0.6997))":53,"(Float16(0.05048), Float16(0.2505))":22,"(Float16(0.949), Float16(1.149))":25},"39":{"(Float16(0.4995), Float16(0.6997))":31,"(Float16(0.05005), Float16(0.25))":33,"(Float16(0.9478), Float16(1.147))":36},"84":{"(Float16(0.05008), Float16(0.25))":29,"(Float16(0.4978), Float16(0.6978))":45,"(Float16(0.949), Float16(1.149))":26},"77":{"(Float16(0.501), Float16(0.701))":40,"(Float16(0.948), Float16(1.148))":25,"(Float16(0.05017), Float16(0.2502))":35},"7":{"(Float16(0.05032), Float16(0.2502))":20,"(Float16(0.9473), Float16(1.147))":35,"(Float16(0.4983), Float16(0.698))":45},"25":{"(Float16(0.0502), Float16(0.2502))":26,"(Float16(0.501), Float16(0.701))":46,"(Float16(0.9473), Float16(1.147))":28},"95":{"(Float16(0.05035), Float16(0.2502))":16,"(Float16(0.501), Float16(0.701))":54,"(Float16(0.948), Float16(1.148))":30},"71":{"(Float16(0.501), Float16(0.701))":34,"(Float16(0.7363), Float16(0.9365))":21,"(Float16(0.9473), Float16(1.147))":15,"(Float16(0.0501), Float16(0.25))":30},"66":{"(Float16(0.948), Float16(1.148))":29,"(Float16(0.05038), Float16(0.2505))":20,"(Float16(0.499), Float16(0.699))":51},"76":{"(Float16(0.4995), Float16(0.6997))":35,"(Float16(0.9473), Float16(1.147))":34,"(Float16(0.05017), Float16(0.2502))":31},"34":{"(Float16(0.5015), Float16(0.7017))":51,"(Float16(0.05005), Float16(0.25))":22,"(Float16(0.949), Float16(1.149))":27},"50":{"(Float16(0.05032), Float16(0.2502))":32,"(Float16(0.501), Float16(0.701))":48,"(Float16(0.948), Float16(1.148))":20},"59":{"(Float16(0.502), Float16(0.702))":45,"(Float16(0.948), Float16(1.148))":24,"(Float16(0.05026), Float16(0.2502))":31},"93":{"(Float16(0.05005), Float16(0.25))":26,"(Float16(0.949), Float16(1.149))":24,"(Float16(0.4976), Float16(0.6978))":50},"2":{"(Float16(0.501), Float16(0.701))":50,"(Float16(0.948), Float16(1.148))":19,"(Float16(0.0504), Float16(0.2505))":31},"10":{"(Float16(0.9473), Float16(1.147))":27,"(Float16(0.4983), Float16(0.698))":50,"(Float16(0.05005), Float16(0.25))":23},"18":{"(Float16(0.05008), Float16(0.25))":31,"(Float16(0.498), Float16(0.698))":44,"(Float16(0.9473), Float16(1.147))":25},"26":{"(Float16(0.501), Float16(0.701))":45,"(Float16(0.9487), Float16(1.148))":28,"(Float16(0.0501), Float16(0.25))":27},"27":{"(Float16(0.501), Float16(0.701))":37,"(Float16(0.949), Float16(1.149))":29,"(Float16(0.05), Float16(0.25))":34},"42":{"(Float16(0.4995), Float16(0.6997))":44,"(Float16(0.9473), Float16(1.147))":32,"(Float16(0.0503), Float16(0.2502))":24},"87":{"(Float16(0.4995), Float16(0.6997))":33,"(Float16(0.7344), Float16(0.9346))":36,"(Float16(0.05005), Float16(0.25))":31},"100":{"(Float16(0.501), Float16(0.701))":43,"(Float16(0.05014), Float16(0.2502))":36,"(Float16(0.951), Float16(1.151))":21},"79":{"(Float16(0.948), Float16(1.148))":27,"(Float16(0.05017), Float16(0.2502))":15,"(Float16(0.499), Float16(0.699))":58},"16":{"(Float16(0.501), Float16(0.701))":51,"(Float16(0.949), Float16(1.149))":28,"(Float16(0.0501), Float16(0.25))":21},"20":{"(Float16(0.4985), Float16(0.6987))":44,"(Float16(0.9473), Float16(1.147))":25,"(Float16(0.05017), Float16(0.2502))":31},"81":{"(Float16(0.4995), Float16(0.6997))":38,"(Float16(0.05017), Float16(0.2502))":36,"(Float16(0.95), Float16(1.15))":26},"19":{"(Float16(0.4985), Float16(0.6987))":51,"(Float16(0.9473), Float16(1.147))":30,"(Float16(0.0503), Float16(0.2502))":19},"49":{"(Float16(0.948), Float16(1.148))":28,"(Float16(0.0503), Float16(0.2502))":23,"(Float16(0.4983), Float16(0.698))":49},