{"5":{"(Float16(0.05017), Float16(0.06018))":61,"(Float16(0.95), Float16(0.96))":39},"56":{"(Float16(0.05), Float16(0.06))":34,"(Float16(0.503), Float16(0.5127))":1,"(Float16(0.949), Float16(0.959))":65},"55":{"(Float16(0.0502), Float16(0.0602))":66,"(Float16(0.95), Float16(0.96))":34},"35":{"(Float16(0.0502), Float16(0.0602))":63,"(Float16(0.95), Float16(0.96))":34,"(Float16(0.4092), Float16(0.4192))":3},"60":{"(Float16(0.4438), Float16(0.4539))":22,"(Float16(0.05), Float16(0.06))":50,"(Float16(0.95), Float16(0.96))":28},"30":{"(Float16(0.05), Float16(0.06))":26,"(Float16(0.4727), Float16(0.4827))":8,"(Float16(0.503), Float16(0.5127))":4,"(Float16(0.5264), Float16(0.536))":4,"(Float16(0.573), Float16(0.583))":2,"(Float16(0.9478), Float16(0.9575))":48,"(Float16(0.4573), Float16(0.4673))":4,"(Float16(0.4868), Float16(0.4968))":4},"32":{"(Float16(0.05017), Float16(0.06018))":77,"(Float16(0.95), Float16(0.96))":23},"6":{"(Float16(0.4038), Float16(0.4138))":4,"(Float16(0.379), Float16(0.389))":2,"(Float16(0.05), Float16(0.06))":38,"(Float16(0.4294), Float16(0.4395))":2,"(Float16(0.4827), Float16(0.4927))":4,"(Float16(0.4685), Float16(0.4785))":4,"(Float16(0.4155), Float16(0.4255))":2,"(Float16(0.949), Float16(0.959))":30,"(Float16(0.4487), Float16(0.4587))":7,"(Float16(0.508), Float16(0.5176))":7},"67":{"(Float16(0.05), Float16(0.06))":28,"(Float16(0.5293), Float16(0.539))":38,"(Float16(0.9487), Float16(0.9585))":34},"45":{"(Float16(0.529), Float16(0.5386))":4,"(Float16(0.435), Float16(0.445))":2,"(Float16(0.456), Float16(0.466))":2,"(Float16(0.5415), Float16(0.5513))":2,"(Float16(0.5625), Float16(0.5723))":4,"(Float16(0.05002), Float16(0.06003))":43,"(Float16(0.9487), Float16(0.9585))":39,"(Float16(0.4048), Float16(0.4148))":2,"(Float16(0.4946), Float16(0.5044))":2},"73":{"(Float16(0.4614), Float16(0.4714))":5,"(Float16(0.05017), Float16(0.06018))":54,"(Float16(0.5625), Float16(0.5723))":3,"(Float16(0.949), Float16(0.959))":38},"64":{"(Float16(0.3953), Float16(0.4053))":4,"(Float16(0.576), Float16(0.586))":2,"(Float16(0.05002), Float16(0.06003))":51,"(Float16(0.533), Float16(0.543))":2,"(Float16(0.949), Float16(0.959))":39,"(Float16(0.506), Float16(0.5156))":2},"90":{"(Float16(0.05005), Float16(0.06006))":45,"(Float16(0.5615), Float16(0.5713))":2,"(Float16(0.516), Float16(0.526))":2,"(Float16(0.9487), Float16(0.9585))":49,"(Float16(0.4434), Float16(0.4534))":2},"4":{"(Float16(0.412), Float16(0.422))":2,"(Float16(0.4639), Float16(0.4739))":3,"(Float16(0.558), Float16(0.568))":2,"(Float16(0.05002), Float16(0.06003))":37,"(Float16(0.388), Float16(0.398))":2,"(Float16(0.949), Float16(0.959))":52,"(Float16(0.3613), Float16(0.3713))":2},"13":{"(Float16(0.05), Float16(0.06))":34,"(Float16(0.538), Float16(0.548))":43,"(Float16(0.949), Float16(0.959))":23},"54":{"(Float16(0.3584), Float16(0.3684))":2,"(Float16(0.4985), Float16(0.5083))":3,"(Float16(0.536), Float16(0.546))":2,"(Float16(0.5244), Float16(0.534))":3,"(Float16(0.948), Float16(0.958))":41,"(Float16(0.444), Float16(0.454))":2,"(Float16(0.5635), Float16(0.573))":2,"(Float16(0.05002), Float16(0.06003))":45},"63":{"(Float16(0.4395), Float16(0.4495))":4,"(Float16(0.462), Float16(0.472))":4,"(Float16(0.948), Float16(0.958))":25,"(Float16(0.584), Float16(0.5938))":2,"(Float16(0.4219), Float16(0.432))":2,"(Float16(0.05005), Float16(0.06006))":31,"(Float16(0.556), Float16(0.566))":2,"(Float16(0.6094), Float16(0.619))":3,"(Float16(0.54), Float16(0.55))":8,"(Float16(0.491), Float16(0.501))":7,"(Float16(0.4749), Float16(0.4849))":6,"(Float16(0.4514), Float16(0.4614))":4,"(Float16(0.5156), Float16(0.5254))":2},"86":{"(Float16(0.05017), Float16(0.06018))":65,"(Float16(0.95), Float16(0.96))":34,"(Float16(0.5312), Float16(0.541))":1},"91":{"(Float16(0.9497), Float16(0.9595))":33,"(Float16(0.0501), Float16(0.06012))":67},"62":{"(Float16(0.3538), Float16(0.3638))":2,"(Float16(0.948), Float16(0.958))":51,"(Float16(0.05002), Float16(0.06003))":45,"(Float16(0.5605), Float16(0.5703))":2},"58":{"(Float16(0.5117), Float16(0.5215))":33,"(Float16(0.05002), Float16(0.06003))":35,"(Float16(0.9487), Float16(0.9585))":32},"52":{"(Float16(0.3994), Float16(0.4094))":2,"(Float16(0.4136), Float16(0.4236))":2,"(Float16(0.05017), Float16(0.06018))":39,"(Float16(0.948), Float16(0.958))":54,"(Float16(0.497), Float16(0.507))":3},"12":{"(Float16(0.948), Float16(0.958))":48,"(Float16(0.05002), Float16(0.06003))":18,"(Float16(0.4546), Float16(0.4646))":34},"28":{"(Float16(0.05017), Float16(0.06018))":68,"(Float16(0.95), Float16(0.96))":32},"75":{"(Float16(0.5044), Float16(0.514))":2,"(Float16(0.95), Float16(0.96))":48,"(Float16(0.05002), Float16(0.06003))":47,"(Float16(0.4705), Float16(0.4805))":3},"23":{"(Float16(0.05014), Float16(0.06015))":71,"(Float16(0.95), Float16(0.96))":29},"92":{"(Float16(0.9497), Float16(0.9595))":28,"(Float16(0.4995), Float16(0.5093))":36,"(Float16(0.05002), Float16(0.06003))":36},"41":{"(Float16(0.418), Float16(0.428))":2,"(Float16(0.05023), Float16(0.06024))":39,"(Float16(0.4856), Float16(0.4956))":2,"(Float16(0.474), Float16(0.4841))":4,"(Float16(0.5), Float16(0.51))":5,"(Float16(0.948), Float16(0.958))":37,"(Float16(0.516), Float16(0.526))":2,"(Float16(0.4346), Float16(0.4446))":7,"(Float16(0.4546), Float16(0.4646))":2},"43":{"(Float16(0.05), Float16(0.06))":38,"(Float16(0.5264), Float16(0.536))":2,"(Float16(0.537), Float16(0.547))":3,"(Float16(0.949), Float16(0.959))":57},"69":{"(Float16(0.05), Float16(0.06))":43,"(Float16(0.948), Float16(0.958))":57},"11":{"(Float16(0.05), Float16(0.06))":34,"(Float16(0.948), Float16(0.958))":61,"(Float16(0.444), Float16(0.454))":2,"(Float16(0.4546), Float16(0.4646))":3},"68":{"(Float16(0.527), Float16(0.5366))":2,"(Float16(0.9497), Float16(0.9595))":40,"(Float16(0.0502), Float16(0.0602))":56,"(Float16(0.4702), Float16(0.4802))":2},"98":{"(Float16(0.4326), Float16(0.4426))":3,"(Float16(0.05032), Float16(0.06033))":59,"(Float16(0.95), Float16(0.96))":38},"36":{"(Float16(0.5737), Float16(0.5835))":2,"(Float16(0.9497), Float16(0.9595))":34,"(Float16(0.5586), Float16(0.5684))":2,"(Float16(0.05), Float16(0.06))":38,"(Float16(0.5293), Float16(0.539))":2,"(Float16(0.4653), Float16(0.4753))":2,"(Float16(0.4155), Float16(0.4255))":4,"(Float16(0.506), Float16(0.5156))":9,"(Float16(0.5957), Float16(0.6055))":3,"(Float16(0.4924), Float16(0.5024))":4},"82":{"(Float16(0.9497), Float16(0.9595))":40,"(Float16(0.5483), Float16(0.558))":3,"(Float16(0.05002), Float16(0.06003))":57},"85":{"(Float16(0.05), Float16(0.06))":30,"(Float16(0.9487), Float16(0.9585))":33,"(Float16(0.505), Float16(0.5146))":37},"39":{"(Float16(0.638), Float16(0.648))":4,"(Float16(0.4868), Float16(0.4968))":7,"(Float16(0.537), Float16(0.547))":2,"(Float16(0.05017), Float16(0.06018))":49,"(Float16(0.4766), Float16(0.4866))":2,"(Float16(0.949), Float16(0.959))":34,"(Float16(0.508), Float16(0.5176))":2},"84":{"(Float16(0.0502), Float16(0.0602))":71,"(Float16(0.4827), Float16(0.4927))":3,"(Float16(0.95), Float16(0.96))":26},"77":{"(Float16(0.05), Float16(0.06))":26,"(Float16(0.4463), Float16(0.4563))":47,"(Float16(0.95), Float16(0.96))":27},"7":{"(Float16(0.05014), Float16(0.06015))":66,"(Float16(0.395), Float16(0.405))":2,"(Float16(0.95), Float16(0.96))":27,"(Float16(0.471), Float16(0.481))":5},"25":{"(Float16(0.05), Float16(0.06))":32,"(Float16(0.5366), Float16(0.5464))":2,"(Float16(0.406), Float16(0.416))":2,"(Float16(0.3704), Float16(0.3804))":4,"(Float16(0.948), Float16(0.958))":60},"95":{"(Float16(0.4683), Float16(0.4783))":4,"(Float16(0.4968), Float16(0.507))":4,"(Float16(0.5127), Float16(0.5225))":8,"(Float16(0.948), Float16(0.958))":35,"(Float16(0.5425), Float16(0.5522))":6,"(Float16(0.573), Float16(0.583))":3,"(Float16(0.05002), Float16(0.06003))":40},"71":{"(Float16(0.5186), Float16(0.5283))":2,"(Float16(0.562), Float16(0.572))":2,"(Float16(0.547), Float16(0.5566))":4,"(Float16(0.4868), Float16(0.4968))":2,"(Float16(0.05002), Float16(0.06003))":45,"(Float16(0.949), Float16(0.959))":39,