{"5":{"(Float16(0.484), Float16(0.494))":100},"56":{"(Float16(0.7026), Float16(0.7124))":48,"(Float16(0.2847), Float16(0.2947))":52},"35":{"(Float16(0.1997), Float16(0.2097))":5,"(Float16(0.5547), Float16(0.5645))":95},"55":{"(Float16(0.4639), Float16(0.4739))":99,"(Float16(0.06494), Float16(0.07495))":1},"60":{"(Float16(0.9453), Float16(0.955))":2,"(Float16(0.4731), Float16(0.4832))":98},"30":{"(Float16(0.2625), Float16(0.2725))":51,"(Float16(0.7915), Float16(0.8013))":49},"32":{"(Float16(0.2793), Float16(0.2893))":48,"(Float16(0.707), Float16(0.717))":52},"6":{"(Float16(0.544), Float16(0.5537))":100},"67":{"(Float16(0.5117), Float16(0.5215))":100},"45":{"(Float16(0.4556), Float16(0.4656))":89,"(Float16(0.8564), Float16(0.866))":11},"73":{"(Float16(0.803), Float16(0.813))":43,"(Float16(0.3154), Float16(0.3254))":57},"64":{"(Float16(0.9233), Float16(0.933))":1,"(Float16(0.516), Float16(0.526))":99},"90":{"(Float16(0.582), Float16(0.592))":93,"(Float16(0.04932), Float16(0.05933))":7},"4":{"(Float16(0.074), Float16(0.084))":2,"(Float16(0.4976), Float16(0.5073))":98},"13":{"(Float16(0.2686), Float16(0.2786))":43,"(Float16(0.7476), Float16(0.7573))":57},"54":{"(Float16(0.5254), Float16(0.535))":100},"63":{"(Float16(0.532), Float16(0.542))":94,"(Float16(0.1344), Float16(0.1444))":6},"86":{"(Float16(0.5127), Float16(0.5225))":98,"(Float16(0.1531), Float16(0.1631))":2},"91":{"(Float16(0.523), Float16(0.5327))":100},"62":{"(Float16(0.4736), Float16(0.4836))":100},"58":{"(Float16(0.2593), Float16(0.2693))":40,"(Float16(0.652), Float16(0.6616))":60},"52":{"(Float16(0.5186), Float16(0.5283))":96,"(Float16(0.1885), Float16(0.1985))":1,"(Float16(0.95), Float16(0.96))":3},"12":{"(Float16(0.8633), Float16(0.873))":6,"(Float16(0.442), Float16(0.452))":94},"28":{"(Float16(0.4673), Float16(0.4773))":100},"75":{"(Float16(0.7188), Float16(0.7285))":59,"(Float16(0.2249), Float16(0.2349))":41},"23":{"(Float16(0.3145), Float16(0.3245))":78,"(Float16(0.879), Float16(0.8887))":22},"92":{"(Float16(0.869), Float16(0.879))":3,"(Float16(0.479), Float16(0.489))":96,"(Float16(0.08984), Float16(0.09985))":1},"41":{"(Float16(0.7544), Float16(0.764))":42,"(Float16(0.2274), Float16(0.2374))":58},"43":{"(Float16(0.1853), Float16(0.1953))":28,"(Float16(0.6787), Float16(0.6885))":72},"11":{"(Float16(0.2673), Float16(0.2773))":55,"(Float16(0.742), Float16(0.752))":45},"36":{"(Float16(0.7705), Float16(0.7803))":39,"(Float16(0.3164), Float16(0.3264))":61},"68":{"(Float16(0.311), Float16(0.321))":65,"(Float16(0.7607), Float16(0.7705))":35},"69":{"(Float16(0.4983), Float16(0.5083))":100},"98":{"(Float16(0.2656), Float16(0.2756))":53,"(Float16(0.759), Float16(0.7686))":47},"82":{"(Float16(0.975), Float16(0.985))":1,"(Float16(0.449), Float16(0.459))":99},"85":{"(Float16(0.503), Float16(0.5127))":100},"39":{"(Float16(0.532), Float16(0.542))":99,"(Float16(0.07385), Float16(0.08386))":1},"84":{"(Float16(0.1592), Float16(0.1692))":25,"(Float16(0.6475), Float16(0.657))":75},"77":{"(Float16(0.512), Float16(0.522))":100},"7":{"(Float16(0.519), Float16(0.529))":99,"(Float16(0.1973), Float16(0.2073))":1},"25":{"(Float16(0.2961), Float16(0.3062))":37,"(Float16(0.7676), Float16(0.7773))":63},"95":{"(Float16(0.498), Float16(0.508))":100},"71":{"(Float16(0.7227), Float16(0.7324))":48,"(Float16(0.2202), Float16(0.2302))":52},"66":{"(Float16(0.4607), Float16(0.4707))":100},"76":{"(Float16(0.788), Float16(0.798))":46,"(Float16(0.2593), Float16(0.2693))":54},"34":{"(Float16(0.5312), Float16(0.541))":100},"50":{"(Float16(0.2429), Float16(0.253))":43,"(Float16(0.7314), Float16(0.741))":57},"59":{"(Float16(0.29), Float16(0.3))":59,"(Float16(0.74), Float16(0.75))":41},"93":{"(Float16(0.5215), Float16(0.5312))":98,"(Float16(0.1431), Float16(0.1531))":2},"2":{"(Float16(0.549), Float16(0.5586))":100},"10":{"(Float16(0.6943), Float16(0.704))":45,"(Float16(0.254), Float16(0.264))":55},"18":{"(Float16(0.4814), Float16(0.4915))":100},"26":{"(Float16(0.503), Float16(0.5127))":100},"27":{"(Float16(0.3022), Float16(0.3123))":64,"(Float16(0.7676), Float16(0.7773))":36},"42":{"(Float16(0.3271), Float16(0.3372))":66,"(Float16(0.7656), Float16(0.7754))":34},"87":{"(Float16(0.8057), Float16(0.8154))":22,"(Float16(0.3555), Float16(0.3655))":78},"100":{"(Float16(0.6787), Float16(0.6885))":79,"(Float16(0.1613), Float16(0.1713))":21},"79":{"(Float16(0.7275), Float16(0.7373))":38,"(Float16(0.3447), Float16(0.3547))":62},"16":{"(Float16(0.4902), Float16(0.5))":100},"20":{"(Float16(0.6094), Float16(0.619))":83,"(Float16(0.218), Float16(0.228))":17},"81":{"(Float16(0.3257), Float16(0.3357))":64,"(Float16(0.774), Float16(0.7837))":36},"19":{"(Float16(0.3257), Float16(0.3357))":72,"(Float16(0.77), Float16(0.78))":28},"49":{"(Float16(0.1215), Float16(0.1315))":1,"(Float16(0.4473), Float16(0.4573))":98,"(Float16(0.9863), Float16(0.996))":1},"44":{"(Float16(0.4883), Float16(0.4983))":100},"9":{"(Float16(0.4321), Float16(0.4421))":97,"(Float16(0.881), Float16(0.8906))":3},"31":{"(Float16(0.1545), Float16(0.1646))":20,"(Float16(0.621), Float16(0.631))":80},"74":{"(Float16(0.4858), Float16(0.4958))":100},"61":{"(Float16(0.536), Float16(0.546))":100},"29":{"(Float16(0.2437), Float16(0.2537))":21,"(Float16(0.6953), Float16(0.705))":79},"94":{"(Float16(0.7383), Float16(0.748))":43,"(Float16(0.2734), Float16(0.2834))":57},"46":{"(Float16(0.2554), Float16(0.2654))":54,"(Float16(0.73), Float16(0.7397))":46},"57":{"(Float16(0.4644), Float16(0.4744))":99,"(Float16(0.874), Float16(0.884))":1},"70":{"(Float16(0.0753), Float16(0.0853))":2,"(Float16(0.505), Float16(0.5146))":98},"21":{"(Float16(0.6934), Float16(0.703))":57,"(Float16(0.2673), Float16(0.2773))":43},"38":{"(Float16(0.532), Float16(0.542))":100},"88":{"(Float16(0.5107), Float16(0.5205))":100},"78":{"(Float16(0.6904), Float16(0.7))":60,"(Float16(0.1951), Float16(0.2051))":40},"72":{"(Float16(0.4941), Float16(0.504))":100},"24":{"(Float16(0.1222), Float16(0.1322))":1,"(Float16(0.52), Float16(0.53))":99},"8":{"(Float16(0.8047), Float16(0.8145))":1,"(Float16(0.483), Float16(0.493))":99},"17":{"(Float16(0.2986), Float16(0.3086))":57,"(Float16(0.717), Float16(0.7266))":43},"37":{"(Float16(0.2915), Float16(0.3015))":52,"(Float16(0.732), Float16(0.7417))":48},"1":{"(Float16(0.5137), Float16(0.5234))":100},"53":{"(Float16(0.3418), Float16(0.3518))":76,"(Float16(0.795), Float16(0.8047))":24},"22":{"(Float16(0.494), Float16(0.504))":100},"47":{"(Float16(0.527), Float16(0.5366))":100},"83":{"(Float16(0.3174), Float16(0.3274))":69,"(Float16(0.803), Float16(0.813))":31},"99":{"(Float16(0.149), Float16(0.159))":3,"(Float16(0.549), Float16(0.5586))":97},"89":{"(Float16(0.676), Float16(0.6855))":60,"(Float16(0.2192), Float16(0.2292))":40},"14":{"(Float16(0.553), Float16(0.563))":100},"3":{"(Float16(0.5273), Float16(0.537))":96,"(Float16(0.1268), Float16(0.1368))":4},"80":{"(Float16(0.5303), Float16(0.54))":99,"(Float16(0.1932), Float16(0.2032))":1},"96":{"(Float16(0.5293), Float16(0.539))":100},"51":{"(Float16(0.743), Float16(0.753))":48,"(Float16(0.2693), Float16(0.2793))":52},"33":{"(Float16(0.4917), Float16(0.5015))":100},"40":{"(Float16(0.715), Float16(0.7246))":54,"(Float16(0.2646), Float16(0.2747))":46},"48":{"(Float16(0.5127), Float16(0.5225))":100},"15":{"(Float16(0.3276), Float16(0.3376))":61,"(Float16(0.752), Float16(0.7617))":39},"65":{"(Float16(0.4448), Float16(0.4548))":94,"(Float16(0.8555), Float16(0.865))":6},"97":{"(Float16(0.5215), Float16(0.5312))":100}}