{"5":{"(Float16(0.6963), Float16(0.8965))":64,"(Float16(0.3306), Float16(0.531))":9,"(Float16(0.0002444), Float16(0.2002))":27},"56":{"(Float16(0.0002766), Float16(0.2003))":14,"(Float16(0.3555), Float16(0.5557))":50,"(Float16(0.6055), Float16(0.8057))":16,"(Float16(0.806), Float16(1.006))":20},"35":{"(Float16(0.0006766), Float16(0.2007))":13,"(Float16(0.4492), Float16(0.6494))":61,"(Float16(0.785), Float16(0.9854))":26},"55":{"(Float16(0.9194), Float16(1.119))":6,"(Float16(0.705), Float16(0.9053))":30,"(Float16(0.000721), Float16(0.2007))":9,"(Float16(0.4434), Float16(0.6436))":55},"60":{"(Float16(0.0008144), Float16(0.2008))":35,"(Float16(0.4106), Float16(0.611))":17,"(Float16(0.82), Float16(1.02))":8,"(Float16(0.6133), Float16(0.8135))":40},"30":{"(Float16(0.0003755), Float16(0.2003))":44,"(Float16(0.336), Float16(0.536))":4,"(Float16(0.749), Float16(0.949))":52},"32":{"(Float16(0.0002766), Float16(0.2003))":26,"(Float16(0.784), Float16(0.9844))":37,"(Float16(0.571), Float16(0.771))":2,"(Float16(0.2935), Float16(0.4934))":35},"6":{"(Float16(8.76e-5), Float16(0.2001))":32,"(Float16(0.3506), Float16(0.551))":19,"(Float16(0.716), Float16(0.916))":49},"67":{"(Float16(0.9497), Float16(1.149))":1,"(Float16(0.0005655), Float16(0.2006))":14,"(Float16(0.2205), Float16(0.4204))":37,"(Float16(0.7363), Float16(0.9365))":48},"45":{"(Float16(0.6934), Float16(0.8936))":31,"(Float16(0.4675), Float16(0.6675))":14,"(Float16(0.2168), Float16(0.4167))":49,"(Float16(0.91), Float16(1.11))":6},"73":{"(Float16(5.92e-5), Float16(0.2001))":21,"(Float16(0.872), Float16(1.072))":5,"(Float16(0.615), Float16(0.8154))":69,"(Float16(0.3096), Float16(0.51))":5},"64":{"(Float16(0.316), Float16(0.516))":39,"(Float16(0.0002837), Float16(0.2003))":27,"(Float16(0.8193), Float16(1.02))":34},"90":{"(Float16(0.3882), Float16(0.5884))":55,"(Float16(0.7744), Float16(0.9746))":31,"(Float16(0.0008383), Float16(0.2008))":14},"4":{"(Float16(0.844), Float16(1.044))":4,"(Float16(0.0008764), Float16(0.2009))":1,"(Float16(0.2559), Float16(0.4558))":57,"(Float16(0.64), Float16(0.8403))":38},"13":{"(Float16(0.829), Float16(1.029))":25,"(Float16(0.000714), Float16(0.2007))":18,"(Float16(0.449), Float16(0.649))":57},"54":{"(Float16(0.3047), Float16(0.505))":5,"(Float16(0.905), Float16(1.1045))":1,"(Float16(0.6797), Float16(0.88))":52,"(Float16(0.0003977), Float16(0.2004))":42},"63":{"(Float16(0.4375), Float16(0.6377))":40,"(Float16(0.0005984), Float16(0.2006))":16,"(Float16(0.6836), Float16(0.884))":44},"86":{"(Float16(0.6973), Float16(0.8975))":53,"(Float16(0.0004778), Float16(0.2004))":47},"91":{"(Float16(0.8604), Float16(1.061))":30,"(Float16(0.4688), Float16(0.669))":39,"(Float16(0.0005474), Float16(0.2006))":31},"62":{"(Float16(0.4346), Float16(0.635))":27,"(Float16(0.866), Float16(1.066))":33,"(Float16(0.2229), Float16(0.4229))":22,"(Float16(0.000471), Float16(0.2004))":18},"58":{"(Float16(0.872), Float16(1.072))":28,"(Float16(0.000882), Float16(0.2009))":23,"(Float16(0.4072), Float16(0.6074))":49},"52":{"(Float16(1.407e-5), Float16(0.2001))":29,"(Float16(0.743), Float16(0.9434))":50,"(Float16(0.9746), Float16(1.175))":2,"(Float16(0.3064), Float16(0.5063))":19},"12":{"(Float16(0.7617), Float16(0.962))":36,"(Float16(0.001069), Float16(0.201))":1,"(Float16(0.2896), Float16(0.4895))":63},"28":{"(Float16(0.9556), Float16(1.155))":2,"(Float16(0.0004349), Float16(0.2004))":42,"(Float16(0.5337), Float16(0.734))":36,"(Float16(0.739), Float16(0.939))":20},"75":{"(Float16(0.3481), Float16(0.5483))":11,"(Float16(0.965), Float16(1.165))":1,"(Float16(0.0001692), Float16(0.2002))":29,"(Float16(0.6846), Float16(0.885))":59},"23":{"(Float16(0.3696), Float16(0.57))":18,"(Float16(0.7617), Float16(0.962))":42,"(Float16(0.0004268), Float16(0.2004))":40},"92":{"(Float16(0.7725), Float16(0.9727))":8,"(Float16(0.5713), Float16(0.7715))":34,"(Float16(0.2373), Float16(0.4373))":58},"41":{"(Float16(0.9453), Float16(1.1455))":3,"(Float16(0.707), Float16(0.907))":59,"(Float16(0.0), Float16(0.2))":31,"(Float16(0.3418), Float16(0.542))":7},"43":{"(Float16(0.3772), Float16(0.577))":9,"(Float16(0.0), Float16(0.2))":30,"(Float16(0.7217), Float16(0.922))":61},"11":{"(Float16(0.001583), Float16(0.2015))":1,"(Float16(0.801), Float16(1.001))":20,"(Float16(0.2632), Float16(0.4631))":65,"(Float16(0.597), Float16(0.7974))":14},"36":{"(Float16(0.3135), Float16(0.5137))":21,"(Float16(0.8), Float16(1.0))":51,"(Float16(0.0003514), Float16(0.2003))":28},"68":{"(Float16(0.719), Float16(0.9194))":28,"(Float16(0.0005665), Float16(0.2006))":34,"(Float16(0.3906), Float16(0.591))":34,"(Float16(0.9214), Float16(1.121))":4},"69":{"(Float16(0.828), Float16(1.028))":8,"(Float16(0.3452), Float16(0.5454))":60,"(Float16(0.621), Float16(0.8213))":26,"(Float16(0.000791), Float16(0.2008))":6},"98":{"(Float16(0.0005846), Float16(0.2006))":54,"(Float16(0.6855), Float16(0.8857))":24,"(Float16(0.908), Float16(1.108))":4,"(Float16(0.4763), Float16(0.6763))":18},"82":{"(Float16(0.0005007), Float16(0.2006))":32,"(Float16(0.8213), Float16(1.021))":19,"(Float16(0.55), Float16(0.75))":49},"85":{"(Float16(0.2488), Float16(0.4487))":61,"(Float16(0.577), Float16(0.7773))":17,"(Float16(0.7935), Float16(0.9937))":22},"39":{"(Float16(0.552), Float16(0.752))":46,"(Float16(0.753), Float16(0.953))":14,"(Float16(0.0005636), Float16(0.2006))":40},"84":{"(Float16(0.9053), Float16(1.105))":13,"(Float16(0.699), Float16(0.8994))":28,"(Float16(0.4915), Float16(0.6914))":20,"(Float16(0.0006332), Float16(0.2007))":39},"77":{"(Float16(0.907), Float16(1.107))":1,"(Float16(0.675), Float16(0.875))":67,"(Float16(0.0003896), Float16(0.2004))":32},"7":{"(Float16(0.311), Float16(0.511))":18,"(Float16(0.0001161), Float16(0.2001))":25,"(Float16(0.6777), Float16(0.878))":57},"25":{"(Float16(0.718), Float16(0.918))":66,"(Float16(1.0e-7), Float16(0.2))":27,"(Float16(0.3074), Float16(0.5073))":7},"95":{"(Float16(0.5684), Float16(0.7686))":57,"(Float16(0.0004325), Float16(0.2004))":32,"(Float16(0.8105), Float16(1.011))":11},"71":{"(Float16(0.3857), Float16(0.586))":18,"(Float16(0.0006638), Float16(0.2007))":38,"(Float16(0.6094), Float16(0.8096))":42,"(Float16(0.8945), Float16(1.095))":2},"66":{"(Float16(0.865), Float16(1.065))":7,"(Float16(0.000683), Float16(0.2007))":36,"(Float16(0.3577), Float16(0.5576))":20,"(Float16(0.664), Float16(0.8643))":37},"76":{"(Float16(0.2795), Float16(0.4795))":16,"(Float16(0.6934), Float16(0.8936))":57,"(Float16(0.0004935), Float16(0.2004))":26,"(Float16(0.981), Float16(1.181))":1},"34":{"(Float16(0.0005703), Float16(0.2006))":25,"(Float16(0.822), Float16(1.021))":29,"(Float16(0.545), Float16(0.745))":46},"50":{"(Float16(0.2808), Float16(0.4807))":20,"(Float16(0.8984), Float16(1.099))":2,"(Float16(0.0006175), Float16(0.2006))":13,"(Float16(0.6846), Float16(0.885))":65},"59":{"(Float16(0.0003777), Float16(0.2003))":19,"(Float16(0.4426), Float16(0.6426))":36,"(Float16(0.7764), Float16(0.9766))":45},"93":{"(Float16(1.0e-5), Float16(0.2))":26,"(Float16(0.3408), Float16(0.541))":1,"(Float16(0.8477), Float16(1.048))":11,"(Float16(0.5713), Float16(0.7715))":62},"2":{"(Float16(0.9424), Float16(1.143))":4,"(Float16(0.4307), Float16(0.631))":81,"(Float16(0.0009027), Float16(0.2009))":3,"(Float16(0.728), Float16(0.928))":12},"10":{"(Float16(0.2954), Float16(0.4954))":24,"(Float16(0.5205), Float16(0.7207))":2,"(Float16(0.833), Float16(1.033))":37,"(Float16(0.0004275), Float16(0.2004))":37},"18":{"(Float16(0.4023), Float16(0.6025))":52,"(Float16(0.0006127), Float16(0.2006))":7,"(Float16(0.659), Float16(0.8594))":37,"(Float16(0.8677), Float16(1.067))":4},"26":{"(Float16(0.58), Float16(0.7803))":26,"(Float16(0.000594), Float16(0.2006))":41,"(Float16(0.3784), Float16(0.5786))":12,"(Float16(0.7925), Float16(0.9927))":21},"27":{"(Float16(0.749), Float16(0.949))":44,"(Float16(0.337), Float16(0.537))":42,"(Float16(0.000312), Float16(0.2003))":14},"42":{"(Float16(0.741), Float16(0.9414))":35,"(Float16(0.315), Float16(0.515))":57,"(Float16(0.0003543), Float16(0.2003))":8},