{"32":{"(Float16(0.0), Float16(0.5))":96,"(Float16(0.751), Float16(1.251))":4},"29":{"(Float16(0.0002785), Float16(0.5005))":100},"1":{"(Float16(0.7974), Float16(1.297))":1,"(Float16(0.0002208), Float16(0.5))":99},"54":{"(Float16(0.7344), Float16(1.234))":1,"(Float16(0.0002357), Float16(0.5))":99},"78":{"(Float16(0.0), Float16(0.5))":95,"(Float16(0.8174), Float16(1.317))":5},"81":{"(Float16(0.000181), Float16(0.5))":100},"2":{"(Float16(0.000303), Float16(0.5005))":99,"(Float16(0.8877), Float16(1.388))":1},"74":{"(Float16(0.698), Float16(1.198))":2,"(Float16(0.0001433), Float16(0.5))":98},"41":{"(Float16(0.0002334), Float16(0.5))":100},"65":{"(Float16(0.0002215), Float16(0.5))":100},"51":{"(Float16(0.0002701), Float16(0.5005))":100},"53":{"(Float16(0.0002995), Float16(0.5005))":100},"27":{"(Float16(0.000175), Float16(0.5))":98,"(Float16(0.771), Float16(1.271))":2},"75":{"(Float16(0.792), Float16(1.292))":1,"(Float16(0.0002043), Float16(0.5))":99},"42":{"(Float16(0.0002594), Float16(0.5005))":100},"33":{"(Float16(0.0), Float16(0.5))":95,"(Float16(0.874), Float16(1.374))":5},"28":{"(Float16(0.0002842), Float16(0.5005))":100},"50":{"(Float16(0.0), Float16(0.5))":97,"(Float16(0.842), Float16(1.342))":3},"52":{"(Float16(0.708), Float16(1.208))":1,"(Float16(0.0002916), Float16(0.5005))":99},"63":{"(Float16(0.0002468), Float16(0.5005))":99,"(Float16(0.8184), Float16(1.318))":1},"92":{"(Float16(0.0), Float16(0.5))":93,"(Float16(0.8486), Float16(1.349))":7},"88":{"(Float16(0.0001591), Float16(0.5))":98,"(Float16(0.804), Float16(1.305))":2},"93":{"(Float16(0.903), Float16(1.402))":1,"(Float16(0.0003386), Float16(0.5005))":99},"26":{"(Float16(0.0), Float16(0.5))":97,"(Float16(0.6885), Float16(1.188))":3},"10":{"(Float16(0.00019), Float16(0.5))":100},"77":{"(Float16(0.0), Float16(0.5))":95,"(Float16(0.751), Float16(1.251))":5},"24":{"(Float16(0.0), Float16(0.5))":95,"(Float16(0.8037), Float16(1.304))":5},"87":{"(Float16(0.0), Float16(0.5))":95,"(Float16(0.825), Float16(1.325))":5},"58":{"(Float16(0.0003374), Float16(0.5005))":99,"(Float16(0.7827), Float16(1.283))":1},"25":{"(Float16(0.0), Float16(0.5))":96,"(Float16(0.822), Float16(1.322))":4},"23":{"(Float16(0.0001426), Float16(0.5))":100},"49":{"(Float16(0.886), Float16(1.387))":2,"(Float16(0.0002604), Float16(0.5005))":98},"59":{"(Float16(0.0), Float16(0.5))":93,"(Float16(0.7817), Float16(1.281))":7},"5":{"(Float16(0.0), Float16(0.5))":97,"(Float16(0.79), Float16(1.29))":3},"31":{"(Float16(0.0001296), Float16(0.5))":100},"89":{"(Float16(0.0), Float16(0.5))":97,"(Float16(0.74), Float16(1.24))":3},"62":{"(Float16(0.0), Float16(0.5))":95,"(Float16(0.82), Float16(1.32))":5},"43":{"(Float16(0.0002863), Float16(0.5005))":100},"90":{"(Float16(0.000267), Float16(0.5005))":100},"39":{"(Float16(0.0003316), Float16(0.5005))":100},"34":{"(Float16(0.792), Float16(1.292))":8,"(Float16(0.0), Float16(0.5))":92},"44":{"(Float16(0.000184), Float16(0.5))":99,"(Float16(0.8296), Float16(1.33))":1},"94":{"(Float16(0.0002832), Float16(0.5005))":99,"(Float16(0.9204), Float16(1.42))":1},"55":{"(Float16(0.0002348), Float16(0.5))":99,"(Float16(0.7705), Float16(1.2705))":1},"86":{"(Float16(0.0001945), Float16(0.5))":100},"17":{"(Float16(0.0002388), Float16(0.5))":100},"99":{"(Float16(0.905), Float16(1.404))":1,"(Float16(0.00021), Float16(0.5))":99},"71":{"(Float16(0.0002592), Float16(0.5005))":100},"37":{"(Float16(3.6e-7), Float16(0.5))":92,"(Float16(0.8926), Float16(1.393))":8},"47":{"(Float16(0.0), Float16(0.5))":97,"(Float16(0.8525), Float16(1.353))":3},"9":{"(Float16(0.783), Float16(1.283))":21,"(Float16(1.0e-7), Float16(0.5))":79},"73":{"(Float16(0.0002322), Float16(0.5))":98,"(Float16(0.881), Float16(1.381))":2},"82":{"(Float16(0.975), Float16(1.475))":1,"(Float16(0.0002642), Float16(0.5005))":99},"12":{"(Float16(0.0003247), Float16(0.5005))":100},"79":{"(Float16(0.0), Float16(0.5))":94,"(Float16(0.7935), Float16(1.293))":6},"20":{"(Float16(0.0), Float16(0.5))":98,"(Float16(0.866), Float16(1.366))":2},"6":{"(Float16(0.7695), Float16(1.27))":1,"(Float16(0.0003607), Float16(0.5005))":99},"84":{"(Float16(0.0002333), Float16(0.5))":100},"80":{"(Float16(0.0002935), Float16(0.5005))":99,"(Float16(0.842), Float16(1.342))":1},"98":{"(Float16(0.0001917), Float16(0.5))":99,"(Float16(0.891), Float16(1.391))":1},"70":{"(Float16(0.0002894), Float16(0.5005))":100},"14":{"(Float16(0.0), Float16(0.5))":92,"(Float16(0.91), Float16(1.41))":8},"7":{"(Float16(0.0002737), Float16(0.5005))":100},"96":{"(Float16(0.0002284), Float16(0.5))":100},"57":{"(Float16(0.0001582), Float16(0.5))":100},"8":{"(Float16(0.8047), Float16(1.305))":6,"(Float16(6.6e-7), Float16(0.5))":94},"64":{"(Float16(0.000202), Float16(0.5))":100},"19":{"(Float16(0.0), Float16(0.5))":91,"(Float16(0.83), Float16(1.33))":9},"91":{"(Float16(0.776), Float16(1.275))":2,"(Float16(0.000139), Float16(0.5))":98},"69":{"(Float16(0.0001799), Float16(0.5))":99,"(Float16(0.8906), Float16(1.391))":1},"60":{"(Float16(0.0), Float16(0.5))":97,"(Float16(0.82), Float16(1.32))":3},"97":{"(Float16(0.0002775), Float16(0.5005))":100},"4":{"(Float16(0.0001879), Float16(0.5))":99,"(Float16(0.7754), Float16(1.275))":1},"22":{"(Float16(0.0002153), Float16(0.5))":100},"11":{"(Float16(0.0003486), Float16(0.5005))":100},"35":{"(Float16(0.0), Float16(0.5))":97,"(Float16(0.8467), Float16(1.347))":3},"13":{"(Float16(0.0001912), Float16(0.5))":100},"15":{"(Float16(0.0003228), Float16(0.5005))":100},"61":{"(Float16(0.743), Float16(1.243))":2,"(Float16(0.0002642), Float16(0.5005))":98},"67":{"(Float16(0.8223), Float16(1.322))":1,"(Float16(0.0002407), Float16(0.5))":99},"16":{"(Float16(0.814), Float16(1.314))":1,"(Float16(0.0002344), Float16(0.5))":99},"100":{"(Float16(0.0), Float16(0.5))":95,"(Float16(0.8525), Float16(1.353))":5},"40":{"(Float16(0.000278), Float16(0.5005))":100},"21":{"(Float16(0.0), Float16(0.5))":94,"(Float16(0.7964), Float16(1.297))":6},"38":{"(Float16(0.0), Float16(0.5))":94,"(Float16(0.7793), Float16(1.279))":6},"46":{"(Float16(0.0003314), Float16(0.5005))":100},"72":{"(Float16(0.7324), Float16(1.232))":5,"(Float16(0.0), Float16(0.5))":95},"83":{"(Float16(0.000268), Float16(0.5005))":99,"(Float16(0.966), Float16(1.466))":1},"45":{"(Float16(0.0002286), Float16(0.5))":99,"(Float16(0.6836), Float16(1.184))":1},"68":{"(Float16(0.0002913), Float16(0.5005))":100},"56":{"(Float16(0.000299), Float16(0.5005))":99,"(Float16(0.825), Float16(1.325))":1},"36":{"(Float16(0.0001786), Float16(0.5))":100},"66":{"(Float16(0.0), Float16(0.5))":96,"(Float16(0.824), Float16(1.324))":4},"76":{"(Float16(0.0001942), Float16(0.5))":100},"95":{"(Float16(0.971), Float16(1.471))":1,"(Float16(0.0002079), Float16(0.5))":99},"85":{"(Float16(0.0002327), Float16(0.5))":100},"48":{"(Float16(0.0003486), Float16(0.5005))":100},"18":{"(Float16(0.0), Float16(0.5))":95,"(Float16(0.781), Float16(1.281))":5},"30":{"(Float16(0.0003333), Float16(0.5005))":100},"3":{"(Float16(0.0003157), Float16(0.5005))":99,"(Float16(0.9893), Float16(1.489))":1}}