{"5":{"(Float16(0.05), Float16(0.06))":54,"(Float16(0.949), Float16(0.959))":46},"56":{"(Float16(0.05014), Float16(0.06015))":61,"(Float16(0.9487), Float16(0.9585))":39},"35":{"(Float16(0.05), Float16(0.06))":30,"(Float16(0.948), Float16(0.958))":70},"55":{"(Float16(0.05005), Float16(0.06006))":43,"(Float16(0.948), Float16(0.958))":57},"60":{"(Float16(0.05017), Float16(0.06018))":70,"(Float16(0.9487), Float16(0.9585))":30},"30":{"(Float16(0.05005), Float16(0.06006))":41,"(Float16(0.948), Float16(0.958))":59},"32":{"(Float16(0.948), Float16(0.958))":41,"(Float16(0.05008), Float16(0.0601))":59},"6":{"(Float16(0.4526), Float16(0.4626))":3,"(Float16(0.05002), Float16(0.06003))":47,"(Float16(0.9487), Float16(0.9585))":50},"67":{"(Float16(0.05), Float16(0.06))":35,"(Float16(0.9478), Float16(0.9575))":65},"45":{"(Float16(0.05017), Float16(0.06018))":56,"(Float16(0.9487), Float16(0.9585))":44},"73":{"(Float16(0.05023), Float16(0.06024))":52,"(Float16(0.949), Float16(0.959))":48},"64":{"(Float16(0.05), Float16(0.06))":37,"(Float16(0.4768), Float16(0.4868))":2,"(Float16(0.948), Float16(0.958))":61},"90":{"(Float16(0.05), Float16(0.06))":36,"(Float16(0.5024), Float16(0.512))":1,"(Float16(0.949), Float16(0.959))":63},"4":{"(Float16(0.05), Float16(0.06))":49,"(Float16(0.949), Float16(0.959))":51},"13":{"(Float16(0.948), Float16(0.958))":64,"(Float16(0.05002), Float16(0.06003))":36},"54":{"(Float16(0.05014), Float16(0.06015))":52,"(Float16(0.948), Float16(0.958))":48},"63":{"(Float16(0.05005), Float16(0.06006))":43,"(Float16(0.949), Float16(0.959))":57},"86":{"(Float16(0.5293), Float16(0.539))":2,"(Float16(0.0501), Float16(0.06012))":56,"(Float16(0.9487), Float16(0.9585))":42},"91":{"(Float16(0.05), Float16(0.06))":47,"(Float16(0.948), Float16(0.958))":53},"62":{"(Float16(0.0501), Float16(0.06012))":48,"(Float16(0.9487), Float16(0.9585))":52},"58":{"(Float16(0.05), Float16(0.06))":33,"(Float16(0.949), Float16(0.959))":67},"52":{"(Float16(0.948), Float16(0.958))":66,"(Float16(0.05002), Float16(0.06003))":34},"12":{"(Float16(0.05008), Float16(0.0601))":38,"(Float16(0.949), Float16(0.959))":62},"28":{"(Float16(0.05), Float16(0.06))":33,"(Float16(0.948), Float16(0.958))":67},"75":{"(Float16(0.948), Float16(0.958))":56,"(Float16(0.05002), Float16(0.06003))":44},"23":{"(Float16(0.05), Float16(0.06))":46,"(Float16(0.4893), Float16(0.4993))":1,"(Float16(0.949), Float16(0.959))":53},"92":{"(Float16(0.05005), Float16(0.06006))":35,"(Float16(0.948), Float16(0.958))":65},"41":{"(Float16(0.05), Float16(0.06))":43,"(Float16(0.949), Float16(0.959))":57},"43":{"(Float16(0.05), Float16(0.06))":50,"(Float16(0.949), Float16(0.959))":50},"11":{"(Float16(0.948), Float16(0.958))":47,"(Float16(0.0501), Float16(0.06012))":53},"36":{"(Float16(0.05005), Float16(0.06006))":36,"(Float16(0.503), Float16(0.5127))":2,"(Float16(0.948), Float16(0.958))":62},"68":{"(Float16(0.05023), Float16(0.06024))":56,"(Float16(0.948), Float16(0.958))":44},"69":{"(Float16(0.05005), Float16(0.06006))":71,"(Float16(0.9487), Float16(0.9585))":29},"98":{"(Float16(0.5273), Float16(0.537))":1,"(Float16(0.05002), Float16(0.06003))":59,"(Float16(0.949), Float16(0.959))":40},"82":{"(Float16(0.05), Float16(0.06))":47,"(Float16(0.4514), Float16(0.4614))":2,"(Float16(0.949), Float16(0.959))":51},"85":{"(Float16(0.9497), Float16(0.9595))":38,"(Float16(0.05017), Float16(0.06018))":62},"39":{"(Float16(0.05), Float16(0.06))":45,"(Float16(0.949), Float16(0.959))":55},"84":{"(Float16(0.05), Float16(0.06))":42,"(Float16(0.949), Float16(0.959))":58},"77":{"(Float16(0.05005), Float16(0.06006))":36,"(Float16(0.9487), Float16(0.9585))":64},"7":{"(Float16(0.948), Float16(0.958))":63,"(Float16(0.05002), Float16(0.06003))":37},"25":{"(Float16(0.0501), Float16(0.06012))":59,"(Float16(0.9487), Float16(0.9585))":41},"95":{"(Float16(0.05), Float16(0.06))":43,"(Float16(0.949), Float16(0.959))":57},"71":{"(Float16(0.05008), Float16(0.0601))":61,"(Float16(0.949), Float16(0.959))":39},"66":{"(Float16(0.4692), Float16(0.4792))":3,"(Float16(0.4888), Float16(0.4988))":2,"(Float16(0.05002), Float16(0.06003))":38,"(Float16(0.949), Float16(0.959))":57},"76":{"(Float16(0.948), Float16(0.958))":55,"(Float16(0.05002), Float16(0.06003))":45},"34":{"(Float16(0.948), Float16(0.958))":54,"(Float16(0.0501), Float16(0.06012))":46},"50":{"(Float16(0.05), Float16(0.06))":44,"(Float16(0.948), Float16(0.958))":56},"59":{"(Float16(0.948), Float16(0.958))":47,"(Float16(0.5405), Float16(0.5503))":2,"(Float16(0.0501), Float16(0.06012))":51},"93":{"(Float16(0.05017), Float16(0.06018))":52,"(Float16(0.9487), Float16(0.9585))":48},"2":{"(Float16(0.0501), Float16(0.06012))":64,"(Float16(0.949), Float16(0.959))":36},"10":{"(Float16(0.05005), Float16(0.06006))":35,"(Float16(0.4568), Float16(0.4668))":2,"(Float16(0.9487), Float16(0.9585))":63},"18":{"(Float16(0.05005), Float16(0.06006))":67,"(Float16(0.949), Float16(0.959))":33},"26":{"(Float16(0.948), Float16(0.958))":55,"(Float16(0.05002), Float16(0.06003))":45},"27":{"(Float16(0.05014), Float16(0.06015))":56,"(Float16(0.9487), Float16(0.9585))":44},"42":{"(Float16(0.498), Float16(0.508))":1,"(Float16(0.05005), Float16(0.06006))":41,"(Float16(0.949), Float16(0.959))":58},"87":{"(Float16(0.05), Float16(0.06))":36,"(Float16(0.949), Float16(0.959))":64},"100":{"(Float16(0.05002), Float16(0.06003))":43,"(Float16(0.949), Float16(0.959))":57},"79":{"(Float16(0.05), Float16(0.06))":55,"(Float16(0.949), Float16(0.959))":43,"(Float16(0.4585), Float16(0.4685))":2},"16":{"(Float16(0.05), Float16(0.06))":45,"(Float16(0.949), Float16(0.959))":55},"20":{"(Float16(0.536), Float16(0.546))":2,"(Float16(0.05017), Float16(0.06018))":50,"(Float16(0.949), Float16(0.959))":48},"81":{"(Float16(0.0501), Float16(0.06012))":48,"(Float16(0.949), Float16(0.959))":52},"19":{"(Float16(0.9487), Float16(0.9585))":51,"(Float16(0.05008), Float16(0.0601))":49},"49":{"(Float16(0.05), Float16(0.06))":46,"(Float16(0.948), Float16(0.958))":54},"44":{"(Float16(0.05), Float16(0.06))":47,"(Float16(0.949), Float16(0.959))":53},"9":{"(Float16(0.05002), Float16(0.06003))":41,"(Float16(0.949), Float16(0.959))":59},"31":{"(Float16(0.05), Float16(0.06))":38,"(Float16(0.949), Float16(0.959))":62},"74":{"(Float16(0.9473), Float16(0.957))":61,"(Float16(0.05002), Float16(0.06003))":37,"(Float16(0.46), Float16(0.47))":2},"61":{"(Float16(0.05), Float16(0.06))":54,"(Float16(0.948), Float16(0.958))":46},"29":{"(Float16(0.9473), Float16(0.957))":46,"(Float16(0.05008), Float16(0.0601))":54},"94":{"(Float16(0.0501), Float16(0.06012))":61,"(Float16(0.949), Float16(0.959))":39},"46":{"(Float16(0.0502), Float16(0.0602))":57,"(Float16(0.9487), Float16(0.9585))":43},"57":{"(Float16(0.05), Float16(0.06))":42,"(Float16(0.9487), Float16(0.9585))":58},"70":{"(Float16(0.05002), Float16(0.06003))":61,"(Float16(0.949), Float16(0.959))":39},"21":{"(Float16(0.948), Float16(0.958))":65,"(Float16(0.05002), Float16(0.06003))":35},"38":{"(Float16(0.4832), Float16(0.4932))":1,"(Float16(0.05), Float16(0.06))":49,"(Float16(0.9487), Float16(0.9585))":50},"88":{"(Float16(0.948), Float16(0.958))":63,"(Float16(0.05002), Float16(0.06003))":37},"78":{"(Float16(0.05), Float16(0.06))":47,"(Float16(0.4556), Float16(0.4656))":1,"(Float16(0.949), Float16(0.959))":52},"72":{"(Float16(0.0501), Float16(0.06012))":55,"(Float16(0.9487), Float16(0.9585))":45},"24":{"(Float16(0.9497), Float16(0.9595))":33,"(Float16(0.05014), Float16(0.06015))":67},"8":{"(Float16(0.948), Float16(0.958))":42,"(Float16(0.0501), Float16(0.06012))":58},"17":{"(Float16(0.05), Float16(0.06))":54,"(Float16(0.949), Float16(0.959))":46},"37":{"(Float16(0.05), Float16(0.06))":50,"(Float16(0.949), Float16(0.959))":50},"1":{"(Float16(0.9497), Float16(0.9595))":37,"(Float16(0.05017), Float16(0.06018))":63},"53":{"(Float16(0.05014), Float16(0.06015))":63,"(Float16(0.9487), Float16(0.9585))":37},"22":{"(Float16(0.05), Float16(0.06))":44,"(Float16(0.949), Float16(0.959))":56},"47":{"(Float16(0.05), Float16(0.06))":36,