{"5":{"(Float16(0.9497), Float16(0.9595))":23,"(Float16(0.498), Float16(0.508))":74,"(Float16(0.05002), Float16(0.06003))":3},"4":{"(Float16(0.95), Float16(0.96))":1,"(Float16(0.0503), Float16(0.0603))":7,"(Float16(0.5005), Float16(0.5103))":92},"6":{"(Float16(0.05), Float16(0.06))":33,"(Float16(0.5005), Float16(0.5103))":67},"7":{"(Float16(0.05), Float16(0.06))":22,"(Float16(0.95), Float16(0.96))":1,"(Float16(0.5005), Float16(0.5103))":77},"2":{"(Float16(0.05), Float16(0.06))":26,"(Float16(0.5005), Float16(0.5103))":74},"10":{"(Float16(0.05026), Float16(0.06027))":28,"(Float16(0.948), Float16(0.958))":3,"(Float16(0.5005), Float16(0.5103))":69},"9":{"(Float16(0.05017), Float16(0.06018))":23,"(Float16(0.5005), Float16(0.5103))":77},"8":{"(Float16(0.498), Float16(0.508))":74,"(Float16(0.948), Float16(0.958))":22,"(Float16(0.0503), Float16(0.0603))":4},"3":{"(Float16(0.498), Float16(0.508))":72,"(Float16(0.95), Float16(0.96))":28},"1":{"(Float16(0.05), Float16(0.06))":28,"(Float16(0.5), Float16(0.51))":1,"(Float16(0.9487), Float16(0.9585))":71}}