{"5":{"(Float16(0.0002013), Float16(0.0102))":22,"(Float16(0.6406), Float16(0.6504))":78},"56":{"(Float16(0.3167), Float16(0.3267))":2,"(Float16(0.0001497), Float16(0.010155))":35,"(Float16(0.718), Float16(0.7275))":63},"35":{"(Float16(0.6367), Float16(0.6465))":67,"(Float16(0.0001705), Float16(0.01017))":33},"55":{"(Float16(0.6562), Float16(0.666))":72,"(Float16(0.0002325), Float16(0.01023))":28},"60":{"(Float16(0.0001504), Float16(0.010155))":47,"(Float16(0.6475), Float16(0.657))":2,"(Float16(0.7656), Float16(0.7754))":5,"(Float16(0.8057), Float16(0.8154))":6,"(Float16(0.735), Float16(0.7446))":9,"(Float16(0.794), Float16(0.8037))":8,"(Float16(0.8325), Float16(0.8423))":9,"(Float16(0.679), Float16(0.689))":4,"(Float16(0.5596), Float16(0.5693))":2,"(Float16(0.819), Float16(0.8286))":2,"(Float16(0.4578), Float16(0.4678))":2,"(Float16(0.4902), Float16(0.5))":2,"(Float16(0.536), Float16(0.546))":2},"30":{"(Float16(0.8047), Float16(0.8145))":4,"(Float16(0.3813), Float16(0.3914))":83,"(Float16(0.826), Float16(0.836))":2,"(Float16(0.8926), Float16(0.9023))":2,"(Float16(7.373e-5), Float16(0.01008))":1,"(Float16(0.958), Float16(0.968))":2,"(Float16(0.7695), Float16(0.7793))":2,"(Float16(0.838), Float16(0.8477))":2,"(Float16(0.855), Float16(0.8647))":2},"32":{"(Float16(0.6045), Float16(0.6143))":72,"(Float16(0.0001628), Float16(0.01016))":28},"6":{"(Float16(0.6045), Float16(0.6143))":67,"(Float16(0.9824), Float16(0.992))":2,"(Float16(8.947e-5), Float16(0.01009))":31},"67":{"(Float16(0.0002006), Float16(0.0102))":34,"(Float16(0.712), Float16(0.7217))":66},"45":{"(Float16(0.539), Float16(0.549))":77,"(Float16(0.0001273), Float16(0.01013))":23},"73":{"(Float16(9.74e-5), Float16(0.0101))":34,"(Float16(0.665), Float16(0.675))":66},"64":{"(Float16(0.919), Float16(0.9287))":2,"(Float16(0.863), Float16(0.8726))":2,"(Float16(0.8853), Float16(0.895))":2,"(Float16(0.0003185), Float16(0.01032))":26,"(Float16(0.4258), Float16(0.4358))":60,"(Float16(0.9688), Float16(0.9785))":2,"(Float16(0.793), Float16(0.8027))":2,"(Float16(0.907), Float16(0.917))":2,"(Float16(0.953), Float16(0.963))":2},"90":{"(Float16(0.6123), Float16(0.622))":66,"(Float16(0.0001473), Float16(0.01015))":34},"4":{"(Float16(0.675), Float16(0.6846))":64,"(Float16(0.0001544), Float16(0.010155))":36},"13":{"(Float16(0.634), Float16(0.6436))":64,"(Float16(9.89e-5), Float16(0.0101))":36},"54":{"(Float16(0.7285), Float16(0.7383))":64,"(Float16(0.375), Float16(0.385))":2,"(Float16(3.68e-5), Float16(0.01004))":32,"(Float16(0.3914), Float16(0.4014))":2},"63":{"(Float16(0.000208), Float16(0.01021))":31,"(Float16(0.59), Float16(0.5996))":69},"86":{"(Float16(0.699), Float16(0.709))":72,"(Float16(0.0001476), Float16(0.01015))":28},"91":{"(Float16(8.74e-5), Float16(0.010086))":34,"(Float16(0.964), Float16(0.9736))":1,"(Float16(0.6035), Float16(0.6133))":65},"62":{"(Float16(0.00011337), Float16(0.01012))":36,"(Float16(0.6113), Float16(0.621))":64},"58":{"(Float16(0.9736), Float16(0.9834))":2,"(Float16(0.907), Float16(0.917))":6,"(Float16(0.4697), Float16(0.4797))":78,"(Float16(0.0002708), Float16(0.01027))":14},"52":{"(Float16(9.1e-6), Float16(0.01001))":29,"(Float16(0.592), Float16(0.6016))":71},"12":{"(Float16(0.7715), Float16(0.7812))":7,"(Float16(0.76), Float16(0.7695))":2,"(Float16(0.6187), Float16(0.6284))":2,"(Float16(0.9473), Float16(0.957))":2,"(Float16(0.849), Float16(0.859))":4,"(Float16(0.0004015), Float16(0.01041))":56,"(Float16(0.8643), Float16(0.874))":7,"(Float16(0.785), Float16(0.795))":2,"(Float16(0.674), Float16(0.6836))":2,"(Float16(0.876), Float16(0.8857))":2,"(Float16(0.912), Float16(0.922))":5,"(Float16(0.796), Float16(0.8057))":7,"(Float16(0.74), Float16(0.75))":2},"28":{"(Float16(6.735e-5), Float16(0.01007))":31,"(Float16(0.6816), Float16(0.6914))":69},"75":{"(Float16(0.0001064), Float16(0.01011))":30,"(Float16(0.631), Float16(0.6406))":70},"23":{"(Float16(0.6777), Float16(0.6875))":61,"(Float16(7.39e-5), Float16(0.01008))":39},"92":{"(Float16(0.0002296), Float16(0.01023))":22,"(Float16(0.9614), Float16(0.971))":2,"(Float16(0.5674), Float16(0.577))":76},"41":{"(Float16(0.00010085), Float16(0.0101))":27,"(Float16(0.618), Float16(0.628))":73},"43":{"(Float16(0.0003853), Float16(0.01039))":13,"(Float16(0.6025), Float16(0.6123))":87},"11":{"(Float16(5.203e-5), Float16(0.010056))":28,"(Float16(0.634), Float16(0.6436))":72},"36":{"(Float16(0.6484), Float16(0.658))":70,"(Float16(5.4e-5), Float16(0.010056))":30},"68":{"(Float16(0.0001619), Float16(0.01016))":34,"(Float16(0.6543), Float16(0.664))":66},"69":{"(Float16(0.0003412), Float16(0.010345))":27,"(Float16(0.574), Float16(0.584))":73},"98":{"(Float16(0.588), Float16(0.5977))":75,"(Float16(0.00011265), Float16(0.01012))":25},"82":{"(Float16(0.711), Float16(0.7207))":56,"(Float16(0.316), Float16(0.326))":4,"(Float16(0.0002224), Float16(0.01022))":37,"(Float16(0.3608), Float16(0.3708))":3},"85":{"(Float16(4.566e-5), Float16(0.01005))":24,"(Float16(0.592), Float16(0.6016))":76},"39":{"(Float16(0.634), Float16(0.6436))":71,"(Float16(0.0001433), Float16(0.01015))":29},"84":{"(Float16(0.6396), Float16(0.6494))":70,"(Float16(0.0001607), Float16(0.01016))":30},"77":{"(Float16(0.8623), Float16(0.872))":3,"(Float16(0.9033), Float16(0.913))":2,"(Float16(0.829), Float16(0.839))":2,"(Float16(0.9443), Float16(0.954))":2,"(Float16(0.0002458), Float16(0.01025))":14,"(Float16(0.459), Float16(0.469))":77},"7":{"(Float16(0.6123), Float16(0.622))":77,"(Float16(0.0002267), Float16(0.01023))":21,"(Float16(0.9854), Float16(0.995))":2},"25":{"(Float16(0.3394), Float16(0.3494))":4,"(Float16(0.317), Float16(0.327))":2,"(Float16(0.3665), Float16(0.3765))":2,"(Float16(0.4126), Float16(0.4226))":4,"(Float16(9.525e-5), Float16(0.01009))":33,"(Float16(0.7744), Float16(0.784))":51,"(Float16(0.3896), Float16(0.3997))":4},"95":{"(Float16(0.657), Float16(0.667))":65,"(Float16(8.64e-5), Float16(0.010086))":33,"(Float16(0.3037), Float16(0.3137))":2},"71":{"(Float16(0.000259), Float16(0.01026))":33,"(Float16(0.625), Float16(0.635))":67},"66":{"(Float16(0.000298), Float16(0.0103))":18,"(Float16(0.912), Float16(0.922))":6,"(Float16(0.573), Float16(0.583))":76},"76":{"(Float16(0.9434), Float16(0.953))":3,"(Float16(0.000268), Float16(0.01027))":29,"(Float16(0.5664), Float16(0.576))":68},"34":{"(Float16(0.6055), Float16(0.615))":2,"(Float16(0.8145), Float16(0.824))":2,"(Float16(0.509), Float16(0.5186))":2,"(Float16(0.7017), Float16(0.7114))":7,"(Float16(0.743), Float16(0.753))":2,"(Float16(0.0003815), Float16(0.01038))":43,"(Float16(0.573), Float16(0.583))":2,"(Float16(0.585), Float16(0.5947))":2,"(Float16(0.631), Float16(0.6406))":2,"(Float16(0.688), Float16(0.6978))":2,"(Float16(0.799), Float16(0.8086))":2,"(Float16(0.619), Float16(0.629))":7,"(Float16(0.478), Float16(0.488))":2,"(Float16(0.7305), Float16(0.74))":6,"(Float16(0.654), Float16(0.6636))":6,"(Float16(0.6426), Float16(0.6523))":4,"(Float16(0.669), Float16(0.6787))":7},"50":{"(Float16(0.0001427), Float16(0.01015))":35,"(Float16(0.6963), Float16(0.706))":65},"59":{"(Float16(0.0003397), Float16(0.010345))":39,"(Float16(0.6904), Float16(0.7))":61},"93":{"(Float16(1.7e-6), Float16(0.01))":35,"(Float16(0.664), Float16(0.674))":65},"2":{"(Float16(0.502), Float16(0.5117))":66,"(Float16(0.918), Float16(0.9277))":3,"(Float16(0.0001082), Float16(0.01011))":31},"10":{"(Float16(0.0002319), Float16(0.01023))":34,"(Float16(0.6953), Float16(0.705))":66},"18":{"(Float16(0.9736), Float16(0.9834))":2,"(Float16(0.786), Float16(0.796))":6,"(Float16(0.649), Float16(0.6587))":2,"(Float16(0.746), Float16(0.756))":4,"(Float16(0.902), Float16(0.9116))":2,"(Float16(0.8857), Float16(0.8955))":4,"(Float16(0.62), Float16(0.63))":2,"(Float16(0.5527), Float16(0.5625))":2,"(Float16(0.0003521), Float16(0.01035))":63,"(Float16(0.7754), Float16(0.785))":3,"(Float16(0.826), Float16(0.836))":2,"(Float16(0.8525), Float16(0.8623))":2,"(Float16(0.9297), Float16(0.9395))":2,"(Float16(0.7046), Float16(0.7144))":4},"26":{"(Float16(0.0001848), Float16(0.010185))":32,