{"5":{"(Float16(0.0002143), Float16(1.0))":100},"56":{"(Float16(0.0002975), Float16(1.0))":100},"35":{"(Float16(0.0002315), Float16(1.0))":100},"55":{"(Float16(0.0002751), Float16(1.0))":100},"60":{"(Float16(0.0002081), Float16(1.0))":100},"30":{"(Float16(0.000248), Float16(1.0))":100},"32":{"(Float16(0.0001882), Float16(1.0))":100},"6":{"(Float16(0.00024), Float16(1.0))":100},"67":{"(Float16(0.0002978), Float16(1.0))":100},"45":{"(Float16(0.0002677), Float16(1.0))":100},"73":{"(Float16(0.0003448), Float16(1.0))":100},"64":{"(Float16(0.0002599), Float16(1.0))":100},"90":{"(Float16(0.0002208), Float16(1.0))":100},"4":{"(Float16(0.0003562), Float16(1.0))":100},"13":{"(Float16(0.0002613), Float16(1.0))":100},"54":{"(Float16(0.000242), Float16(1.0))":100},"63":{"(Float16(0.0003474), Float16(1.0))":100},"86":{"(Float16(0.0002077), Float16(1.0))":100},"91":{"(Float16(0.0002625), Float16(1.0))":100},"62":{"(Float16(0.0002067), Float16(1.0))":100},"58":{"(Float16(0.0004098), Float16(1.0))":100},"52":{"(Float16(0.0002415), Float16(1.0))":100},"12":{"(Float16(0.0002983), Float16(1.0))":100},"28":{"(Float16(0.000336), Float16(1.0))":100},"75":{"(Float16(0.0002937), Float16(1.0))":100},"23":{"(Float16(0.0004044), Float16(1.0))":100},"92":{"(Float16(0.000225), Float16(1.0))":100},"41":{"(Float16(0.0003097), Float16(1.0))":100},"43":{"(Float16(0.000266), Float16(1.0))":100},"11":{"(Float16(0.0002475), Float16(1.0))":100},"36":{"(Float16(0.0002155), Float16(1.0))":100},"68":{"(Float16(0.0002366), Float16(1.0))":100},"69":{"(Float16(0.0003617), Float16(1.0))":100},"98":{"(Float16(0.0004122), Float16(1.0))":100},"82":{"(Float16(0.0002477), Float16(1.0))":100},"85":{"(Float16(0.0002956), Float16(1.0))":100},"39":{"(Float16(0.000223), Float16(1.0))":100},"84":{"(Float16(0.0002794), Float16(1.0))":100},"77":{"(Float16(0.0003273), Float16(1.0))":100},"7":{"(Float16(0.0003295), Float16(1.0))":100},"25":{"(Float16(0.0002918), Float16(1.0))":100},"95":{"(Float16(0.0002525), Float16(1.0))":100},"71":{"(Float16(0.000197), Float16(1.0))":100},"66":{"(Float16(0.0002904), Float16(1.0))":100},"76":{"(Float16(0.0002177), Float16(1.0))":100},"34":{"(Float16(0.0003235), Float16(1.0))":100},"50":{"(Float16(0.0002048), Float16(1.0))":100},"59":{"(Float16(0.0003512), Float16(1.0))":100},"93":{"(Float16(0.0003476), Float16(1.0))":100},"2":{"(Float16(0.000188), Float16(1.0))":100},"10":{"(Float16(0.0003242), Float16(1.0))":100},"18":{"(Float16(0.0001779), Float16(1.0))":100},"26":{"(Float16(0.000266), Float16(1.0))":100},"27":{"(Float16(0.0002222), Float16(1.0))":100},"42":{"(Float16(0.0002723), Float16(1.0))":100},"87":{"(Float16(0.0003319), Float16(1.0))":100},"100":{"(Float16(0.0002618), Float16(1.0))":100},"79":{"(Float16(0.0002837), Float16(1.0))":100},"16":{"(Float16(0.000342), Float16(1.0))":100},"20":{"(Float16(0.0002933), Float16(1.0))":100},"81":{"(Float16(0.0002518), Float16(1.0))":100},"19":{"(Float16(0.0003061), Float16(1.0))":100},"49":{"(Float16(0.000349), Float16(1.0))":100},"44":{"(Float16(0.0002894), Float16(1.0))":100},"9":{"(Float16(0.0002534), Float16(1.0))":100},"31":{"(Float16(0.0003424), Float16(1.0))":100},"74":{"(Float16(0.0003572), Float16(1.0))":100},"61":{"(Float16(0.0002584), Float16(1.0))":100},"29":{"(Float16(0.0002677), Float16(1.0))":100},"94":{"(Float16(0.0002156), Float16(1.0))":100},"46":{"(Float16(0.000397), Float16(1.0))":100},"57":{"(Float16(0.000473), Float16(1.0))":100},"70":{"(Float16(0.0002005), Float16(1.0))":100},"21":{"(Float16(0.000199), Float16(1.0))":100},"38":{"(Float16(0.000228), Float16(1.0))":100},"88":{"(Float16(0.0002202), Float16(1.0))":100},"78":{"(Float16(0.0003648), Float16(1.0))":100},"72":{"(Float16(0.0002725), Float16(1.0))":100},"24":{"(Float16(0.0003104), Float16(1.0))":100},"8":{"(Float16(0.0002291), Float16(1.0))":100},"17":{"(Float16(0.0002162), Float16(1.0))":100},"37":{"(Float16(0.0003169), Float16(1.0))":100},"1":{"(Float16(0.0002708), Float16(1.0))":100},"53":{"(Float16(0.0003152), Float16(1.0))":100},"22":{"(Float16(0.00031), Float16(1.0))":100},"47":{"(Float16(0.0004177), Float16(1.0))":100},"83":{"(Float16(0.0001907), Float16(1.0))":100},"99":{"(Float16(0.0002376), Float16(1.0))":100},"89":{"(Float16(0.0003302), Float16(1.0))":100},"14":{"(Float16(0.0002052), Float16(1.0))":100},"3":{"(Float16(0.0002742), Float16(1.0))":100},"80":{"(Float16(0.0001502), Float16(1.0))":100},"96":{"(Float16(0.0002995), Float16(1.0))":100},"51":{"(Float16(0.0003018), Float16(1.0))":100},"33":{"(Float16(0.0001893), Float16(1.0))":100},"40":{"(Float16(0.0001938), Float16(1.0))":100},"48":{"(Float16(0.0001938), Float16(1.0))":100},"15":{"(Float16(0.0001945), Float16(1.0))":100},"65":{"(Float16(0.0002024), Float16(1.0))":100},"97":{"(Float16(0.0002995), Float16(1.0))":100}}