{"5":{"(Float16(0.5186), 0.5285546875)":100},"56":{"(Float16(0.504), 0.51390625)":100},"35":{"(Float16(0.4995), 0.50951171875)":100},"55":{"(Float16(0.4854), 0.4953515625)":100},"60":{"(Float16(0.501), 0.5109765625)":100},"30":{"(Float16(0.5186), 0.5285546875)":100},"32":{"(Float16(0.5117), 0.52171875)":100},"6":{"(Float16(0.535), 0.54515625)":100},"67":{"(Float16(0.4985), 0.50853515625)":100},"45":{"(Float16(0.509), 0.5187890625)":100},"73":{"(Float16(0.537), 0.547109375)":100},"64":{"(Float16(0.5244), 0.5344140625)":100},"90":{"(Float16(0.4531), 0.463125)":100},"4":{"(Float16(0.5312), 0.54125)":100},"13":{"(Float16(0.517), 0.52708984375)":100},"54":{"(Float16(0.461), 0.4709375)":100},"63":{"(Float16(0.552), 0.5617578125)":100},"86":{"(Float16(0.4624), 0.47240234375)":100},"91":{"(Float16(0.5264), 0.5363671875)":100},"62":{"(Float16(0.501), 0.5109765625)":100},"58":{"(Float16(0.467), 0.477041015625)":100},"52":{"(Float16(0.5376), 0.54759765625)":100},"12":{"(Float16(0.4512), 0.461171875)":100},"28":{"(Float16(0.4624), 0.47240234375)":100},"75":{"(Float16(0.456), 0.4660546875)":100},"23":{"(Float16(0.4937), 0.50365234375)":100},"92":{"(Float16(0.509), 0.5187890625)":100},"41":{"(Float16(0.4453), 0.4553125)":100},"43":{"(Float16(0.5), 0.51)":100},"11":{"(Float16(0.5356), 0.54564453125)":14,"(Float16(0.5254), 0.535390625)":86},"36":{"(Float16(0.4985), 0.50853515625)":100},"68":{"(Float16(0.5186), 0.5285546875)":100},"69":{"(Float16(0.439), 0.44896484375)":100},"98":{"(Float16(0.4858), 0.49583984375)":100},"82":{"(Float16(0.4985), 0.50853515625)":100},"85":{"(Float16(0.5156), 0.525625)":100},"39":{"(Float16(0.5117), 0.52171875)":100},"84":{"(Float16(0.4553), 0.465322265625)":100},"77":{"(Float16(0.509), 0.5187890625)":100},"7":{"(Float16(0.4756), 0.4855859375)":100},"25":{"(Float16(0.478), 0.48802734375)":100},"95":{"(Float16(0.4634), 0.47337890625)":100},"71":{"(Float16(0.497), 0.5070703125)":100},"66":{"(Float16(0.548), 0.5578515625)":98,"(Float16(0.004986), 0.014985809326171875)":2},"76":{"(Float16(0.4868), 0.49681640625)":100},"34":{"(Float16(0.5234), 0.5334375)":100},"50":{"(Float16(0.51), 0.519765625)":100},"59":{"(Float16(0.501), 0.5109765625)":100},"93":{"(Float16(0.4854), 0.4953515625)":100},"2":{"(Float16(0.4775), 0.4875390625)":100},"10":{"(Float16(0.4907), 0.50072265625)":100},"18":{"(Float16(0.4922), 0.5021875)":100},"26":{"(Float16(0.5264), 0.5363671875)":100},"27":{"(Float16(0.5205), 0.5305078125)":100},"42":{"(Float16(0.544), 0.5539453125)":100},"87":{"(Float16(0.511), 0.52123046875)":100},"100":{"(Float16(0.503), 0.5129296875)":100},"79":{"(Float16(0.4702), 0.48021484375)":100},"16":{"(Float16(0.543), 0.55296875)":100},"20":{"(Float16(0.496), 0.50609375)":100},"81":{"(Float16(0.4956), 0.50560546875)":100},"19":{"(Float16(0.4458), 0.45580078125)":100},"49":{"(Float16(0.4797), 0.489736328125)":100},"44":{"(Float16(0.544), 0.5539453125)":100},"9":{"(Float16(0.5273), 0.53734375)":100},"31":{"(Float16(0.4841), 0.494130859375)":100},"74":{"(Float16(0.4998), 0.509755859375)":100},"61":{"(Float16(0.5303), 0.5402734375)":100},"29":{"(Float16(0.5137), 0.523671875)":100},"94":{"(Float16(0.4805), 0.49046875)":100},"46":{"(Float16(0.5186), 0.5285546875)":100},"57":{"(Float16(0.4946), 0.50462890625)":100},"70":{"(Float16(0.5186), 0.5285546875)":100},"21":{"(Float16(0.474), 0.48412109375)":100},"38":{"(Float16(0.504), 0.51390625)":100},"88":{"(Float16(0.5137), 0.523671875)":100},"78":{"(Float16(0.4941), 0.504140625)":100},"72":{"(Float16(0.5117), 0.52171875)":100},"24":{"(Float16(0.5312), 0.54125)":100},"8":{"(Float16(0.5127), 0.5226953125)":100},"17":{"(Float16(0.5107), 0.5207421875)":100},"37":{"(Float16(0.4775), 0.4875390625)":100},"1":{"(Float16(0.5254), 0.535390625)":100},"53":{"(Float16(0.4731), 0.48314453125)":100},"22":{"(Float16(0.505), 0.5148828125)":100},"47":{"(Float16(0.5283), 0.5383203125)":100},"83":{"(Float16(0.501), 0.5109765625)":100},"99":{"(Float16(0.501), 0.5109765625)":100},"89":{"(Float16(0.4785), 0.488515625)":100},"14":{"(Float16(0.4634), 0.47337890625)":100},"3":{"(Float16(0.4663), 0.47630859375)":100},"80":{"(Float16(0.503), 0.5129296875)":100},"96":{"(Float16(0.4531), 0.463125)":100},"51":{"(Float16(0.501), 0.5109765625)":100},"33":{"(Float16(0.5293), 0.539296875)":100},"40":{"(Float16(0.532), 0.5422265625)":100},"48":{"(Float16(0.4907), 0.50072265625)":100},"15":{"(Float16(0.4966), 0.50658203125)":100},"65":{"(Float16(0.5117), 0.52171875)":100},"97":{"(Float16(0.506), 0.515859375)":100}}