{"5":{"(Float16(0.948), 0.9582421875)":96,"(Float16(0.05), 0.05998779296875)":4},"56":{"(Float16(0.0505), 0.060506591796875)":100},"35":{"(Float16(0.9478), 0.95775390625)":99,"(Float16(0.05), 0.05998779296875)":1},"55":{"(Float16(0.05066), 0.0606591796875)":100},"60":{"(Float16(0.507), 0.5168359375)":100},"30":{"(Float16(0.4927), 0.50267578125)":100},"32":{"(Float16(0.9473), 0.957265625)":100},"6":{"(Float16(0.05008), 0.060079345703125)":21,"(Float16(0.948), 0.9582421875)":79},"67":{"(Float16(0.05005), 0.060048828125)":1,"(Float16(0.9473), 0.957265625)":99},"45":{"(Float16(0.9473), 0.957265625)":100},"73":{"(Float16(0.05002), 0.060018310546875)":4,"(Float16(0.9473), 0.957265625)":96},"64":{"(Float16(0.0506), 0.06059814453125)":86,"(Float16(0.9497), 0.95970703125)":14},"90":{"(Float16(0.05075), 0.060750732421875)":93,"(Float16(0.95), 0.9601953125)":7},"4":{"(Float16(0.5264), 0.5363671875)":100},"13":{"(Float16(0.9473), 0.957265625)":100},"54":{"(Float16(0.05002), 0.060018310546875)":4,"(Float16(0.9478), 0.95775390625)":96},"63":{"(Float16(0.948), 0.9582421875)":100},"86":{"(Float16(0.4739), 0.483876953125)":100},"91":{"(Float16(0.5225), 0.5324609375)":100},"62":{"(Float16(0.9473), 0.957265625)":100},"58":{"(Float16(0.948), 0.9582421875)":99,"(Float16(0.05), 0.05998779296875)":1},"52":{"(Float16(0.04846), 0.0584619140625)":1,"(Float16(0.5186), 0.5285546875)":99},"12":{"(Float16(0.948), 0.9582421875)":99,"(Float16(0.05), 0.05998779296875)":1},"28":{"(Float16(0.9497), 0.95970703125)":7,"(Float16(0.0505), 0.060506591796875)":93},"75":{"(Float16(0.0506), 0.06059814453125)":100},"23":{"(Float16(0.4817), 0.491689453125)":100},"92":{"(Float16(0.9497), 0.95970703125)":15,"(Float16(0.05057), 0.060567626953125)":85},"41":{"(Float16(0.5225), 0.5324609375)":100},"43":{"(Float16(0.05005), 0.060048828125)":1,"(Float16(0.9478), 0.95775390625)":99},"11":{"(Float16(0.05002), 0.060018310546875)":7,"(Float16(0.948), 0.9582421875)":93},"36":{"(Float16(0.9478), 0.95775390625)":100},"68":{"(Float16(0.95), 0.9601953125)":7,"(Float16(0.05045), 0.060445556640625)":93},"69":{"(Float16(0.05057), 0.060567626953125)":100},"98":{"(Float16(0.05002), 0.060018310546875)":3,"(Float16(0.9473), 0.957265625)":97},"82":{"(Float16(0.949), 0.95921875)":3,"(Float16(0.05038), 0.060384521484375)":97},"85":{"(Float16(0.05066), 0.0606591796875)":100},"39":{"(Float16(0.4702), 0.48021484375)":100},"84":{"(Float16(0.95), 0.9601953125)":9,"(Float16(0.05038), 0.060384521484375)":91},"77":{"(Float16(0.05005), 0.060048828125)":22,"(Float16(0.9473), 0.957265625)":78},"7":{"(Float16(0.05035), 0.06035400390625)":99,"(Float16(0.95), 0.9601953125)":1},"25":{"(Float16(0.9478), 0.95775390625)":96,"(Float16(0.05), 0.05998779296875)":4},"95":{"(Float16(0.05017), 0.0601708984375)":2,"(Float16(0.948), 0.9582421875)":98},"71":{"(Float16(0.05063), 0.060628662109375)":100},"66":{"(Float16(0.948), 0.9582421875)":100},"76":{"(Float16(0.05017), 0.0601708984375)":20,"(Float16(0.9473), 0.957265625)":80},"34":{"(Float16(0.9473), 0.957265625)":100},"50":{"(Float16(0.4878), 0.49779296875)":100},"59":{"(Float16(0.0501), 0.06010986328125)":2,"(Float16(0.9473), 0.957265625)":98},"93":{"(Float16(0.0506), 0.06059814453125)":100},"2":{"(Float16(0.5254), 0.535390625)":100},"10":{"(Float16(0.9478), 0.95775390625)":100},"18":{"(Float16(0.4988), 0.508779296875)":100},"26":{"(Float16(0.948), 0.9582421875)":73,"(Float16(0.05014), 0.060140380859375)":27},"27":{"(Float16(0.95), 0.9601953125)":1,"(Float16(0.05066), 0.0606591796875)":99},"42":{"(Float16(0.5176), 0.527578125)":100},"87":{"(Float16(0.5303), 0.5402734375)":100},"100":{"(Float16(0.4697), 0.4797265625)":99,"(Float16(0.948), 0.9582421875)":1},"79":{"(Float16(0.51), 0.519765625)":99,"(Float16(0.9517), 0.96166015625)":1},"16":{"(Float16(0.4624), 0.47240234375)":100},"20":{"(Float16(0.9478), 0.95775390625)":85,"(Float16(0.05023), 0.06023193359375)":15},"81":{"(Float16(0.0506), 0.06059814453125)":100},"19":{"(Float16(0.4683), 0.47826171875)":98,"(Float16(0.948), 0.9582421875)":2},"49":{"(Float16(0.05002), 0.060018310546875)":6,"(Float16(0.9473), 0.957265625)":94},"44":{"(Float16(0.05002), 0.060018310546875)":5,"(Float16(0.9478), 0.95775390625)":95},"9":{"(Float16(0.05005), 0.060048828125)":5,"(Float16(0.9478), 0.95775390625)":95},"31":{"(Float16(0.95), 0.9601953125)":1,"(Float16(0.05045), 0.060445556640625)":99},"74":{"(Float16(0.05084), 0.06084228515625)":4,"(Float16(0.9473), 0.957265625)":96},"61":{"(Float16(0.5117), 0.52171875)":100},"29":{"(Float16(0.05032), 0.060323486328125)":99,"(Float16(0.95), 0.9601953125)":1},"94":{"(Float16(0.05005), 0.060048828125)":3,"(Float16(0.9478), 0.95775390625)":97},"46":{"(Float16(0.51), 0.519765625)":100},"57":{"(Float16(0.501), 0.5109765625)":100},"70":{"(Float16(0.4966), 0.50658203125)":100},"21":{"(Float16(0.05048), 0.06047607421875)":100},"38":{"(Float16(0.4688), 0.47875)":100},"88":{"(Float16(0.0506), 0.06059814453125)":99,"(Float16(0.95), 0.9601953125)":1},"78":{"(Float16(0.0504), 0.0604150390625)":100},"72":{"(Float16(0.9473), 0.957265625)":100},"24":{"(Float16(0.05048), 0.06047607421875)":98,"(Float16(0.95), 0.9601953125)":2},"8":{"(Float16(0.9478), 0.95775390625)":99,"(Float16(0.05), 0.05998779296875)":1},"17":{"(Float16(0.95), 0.9601953125)":6,"(Float16(0.05045), 0.060445556640625)":94},"37":{"(Float16(0.05023), 0.06023193359375)":12,"(Float16(0.9473), 0.957265625)":88},"1":{"(Float16(0.9478), 0.95775390625)":100},"53":{"(Float16(0.4824), 0.492421875)":100},"22":{"(Float16(0.0506), 0.06059814453125)":96,"(Float16(0.95), 0.9601953125)":4},"47":{"(Float16(0.951), 0.961171875)":3,"(Float16(0.0505), 0.060506591796875)":97},"83":{"(Float16(0.5186), 0.5285546875)":100},"99":{"(Float16(0.5234), 0.5334375)":100},"89":{"(Float16(0.05005), 0.060048828125)":13,"(Float16(0.9473), 0.957265625)":87},"14":{"(Float16(0.05066), 0.0606591796875)":100},"3":{"(Float16(0.948), 0.9582421875)":100},"80":{"(Float16(0.9478), 0.95775390625)":91,"(Float16(0.05), 0.05998779296875)":9},"96":{"(Float16(0.506), 0.515859375)":100},"51":{"(Float16(0.05133), 0.06133056640625)":1,"(Float16(0.5195), 0.52953125)":99},"33":{"(Float16(0.5303), 0.5402734375)":100},"40":{"(Float16(0.05032), 0.060323486328125)":100},"48":{"(Float16(0.05066), 0.0606591796875)":100},"15":{"(Float16(0.05002), 0.060018310546875)":8,"(Float16(0.9478), 0.95775390625)":92},"65":{"(Float16(0.05008), 0.060079345703125)":24,"(Float16(0.948), 0.9582421875)":76},"97":{"(Float16(0.0506), 0.06059814453125)":93,"(Float16(0.95), 0.9601953125)":7}}