{"5":{"(Float16(0.661), Float16(0.671))":58,"(Float16(0.000215), Float16(0.010216))":42},"56":{"(Float16(0.6543), Float16(0.664))":56,"(Float16(0.0001736), Float16(0.01018))":44},"55":{"(Float16(0.0003421), Float16(0.010345))":37,"(Float16(0.6484), Float16(0.658))":63},"35":{"(Float16(0.7314), Float16(0.741))":38,"(Float16(0.0003514), Float16(0.01035))":62},"60":{"(Float16(0.7227), Float16(0.7324))":58,"(Float16(0.0001622), Float16(0.01016))":42},"30":{"(Float16(0.7314), Float16(0.741))":43,"(Float16(0.000267), Float16(0.01027))":57},"32":{"(Float16(0.6855), Float16(0.6953))":65,"(Float16(0.0003223), Float16(0.01032))":35},"6":{"(Float16(0.632), Float16(0.6416))":72,"(Float16(0.0002947), Float16(0.0103))":28},"67":{"(Float16(0.0002077), Float16(0.01021))":31,"(Float16(0.668), Float16(0.6777))":69},"45":{"(Float16(7.52e-5), Float16(0.01008))":39,"(Float16(0.579), Float16(0.589))":61},"73":{"(Float16(0.5938), Float16(0.6035))":78,"(Float16(0.9473), Float16(0.957))":3,"(Float16(0.0), Float16(0.01))":19},"64":{"(Float16(0.6865), Float16(0.6963))":57,"(Float16(0.00043), Float16(0.01043))":43},"90":{"(Float16(0.0003018), Float16(0.01031))":49,"(Float16(0.671), Float16(0.6807))":51},"4":{"(Float16(0.7363), Float16(0.746))":50,"(Float16(0.0002251), Float16(0.01022))":50},"13":{"(Float16(0.7246), Float16(0.7344))":64,"(Float16(0.389), Float16(0.399))":1,"(Float16(3.78e-5), Float16(0.01004))":35},"54":{"(Float16(0.7734), Float16(0.783))":45,"(Float16(0.0003667), Float16(0.01037))":55},"63":{"(Float16(0.7275), Float16(0.7373))":48,"(Float16(0.0001729), Float16(0.01018))":52},"86":{"(Float16(0.588), Float16(0.5977))":72,"(Float16(0.0001905), Float16(0.01019))":27,"(Float16(0.9854), Float16(0.995))":1},"91":{"(Float16(0.6973), Float16(0.707))":61,"(Float16(0.0001824), Float16(0.010185))":39},"62":{"(Float16(0.0001197), Float16(0.010124))":60,"(Float16(0.7534), Float16(0.763))":40},"58":{"(Float16(8.55e-5), Float16(0.010086))":25,"(Float16(0.623), Float16(0.633))":75},"52":{"(Float16(0.4197), Float16(0.4297))":1,"(Float16(0.745), Float16(0.755))":47,"(Float16(0.0003266), Float16(0.01033))":52},"12":{"(Float16(0.747), Float16(0.757))":42,"(Float16(0.0002737), Float16(0.01028))":58},"28":{"(Float16(0.665), Float16(0.675))":68,"(Float16(0.0001867), Float16(0.010185))":32},"75":{"(Float16(0.5303), Float16(0.54))":78,"(Float16(0.0001897), Float16(0.01019))":22},"23":{"(Float16(0.635), Float16(0.6445))":56,"(Float16(0.00011253), Float16(0.01012))":44},"92":{"(Float16(0.6387), Float16(0.6484))":60,"(Float16(0.000351), Float16(0.01035))":40},"41":{"(Float16(0.7617), Float16(0.7715))":44,"(Float16(0.000301), Float16(0.0103))":56},"43":{"(Float16(0.5938), Float16(0.6035))":81,"(Float16(0.0001354), Float16(0.01014))":19},"69":{"(Float16(0.0001721), Float16(0.01018))":45,"(Float16(0.6797), Float16(0.6895))":55},"11":{"(Float16(0.0002606), Float16(0.01026))":51,"(Float16(0.759), Float16(0.7686))":49},"68":{"(Float16(0.7373), Float16(0.747))":59,"(Float16(0.0002809), Float16(0.010284))":41},"98":{"(Float16(0.0001295), Float16(0.01013))":36,"(Float16(0.658), Float16(0.668))":64},"36":{"(Float16(0.000333), Float16(0.01034))":26,"(Float16(0.6484), Float16(0.658))":74},"82":{"(Float16(0.63), Float16(0.6396))":71,"(Float16(4.995e-5), Float16(0.010056))":29},"85":{"(Float16(6.384e-5), Float16(0.01006))":24,"(Float16(0.6035), Float16(0.6133))":76},"39":{"(Float16(0.0002213), Float16(0.01022))":34,"(Float16(0.6963), Float16(0.706))":66},"84":{"(Float16(0.665), Float16(0.675))":26,"(Float16(0.0001323), Float16(0.01013))":74},"77":{"(Float16(0.758), Float16(0.7676))":49,"(Float16(0.0002959), Float16(0.0103))":51},"7":{"(Float16(0.6533), Float16(0.663))":70,"(Float16(0.0001326), Float16(0.01013))":30},"25":{"(Float16(0.6816), Float16(0.6914))":59,"(Float16(0.000176), Float16(0.01018))":41},"95":{"(Float16(0.71), Float16(0.7197))":53,"(Float16(0.000116), Float16(0.01012))":47},"71":{"(Float16(0.99), Float16(1.0))":1,"(Float16(0.0001056), Float16(0.01011))":33,"(Float16(0.631), Float16(0.6406))":66},"66":{"(Float16(0.632), Float16(0.6416))":58,"(Float16(0.0001745), Float16(0.01018))":41,"(Float16(0.9688), Float16(0.9785))":1},"76":{"(Float16(0.0002542), Float16(0.010254))":32,"(Float16(0.6543), Float16(0.664))":68},"93":{"(Float16(0.000264), Float16(0.01027))":40,"(Float16(0.6377), Float16(0.6475))":60},"50":{"(Float16(0.0002093), Float16(0.01021))":23,"(Float16(0.591), Float16(0.6006))":77},"59":{"(Float16(0.632), Float16(0.6416))":73,"(Float16(0.0001912), Float16(0.01019))":27},"34":{"(Float16(0.6025), Float16(0.6123))":80,"(Float16(0.9443), Float16(0.954))":1,"(Float16(1.395e-5), Float16(0.01002))":19},"2":{"(Float16(0.6943), Float16(0.704))":50,"(Float16(0.0001335), Float16(0.01013))":50},"27":{"(Float16(7.427e-5), Float16(0.01008))":35,"(Float16(0.707), Float16(0.717))":65},"10":{"(Float16(0.0003653), Float16(0.01037))":43,"(Float16(0.6465), Float16(0.6562))":57},"26":{"(Float16(2.74e-5), Float16(0.01003))":31,"(Float16(0.711), Float16(0.7207))":69},"18":{"(Float16(0.667), Float16(0.677))":58,"(Float16(0.0002048), Float16(0.01021))":42},"42":{"(Float16(0.0001112), Float16(0.01012))":36,"(Float16(0.668), Float16(0.6777))":64},"87":{"(Float16(0.632), Float16(0.6416))":70,"(Float16(9.423e-5), Float16(0.01009))":30},"100":{"(Float16(0.593), Float16(0.6025))":69,"(Float16(0.0002477), Float16(0.01025))":31},"79":{"(Float16(0.0002754), Float16(0.01028))":44,"(Float16(0.707), Float16(0.717))":56},"16":{"(Float16(0.0002487), Float16(0.010254))":38,"(Float16(0.6416), Float16(0.6514))":62},"81":{"(Float16(0.6787), Float16(0.6885))":62,"(Float16(0.0003216), Float16(0.01032))":38},"20":{"(Float16(0.0003417), Float16(0.010345))":100},"19":{"(Float16(0.00012004), Float16(0.010124))":24,"(Float16(0.6914), Float16(0.701))":76},"49":{"(Float16(0.0001374), Float16(0.01014))":10,"(Float16(0.5225), Float16(0.532))":90},"44":{"(Float16(0.6914), Float16(0.701))":76,"(Float16(3.976e-5), Float16(0.01004))":24},"31":{"(Float16(0.394), Float16(0.404))":1,"(Float16(0.0001972), Float16(0.0102))":60,"(Float16(0.7627), Float16(0.7725))":39},"9":{"(Float16(0.6143), Float16(0.624))":61,"(Float16(0.0002477), Float16(0.01025))":39},"74":{"(Float16(0.6787), Float16(0.6885))":56,"(Float16(0.0001569), Float16(0.01016))":44},"61":{"(Float16(0.0002809), Float16(0.010284))":55,"(Float16(0.6836), Float16(0.6934))":45},"29":{"(Float16(0.9956), Float16(1.006))":1,"(Float16(0.00011677), Float16(0.01012))":26,"(Float16(0.629), Float16(0.6387))":73},"94":{"(Float16(0.0001667), Float16(0.01017))":19,"(Float16(0.962), Float16(0.9717))":2,"(Float16(0.552), Float16(0.5615))":79},"46":{"(Float16(0.6953), Float16(0.705))":54,"(Float16(0.0001876), Float16(0.01019))":46},"57":{"(Float16(0.672), Float16(0.6816))":67,"(Float16(0.0001299), Float16(0.01013))":33},"70":{"(Float16(0.701), Float16(0.711))":54,"(Float16(0.0001833), Float16(0.010185))":46},"21":{"(Float16(0.7744), Float16(0.784))":24,"(Float16(0.0002367), Float16(0.01024))":76},"88":{"(Float16(0.000347), Float16(0.010345))":48,"(Float16(0.743), Float16(0.753))":52},"38":{"(Float16(0.616), Float16(0.626))":72,"(Float16(0.0001996), Float16(0.0102))":28},"78":{"(Float16(0.6924), Float16(0.702))":61,"(Float16(0.0001817), Float16(0.010185))":39},"72":{"(Float16(0.0002339), Float16(0.01024))":30,"(Float16(0.586), Float16(0.5957))":70},"24":{"(Float16(0.659), Float16(0.669))":56,"(Float16(0.0002031), Float16(0.01021))":44},"8":{"(Float16(0.6895), Float16(0.699))":64,"(Float16(0.0001462), Float16(0.01015))":36},"17":{"(Float16(0.000286), Float16(0.010284))":54,"(Float16(0.703), Float16(0.713))":46},"37":{"(Float16(0.9424), Float16(0.952))":1,"(Float16(7.594e-5), Float16(0.01008))":19,"(Float16(0.5703), Float16(0.58))":80},"1":{"(Float16(0.0003772), Float16(0.010376))":58,"(Float16(0.6797), Float16(0.6895))":42},"53":{"(Float16(0.7686), Float16(0.7783))":45,"(Float16(0.000133), Float16(0.01013))":55},"22":{"(Float16(9.036e-5), Float16(0.01009))":40,"(Float16(0.671), Float16(0.6807))":60},