{"5":{"(Float16(0.05), Float16(0.06))":38,"(Float16(0.948), Float16(0.958))":62},"56":{"(Float16(0.05023), Float16(0.06024))":63,"(Float16(0.948), Float16(0.958))":37},"35":{"(Float16(0.05005), Float16(0.06006))":40,"(Float16(0.948), Float16(0.958))":60},"55":{"(Float16(0.05), Float16(0.06))":39,"(Float16(0.948), Float16(0.958))":61},"60":{"(Float16(0.05014), Float16(0.06015))":51,"(Float16(0.948), Float16(0.958))":49},"30":{"(Float16(0.05005), Float16(0.06006))":41,"(Float16(0.9487), Float16(0.9585))":59},"32":{"(Float16(0.05), Float16(0.06))":51,"(Float16(0.949), Float16(0.959))":49},"6":{"(Float16(0.05), Float16(0.06))":39,"(Float16(0.9487), Float16(0.9585))":61},"67":{"(Float16(0.05), Float16(0.06))":34,"(Float16(0.948), Float16(0.958))":66},"45":{"(Float16(0.05014), Float16(0.06015))":53,"(Float16(0.948), Float16(0.958))":47},"73":{"(Float16(0.05005), Float16(0.06006))":66,"(Float16(0.9487), Float16(0.9585))":34},"64":{"(Float16(0.05), Float16(0.06))":46,"(Float16(0.949), Float16(0.959))":54},"90":{"(Float16(0.9487), Float16(0.9585))":47,"(Float16(0.05008), Float16(0.0601))":53},"4":{"(Float16(0.05), Float16(0.06))":55,"(Float16(0.949), Float16(0.959))":45},"13":{"(Float16(0.05), Float16(0.06))":44,"(Float16(0.949), Float16(0.959))":56},"54":{"(Float16(0.05005), Float16(0.06006))":40,"(Float16(0.9487), Float16(0.9585))":60},"63":{"(Float16(0.05), Float16(0.06))":48,"(Float16(0.949), Float16(0.959))":52},"86":{"(Float16(0.948), Float16(0.958))":59,"(Float16(0.05002), Float16(0.06003))":41},"91":{"(Float16(0.05), Float16(0.06))":41,"(Float16(0.949), Float16(0.959))":59},"62":{"(Float16(0.05), Float16(0.06))":43,"(Float16(0.948), Float16(0.958))":57},"58":{"(Float16(0.05), Float16(0.06))":50,"(Float16(0.9487), Float16(0.9585))":50},"52":{"(Float16(0.948), Float16(0.958))":64,"(Float16(0.05002), Float16(0.06003))":36},"12":{"(Float16(0.05), Float16(0.06))":50,"(Float16(0.949), Float16(0.959))":50},"28":{"(Float16(0.05017), Float16(0.06018))":55,"(Float16(0.948), Float16(0.958))":45},"75":{"(Float16(0.05), Float16(0.06))":47,"(Float16(0.949), Float16(0.959))":53},"23":{"(Float16(0.05), Float16(0.06))":41,"(Float16(0.949), Float16(0.959))":59},"92":{"(Float16(0.948), Float16(0.958))":41,"(Float16(0.05008), Float16(0.0601))":59},"41":{"(Float16(0.05), Float16(0.06))":34,"(Float16(0.948), Float16(0.958))":66},"43":{"(Float16(0.05014), Float16(0.06015))":57,"(Float16(0.949), Float16(0.959))":43},"11":{"(Float16(0.05005), Float16(0.06006))":38,"(Float16(0.948), Float16(0.958))":62},"36":{"(Float16(0.05), Float16(0.06))":51,"(Float16(0.949), Float16(0.959))":49},"68":{"(Float16(0.05014), Float16(0.06015))":61,"(Float16(0.9487), Float16(0.9585))":39},"69":{"(Float16(0.948), Float16(0.958))":56,"(Float16(0.05008), Float16(0.0601))":44},"98":{"(Float16(0.05), Float16(0.06))":40,"(Float16(0.9487), Float16(0.9585))":60},"82":{"(Float16(0.05), Float16(0.06))":52,"(Float16(0.948), Float16(0.958))":48},"85":{"(Float16(0.05005), Float16(0.06006))":51,"(Float16(0.949), Float16(0.959))":49},"39":{"(Float16(0.05), Float16(0.06))":48,"(Float16(0.9478), Float16(0.9575))":52},"84":{"(Float16(0.0501), Float16(0.06012))":62,"(Float16(0.949), Float16(0.959))":38},"77":{"(Float16(0.05), Float16(0.06))":60,"(Float16(0.949), Float16(0.959))":40},"7":{"(Float16(0.05014), Float16(0.06015))":37,"(Float16(0.948), Float16(0.958))":63},"25":{"(Float16(0.05), Float16(0.06))":57,"(Float16(0.949), Float16(0.959))":43},"95":{"(Float16(0.05), Float16(0.06))":46,"(Float16(0.949), Float16(0.959))":54},"71":{"(Float16(0.948), Float16(0.958))":48,"(Float16(0.05002), Float16(0.06003))":52},"66":{"(Float16(0.05), Float16(0.06))":28,"(Float16(0.9487), Float16(0.9585))":72},"76":{"(Float16(0.948), Float16(0.958))":34,"(Float16(0.0501), Float16(0.06012))":66},"34":{"(Float16(0.9478), Float16(0.9575))":55,"(Float16(0.05002), Float16(0.06003))":45},"50":{"(Float16(0.05008), Float16(0.0601))":49,"(Float16(0.949), Float16(0.959))":51},"59":{"(Float16(0.05), Float16(0.06))":46,"(Float16(0.949), Float16(0.959))":54},"93":{"(Float16(0.0501), Float16(0.06012))":61,"(Float16(0.949), Float16(0.959))":39},"2":{"(Float16(0.05), Float16(0.06))":49,"(Float16(0.949), Float16(0.959))":51},"10":{"(Float16(0.05002), Float16(0.06003))":43,"(Float16(0.949), Float16(0.959))":57},"18":{"(Float16(0.9487), Float16(0.9585))":43,"(Float16(0.05008), Float16(0.0601))":57},"26":{"(Float16(0.05014), Float16(0.06015))":58,"(Float16(0.9487), Float16(0.9585))":42},"27":{"(Float16(0.05002), Float16(0.06003))":47,"(Float16(0.949), Float16(0.959))":53},"42":{"(Float16(0.05), Float16(0.06))":45,"(Float16(0.9487), Float16(0.9585))":55},"87":{"(Float16(0.05), Float16(0.06))":53,"(Float16(0.9487), Float16(0.9585))":47},"100":{"(Float16(0.05), Float16(0.06))":45,"(Float16(0.949), Float16(0.959))":55},"79":{"(Float16(0.05), Float16(0.06))":51,"(Float16(0.949), Float16(0.959))":49},"16":{"(Float16(0.05), Float16(0.06))":40,"(Float16(0.948), Float16(0.958))":60},"20":{"(Float16(0.05), Float16(0.06))":45,"(Float16(0.949), Float16(0.959))":55},"81":{"(Float16(0.05008), Float16(0.0601))":60,"(Float16(0.949), Float16(0.959))":40},"19":{"(Float16(0.05017), Float16(0.06018))":56,"(Float16(0.948), Float16(0.958))":44},"49":{"(Float16(0.948), Float16(0.958))":58,"(Float16(0.05002), Float16(0.06003))":42},"44":{"(Float16(0.05), Float16(0.06))":34,"(Float16(0.9478), Float16(0.9575))":66},"9":{"(Float16(0.05), Float16(0.06))":52,"(Float16(0.949), Float16(0.959))":48},"31":{"(Float16(0.05), Float16(0.06))":41,"(Float16(0.949), Float16(0.959))":59},"74":{"(Float16(0.05), Float16(0.06))":41,"(Float16(0.948), Float16(0.958))":59},"61":{"(Float16(0.05), Float16(0.06))":47,"(Float16(0.9487), Float16(0.9585))":53},"29":{"(Float16(0.05), Float16(0.06))":48,"(Float16(0.949), Float16(0.959))":52},"94":{"(Float16(0.05), Float16(0.06))":48,"(Float16(0.949), Float16(0.959))":52},"46":{"(Float16(0.05), Float16(0.06))":38,"(Float16(0.949), Float16(0.959))":62},"57":{"(Float16(0.05), Float16(0.06))":56,"(Float16(0.9487), Float16(0.9585))":44},"70":{"(Float16(0.05002), Float16(0.06003))":51,"(Float16(0.949), Float16(0.959))":49},"21":{"(Float16(0.05), Float16(0.06))":41,"(Float16(0.949), Float16(0.959))":59},"38":{"(Float16(0.05), Float16(0.06))":46,"(Float16(0.9487), Float16(0.9585))":54},"88":{"(Float16(0.05), Float16(0.06))":44,"(Float16(0.949), Float16(0.959))":56},"78":{"(Float16(0.05), Float16(0.06))":57,"(Float16(0.949), Float16(0.959))":43},"72":{"(Float16(0.05002), Float16(0.06003))":58,"(Float16(0.9487), Float16(0.9585))":42},"24":{"(Float16(0.05), Float16(0.06))":29,"(Float16(0.949), Float16(0.959))":71},"8":{"(Float16(0.05), Float16(0.06))":41,"(Float16(0.9487), Float16(0.9585))":59},"17":{"(Float16(0.948), Float16(0.958))":52,"(Float16(0.0501), Float16(0.06012))":48},"37":{"(Float16(0.05), Float16(0.06))":64,"(Float16(0.949), Float16(0.959))":36},"1":{"(Float16(0.05), Float16(0.06))":46,"(Float16(0.948), Float16(0.958))":54},"53":{"(Float16(0.05), Float16(0.06))":52,"(Float16(0.949), Float16(0.959))":48},"22":{"(Float16(0.05005), Float16(0.06006))":48,"(Float16(0.948), Float16(0.958))":52},"47":{"(Float16(0.05), Float16(0.06))":47,"(Float16(0.9473), Float16(0.957))":53},"83":{"(Float16(0.05), Float16(0.06))":32,"(Float16(0.948), Float16(0.958))":68},"99":{"(Float16(0.05), Float16(0.06))":47,"(Float16(0.949), Float16(0.959))":53},"89":{"(Float16(0.05005), Float16(0.06006))":46,"(Float16(0.949), Float16(0.959))":54},"14":{"(Float16(0.0501), Float16(0.06012))":56,"(Float16(0.9487), Float16(0.9585))":44},"3":{"(Float16(0.05), Float16(0.06))":57,"(Float16(0.949), Float16(0.959))":43},"80":{"(Float16(0.05002), Float16(0.06003))":55,"(Float16(0.949), Float16(0.959))":45},"96":{"(Float16(0.05), Float16(0.06))":43,"(Float16(0.949), Float16(0.959))":57},"51":{"(Float16(0.05005), Float16(0.06006))":50,"(Float16(0.9487), Float16(0.9585))":50},"33":{"(Float16(0.05), Float16(0.06))":36,"(Float16(0.949), Float16(0.959))":64},"40":{"(Float16(0.05), Float16(0.06))":37,