{"5":{"(Float16(0.532), Float16(0.542))":21,"(Float16(0.0318), Float16(0.0418))":3,"(Float16(0.5215), Float16(0.5312))":76},"56":{"(Float16(0.5396), Float16(0.5493))":16,"(Float16(0.5293), Float16(0.539))":84},"55":{"(Float16(0.5767), Float16(0.5864))":20,"(Float16(0.02692), Float16(0.03693))":3,"(Float16(0.1294), Float16(0.1394))":2,"(Float16(0.5664), Float16(0.576))":75},"35":{"(Float16(0.44), Float16(0.45))":95,"(Float16(0.9746), Float16(0.9844))":3,"(Float16(0.8906), Float16(0.9004))":2},"60":{"(Float16(0.46), Float16(0.47))":100},"30":{"(Float16(0.5), Float16(0.51))":100},"32":{"(Float16(0.03894), Float16(0.04895))":3,"(Float16(0.561), Float16(0.571))":12,"(Float16(0.551), Float16(0.5605))":82,"(Float16(0.1039), Float16(0.1139))":3},"6":{"(Float16(0.516), Float16(0.526))":28,"(Float16(0.506), Float16(0.5156))":70,"(Float16(0.924), Float16(0.9336))":2},"67":{"(Float16(0.5386), Float16(0.5483))":10,"(Float16(0.5283), Float16(0.538))":90},"45":{"(Float16(0.518), Float16(0.528))":17,"(Float16(0.508), Float16(0.5176))":83},"73":{"(Float16(0.474), Float16(0.4841))":100},"64":{"(Float16(0.48), Float16(0.49))":98,"(Float16(0.9727), Float16(0.9824))":2},"90":{"(Float16(0.4873), Float16(0.4973))":100},"4":{"(Float16(0.458), Float16(0.468))":100},"13":{"(Float16(0.0417), Float16(0.0517))":2,"(Float16(0.517), Float16(0.527))":25,"(Float16(0.507), Float16(0.5166))":73},"54":{"(Float16(0.4788), Float16(0.4888))":100},"63":{"(Float16(0.5186), Float16(0.5283))":62,"(Float16(0.529), Float16(0.5386))":38},"86":{"(Float16(0.4995), Float16(0.5093))":100},"91":{"(Float16(0.4658), Float16(0.4758))":100},"62":{"(Float16(0.526), Float16(0.5356))":5,"(Float16(0.5156), Float16(0.5254))":95},"58":{"(Float16(0.5273), Float16(0.537))":61,"(Float16(0.5376), Float16(0.5474))":39},"52":{"(Float16(0.4932), Float16(0.503))":100},"12":{"(Float16(0.4526), Float16(0.4626))":100},"28":{"(Float16(0.4988), Float16(0.509))":98,"(Float16(0.9688), Float16(0.9785))":2},"75":{"(Float16(0.982), Float16(0.9917))":2,"(Float16(0.4062), Float16(0.4163))":98},"23":{"(Float16(0.4844), Float16(0.4944))":100},"92":{"(Float16(0.08826), Float16(0.09827))":2,"(Float16(0.4946), Float16(0.5044))":98},"41":{"(Float16(0.4775), Float16(0.4875))":100},"43":{"(Float16(0.9365), Float16(0.9463))":3,"(Float16(0.416), Float16(0.426))":92,"(Float16(0.947), Float16(0.9565))":2,"(Float16(0.9756), Float16(0.9854))":3},"69":{"(Float16(0.92), Float16(0.9297))":2,"(Float16(0.4805), Float16(0.4905))":98},"11":{"(Float16(0.167), Float16(0.177))":2,"(Float16(0.09204), Float16(0.10205))":4,"(Float16(0.04285), Float16(0.05286))":2,"(Float16(0.5957), Float16(0.6055))":68,"(Float16(0.606), Float16(0.6157))":24},"68":{"(Float16(0.437), Float16(0.447))":100},"98":{"(Float16(0.07935), Float16(0.08936))":2,"(Float16(0.508), Float16(0.5176))":98},"36":{"(Float16(0.4731), Float16(0.4832))":97,"(Float16(0.967), Float16(0.9766))":3},"82":{"(Float16(0.4775), Float16(0.4875))":100},"85":{"(Float16(0.537), Float16(0.547))":100},"39":{"(Float16(0.4985), Float16(0.5083))":96,"(Float16(0.509), Float16(0.5186))":4},"84":{"(Float16(0.515), Float16(0.525))":18,"(Float16(0.505), Float16(0.5146))":82},"77":{"(Float16(0.04248), Float16(0.0525))":2,"(Float16(0.601), Float16(0.611))":33,"(Float16(0.0796), Float16(0.0896))":2,"(Float16(0.591), Float16(0.6006))":63},"7":{"(Float16(0.5117), Float16(0.5215))":86,"(Float16(0.522), Float16(0.5317))":14},"25":{"(Float16(0.4995), Float16(0.5093))":72,"(Float16(0.51), Float16(0.5195))":28},"95":{"(Float16(0.4617), Float16(0.4717))":100},"71":{"(Float16(0.4492), Float16(0.4592))":100},"66":{"(Float16(0.5073), Float16(0.517))":7,"(Float16(0.03186), Float16(0.04187))":2,"(Float16(0.497), Float16(0.507))":91},"76":{"(Float16(0.4272), Float16(0.4373))":96,"(Float16(0.9097), Float16(0.9194))":2,"(Float16(0.8867), Float16(0.8965))":2},"93":{"(Float16(0.5435), Float16(0.553))":26,"(Float16(0.533), Float16(0.543))":74},"50":{"(Float16(0.4634), Float16(0.4734))":100},"59":{"(Float16(0.4983), Float16(0.5083))":100},"34":{"(Float16(0.4775), Float16(0.4875))":100},"2":{"(Float16(0.08875), Float16(0.09875))":2,"(Float16(0.545), Float16(0.5547))":93,"(Float16(0.555), Float16(0.565))":5},"27":{"(Float16(0.4927), Float16(0.5024))":93,"(Float16(0.06274), Float16(0.07275))":2,"(Float16(0.006554), Float16(0.01656))":2,"(Float16(0.9463), Float16(0.956))":3},"10":{"(Float16(0.476), Float16(0.486))":100},"26":{"(Float16(0.459), Float16(0.469))":100},"18":{"(Float16(0.5), Float16(0.51))":98,"(Float16(0.01788), Float16(0.0279))":2},"42":{"(Float16(0.5176), Float16(0.5273))":81,"(Float16(0.528), Float16(0.5376))":19},"87":{"(Float16(0.4868), Float16(0.4968))":100},"100":{"(Float16(0.4707), Float16(0.4807))":100},"79":{"(Float16(0.4868), Float16(0.4968))":100},"16":{"(Float16(0.4521), Float16(0.4622))":100},"81":{"(Float16(0.4834), Float16(0.4934))":100},"20":{"(Float16(0.5415), Float16(0.5513))":26,"(Float16(0.5312), Float16(0.541))":74},"19":{"(Float16(0.4897), Float16(0.4998))":100},"49":{"(Float16(0.4907), Float16(0.5005))":100},"44":{"(Float16(0.0923), Float16(0.1023))":3,"(Float16(0.517), Float16(0.527))":22,"(Float16(0.507), Float16(0.5166))":75},"31":{"(Float16(0.5815), Float16(0.5913))":15,"(Float16(0.073), Float16(0.083))":2,"(Float16(0.1455), Float16(0.1555))":3,"(Float16(0.5713), Float16(0.581))":78,"(Float16(0.05792), Float16(0.06793))":2},"9":{"(Float16(0.03098), Float16(0.041))":2,"(Float16(0.463), Float16(0.473))":94,"(Float16(0.9165), Float16(0.9263))":2,"(Float16(0.9775), Float16(0.9873))":2},"74":{"(Float16(0.553), Float16(0.563))":5,"(Float16(0.0285), Float16(0.0385))":3,"(Float16(0.543), Float16(0.5527))":88,"(Float16(0.06354), Float16(0.07355))":4},"61":{"(Float16(0.478), Float16(0.488))":98,"(Float16(0.964), Float16(0.9736))":2},"29":{"(Float16(0.4697), Float16(0.4797))":98,"(Float16(0.9727), Float16(0.9824))":2},"94":{"(Float16(0.5093), Float16(0.519))":6,"(Float16(0.499), Float16(0.509))":94},"46":{"(Float16(0.518), Float16(0.528))":23,"(Float16(0.508), Float16(0.5176))":77},"57":{"(Float16(0.5137), Float16(0.5234))":78,"(Float16(0.524), Float16(0.5337))":22},"70":{"(Float16(0.474), Float16(0.4841))":98,"(Float16(0.9756), Float16(0.9854))":2},"21":{"(Float16(0.571), Float16(0.5806))":21,"(Float16(0.07874), Float16(0.08875))":4,"(Float16(0.05307), Float16(0.06305))":2,"(Float16(0.06476), Float16(0.07477))":2,"(Float16(0.5605), Float16(0.5703))":71},"88":{"(Float16(0.9243), Float16(0.934))":2,"(Float16(0.4624), Float16(0.4724))":98},"38":{"(Float16(0.5054), Float16(0.515))":6,"(Float16(0.495), Float16(0.505))":94},"78":{"(Float16(0.4775), Float16(0.4875))":100},"72":{"(Float16(0.4966), Float16(0.5063))":100},"24":{"(Float16(0.533), Float16(0.543))":16,"(Float16(0.0286), Float16(0.0386))":3,"(Float16(0.523), Float16(0.5327))":81},"8":{"(Float16(0.05328), Float16(0.0633))":3,"(Float16(0.539), Float16(0.549))":82,"(Float16(0.5493), Float16(0.559))":15},"17":{"(Float16(0.05298), Float16(0.063))":2,"(Float16(0.4995), Float16(0.5093))":98},"37":{"(Float16(0.4912), Float16(0.501))":99,"(Float16(0.0668), Float16(0.0768))":1},"1":{"(Float16(0.51), Float16(0.5195))":72,"(Float16(0.52), Float16(0.53))":28},"53":{"(Float16(0.502), Float16(0.5117))":67,"(Float16(0.512), Float16(0.522))":33},"22":{"(Float16(0.5137), Float16(0.5234))":72,"(Float16(0.524), Float16(0.5337))":26,"(Float16(0.03253), Float16(0.04254))":2},"47":{"(Float16(0.967), Float16(0.9766))":3,"(Float16(0.4575), Float16(0.4675))":97},"83":{"(Float16(0.5366), Float16(0.5464))":33,"(Float16(0.5264), Float16(0.536))":67},"99":{"(Float16(0.5), Float16(0.51))":79,"(Float16(0.952), Float16(0.962))":1,"(Float16(0.5103), Float16(0.52))":20},"89":{"(Float16(0.4536), Float16(0.4636))":100},"14":{"(Float16(0.4531), Float16(0.4631))":100},"80":{"(Float16(0.4873), Float16(0.4973))":100},"3":{"(Float16(0.479), Float16(0.489))":100},"96":{"(Float16(0.5), Float16(0.51))":92,"(Float16(0.5103), Float16(0.52))":8},"51":{"(Float16(0.5747), Float16(0.5845))":20,