{"5":{"(Float16(0.000241), Float16(1.0))":100},"56":{"(Float16(0.0003357), Float16(1.0))":100},"35":{"(Float16(0.00010204), Float16(1.0))":100},"55":{"(Float16(0.0001012), Float16(1.0))":100},"60":{"(Float16(8.87e-5), Float16(1.0))":100},"30":{"(Float16(0.0001388), Float16(1.0))":100},"32":{"(Float16(0.0002261), Float16(1.0))":100},"6":{"(Float16(0.0001684), Float16(1.0))":100},"67":{"(Float16(0.0001401), Float16(1.0))":100},"45":{"(Float16(0.0003), Float16(1.0))":100},"73":{"(Float16(8.84e-5), Float16(1.0))":100},"64":{"(Float16(0.000128), Float16(1.0))":100},"90":{"(Float16(0.0001818), Float16(1.0))":100},"4":{"(Float16(0.0002804), Float16(1.0))":100},"13":{"(Float16(0.0001993), Float16(1.0))":100},"54":{"(Float16(0.00015), Float16(1.0))":100},"63":{"(Float16(7.653e-5), Float16(1.0))":100},"86":{"(Float16(0.0001755), Float16(1.0))":100},"91":{"(Float16(0.0002813), Float16(1.0))":100},"62":{"(Float16(0.0001665), Float16(1.0))":100},"58":{"(Float16(6.9e-5), Float16(1.0))":100},"52":{"(Float16(0.0003672), Float16(1.0))":100},"12":{"(Float16(0.0001042), Float16(1.0))":100},"28":{"(Float16(0.0001725), Float16(1.0))":100},"75":{"(Float16(0.0001488), Float16(1.0))":100},"23":{"(Float16(0.0001614), Float16(1.0))":100},"92":{"(Float16(0.0001304), Float16(1.0))":100},"41":{"(Float16(0.0001612), Float16(1.0))":100},"43":{"(Float16(0.0001111), Float16(1.0))":100},"11":{"(Float16(0.0001869), Float16(1.0))":100},"36":{"(Float16(0.0002064), Float16(1.0))":100},"68":{"(Float16(0.0001676), Float16(1.0))":100},"69":{"(Float16(0.000229), Float16(1.0))":100},"98":{"(Float16(0.0002298), Float16(1.0))":100},"82":{"(Float16(0.000195), Float16(1.0))":100},"85":{"(Float16(0.0001572), Float16(1.0))":100},"39":{"(Float16(0.0002842), Float16(1.0))":100},"84":{"(Float16(0.0001636), Float16(1.0))":100},"77":{"(Float16(8.38e-5), Float16(1.0))":100},"7":{"(Float16(0.0001459), Float16(1.0))":100},"25":{"(Float16(0.0001876), Float16(1.0))":100},"95":{"(Float16(0.0002673), Float16(1.0))":100},"71":{"(Float16(0.0001312), Float16(1.0))":100},"66":{"(Float16(0.0001762), Float16(1.0))":100},"76":{"(Float16(0.0001695), Float16(1.0))":100},"34":{"(Float16(0.0002584), Float16(1.0))":100},"50":{"(Float16(0.0002036), Float16(1.0))":100},"59":{"(Float16(0.0002031), Float16(1.0))":100},"93":{"(Float16(0.0001494), Float16(1.0))":100},"2":{"(Float16(0.000246), Float16(1.0))":100},"10":{"(Float16(8.756e-5), Float16(1.0))":100},"18":{"(Float16(0.0001812), Float16(1.0))":100},"26":{"(Float16(0.0001639), Float16(1.0))":100},"27":{"(Float16(6.77e-5), Float16(1.0))":100},"42":{"(Float16(0.0001493), Float16(1.0))":100},"87":{"(Float16(0.0001848), Float16(1.0))":100},"100":{"(Float16(0.0001796), Float16(1.0))":100},"79":{"(Float16(9.64e-5), Float16(1.0))":100},"16":{"(Float16(0.0002301), Float16(1.0))":100},"20":{"(Float16(0.0002297), Float16(1.0))":100},"81":{"(Float16(0.0001025), Float16(1.0))":100},"19":{"(Float16(0.0003657), Float16(1.0))":100},"49":{"(Float16(9.054e-5), Float16(1.0))":100},"44":{"(Float16(0.0001998), Float16(1.0))":100},"9":{"(Float16(0.0001465), Float16(1.0))":100},"31":{"(Float16(0.0002265), Float16(1.0))":100},"74":{"(Float16(0.0001894), Float16(1.0))":100},"61":{"(Float16(0.0001655), Float16(1.0))":100},"29":{"(Float16(0.0002518), Float16(1.0))":100},"94":{"(Float16(0.0001749), Float16(1.0))":100},"46":{"(Float16(0.0002015), Float16(1.0))":100},"57":{"(Float16(0.0002049), Float16(1.0))":100},"70":{"(Float16(0.0001624), Float16(1.0))":100},"21":{"(Float16(0.0001657), Float16(1.0))":100},"38":{"(Float16(0.0001717), Float16(1.0))":100},"88":{"(Float16(0.0002735), Float16(1.0))":100},"78":{"(Float16(7.75e-5), Float16(1.0))":100},"72":{"(Float16(0.0001446), Float16(1.0))":100},"24":{"(Float16(0.0001154), Float16(1.0))":100},"8":{"(Float16(0.0001262), Float16(1.0))":100},"17":{"(Float16(9.227e-5), Float16(1.0))":100},"37":{"(Float16(0.0002053), Float16(1.0))":100},"1":{"(Float16(0.0001373), Float16(1.0))":100},"53":{"(Float16(0.0002422), Float16(1.0))":100},"22":{"(Float16(0.0001569), Float16(1.0))":100},"47":{"(Float16(0.0002108), Float16(1.0))":100},"83":{"(Float16(0.0001949), Float16(1.0))":100},"99":{"(Float16(0.0001997), Float16(1.0))":100},"89":{"(Float16(0.0002344), Float16(1.0))":100},"14":{"(Float16(0.00011027), Float16(1.0))":100},"3":{"(Float16(0.0001531), Float16(1.0))":100},"80":{"(Float16(0.0002337), Float16(1.0))":100},"96":{"(Float16(0.00010425), Float16(1.0))":100},"51":{"(Float16(0.000251), Float16(1.0))":100},"33":{"(Float16(0.0001801), Float16(1.0))":100},"40":{"(Float16(6.71e-5), Float16(1.0))":100},"48":{"(Float16(0.0001519), Float16(1.0))":100},"15":{"(Float16(0.0001589), Float16(1.0))":100},"65":{"(Float16(0.000126), Float16(1.0))":100},"97":{"(Float16(0.0002594), Float16(1.0))":100}}