{"5":{"(Float16(9.37e-5), Float16(0.4001))":35,"(Float16(0.6846), Float16(1.085))":65},"56":{"(Float16(0.618), Float16(1.019))":74,"(Float16(3.04e-6), Float16(0.4))":26},"35":{"(Float16(0.7705), Float16(1.171))":3,"(Float16(0.0001533), Float16(0.4001))":97},"55":{"(Float16(0.0), Float16(0.4))":34,"(Float16(0.59), Float16(0.9897))":66},"60":{"(Float16(0.0001051), Float16(0.4001))":30,"(Float16(0.5967), Float16(0.9966))":70},"30":{"(Float16(0.627), Float16(1.027))":48,"(Float16(3.576e-5), Float16(0.4001))":52},"32":{"(Float16(0.516), Float16(0.916))":52,"(Float16(0.0003257), Float16(0.4004))":48},"6":{"(Float16(3.004e-5), Float16(0.4001))":34,"(Float16(0.6553), Float16(1.056))":66},"67":{"(Float16(0.63), Float16(1.03))":75,"(Float16(4.35e-6), Float16(0.4))":25},"45":{"(Float16(0.6445), Float16(1.045))":70,"(Float16(3.8e-6), Float16(0.4))":30},"73":{"(Float16(0.6465), Float16(1.047))":65,"(Float16(2.134e-5), Float16(0.4))":35},"64":{"(Float16(0.503), Float16(0.903))":26,"(Float16(9.36e-5), Float16(0.4001))":74},"90":{"(Float16(5.47e-5), Float16(0.4001))":49,"(Float16(0.707), Float16(1.107))":51},"4":{"(Float16(0.5938), Float16(0.9937))":58,"(Float16(3.85e-5), Float16(0.4001))":42},"13":{"(Float16(4.166e-5), Float16(0.4001))":29,"(Float16(0.6523), Float16(1.053))":71},"54":{"(Float16(0.702), Float16(1.103))":49,"(Float16(4.95e-5), Float16(0.4001))":51},"63":{"(Float16(3.445e-5), Float16(0.4001))":100},"86":{"(Float16(0.582), Float16(0.982))":69,"(Float16(0.0001145), Float16(0.4001))":31},"91":{"(Float16(0.587), Float16(0.987))":71,"(Float16(2.15e-6), Float16(0.4))":29},"62":{"(Float16(1.5e-5), Float16(0.4))":42,"(Float16(0.6484), Float16(1.049))":58},"58":{"(Float16(4.554e-5), Float16(0.4001))":36,"(Float16(0.6016), Float16(1.002))":64},"52":{"(Float16(3.785e-5), Float16(0.4001))":42,"(Float16(0.669), Float16(1.069))":58},"12":{"(Float16(0.00010043), Float16(0.4001))":100},"28":{"(Float16(0.0001354), Float16(0.4001))":48,"(Float16(0.6475), Float16(1.048))":52},"75":{"(Float16(0.586), Float16(0.986))":64,"(Float16(9.847e-5), Float16(0.4001))":36},"23":{"(Float16(0.00012136), Float16(0.4001))":91,"(Float16(0.5273), Float16(0.9272))":9},"92":{"(Float16(0.629), Float16(1.029))":78,"(Float16(1.2e-6), Float16(0.4))":22},"41":{"(Float16(0.0), Float16(0.4))":23,"(Float16(0.669), Float16(1.069))":77},"43":{"(Float16(5.7e-6), Float16(0.4))":32,"(Float16(0.675), Float16(1.075))":68},"11":{"(Float16(0.6777), Float16(1.078))":42,"(Float16(6.557e-5), Float16(0.4001))":58},"36":{"(Float16(0.0001135), Float16(0.4001))":35,"(Float16(0.6475), Float16(1.048))":65},"68":{"(Float16(0.6006), Float16(1.001))":68,"(Float16(0.0001452), Float16(0.4001))":32},"69":{"(Float16(0.5205), Float16(0.9204))":1,"(Float16(6.866e-5), Float16(0.4001))":99},"98":{"(Float16(0.0), Float16(0.4))":22,"(Float16(0.6055), Float16(1.006))":78},"82":{"(Float16(7.457e-5), Float16(0.4001))":44,"(Float16(0.627), Float16(1.027))":56},"85":{"(Float16(0.6816), Float16(1.082))":66,"(Float16(0.00010777), Float16(0.4001))":34},"39":{"(Float16(3.28e-5), Float16(0.4001))":40,"(Float16(0.5986), Float16(0.9985))":60},"84":{"(Float16(0.6094), Float16(1.01))":73,"(Float16(1.25e-6), Float16(0.4))":27},"77":{"(Float16(0.6006), Float16(1.001))":74,"(Float16(4.125e-5), Float16(0.4001))":26},"7":{"(Float16(3.606e-5), Float16(0.4001))":28,"(Float16(0.632), Float16(1.032))":72},"25":{"(Float16(1.8e-6), Float16(0.4))":47,"(Float16(0.668), Float16(1.068))":53},"95":{"(Float16(3.284e-5), Float16(0.4001))":31,"(Float16(0.672), Float16(1.072))":69},"71":{"(Float16(0.6016), Float16(1.002))":49,"(Float16(0.0001122), Float16(0.4001))":51},"66":{"(Float16(1.43e-6), Float16(0.4))":34,"(Float16(0.587), Float16(0.987))":66},"76":{"(Float16(1.25e-5), Float16(0.4))":25,"(Float16(0.6123), Float16(1.013))":75},"34":{"(Float16(0.6553), Float16(1.056))":66,"(Float16(9.5e-7), Float16(0.4))":34},"50":{"(Float16(0.544), Float16(0.944))":61,"(Float16(2.2e-6), Float16(0.4))":39},"59":{"(Float16(0.7217), Float16(1.122))":52,"(Float16(0.0001035), Float16(0.4001))":48},"93":{"(Float16(0.0001256), Float16(0.4001))":35,"(Float16(0.674), Float16(1.074))":65},"2":{"(Float16(0.7), Float16(1.101))":58,"(Float16(0.000115), Float16(0.4001))":42},"10":{"(Float16(1.0e-7), Float16(0.4))":34,"(Float16(0.632), Float16(1.032))":66},"18":{"(Float16(0.623), Float16(1.023))":55,"(Float16(3.9e-6), Float16(0.4))":45},"26":{"(Float16(0.6562), Float16(1.057))":70,"(Float16(9.227e-5), Float16(0.4001))":30},"27":{"(Float16(0.6025), Float16(1.003))":65,"(Float16(1.13e-6), Float16(0.4))":35},"42":{"(Float16(0.0), Float16(0.4))":38,"(Float16(0.661), Float16(1.062))":62},"87":{"(Float16(5.275e-5), Float16(0.4001))":40,"(Float16(0.7256), Float16(1.126))":60},"100":{"(Float16(3.47e-5), Float16(0.4001))":40,"(Float16(0.6006), Float16(1.001))":60},"79":{"(Float16(0.635), Float16(1.035))":76,"(Float16(3.26e-5), Float16(0.4001))":24},"16":{"(Float16(4.02e-5), Float16(0.4001))":26,"(Float16(0.676), Float16(1.076))":74},"20":{"(Float16(6.71e-5), Float16(0.4001))":28,"(Float16(0.6357), Float16(1.036))":72},"81":{"(Float16(0.5986), Float16(0.9985))":67,"(Float16(3.76e-6), Float16(0.4))":33},"19":{"(Float16(0.0001354), Float16(0.4001))":40,"(Float16(0.674), Float16(1.074))":60},"49":{"(Float16(0.5635), Float16(0.9634))":76,"(Float16(0.0001752), Float16(0.4001))":24},"44":{"(Float16(0.0), Float16(0.4))":32,"(Float16(0.632), Float16(1.032))":68},"9":{"(Float16(7.5e-6), Float16(0.4))":31,"(Float16(0.6626), Float16(1.0625))":69},"31":{"(Float16(0.58), Float16(0.98))":66,"(Float16(7.4e-6), Float16(0.4))":34},"74":{"(Float16(7.94e-5), Float16(0.4001))":33,"(Float16(0.676), Float16(1.076))":67},"61":{"(Float16(0.502), Float16(0.902))":2,"(Float16(5.686e-5), Float16(0.4001))":98},"29":{"(Float16(2.4e-7), Float16(0.4))":17,"(Float16(0.6777), Float16(1.078))":83},"94":{"(Float16(0.6426), Float16(1.043))":60,"(Float16(9.5e-7), Float16(0.4))":40},"46":{"(Float16(0.0001721), Float16(0.4001))":35,"(Float16(0.615), Float16(1.016))":65},"57":{"(Float16(4.0e-6), Float16(0.4))":39,"(Float16(0.615), Float16(1.016))":61},"70":{"(Float16(0.000135), Float16(0.4001))":25,"(Float16(0.688), Float16(1.088))":75},"21":{"(Float16(0.0001767), Float16(0.4001))":28,"(Float16(0.672), Float16(1.072))":72},"38":{"(Float16(0.6196), Float16(1.02))":69,"(Float16(9.15e-5), Float16(0.4001))":31},"88":{"(Float16(5.16e-5), Float16(0.4001))":32,"(Float16(0.624), Float16(1.024))":68},"78":{"(Float16(0.631), Float16(1.031))":64,"(Float16(9.19e-5), Float16(0.4001))":36},"72":{"(Float16(8.976e-5), Float16(0.4001))":33,"(Float16(0.6504), Float16(1.051))":67},"24":{"(Float16(0.592), Float16(0.9917))":67,"(Float16(0.0), Float16(0.4))":33},"8":{"(Float16(2.18e-5), Float16(0.4))":53,"(Float16(0.661), Float16(1.062))":47},"17":{"(Float16(0.0001569), Float16(0.4001))":39,"(Float16(0.658), Float16(1.059))":61},"37":{"(Float16(8.404e-5), Float16(0.4001))":56,"(Float16(0.6455), Float16(1.046))":44},"1":{"(Float16(5.66e-5), Float16(0.4001))":39,"(Float16(0.6787), Float16(1.079))":61},"53":{"(Float16(1.55e-6), Float16(0.4))":30,"(Float16(0.666), Float16(1.066))":70},"22":{"(Float16(6.455e-5), Float16(0.4001))":31,"(Float16(0.5957), Float16(0.9956))":69},"47":{"(Float16(6.9e-6), Float16(0.4))":37,"(Float16(0.6943), Float16(1.095))":63},"83":{"(Float16(3.41e-5), Float16(0.4001))":45,"(Float16(0.6084), Float16(1.009))":55},"99":{"(Float16(0.0001643), Float16(0.4001))":29,"(Float16(0.6533), Float16(1.054))":71},"89":{"(Float16(0.6396), Float16(1.04))":64,"(Float16(0.0001159), Float16(0.4001))":36},"14":{"(Float16(0.664), Float16(1.064))":70,"(Float16(3.743e-5), Float16(0.4001))":30},"3":{"(Float16(5.7e-6), Float16(0.4))":43,"(Float16(0.7217), Float16(1.122))":57},"80":{"(Float16(0.0001384), Float16(0.4001))":41,"(Float16(0.595), Float16(0.995))":59},"96":{"(Float16(7.94e-5), Float16(0.4001))":31,"(Float16(0.615), Float16(1.016))":69},"51":{"(Float16(0.6914), Float16(1.092))":61,"(Float16(5.41e-5), Float16(0.4001))":39},