{"5":{"(Float16(0.000868), Float16(0.2009))":25,"(Float16(0.4985), Float16(0.6987))":36,"(Float16(0.9976), Float16(1.197))":39},"56":{"(Float16(0.501), Float16(0.701))":42,"(Float16(0.0007553), Float16(0.2008))":26,"(Float16(0.999), Float16(1.199))":32},"35":{"(Float16(0.9966), Float16(1.196))":29,"(Float16(0.0008926), Float16(0.2009))":25,"(Float16(0.499), Float16(0.699))":46},"55":{"(Float16(0.9985), Float16(1.198))":28,"(Float16(0.4995), Float16(0.6997))":36,"(Float16(0.0007806), Float16(0.2008))":36},"60":{"(Float16(0.998), Float16(1.198))":34,"(Float16(0.000805), Float16(0.2008))":33,"(Float16(0.4995), Float16(0.6997))":33},"30":{"(Float16(0.501), Float16(0.701))":36,"(Float16(0.0006866), Float16(0.2007))":33,"(Float16(0.9976), Float16(1.197))":31},"32":{"(Float16(0.998), Float16(1.198))":29,"(Float16(0.4995), Float16(0.6997))":43,"(Float16(0.001048), Float16(0.201))":28},"6":{"(Float16(0.998), Float16(1.198))":31,"(Float16(0.0007806), Float16(0.2008))":22,"(Float16(0.4985), Float16(0.6987))":47},"67":{"(Float16(0.501), Float16(0.701))":50,"(Float16(0.9966), Float16(1.196))":26,"(Float16(0.000494), Float16(0.2004))":24},"45":{"(Float16(0.4995), Float16(0.6997))":54,"(Float16(0.001102), Float16(0.201))":27,"(Float16(0.999), Float16(1.199))":19},"73":{"(Float16(0.998), Float16(1.198))":45,"(Float16(0.0008664), Float16(0.2008))":22,"(Float16(0.499), Float16(0.699))":33},"64":{"(Float16(0.000913), Float16(0.2009))":38,"(Float16(0.501), Float16(0.701))":30,"(Float16(0.998), Float16(1.198))":32},"90":{"(Float16(0.501), Float16(0.701))":32,"(Float16(0.000863), Float16(0.2008))":40,"(Float16(0.999), Float16(1.199))":28},"4":{"(Float16(0.501), Float16(0.701))":38,"(Float16(0.998), Float16(1.198))":29,"(Float16(0.0004697), Float16(0.2004))":33},"13":{"(Float16(0.000784), Float16(0.2008))":31,"(Float16(0.4985), Float16(0.6987))":40,"(Float16(0.997), Float16(1.197))":29},"54":{"(Float16(0.501), Float16(0.701))":40,"(Float16(0.999), Float16(1.199))":31,"(Float16(0.000505), Float16(0.2006))":29},"63":{"(Float16(0.4995), Float16(0.6997))":28,"(Float16(0.997), Float16(1.197))":38,"(Float16(0.0002364), Float16(0.2002))":34},"86":{"(Float16(0.001003), Float16(0.201))":37,"(Float16(0.9976), Float16(1.197))":25,"(Float16(0.5), Float16(0.7))":38},"91":{"(Float16(0.501), Float16(0.701))":40,"(Float16(0.001045), Float16(0.201))":32,"(Float16(0.997), Float16(1.197))":28},"62":{"(Float16(0.001211), Float16(0.2012))":35,"(Float16(0.996), Float16(1.196))":19,"(Float16(0.4988), Float16(0.6987))":46},"58":{"(Float16(0.501), Float16(0.701))":48,"(Float16(0.998), Float16(1.198))":18,"(Float16(0.000801), Float16(0.2008))":34},"52":{"(Float16(0.000744), Float16(0.2007))":32,"(Float16(0.997), Float16(1.197))":35,"(Float16(0.499), Float16(0.699))":33},"12":{"(Float16(0.501), Float16(0.701))":39,"(Float16(0.999), Float16(1.199))":28,"(Float16(0.0008764), Float16(0.2009))":33},"28":{"(Float16(0.0005913), Float16(0.2006))":24,"(Float16(0.4995), Float16(0.6997))":47,"(Float16(0.999), Float16(1.199))":29},"75":{"(Float16(0.501), Float16(0.701))":45,"(Float16(0.00029), Float16(0.2003))":22,"(Float16(0.9976), Float16(1.197))":33},"23":{"(Float16(0.998), Float16(1.198))":39,"(Float16(0.000618), Float16(0.2006))":22,"(Float16(0.5), Float16(0.7))":39},"92":{"(Float16(0.501), Float16(0.701))":43,"(Float16(0.998), Float16(1.198))":24,"(Float16(0.0006695), Float16(0.2007))":33},"41":{"(Float16(0.501), Float16(0.701))":49,"(Float16(0.9985), Float16(1.198))":17,"(Float16(0.000885), Float16(0.2009))":34},"43":{"(Float16(0.501), Float16(0.701))":55,"(Float16(0.998), Float16(1.198))":21,"(Float16(0.0009418), Float16(0.2009))":24},"11":{"(Float16(0.501), Float16(0.701))":45,"(Float16(0.0008225), Float16(0.2008))":32,"(Float16(0.999), Float16(1.199))":23},"36":{"(Float16(0.000944), Float16(0.2009))":22,"(Float16(0.997), Float16(1.197))":29,"(Float16(0.499), Float16(0.699))":49},"68":{"(Float16(0.000723), Float16(0.2007))":21,"(Float16(0.501), Float16(0.701))":54,"(Float16(0.997), Float16(1.197))":25},"69":{"(Float16(0.998), Float16(1.198))":36,"(Float16(0.0007124), Float16(0.2007))":26,"(Float16(0.499), Float16(0.699))":38},"98":{"(Float16(0.998), Float16(1.198))":34,"(Float16(0.4995), Float16(0.6997))":36,"(Float16(0.0008745), Float16(0.2009))":30},"82":{"(Float16(0.501), Float16(0.701))":45,"(Float16(0.0007954), Float16(0.2008))":22,"(Float16(0.9976), Float16(1.197))":33},"85":{"(Float16(0.998), Float16(1.198))":32,"(Float16(0.000765), Float16(0.2008))":28,"(Float16(0.5), Float16(0.7))":40},"39":{"(Float16(0.998), Float16(1.198))":27,"(Float16(0.000992), Float16(0.201))":19,"(Float16(0.499), Float16(0.699))":54},"84":{"(Float16(0.501), Float16(0.701))":33,"(Float16(0.997), Float16(1.197))":35,"(Float16(0.000826), Float16(0.2008))":32},"77":{"(Float16(0.501), Float16(0.701))":53,"(Float16(0.999), Float16(1.199))":21,"(Float16(0.0007353), Float16(0.2007))":26},"7":{"(Float16(0.501), Float16(0.701))":39,"(Float16(0.998), Float16(1.198))":34,"(Float16(0.0008817), Float16(0.2009))":27},"25":{"(Float16(0.9985), Float16(1.198))":16,"(Float16(0.4995), Float16(0.6997))":46,"(Float16(0.0007815), Float16(0.2008))":38},"95":{"(Float16(0.9985), Float16(1.198))":29,"(Float16(0.4995), Float16(0.6997))":39,"(Float16(0.0008707), Float16(0.2009))":32},"71":{"(Float16(0.0007577), Float16(0.2008))":14,"(Float16(0.501), Float16(0.701))":60,"(Float16(0.998), Float16(1.198))":26},"66":{"(Float16(0.4985), Float16(0.6987))":43,"(Float16(0.000886), Float16(0.2009))":26,"(Float16(0.999), Float16(1.199))":31},"76":{"(Float16(0.4995), Float16(0.6997))":39,"(Float16(0.0008917), Float16(0.2009))":27,"(Float16(0.999), Float16(1.199))":34},"34":{"(Float16(0.998), Float16(1.198))":39,"(Float16(0.4995), Float16(0.6997))":46,"(Float16(0.0003622), Float16(0.2003))":15},"50":{"(Float16(0.998), Float16(1.198))":32,"(Float16(0.4995), Float16(0.6997))":40,"(Float16(0.001394), Float16(0.2014))":28},"59":{"(Float16(0.0009127), Float16(0.2009))":29,"(Float16(0.998), Float16(1.198))":39,"(Float16(0.499), Float16(0.699))":32},"93":{"(Float16(0.00078), Float16(0.2008))":32,"(Float16(0.998), Float16(1.198))":25,"(Float16(0.499), Float16(0.699))":43},"2":{"(Float16(0.998), Float16(1.198))":23,"(Float16(0.000803), Float16(0.2008))":30,"(Float16(0.499), Float16(0.699))":47},"10":{"(Float16(0.998), Float16(1.198))":29,"(Float16(0.4995), Float16(0.6997))":33,"(Float16(0.001023), Float16(0.201))":38},"18":{"(Float16(0.0009236), Float16(0.2009))":24,"(Float16(0.4995), Float16(0.6997))":48,"(Float16(0.999), Float16(1.199))":28},"26":{"(Float16(0.501), Float16(0.701))":44,"(Float16(0.00104), Float16(0.201))":33,"(Float16(0.998), Float16(1.198))":23},"27":{"(Float16(0.001247), Float16(0.2013))":19,"(Float16(0.998), Float16(1.198))":24,"(Float16(0.4995), Float16(0.6997))":57},"42":{"(Float16(0.501), Float16(0.701))":46,"(Float16(0.998), Float16(1.198))":31,"(Float16(0.000725), Float16(0.2007))":23},"87":{"(Float16(0.501), Float16(0.701))":51,"(Float16(0.998), Float16(1.198))":20,"(Float16(0.001143), Float16(0.2012))":29},"100":{"(Float16(0.0009246), Float16(0.2009))":22,"(Float16(0.998), Float16(1.198))":37,"(Float16(0.4985), Float16(0.6987))":41},"79":{"(Float16(0.501), Float16(0.701))":49,"(Float16(0.998), Float16(1.198))":26,"(Float16(0.0006785), Float16(0.2007))":25},"16":{"(Float16(0.501), Float16(0.701))":48,"(Float16(0.998), Float16(1.198))":26,"(Float16(0.001199), Float16(0.2012))":26},"20":{"(Float16(0.501), Float16(0.701))":35,"(Float16(0.997), Float16(1.197))":24,"(Float16(0.0008154), Float16(0.2008))":41},"81":{"(Float16(0.000853), Float16(0.2008))":42,"(Float16(0.501), Float16(0.701))":38,"(Float16(0.998), Float16(1.198))":20},"19":{"(Float16(0.501), Float16(0.701))":58,"(Float16(0.000961), Float16(0.2009))":24,"(Float16(0.997), Float16(1.197))":18},"49":{"(Float16(0.501), Float16(0.701))":38,"(Float16(0.9985), Float16(1.198))":35,"(Float16(0.000925), Float16(0.2009))":27},"44":{"(Float16(0.501), Float16(0.701))":45,