{"5":{"(Float16(0.948), Float16(1.248))":27,"(Float16(0.05008), Float16(0.35))":25,"(Float16(0.501), Float16(0.801))":48},"56":{"(Float16(0.4995), Float16(0.7993))":42,"(Float16(0.05005), Float16(0.35))":33,"(Float16(0.95), Float16(1.25))":25},"35":{"(Float16(0.947), Float16(1.247))":17,"(Float16(0.05032), Float16(0.3503))":15,"(Float16(0.501), Float16(0.801))":68},"55":{"(Float16(0.4995), Float16(0.7993))":45,"(Float16(0.05017), Float16(0.35))":24,"(Float16(0.948), Float16(1.248))":31},"60":{"(Float16(0.9478), Float16(1.248))":31,"(Float16(0.05008), Float16(0.35))":30,"(Float16(0.501), Float16(0.801))":39},"30":{"(Float16(0.05017), Float16(0.35))":30,"(Float16(0.948), Float16(1.248))":24,"(Float16(0.501), Float16(0.801))":46},"32":{"(Float16(0.4976), Float16(0.7974))":36,"(Float16(0.05005), Float16(0.35))":29,"(Float16(0.949), Float16(1.249))":35},"6":{"(Float16(0.948), Float16(1.248))":14,"(Float16(0.05008), Float16(0.35))":34,"(Float16(0.501), Float16(0.801))":52},"67":{"(Float16(0.05005), Float16(0.35))":16,"(Float16(0.949), Float16(1.249))":27,"(Float16(0.4978), Float16(0.798))":57},"45":{"(Float16(0.4995), Float16(0.7993))":33,"(Float16(0.05017), Float16(0.35))":34,"(Float16(0.9473), Float16(1.247))":33},"73":{"(Float16(0.05048), Float16(0.3506))":21,"(Float16(0.4993), Float16(0.7993))":53,"(Float16(0.948), Float16(1.248))":26},"64":{"(Float16(0.501), Float16(0.801))":48,"(Float16(0.949), Float16(1.249))":24,"(Float16(0.0506), Float16(0.3506))":28},"90":{"(Float16(0.4973), Float16(0.7974))":42,"(Float16(0.949), Float16(1.249))":23,"(Float16(0.05014), Float16(0.35))":35},"4":{"(Float16(0.498), Float16(0.798))":63,"(Float16(0.949), Float16(1.249))":29,"(Float16(0.05023), Float16(0.3503))":8},"13":{"(Float16(0.4995), Float16(0.7993))":40,"(Float16(0.05023), Float16(0.3503))":32,"(Float16(0.9473), Float16(1.247))":28},"54":{"(Float16(0.947), Float16(1.247))":27,"(Float16(0.4995), Float16(0.7993))":41,"(Float16(0.0504), Float16(0.3503))":32},"63":{"(Float16(0.4995), Float16(0.7993))":53,"(Float16(0.948), Float16(1.248))":27,"(Float16(0.05008), Float16(0.35))":20},"86":{"(Float16(0.949), Float16(1.249))":31,"(Float16(0.05008), Float16(0.35))":38,"(Float16(0.501), Float16(0.801))":31},"91":{"(Float16(0.05023), Float16(0.3503))":27,"(Float16(0.4985), Float16(0.7983))":39,"(Float16(0.948), Float16(1.248))":34},"62":{"(Float16(0.949), Float16(1.249))":26,"(Float16(0.05014), Float16(0.35))":27,"(Float16(0.501), Float16(0.801))":47},"58":{"(Float16(0.4985), Float16(0.7983))":49,"(Float16(0.05026), Float16(0.3503))":27,"(Float16(0.95), Float16(1.25))":24},"52":{"(Float16(0.498), Float16(0.798))":40,"(Float16(0.0504), Float16(0.3503))":29,"(Float16(0.949), Float16(1.249))":31},"12":{"(Float16(0.05023), Float16(0.3503))":28,"(Float16(0.9473), Float16(1.247))":26,"(Float16(0.501), Float16(0.801))":46},"28":{"(Float16(0.05), Float16(0.35))":26,"(Float16(0.948), Float16(1.248))":37,"(Float16(0.501), Float16(0.801))":37},"75":{"(Float16(0.9473), Float16(1.247))":21,"(Float16(0.04987), Float16(0.3499))":25,"(Float16(0.501), Float16(0.801))":54},"23":{"(Float16(0.0498), Float16(0.3499))":35,"(Float16(0.9463), Float16(1.246))":17,"(Float16(0.501), Float16(0.801))":48},"92":{"(Float16(0.05005), Float16(0.35))":27,"(Float16(0.948), Float16(1.248))":20,"(Float16(0.5), Float16(0.8))":53},"41":{"(Float16(0.499), Float16(0.799))":37,"(Float16(0.05023), Float16(0.3503))":36,"(Float16(0.9478), Float16(1.248))":27},"43":{"(Float16(0.4995), Float16(0.7993))":48,"(Float16(0.0501), Float16(0.35))":28,"(Float16(0.9473), Float16(1.247))":24},"11":{"(Float16(0.498), Float16(0.798))":58,"(Float16(0.0503), Float16(0.3503))":22,"(Float16(0.948), Float16(1.248))":20},"36":{"(Float16(0.05005), Float16(0.35))":26,"(Float16(0.949), Float16(1.249))":20,"(Float16(0.501), Float16(0.801))":54},"68":{"(Float16(0.498), Float16(0.798))":56,"(Float16(0.949), Float16(1.249))":13,"(Float16(0.0506), Float16(0.3506))":31},"69":{"(Float16(0.4976), Float16(0.7974))":53,"(Float16(0.0501), Float16(0.35))":26,"(Float16(0.949), Float16(1.249))":21},"98":{"(Float16(0.0503), Float16(0.3503))":22,"(Float16(0.4976), Float16(0.7974))":53,"(Float16(0.949), Float16(1.249))":25},"82":{"(Float16(0.5015), Float16(0.8013))":31,"(Float16(0.05005), Float16(0.35))":35,"(Float16(0.949), Float16(1.249))":34},"85":{"(Float16(0.05038), Float16(0.3503))":36,"(Float16(0.499), Float16(0.799))":44,"(Float16(0.949), Float16(1.249))":20},"39":{"(Float16(0.05066), Float16(0.3506))":21,"(Float16(0.4978), Float16(0.798))":59,"(Float16(0.948), Float16(1.248))":20},"84":{"(Float16(0.0503), Float16(0.3503))":31,"(Float16(0.9473), Float16(1.247))":24,"(Float16(0.4988), Float16(0.799))":45},"77":{"(Float16(0.948), Float16(1.248))":31,"(Float16(0.05008), Float16(0.35))":34,"(Float16(0.501), Float16(0.801))":35},"7":{"(Float16(0.4985), Float16(0.7983))":51,"(Float16(0.948), Float16(1.248))":37,"(Float16(0.0506), Float16(0.3506))":12},"25":{"(Float16(0.948), Float16(1.248))":31,"(Float16(0.05026), Float16(0.3503))":14,"(Float16(0.501), Float16(0.801))":55},"95":{"(Float16(0.4976), Float16(0.7974))":36,"(Float16(0.948), Float16(1.248))":31,"(Float16(0.05026), Float16(0.3503))":33},"71":{"(Float16(0.4995), Float16(0.7993))":57,"(Float16(0.05023), Float16(0.3503))":16,"(Float16(0.9473), Float16(1.247))":27},"66":{"(Float16(0.948), Float16(1.248))":27,"(Float16(0.05008), Float16(0.35))":32,"(Float16(0.501), Float16(0.801))":41},"76":{"(Float16(0.4976), Float16(0.7974))":44,"(Float16(0.0502), Float16(0.35))":25,"(Float16(0.948), Float16(1.248))":31},"34":{"(Float16(0.05005), Float16(0.35))":25,"(Float16(0.4985), Float16(0.7983))":36,"(Float16(0.948), Float16(1.248))":39},"50":{"(Float16(0.498), Float16(0.798))":51,"(Float16(0.05005), Float16(0.35))":20,"(Float16(0.949), Float16(1.249))":29},"59":{"(Float16(0.05005), Float16(0.35))":26,"(Float16(0.949), Float16(1.249))":21,"(Float16(0.501), Float16(0.801))":53},"93":{"(Float16(0.4995), Float16(0.7993))":40,"(Float16(0.0504), Float16(0.3503))":35,"(Float16(0.95), Float16(1.25))":25},"2":{"(Float16(0.05072), Float16(0.3508))":27,"(Float16(0.948), Float16(1.248))":26,"(Float16(0.4988), Float16(0.799))":47},"10":{"(Float16(0.4995), Float16(0.7993))":44,"(Float16(0.05057), Float16(0.3506))":27,"(Float16(0.948), Float16(1.248))":29},"18":{"(Float16(0.4985), Float16(0.7983))":41,"(Float16(0.9473), Float16(1.247))":28,"(Float16(0.05026), Float16(0.3503))":31},"26":{"(Float16(0.05023), Float16(0.3503))":18,"(Float16(0.9463), Float16(1.246))":17,"(Float16(0.501), Float16(0.801))":65},"27":{"(Float16(0.0504), Float16(0.3503))":35,"(Float16(0.948), Float16(1.248))":26,"(Float16(0.4988), Float16(0.799))":39},"42":{"(Float16(0.04993), Float16(0.3499))":31,"(Float16(0.949), Float16(1.249))":25,"(Float16(0.4983), Float16(0.7983))":44},"87":{"(Float16(0.499), Float16(0.799))":38,"(Float16(0.05017), Float16(0.35))":32,"(Float16(0.9473), Float16(1.247))":30},"100":{"(Float16(0.05005), Float16(0.35))":29,"(Float16(0.948), Float16(1.248))":15,"(Float16(0.501), Float16(0.801))":56},"79":{"(Float16(0.949), Float16(1.249))":22,"(Float16(0.05023), Float16(0.3503))":22,"(Float16(0.501), Float16(0.801))":56},"16":{"(Float16(0.948), Float16(1.248))":29,"(Float16(0.05008), Float16(0.35))":34,"(Float16(0.501), Float16(0.801))":37},"20":{"(Float16(0.498), Float16(0.798))":32,"(Float16(0.9473), Float16(1.247))":33,"(Float16(0.05008), Float16(0.35))":35},"81":{"(Float16(0.4995), Float16(0.7993))":30,"(Float16(0.9473), Float16(1.247))":34,"(Float16(0.0506), Float16(0.3506))":36},"19":{"(Float16(0.498), Float16(0.798))":54,"(Float16(0.05063), Float16(0.3506))":18,"(Float16(0.95), Float16(1.25))":28},"49":{"(Float16(0.05005), Float16(0.35))":32,"(Float16(0.948), Float16(1.248))":30,"(Float16(0.501), Float16(0.801))":38},"44":{"(Float16(0.05038), Float16(0.3503))":16,"(Float16(0.4995), Float16(0.7993))":59,"(Float16(0.949), Float16(1.249))":25},"9":{"(Float16(0.05035), Float16(0.3503))":45,"(Float16(0.948), Float16(1.248))":17,