{"5":{"(Float16(0.4976), Float16(0.7974))":63,"(Float16(0.998), Float16(1.298))":37},"56":{"(Float16(0.497), Float16(0.797))":100},"35":{"(Float16(0.001763), Float16(0.3018))":17,"(Float16(0.501), Float16(0.801))":83},"55":{"(Float16(0.4976), Float16(0.7974))":62,"(Float16(0.997), Float16(1.297))":38},"60":{"(Float16(0.498), Float16(0.798))":72,"(Float16(0.997), Float16(1.297))":28},"30":{"(Float16(0.997), Float16(1.297))":27,"(Float16(0.497), Float16(0.797))":73},"32":{"(Float16(0.997), Float16(1.297))":2,"(Float16(0.501), Float16(0.801))":98},"6":{"(Float16(0.001375), Float16(0.3013))":19,"(Float16(0.501), Float16(0.801))":81},"67":{"(Float16(0.501), Float16(0.801))":100},"45":{"(Float16(0.0006294), Float16(0.3005))":19,"(Float16(0.501), Float16(0.801))":81},"73":{"(Float16(0.4985), Float16(0.7983))":60,"(Float16(0.997), Float16(1.297))":40},"64":{"(Float16(0.498), Float16(0.798))":100},"90":{"(Float16(0.4976), Float16(0.7974))":57,"(Float16(0.999), Float16(1.299))":43},"4":{"(Float16(0.501), Float16(0.801))":100},"13":{"(Float16(0.001037), Float16(0.301))":27,"(Float16(0.501), Float16(0.801))":73},"54":{"(Float16(0.498), Float16(0.798))":61,"(Float16(0.998), Float16(1.298))":39},"63":{"(Float16(0.498), Float16(0.798))":100},"86":{"(Float16(0.001053), Float16(0.301))":17,"(Float16(0.501), Float16(0.801))":83},"91":{"(Float16(0.4985), Float16(0.7983))":86,"(Float16(0.997), Float16(1.297))":14},"62":{"(Float16(0.998), Float16(1.298))":25,"(Float16(0.4983), Float16(0.7983))":75},"58":{"(Float16(0.498), Float16(0.798))":100},"52":{"(Float16(0.501), Float16(0.801))":100},"12":{"(Float16(0.998), Float16(1.298))":44,"(Float16(0.4968), Float16(0.797))":56},"28":{"(Float16(0.501), Float16(0.801))":100},"75":{"(Float16(0.9966), Float16(1.297))":18,"(Float16(0.4985), Float16(0.7983))":82},"23":{"(Float16(0.498), Float16(0.798))":100},"92":{"(Float16(0.001259), Float16(0.3013))":27,"(Float16(0.501), Float16(0.801))":73},"41":{"(Float16(0.501), Float16(0.801))":100},"43":{"(Float16(0.001406), Float16(0.3015))":22,"(Float16(0.501), Float16(0.801))":78},"11":{"(Float16(0.9976), Float16(1.298))":40,"(Float16(0.4985), Float16(0.7983))":60},"36":{"(Float16(0.498), Float16(0.798))":70,"(Float16(0.998), Float16(1.298))":30},"68":{"(Float16(0.0002382), Float16(0.3003))":44,"(Float16(0.501), Float16(0.801))":56},"69":{"(Float16(0.000922), Float16(0.301))":51,"(Float16(0.999), Float16(1.299))":49},"98":{"(Float16(0.00098), Float16(0.301))":35,"(Float16(0.501), Float16(0.801))":65},"82":{"(Float16(0.498), Float16(0.798))":71,"(Float16(0.997), Float16(1.297))":29},"85":{"(Float16(0.001261), Float16(0.3013))":29,"(Float16(0.501), Float16(0.801))":71},"39":{"(Float16(0.001991), Float16(0.302))":7,"(Float16(0.501), Float16(0.801))":93},"84":{"(Float16(0.498), Float16(0.798))":68,"(Float16(0.998), Float16(1.298))":32},"77":{"(Float16(0.001024), Float16(0.301))":18,"(Float16(0.501), Float16(0.801))":82},"7":{"(Float16(0.497), Float16(0.797))":100},"25":{"(Float16(0.4976), Float16(0.7974))":59,"(Float16(0.998), Float16(1.298))":41},"95":{"(Float16(0.001026), Float16(0.301))":24,"(Float16(0.501), Float16(0.801))":76},"71":{"(Float16(0.9966), Float16(1.297))":34,"(Float16(0.4973), Float16(0.7974))":66},"66":{"(Float16(0.000712), Float16(0.3008))":29,"(Float16(0.4995), Float16(0.7993))":71},"76":{"(Float16(0.4978), Float16(0.798))":100},"34":{"(Float16(0.498), Float16(0.798))":63,"(Float16(0.9976), Float16(1.298))":37},"50":{"(Float16(0.998), Float16(1.298))":13,"(Float16(0.4985), Float16(0.7983))":87},"59":{"(Float16(0.001001), Float16(0.301))":31,"(Float16(0.501), Float16(0.801))":69},"93":{"(Float16(0.998), Float16(1.298))":54,"(Float16(0.0008707), Float16(0.3008))":46},"2":{"(Float16(0.501), Float16(0.801))":64,"(Float16(0.0007343), Float16(0.3008))":36},"10":{"(Float16(0.501), Float16(0.801))":100},"18":{"(Float16(0.498), Float16(0.798))":73,"(Float16(0.997), Float16(1.297))":27},"26":{"(Float16(0.501), Float16(0.801))":100},"27":{"(Float16(0.001073), Float16(0.301))":41,"(Float16(0.501), Float16(0.801))":59},"42":{"(Float16(0.4976), Float16(0.7974))":73,"(Float16(0.997), Float16(1.297))":27},"87":{"(Float16(0.501), Float16(0.801))":100},"100":{"(Float16(0.001197), Float16(0.3013))":34,"(Float16(0.501), Float16(0.801))":66},"79":{"(Float16(0.498), Float16(0.798))":82,"(Float16(0.999), Float16(1.299))":18},"16":{"(Float16(0.001413), Float16(0.3015))":8,"(Float16(0.4995), Float16(0.7993))":92},"20":{"(Float16(0.001677), Float16(0.3018))":12,"(Float16(0.501), Float16(0.801))":88},"81":{"(Float16(0.998), Float16(1.298))":33,"(Float16(0.4978), Float16(0.798))":67},"19":{"(Float16(0.9976), Float16(1.298))":27,"(Float16(0.4985), Float16(0.7983))":73},"49":{"(Float16(0.001027), Float16(0.301))":21,"(Float16(0.501), Float16(0.801))":79},"44":{"(Float16(0.001482), Float16(0.3015))":29,"(Float16(0.501), Float16(0.801))":71},"9":{"(Float16(0.498), Float16(0.798))":78,"(Float16(0.998), Float16(1.298))":22},"31":{"(Float16(0.498), Float16(0.798))":100},"74":{"(Float16(0.4976), Float16(0.7974))":100},"61":{"(Float16(0.001019), Float16(0.301))":39,"(Float16(0.501), Float16(0.801))":61},"29":{"(Float16(0.4995), Float16(0.7993))":84,"(Float16(0.00137), Float16(0.3013))":16},"94":{"(Float16(0.0006933), Float16(0.3008))":26,"(Float16(0.501), Float16(0.801))":74},"46":{"(Float16(0.4985), Float16(0.7983))":72,"(Float16(0.997), Float16(1.297))":28},"57":{"(Float16(0.000733), Float16(0.3008))":17,"(Float16(0.501), Float16(0.801))":83},"70":{"(Float16(0.499), Float16(0.799))":74,"(Float16(0.998), Float16(1.298))":26},"21":{"(Float16(0.000704), Float16(0.3008))":29,"(Float16(0.501), Float16(0.801))":71},"38":{"(Float16(0.00145), Float16(0.3015))":24,"(Float16(0.501), Float16(0.801))":76},"88":{"(Float16(0.001052), Float16(0.301))":23,"(Float16(0.501), Float16(0.801))":77},"78":{"(Float16(0.000865), Float16(0.3008))":39,"(Float16(0.501), Float16(0.801))":61},"72":{"(Float16(0.5015), Float16(0.8013))":78,"(Float16(0.001189), Float16(0.3013))":22},"24":{"(Float16(0.000942), Float16(0.301))":34,"(Float16(0.501), Float16(0.801))":66},"8":{"(Float16(0.4995), Float16(0.7993))":87,"(Float16(0.996), Float16(1.296))":13},"17":{"(Float16(0.4976), Float16(0.7974))":60,"(Float16(0.998), Float16(1.298))":40},"37":{"(Float16(0.4973), Float16(0.7974))":85,"(Float16(0.998), Float16(1.298))":15},"1":{"(Float16(0.998), Float16(1.298))":44,"(Float16(0.497), Float16(0.797))":56},"53":{"(Float16(0.000253), Float16(0.3003))":37,"(Float16(0.501), Float16(0.801))":63},"22":{"(Float16(0.4976), Float16(0.7974))":77,"(Float16(0.998), Float16(1.298))":23},"47":{"(Float16(0.4978), Float16(0.798))":65,"(Float16(0.999), Float16(1.299))":35},"83":{"(Float16(0.501), Float16(0.801))":77,"(Float16(0.001398), Float16(0.3015))":23},"99":{"(Float16(0.998), Float16(1.298))":41,"(Float16(0.4985), Float16(0.7983))":59},"89":{"(Float16(0.501), Float16(0.801))":100},"14":{"(Float16(0.002237), Float16(0.3022))":8,"(Float16(0.4995), Float16(0.7993))":92},"3":{"(Float16(0.000996), Float16(0.301))":23,"(Float16(0.501), Float16(0.801))":77},"80":{"(Float16(0.4976), Float16(0.7974))":100},"96":{"(Float16(0.001189), Float16(0.3013))":23,"(Float16(0.501), Float16(0.801))":77},"51":{"(Float16(0.998), Float16(1.298))":36,"(Float16(0.4978), Float16(0.798))":64},"33":{"(Float16(0.000965), Float16(0.301))":28,"(Float16(0.501), Float16(0.801))":72},"40":{"(Float16(0.501), Float16(0.801))":100},"48":{"(Float16(0.4976), Float16(0.7974))":100},"15":{"(Float16(0.499), Float16(0.799))":81,"(Float16(0.997), Float16(1.297))":19},"65":{"(Float16(0.0008154), Float16(0.3008))":33,"(Float16(0.501), Float16(0.801))":67},"97":{"(Float16(0.000742), Float16(0.3008))":48,"(Float16(0.5015), Float16(0.8013))":52}}