{"5":{"(Float16(0.499), Float16(0.509))":99,"(Float16(0.03546), Float16(0.04547))":1},"56":{"(Float16(0.4983), Float16(0.5083))":94,"(Float16(0.9424), Float16(0.952))":2,"(Float16(0.959), Float16(0.9688))":2,"(Float16(0.9746), Float16(0.9844))":2},"55":{"(Float16(0.06287), Float16(0.0729))":2,"(Float16(0.5005), Float16(0.5103))":98},"35":{"(Float16(0.5), Float16(0.51))":100},"60":{"(Float16(0.5005), Float16(0.5103))":100},"30":{"(Float16(0.4985), Float16(0.5083))":97,"(Float16(0.02042), Float16(0.03043))":3},"32":{"(Float16(0.5005), Float16(0.5103))":97,"(Float16(0.03802), Float16(0.04803))":3},"6":{"(Float16(0.979), Float16(0.989))":2,"(Float16(0.4983), Float16(0.5083))":98},"67":{"(Float16(0.03345), Float16(0.04346))":1,"(Float16(0.498), Float16(0.508))":96,"(Float16(0.949), Float16(0.959))":3},"45":{"(Float16(0.5), Float16(0.51))":100},"73":{"(Float16(0.0564), Float16(0.0664))":2,"(Float16(0.9336), Float16(0.9434))":1,"(Float16(0.09106), Float16(0.1011))":3,"(Float16(0.5005), Float16(0.5103))":94},"64":{"(Float16(0.0679), Float16(0.0779))":2,"(Float16(0.08203), Float16(0.09204))":5,"(Float16(0.5005), Float16(0.5103))":91,"(Float16(0.0477), Float16(0.0577))":2},"90":{"(Float16(0.498), Float16(0.508))":93,"(Float16(0.9375), Float16(0.9473))":1,"(Float16(0.04272), Float16(0.05273))":4,"(Float16(0.0697), Float16(0.0797))":2},"4":{"(Float16(0.04865), Float16(0.05865))":3,"(Float16(0.4995), Float16(0.5093))":94,"(Float16(0.9756), Float16(0.9854))":3},"13":{"(Float16(0.4988), Float16(0.509))":95,"(Float16(0.959), Float16(0.9688))":3,"(Float16(0.02074), Float16(0.03073))":2},"54":{"(Float16(0.4985), Float16(0.5083))":100},"63":{"(Float16(0.05896), Float16(0.069))":2,"(Float16(0.0896), Float16(0.0996))":2,"(Float16(0.5005), Float16(0.5103))":96},"86":{"(Float16(0.94), Float16(0.9497))":3,"(Float16(0.4995), Float16(0.5093))":97},"91":{"(Float16(0.4988), Float16(0.509))":96,"(Float16(0.922), Float16(0.9316))":3,"(Float16(0.04358), Float16(0.0536))":1},"62":{"(Float16(0.498), Float16(0.508))":94,"(Float16(0.916), Float16(0.926))":4,"(Float16(0.963), Float16(0.9727))":2},"58":{"(Float16(0.5), Float16(0.51))":100},"52":{"(Float16(0.4985), Float16(0.5083))":95,"(Float16(0.916), Float16(0.926))":3,"(Float16(0.964), Float16(0.9736))":2},"12":{"(Float16(0.05212), Float16(0.06213))":2,"(Float16(0.5005), Float16(0.5103))":98},"28":{"(Float16(0.9365), Float16(0.9463))":4,"(Float16(0.4985), Float16(0.5083))":91,"(Float16(0.9473), Float16(0.957))":2,"(Float16(0.9053), Float16(0.915))":2,"(Float16(0.05542), Float16(0.0654))":1},"75":{"(Float16(0.4985), Float16(0.5083))":100},"23":{"(Float16(0.05194), Float16(0.06195))":4,"(Float16(0.5), Float16(0.51))":94,"(Float16(0.03024), Float16(0.04025))":2},"92":{"(Float16(0.4983), Float16(0.5083))":96,"(Float16(0.953), Float16(0.963))":4},"41":{"(Float16(0.0788), Float16(0.0888))":5,"(Float16(0.0489), Float16(0.0589))":2,"(Float16(0.5005), Float16(0.5103))":92,"(Float16(0.9307), Float16(0.9404))":1},"43":{"(Float16(0.9365), Float16(0.9463))":2,"(Float16(0.4985), Float16(0.5083))":94,"(Float16(0.955), Float16(0.965))":2,"(Float16(0.911), Float16(0.921))":2},"69":{"(Float16(0.95), Float16(0.96))":3,"(Float16(0.5005), Float16(0.5103))":97},"11":{"(Float16(0.9453), Float16(0.955))":2,"(Float16(0.05194), Float16(0.06195))":2,"(Float16(0.97), Float16(0.98))":2,"(Float16(0.4983), Float16(0.5083))":92,"(Float16(0.922), Float16(0.9316))":2},"68":{"(Float16(0.9824), Float16(0.992))":2,"(Float16(0.02768), Float16(0.0377))":3,"(Float16(0.4995), Float16(0.5093))":93,"(Float16(0.952), Float16(0.962))":2},"98":{"(Float16(0.4985), Float16(0.5083))":99,"(Float16(0.9766), Float16(0.9863))":1},"36":{"(Float16(0.4988), Float16(0.509))":96,"(Float16(0.951), Float16(0.961))":2,"(Float16(0.972), Float16(0.982))":2},"82":{"(Float16(0.4985), Float16(0.5083))":100},"85":{"(Float16(0.5005), Float16(0.5103))":100},"39":{"(Float16(0.9326), Float16(0.9424))":2,"(Float16(0.912), Float16(0.922))":6,"(Float16(0.4976), Float16(0.5073))":92},"84":{"(Float16(0.5), Float16(0.51))":96,"(Float16(0.0608), Float16(0.0708))":3,"(Float16(0.96), Float16(0.9697))":1},"77":{"(Float16(0.5), Float16(0.51))":94,"(Float16(0.0662), Float16(0.07623))":2,"(Float16(0.05096), Float16(0.06097))":4},"7":{"(Float16(0.498), Float16(0.508))":98,"(Float16(0.03967), Float16(0.04968))":2},"25":{"(Float16(0.0673), Float16(0.07733))":2,"(Float16(0.499), Float16(0.509))":96,"(Float16(0.904), Float16(0.9136))":2},"95":{"(Float16(0.01839), Float16(0.02838))":1,"(Float16(0.5), Float16(0.51))":99},"71":{"(Float16(0.4995), Float16(0.5093))":93,"(Float16(0.02762), Float16(0.03763))":3,"(Float16(0.9717), Float16(0.9814))":4},"66":{"(Float16(0.498), Float16(0.508))":97,"(Float16(0.961), Float16(0.9707))":3},"76":{"(Float16(0.04712), Float16(0.05713))":1,"(Float16(0.5005), Float16(0.5103))":99},"93":{"(Float16(0.91), Float16(0.92))":1,"(Float16(0.02151), Float16(0.03152))":2,"(Float16(0.4993), Float16(0.5093))":97},"50":{"(Float16(0.5), Float16(0.51))":100},"59":{"(Float16(0.02843), Float16(0.03842))":2,"(Float16(0.955), Float16(0.965))":2,"(Float16(0.0582), Float16(0.0682))":2,"(Float16(0.5005), Float16(0.5103))":94},"34":{"(Float16(0.4985), Float16(0.5083))":97,"(Float16(0.962), Float16(0.9717))":3},"2":{"(Float16(0.0965), Float16(0.1065))":2,"(Float16(0.02733), Float16(0.03732))":2,"(Float16(0.01599), Float16(0.026))":2,"(Float16(0.5005), Float16(0.5103))":94},"27":{"(Float16(0.5), Float16(0.51))":98,"(Float16(0.03336), Float16(0.04337))":1,"(Float16(0.945), Float16(0.9546))":1},"10":{"(Float16(0.4985), Float16(0.5083))":93,"(Float16(0.9414), Float16(0.951))":5,"(Float16(0.996), Float16(1.006))":2},"26":{"(Float16(0.4998), Float16(0.51))":99,"(Float16(0.96), Float16(0.9697))":1},"18":{"(Float16(0.4983), Float16(0.5083))":100},"42":{"(Float16(0.04117), Float16(0.05118))":1,"(Float16(0.499), Float16(0.509))":98,"(Float16(0.9727), Float16(0.9824))":1},"87":{"(Float16(0.4985), Float16(0.5083))":93,"(Float16(0.985), Float16(0.9946))":2,"(Float16(0.954), Float16(0.964))":2,"(Float16(0.02682), Float16(0.03683))":3},"100":{"(Float16(0.5), Float16(0.51))":100},"79":{"(Float16(0.9365), Float16(0.9463))":3,"(Float16(0.4983), Float16(0.5083))":93,"(Float16(0.03723), Float16(0.04724))":2,"(Float16(0.9727), Float16(0.9824))":2},"16":{"(Float16(0.4985), Float16(0.5083))":92,"(Float16(0.977), Float16(0.987))":2,"(Float16(0.03305), Float16(0.04306))":1,"(Float16(0.9277), Float16(0.9375))":5},"81":{"(Float16(0.05078), Float16(0.0608))":5,"(Float16(0.07324), Float16(0.08325))":2,"(Float16(0.5005), Float16(0.5103))":93},"20":{"(Float16(0.955), Float16(0.965))":2,"(Float16(0.5), Float16(0.51))":95,"(Float16(0.0724), Float16(0.0824))":3},"19":{"(Float16(0.9404), Float16(0.95))":2,"(Float16(0.4995), Float16(0.5093))":94,"(Float16(0.03436), Float16(0.04437))":2,"(Float16(0.9697), Float16(0.9795))":2},"49":{"(Float16(0.01959), Float16(0.0296))":3,"(Float16(0.5005), Float16(0.5103))":97},"44":{"(Float16(0.02588), Float16(0.0359))":3,"(Float16(0.05762), Float16(0.0676))":2,"(Float16(0.4995), Float16(0.5093))":93,"(Float16(0.9536), Float16(0.9634))":2},"31":{"(Float16(0.9766), Float16(0.9863))":2,"(Float16(0.0326), Float16(0.0426))":2,"(Float16(0.9443), Float16(0.954))":2,"(Float16(0.961), Float16(0.9707))":2,"(Float16(0.4995), Float16(0.5093))":92},"9":{"(Float16(0.4985), Float16(0.5083))":96,"(Float16(0.00972), Float16(0.01971))":1,"(Float16(0.966), Float16(0.9756))":3},"74":{"(Float16(0.5005), Float16(0.5103))":94,"(Float16(0.05438), Float16(0.0644))":3,"(Float16(0.9395), Float16(0.949))":3},"61":{"(Float16(0.0317), Float16(0.04172))":1,"(Float16(0.5), Float16(0.51))":99},"29":{"(Float16(0.4985), Float16(0.5083))":98,"(Float16(0.015175), Float16(0.02518))":2},"94":{"(Float16(0.498), Float16(0.508))":99,"(Float16(0.06216), Float16(0.07214))":1},"46":{"(Float16(0.4985), Float16(0.5083))":93,"(Float16(0.9453), Float16(0.955))":2,"(Float16(0.9336), Float16(0.9434))":5},"57":{"(Float16(0.4985), Float16(0.5083))":96,