{"1":[0.2363,0.2362,0.95,0.2361,0.8076,0.2361,0.785,0.2361,0.05002,0.2361,0.05014,0.2361,0.2361,0.2361,0.05008,0.05005,0.95,0.05005,0.501,0.05005,0.2361,0.7207,0.77,0.501,0.95,0.785,0.5,0.501,0.95,0.2361,0.3933,0.81,0.3933,0.05014,0.8135,0.5,0.95,0.0501,0.727,0.2361,0.05005,0.95,0.5,0.2362,0.632,0.2363,0.2363,0.5005,0.5,0.501,0.05014,0.727,0.95,0.95,0.05005,0.77,0.5,0.95,0.5005,0.7715,0.2365,0.8076,0.0501,0.5,0.632,0.05017,0.95,0.5005,0.763,0.95,0.2366,0.2366,0.2366,0.5,0.2366,0.5,0.7207,0.95,0.763,0.2366,0.2365,0.2363,0.2363,0.2363,0.5,0.2363,0.7715,0.5005,0.6377,0.2363,0.5,0.8135,0.05008,0.2363,0.5,0.81,0.5,0.6377,0.2363,0.2363],"2":[0.948,0.05017,0.272,0.05023,0.949,0.751,0.948,0.2615,0.05017,0.05023,0.1572,0.948,0.0501,0.787,0.6787,0.05008,0.948,0.2615,0.949,0.948,0.1753,0.677,0.05008,0.8115,0.4998,0.5,0.05017,0.949,0.5,0.0501,0.2472,0.05017,0.5,0.627,0.948,0.3535,0.948,0.773,0.948,0.0504,0.6533,0.8115,0.05045,0.3535,0.948,0.6665,0.949,0.0501,0.4998,0.7886,0.0501,0.05005,0.5,0.636,0.652,0.6665,0.719,0.5,0.751,0.949,0.4998,0.1572,0.1572,0.7886,0.949,0.677,0.6533,0.314,0.272,0.627,0.1753,0.5,0.1882,0.4998,0.7363,0.1882,0.773,0.949,0.314,0.05045,0.719,0.949,0.6787,0.2472,0.636,0.05017,0.5,0.949,0.787,0.5,0.05023,0.0501,0.0501,0.5,0.05017,0.7363,0.652,0.0504,0.5,0.948],"3":[0.4985,0.95,0.4983,0.7314,0.0503,0.9497,0.785,0.6826,0.714,0.7466,0.6514,0.6826,0.498,0.4985,0.4993,0.296,0.8105,0.4988,0.4993,0.3474,0.7466,0.05026,0.05005,0.6514,0.4985,0.4988,0.3042,0.6353,0.7314,0.4985,0.9497,0.499,0.785,0.2318,0.615,0.4995,0.0504,0.2312,0.3594,0.2214,0.348,0.714,0.949,0.8105,0.228,0.7466,0.4985,0.2288,0.4988,0.7964,0.4988,0.615,0.9497,0.05017,0.4995,0.2487,0.05017,0.2288,0.9497,0.3594,0.4985,0.9497,0.3533,0.714,0.9497,0.9497,0.4985,0.4988,0.4988,0.228,0.9497,0.0503,0.2312,0.2214,0.9497,0.3042,0.2318,0.2705,0.2705,0.296,0.3474,0.4995,0.499,0.348,0.499,0.0504,0.6353,0.05026,0.95,0.3594,0.499,0.4993,0.9497,0.7964,0.2214,0.3533,0.9497,0.4983,0.4993,0.2487]}