{"5":{"(Float16(0.5312), Float16(0.931))":100},"56":{"(Float16(0.502), Float16(0.902))":100},"35":{"(Float16(0.4912), Float16(0.891))":100},"55":{"(Float16(0.504), Float16(0.904))":100},"60":{"(Float16(0.5107), Float16(0.9106))":100},"30":{"(Float16(0.5234), Float16(0.9233))":100},"32":{"(Float16(0.0903), Float16(0.4902))":1,"(Float16(0.548), Float16(0.9478))":99},"6":{"(Float16(0.499), Float16(0.899))":99,"(Float16(0.071), Float16(0.471))":1},"67":{"(Float16(0.477), Float16(0.877))":100},"45":{"(Float16(0.5977), Float16(0.9976))":87,"(Float16(0.07837), Float16(0.4783))":13},"73":{"(Float16(0.104), Float16(0.504))":1,"(Float16(0.5195), Float16(0.9194))":99},"64":{"(Float16(0.4106), Float16(0.8105))":95,"(Float16(0.8853), Float16(1.285))":5},"90":{"(Float16(0.473), Float16(0.873))":100},"4":{"(Float16(0.482), Float16(0.882))":98,"(Float16(0.955), Float16(1.355))":2},"13":{"(Float16(0.51), Float16(0.9097))":98,"(Float16(0.0475), Float16(0.4475))":2},"54":{"(Float16(0.537), Float16(0.937))":98,"(Float16(0.0735), Float16(0.4734))":2},"63":{"(Float16(0.5215), Float16(0.9214))":98,"(Float16(0.01363), Float16(0.4136))":2},"86":{"(Float16(0.504), Float16(0.904))":100},"91":{"(Float16(0.536), Float16(0.936))":99,"(Float16(0.9707), Float16(1.371))":1},"62":{"(Float16(0.5293), Float16(0.929))":99,"(Float16(0.984), Float16(1.384))":1},"58":{"(Float16(0.51), Float16(0.9097))":100},"52":{"(Float16(0.9917), Float16(1.392))":2,"(Float16(0.4712), Float16(0.871))":98},"12":{"(Float16(0.4683), Float16(0.868))":100},"28":{"(Float16(0.544), Float16(0.944))":95,"(Float16(0.05774), Float16(0.4578))":5},"75":{"(Float16(0.532), Float16(0.932))":100},"23":{"(Float16(0.505), Float16(0.905))":100},"92":{"(Float16(0.926), Float16(1.326))":2,"(Float16(0.503), Float16(0.903))":98},"41":{"(Float16(0.538), Float16(0.938))":100},"43":{"(Float16(0.9814), Float16(1.382))":1,"(Float16(0.4897), Float16(0.8896))":99},"11":{"(Float16(0.503), Float16(0.903))":100},"36":{"(Float16(0.4512), Float16(0.851))":99,"(Float16(0.8804), Float16(1.28))":1},"68":{"(Float16(0.4578), Float16(0.858))":98,"(Float16(0.8936), Float16(1.294))":2},"69":{"(Float16(0.1188), Float16(0.5186))":2,"(Float16(0.552), Float16(0.9517))":98},"98":{"(Float16(0.4746), Float16(0.8745))":100},"82":{"(Float16(0.5293), Float16(0.929))":100},"85":{"(Float16(0.4878), Float16(0.8877))":100},"39":{"(Float16(0.495), Float16(0.895))":99,"(Float16(0.0261), Float16(0.426))":1},"84":{"(Float16(0.543), Float16(0.943))":97,"(Float16(0.05527), Float16(0.4553))":3},"77":{"(Float16(0.4556), Float16(0.8555))":100},"7":{"(Float16(0.4597), Float16(0.86))":98,"(Float16(0.9766), Float16(1.377))":2},"25":{"(Float16(0.537), Float16(0.937))":100},"95":{"(Float16(0.467), Float16(0.867))":98,"(Float16(0.9517), Float16(1.352))":2},"71":{"(Float16(0.5063), Float16(0.9062))":99,"(Float16(0.997), Float16(1.397))":1},"66":{"(Float16(0.533), Float16(0.933))":100},"76":{"(Float16(0.5586), Float16(0.9585))":100},"34":{"(Float16(0.883), Float16(1.283))":2,"(Float16(0.435), Float16(0.835))":98},"50":{"(Float16(0.487), Float16(0.887))":100},"59":{"(Float16(0.958), Float16(1.358))":2,"(Float16(0.475), Float16(0.875))":98},"93":{"(Float16(0.477), Float16(0.877))":100},"2":{"(Float16(0.4531), Float16(0.853))":100},"10":{"(Float16(0.9985), Float16(1.398))":1,"(Float16(0.4714), Float16(0.8716))":99},"18":{"(Float16(0.0989), Float16(0.4988))":1,"(Float16(0.546), Float16(0.946))":99},"26":{"(Float16(0.954), Float16(1.3545))":2,"(Float16(0.48), Float16(0.88))":98},"27":{"(Float16(0.5176), Float16(0.9175))":100},"42":{"(Float16(0.509), Float16(0.9087))":100},"87":{"(Float16(0.0714), Float16(0.4714))":2,"(Float16(0.5234), Float16(0.9233))":98},"100":{"(Float16(0.4934), Float16(0.8936))":100},"79":{"(Float16(0.4414), Float16(0.8413))":100},"16":{"(Float16(0.4805), Float16(0.8804))":99,"(Float16(0.939), Float16(1.339))":1},"20":{"(Float16(0.921), Float16(1.321))":3,"(Float16(0.4297), Float16(0.8296))":97},"81":{"(Float16(0.5146), Float16(0.9146))":99,"(Float16(0.03207), Float16(0.4321))":1},"19":{"(Float16(0.5127), Float16(0.9126))":100},"49":{"(Float16(0.496), Float16(0.896))":98,"(Float16(0.985), Float16(1.385))":2},"44":{"(Float16(0.0642), Float16(0.464))":1,"(Float16(0.497), Float16(0.897))":99},"9":{"(Float16(0.4941), Float16(0.894))":99,"(Float16(0.934), Float16(1.334))":1},"31":{"(Float16(0.544), Float16(0.944))":100},"74":{"(Float16(0.519), Float16(0.919))":100},"61":{"(Float16(0.508), Float16(0.9077))":100},"29":{"(Float16(0.904), Float16(1.304))":2,"(Float16(0.4692), Float16(0.869))":98},"94":{"(Float16(0.987), Float16(1.387))":1,"(Float16(0.536), Float16(0.936))":98,"(Float16(0.01921), Float16(0.4192))":1},"46":{"(Float16(0.92), Float16(1.32))":5,"(Float16(0.4375), Float16(0.8374))":95},"57":{"(Float16(0.538), Float16(0.938))":100},"70":{"(Float16(0.503), Float16(0.903))":100},"21":{"(Float16(0.523), Float16(0.923))":100},"38":{"(Float16(0.543), Float16(0.943))":100},"88":{"(Float16(0.54), Float16(0.94))":99,"(Float16(0.06323), Float16(0.4631))":1},"78":{"(Float16(0.4604), Float16(0.8604))":99,"(Float16(0.9546), Float16(1.3545))":1},"72":{"(Float16(0.5205), Float16(0.9204))":100},"24":{"(Float16(0.5005), Float16(0.9004))":100},"8":{"(Float16(0.05682), Float16(0.4568))":3,"(Float16(0.5557), Float16(0.9556))":97},"17":{"(Float16(0.532), Float16(0.932))":99,"(Float16(0.05002), Float16(0.45))":1},"37":{"(Float16(0.5596), Float16(0.9595))":96,"(Float16(0.08466), Float16(0.4846))":4},"1":{"(Float16(0.4556), Float16(0.8555))":97,"(Float16(0.9326), Float16(1.333))":3},"53":{"(Float16(0.4844), Float16(0.8843))":99,"(Float16(0.915), Float16(1.315))":1},"22":{"(Float16(0.5205), Float16(0.9204))":100},"47":{"(Float16(0.4756), Float16(0.8755))":100},"83":{"(Float16(0.937), Float16(1.337))":3,"(Float16(0.4595), Float16(0.8594))":97},"99":{"(Float16(0.005188), Float16(0.4053))":1,"(Float16(0.502), Float16(0.902))":98,"(Float16(0.956), Float16(1.356))":1},"89":{"(Float16(0.4727), Float16(0.8726))":100},"14":{"(Float16(0.4841), Float16(0.8843))":100},"3":{"(Float16(0.4585), Float16(0.8584))":99,"(Float16(0.952), Float16(1.353))":1},"80":{"(Float16(0.506), Float16(0.906))":100},"96":{"(Float16(0.498), Float16(0.898))":100},"51":{"(Float16(0.4487), Float16(0.8486))":100},"33":{"(Float16(0.5093), Float16(0.909))":99,"(Float16(0.972), Float16(1.372))":1},"40":{"(Float16(0.5127), Float16(0.9126))":100},"48":{"(Float16(0.525), Float16(0.925))":100},"15":{"(Float16(0.9624), Float16(1.362))":1,"(Float16(0.4712), Float16(0.871))":99},"65":{"(Float16(0.10876), Float16(0.509))":1,"(Float16(0.544), Float16(0.944))":99},"97":{"(Float16(0.6445), Float16(1.045))":83,"(Float16(0.1289), Float16(0.529))":17}}