{"5":{"(Float16(0.0003657), Float16(0.5005))":100},"56":{"(Float16(0.000666), Float16(0.5005))":100},"35":{"(Float16(0.0003095), Float16(0.5005))":100},"55":{"(Float16(0.0004506), Float16(0.5005))":100},"60":{"(Float16(0.000431), Float16(0.5005))":100},"30":{"(Float16(0.000718), Float16(0.5005))":100},"32":{"(Float16(0.0004404), Float16(0.5005))":100},"6":{"(Float16(0.0007734), Float16(0.501))":100},"67":{"(Float16(0.0004725), Float16(0.5005))":100},"45":{"(Float16(0.0005693), Float16(0.5005))":100},"73":{"(Float16(0.0004802), Float16(0.5005))":100},"64":{"(Float16(0.0006227), Float16(0.5005))":96,"(Float16(0.945), Float16(1.445))":4},"90":{"(Float16(0.000376), Float16(0.5005))":100},"4":{"(Float16(0.0003335), Float16(0.5005))":100},"13":{"(Float16(0.0005846), Float16(0.5005))":100},"54":{"(Float16(0.000373), Float16(0.5005))":100},"63":{"(Float16(0.00065), Float16(0.5005))":100},"86":{"(Float16(0.0004344), Float16(0.5005))":100},"91":{"(Float16(0.0005007), Float16(0.5005))":100},"62":{"(Float16(0.0002623), Float16(0.5005))":100},"58":{"(Float16(0.0007143), Float16(0.5005))":100},"52":{"(Float16(0.0006413), Float16(0.5005))":100},"12":{"(Float16(0.0005484), Float16(0.5005))":100},"28":{"(Float16(0.0003736), Float16(0.5005))":100},"75":{"(Float16(0.000616), Float16(0.5005))":100},"23":{"(Float16(0.0003867), Float16(0.5005))":100},"92":{"(Float16(0.0003262), Float16(0.5005))":100},"41":{"(Float16(0.000618), Float16(0.5005))":100},"43":{"(Float16(0.0004344), Float16(0.5005))":100},"11":{"(Float16(0.000647), Float16(0.5005))":100},"36":{"(Float16(0.0004082), Float16(0.5005))":100},"68":{"(Float16(0.0005), Float16(0.5005))":100},"69":{"(Float16(0.0004494), Float16(0.5005))":100},"98":{"(Float16(0.0007195), Float16(0.5005))":100},"82":{"(Float16(0.0006266), Float16(0.5005))":100},"85":{"(Float16(0.5596), Float16(1.06))":97,"(Float16(0.001062), Float16(0.501))":3},"39":{"(Float16(0.000513), Float16(0.5005))":100},"84":{"(Float16(0.000388), Float16(0.5005))":100},"77":{"(Float16(0.00042), Float16(0.5005))":100},"7":{"(Float16(0.0005207), Float16(0.5005))":100},"25":{"(Float16(0.0006795), Float16(0.5005))":100},"95":{"(Float16(0.0004418), Float16(0.5005))":100},"71":{"(Float16(0.0002756), Float16(0.5005))":100},"66":{"(Float16(0.0004811), Float16(0.5005))":100},"76":{"(Float16(0.000592), Float16(0.5005))":100},"34":{"(Float16(0.0006323), Float16(0.5005))":100},"50":{"(Float16(0.0004592), Float16(0.5005))":100},"59":{"(Float16(0.0006127), Float16(0.5005))":100},"93":{"(Float16(0.000595), Float16(0.5005))":100},"2":{"(Float16(0.0003386), Float16(0.5005))":100},"10":{"(Float16(0.0004573), Float16(0.5005))":100},"18":{"(Float16(0.0003574), Float16(0.5005))":100},"26":{"(Float16(0.0004606), Float16(0.5005))":100},"27":{"(Float16(0.0003965), Float16(0.5005))":100},"42":{"(Float16(0.0004058), Float16(0.5005))":100},"87":{"(Float16(0.000555), Float16(0.5005))":100},"100":{"(Float16(0.0006447), Float16(0.5005))":100},"79":{"(Float16(0.0002694), Float16(0.5005))":100},"16":{"(Float16(0.0005846), Float16(0.5005))":100},"20":{"(Float16(0.000524), Float16(0.5005))":100},"81":{"(Float16(0.000536), Float16(0.5005))":100},"19":{"(Float16(0.000499), Float16(0.5005))":100},"49":{"(Float16(0.000596), Float16(0.5005))":100},"44":{"(Float16(0.0003366), Float16(0.5005))":100},"9":{"(Float16(0.537), Float16(1.037))":100},"31":{"(Float16(0.9883), Float16(1.488))":1,"(Float16(0.000462), Float16(0.5005))":99},"74":{"(Float16(0.0005913), Float16(0.5005))":100},"61":{"(Float16(0.000309), Float16(0.5005))":100},"29":{"(Float16(0.000564), Float16(0.5005))":100},"94":{"(Float16(0.0004582), Float16(0.5005))":100},"46":{"(Float16(0.0003614), Float16(0.5005))":100},"57":{"(Float16(0.0004706), Float16(0.5005))":100},"70":{"(Float16(0.0004554), Float16(0.5005))":100},"21":{"(Float16(0.0005817), Float16(0.5005))":100},"38":{"(Float16(0.000306), Float16(0.5005))":100},"88":{"(Float16(0.00066), Float16(0.5005))":100},"78":{"(Float16(0.0003777), Float16(0.5005))":100},"72":{"(Float16(0.0003953), Float16(0.5005))":100},"24":{"(Float16(0.0002985), Float16(0.5005))":100},"8":{"(Float16(0.000533), Float16(0.5005))":100},"17":{"(Float16(0.000578), Float16(0.5005))":100},"37":{"(Float16(0.0004466), Float16(0.5005))":100},"1":{"(Float16(0.0006075), Float16(0.5005))":100},"53":{"(Float16(0.0004418), Float16(0.5005))":100},"22":{"(Float16(0.0002099), Float16(0.5))":100},"47":{"(Float16(0.0005856), Float16(0.5005))":100},"83":{"(Float16(0.000572), Float16(0.5005))":100},"99":{"(Float16(0.0004992), Float16(0.5005))":100},"89":{"(Float16(0.0004144), Float16(0.5005))":100},"14":{"(Float16(0.000643), Float16(0.5005))":100},"3":{"(Float16(0.0003595), Float16(0.5005))":100},"80":{"(Float16(0.0005407), Float16(0.5005))":100},"96":{"(Float16(0.000654), Float16(0.5005))":100},"51":{"(Float16(0.000496), Float16(0.5005))":100},"33":{"(Float16(0.0004172), Float16(0.5005))":100},"40":{"(Float16(0.0003989), Float16(0.5005))":100},"48":{"(Float16(0.0004125), Float16(0.5005))":100},"15":{"(Float16(0.0004172), Float16(0.5005))":100},"65":{"(Float16(0.000361), Float16(0.5005))":100},"97":{"(Float16(0.000639), Float16(0.5005))":100}}