{"4":[0.6367,0.635,0.04895,0.8916,0.006523,0.635,0.6367,0.484,0.4678,0.268,0.4521,0.827,0.9688,0.9062,0.883,0.811,0.635,0.6377,0.1073,0.4612,0.9688,0.2573,0.6367,0.01729,0.01729,0.4785,0.1792,0.03986,0.2263,0.006523,0.11584,0.9062,0.8223,0.371,0.1438,0.11584,0.1311,0.6367,0.9404,0.811,0.2812,0.6367,0.2251,0.484,0.637,0.9062,0.04895,0.9756,0.3389,0.8594,0.3472,0.2263,0.1438,0.482,0.635,0.4785,0.76,0.9585,0.3457,0.482,0.482,0.4521,0.1516,0.76,0.827,0.9756,0.4678,0.1995,0.635,0.2573,0.8594,0.1516,0.04895,0.9585,0.1311,0.4785,0.6357,0.9404,0.2251,0.1677,0.268,0.1311,0.268,0.6367,0.8223,0.1073,0.8916,0.3472,0.1677,0.883,0.371,0.3389,0.3457,0.4612,0.03986,0.2812,0.2251,0.1792,0.1677,0.1995],"1":[0.69,0.1338,0.691,0.11914,0.6914,0.0671,0.6914,0.2993,0.1366,0.4258,0.691,0.6914,0.535,0.6904,0.6895,0.915,0.2764,0.6895,0.289,0.9326,0.87,0.2612,0.6895,0.9326,0.2612,0.2993,0.4097,0.4395,0.3723,0.8193,0.01145,0.3723,0.4702,0.54,0.07263,0.6895,0.0671,0.03073,0.6895,0.03073,0.05957,0.54,0.1312,0.535,0.6895,0.3618,0.87,0.899,0.6895,0.501,0.923,0.2612,0.8193,0.1951,0.9546,0.4988,0.4097,0.915,0.4258,0.2764,0.954,0.10016,0.6885,0.915,0.6895,0.1312,0.9546,0.4395,0.11914,0.11914,0.6895,0.01145,0.689,0.501,0.6895,0.10016,0.6895,0.939,0.1366,0.07263,0.6895,0.535,0.6895,0.923,0.3618,0.1338,0.6895,0.899,0.289,0.1951,0.4702,0.05957,0.939,0.1887,0.6895,0.1887,0.954,0.2993,0.69,0.4988],"5":[0.1467,0.1467,0.3423,0.3687,0.7666,0.3376,0.3228,0.939,0.874,0.148,0.1476,0.8794,0.4536,0.4536,0.5234,0.1475,0.1476,0.6943,0.1475,0.8022,0.1459,0.665,0.1462,0.1454,0.88,0.7754,0.6177,0.1472,0.711,0.3423,0.971,0.874,0.147,0.6177,0.38,0.5234,0.4043,0.7344,0.88,0.769,0.8506,0.7666,0.1467,0.3687,0.7344,0.971,0.2944,0.1466,0.4478,0.2795,0.8022,0.997,0.7007,0.7334,0.1467,0.9644,0.4116,0.6943,0.8794,0.9644,0.147,0.699,0.7007,0.769,0.1467,0.3423,0.1471,0.147,0.4116,0.997,0.2795,0.3376,0.3228,0.699,0.1473,0.1495,0.1484,0.7334,0.1467,0.1492,0.1487,0.1478,0.711,0.1484,0.939,0.147,0.665,0.7754,0.1478,0.5234,0.4478,0.1467,0.38,0.4116,0.4043,0.7334,0.88,0.1467,0.2944,0.8506],"2":[0.07965,0.616,0.395,0.5137,0.3442,0.8447,0.3857,0.8784,0.7764,0.2554,0.8447,0.3845,0.7725,0.2554,0.6855,0.07983,0.3887,0.3652,0.3652,0.3237,0.9863,0.3442,0.6104,0.0803,0.4126,0.395,0.742,0.0805,0.8784,0.2407,0.3906,0.2156,0.619,0.711,0.6777,0.5137,0.6123,0.0805,0.3853,0.6123,0.3853,0.4126,0.619,0.7725,0.0791,0.5923,0.5923,0.8047,0.9863,0.898,0.3975,0.08105,0.9277,0.711,0.3975,0.6104,0.3906,0.742,0.08093,0.2156,0.8047,0.0801,0.898,0.3845,0.6006,0.0805,0.2407,0.5137,0.08093,0.375,0.7764,0.8535,0.8535,0.374,0.3623,0.9277,0.0797,0.6855,0.9863,0.375,0.3857,0.711,0.8047,0.0796,0.2407,0.07965,0.3237,0.3906,0.3623,0.8447,0.374,0.3887,0.07983,0.6777,0.5654,0.5654,0.07935,0.616,0.6006,0.0805],"3":[0.415,0.731,0.415,0.415,0.718,0.718,0.8564,0.158,0.907,0.675,0.633,0.641,0.633,0.4153,0.11383,0.529,0.796,0.894,0.4153,0.6885,0.4158,0.1843,0.4158,0.4155,0.4155,0.4153,0.679,0.893,0.11383,0.1365,0.746,0.1365,0.4153,0.718,0.4153,0.415,0.0467,0.4148,0.91,0.4146,0.10876,0.4146,0.739,0.0254,0.907,0.675,0.06122,0.641,0.894,0.1843,0.4146,0.746,0.4146,0.7407,0.4146,0.731,0.4146,0.6855,0.0467,0.91,0.796,0.8564,0.0254,0.91,0.06122,0.739,0.4146,0.1843,0.6934,0.158,0.746,0.4146,0.679,0.6934,0.4146,0.4146,0.916,0.4146,0.9014,0.6807,0.4146,0.916,0.7407,0.4146,0.415,0.8877,0.893,0.6855,0.415,0.415,0.8877,0.6885,0.6807,0.415,0.158,0.9014,0.10876,0.6934,0.415,0.415]}