{"5":{"(Float16(0.501), Float16(0.901))":93,"(Float16(0.000704), Float16(0.4006))":7},"56":{"(Float16(0.4995), Float16(0.8994))":100},"35":{"(Float16(0.497), Float16(0.897))":100},"55":{"(Float16(0.4973), Float16(0.8975))":100},"60":{"(Float16(0.4976), Float16(0.8975))":100},"30":{"(Float16(0.497), Float16(0.897))":100},"32":{"(Float16(0.501), Float16(0.901))":100},"6":{"(Float16(0.501), Float16(0.901))":100},"67":{"(Float16(0.501), Float16(0.901))":89,"(Float16(0.000768), Float16(0.401))":11},"45":{"(Float16(0.501), Float16(0.901))":100},"73":{"(Float16(0.4995), Float16(0.8994))":100},"64":{"(Float16(0.002144), Float16(0.402))":6,"(Float16(0.501), Float16(0.901))":94},"90":{"(Float16(0.498), Float16(0.898))":100},"4":{"(Float16(0.4976), Float16(0.8975))":100},"13":{"(Float16(0.501), Float16(0.901))":87,"(Float16(0.000521), Float16(0.4006))":13},"54":{"(Float16(0.998), Float16(1.398))":14,"(Float16(0.4985), Float16(0.8984))":86},"63":{"(Float16(0.998), Float16(1.398))":16,"(Float16(0.499), Float16(0.899))":84},"86":{"(Float16(0.501), Float16(0.901))":91,"(Float16(0.001047), Float16(0.4011))":9},"91":{"(Float16(0.501), Float16(0.901))":83,"(Float16(0.0004487), Float16(0.4004))":17},"62":{"(Float16(0.501), Float16(0.901))":100},"58":{"(Float16(0.998), Float16(1.398))":21,"(Float16(0.4976), Float16(0.8975))":79},"52":{"(Float16(0.501), Float16(0.901))":85,"(Float16(0.0004659), Float16(0.4004))":15},"12":{"(Float16(0.4976), Float16(0.8975))":100},"28":{"(Float16(0.00101), Float16(0.4011))":10,"(Float16(0.501), Float16(0.901))":90},"75":{"(Float16(0.4976), Float16(0.8975))":100},"23":{"(Float16(0.4976), Float16(0.8975))":100},"92":{"(Float16(0.501), Float16(0.901))":100},"41":{"(Float16(0.501), Float16(0.901))":100},"43":{"(Float16(0.501), Float16(0.901))":82,"(Float16(0.00097), Float16(0.401))":18},"11":{"(Float16(0.501), Float16(0.901))":100},"36":{"(Float16(0.501), Float16(0.901))":100},"68":{"(Float16(0.501), Float16(0.901))":100},"69":{"(Float16(0.501), Float16(0.901))":100},"98":{"(Float16(0.501), Float16(0.901))":100},"82":{"(Float16(0.498), Float16(0.898))":100},"85":{"(Float16(0.4976), Float16(0.8975))":100},"39":{"(Float16(0.497), Float16(0.897))":100},"84":{"(Float16(0.501), Float16(0.901))":100},"77":{"(Float16(0.4978), Float16(0.898))":100},"7":{"(Float16(0.4976), Float16(0.8975))":100},"25":{"(Float16(0.501), Float16(0.901))":100},"95":{"(Float16(0.501), Float16(0.901))":100},"71":{"(Float16(0.497), Float16(0.897))":100},"66":{"(Float16(0.501), Float16(0.901))":100},"76":{"(Float16(0.4973), Float16(0.8975))":100},"34":{"(Float16(0.501), Float16(0.901))":100},"50":{"(Float16(0.5), Float16(0.9))":100},"59":{"(Float16(0.501), Float16(0.901))":100},"93":{"(Float16(0.501), Float16(0.901))":100},"2":{"(Float16(0.501), Float16(0.901))":100},"10":{"(Float16(0.501), Float16(0.901))":100},"18":{"(Float16(0.501), Float16(0.901))":100},"26":{"(Float16(0.501), Float16(0.901))":100},"27":{"(Float16(0.999), Float16(1.399))":23,"(Float16(0.4973), Float16(0.8975))":77},"42":{"(Float16(0.501), Float16(0.901))":100},"87":{"(Float16(0.4976), Float16(0.8975))":100},"100":{"(Float16(0.4973), Float16(0.8975))":100},"79":{"(Float16(0.501), Float16(0.901))":100},"16":{"(Float16(0.498), Float16(0.898))":100},"20":{"(Float16(0.498), Float16(0.898))":100},"81":{"(Float16(0.501), Float16(0.901))":100},"19":{"(Float16(0.501), Float16(0.901))":100},"49":{"(Float16(0.4983), Float16(0.8984))":96,"(Float16(0.996), Float16(1.396))":4},"44":{"(Float16(0.501), Float16(0.901))":89,"(Float16(0.000596), Float16(0.4006))":11},"9":{"(Float16(0.501), Float16(0.901))":100},"31":{"(Float16(0.9956), Float16(1.3955))":7,"(Float16(0.499), Float16(0.899))":93},"74":{"(Float16(0.497), Float16(0.897))":100},"61":{"(Float16(0.501), Float16(0.901))":100},"29":{"(Float16(0.501), Float16(0.901))":100},"94":{"(Float16(0.4976), Float16(0.8975))":100},"46":{"(Float16(0.5), Float16(0.9))":100},"57":{"(Float16(0.4973), Float16(0.8975))":100},"70":{"(Float16(0.497), Float16(0.897))":100},"21":{"(Float16(0.501), Float16(0.901))":100},"38":{"(Float16(0.501), Float16(0.901))":100},"88":{"(Float16(0.501), Float16(0.901))":100},"78":{"(Float16(0.501), Float16(0.901))":100},"72":{"(Float16(0.501), Float16(0.901))":100},"24":{"(Float16(0.5), Float16(0.9))":90,"(Float16(0.0008254), Float16(0.401))":10},"8":{"(Float16(0.501), Float16(0.901))":100},"17":{"(Float16(0.4976), Float16(0.8975))":100},"37":{"(Float16(0.501), Float16(0.901))":100},"1":{"(Float16(0.4995), Float16(0.8994))":100},"53":{"(Float16(0.5), Float16(0.9))":100},"22":{"(Float16(0.501), Float16(0.901))":100},"47":{"(Float16(0.501), Float16(0.901))":100},"83":{"(Float16(0.4973), Float16(0.8975))":100},"99":{"(Float16(0.501), Float16(0.901))":100},"89":{"(Float16(0.5), Float16(0.9))":100},"14":{"(Float16(0.501), Float16(0.901))":85,"(Float16(0.0004869), Float16(0.4004))":15},"3":{"(Float16(0.501), Float16(0.901))":100},"80":{"(Float16(0.501), Float16(0.901))":100},"96":{"(Float16(0.498), Float16(0.898))":100},"51":{"(Float16(0.4978), Float16(0.898))":100},"33":{"(Float16(0.4978), Float16(0.898))":100},"40":{"(Float16(0.501), Float16(0.901))":100},"48":{"(Float16(0.501), Float16(0.901))":91,"(Float16(0.000998), Float16(0.401))":9},"15":{"(Float16(0.501), Float16(0.901))":100},"65":{"(Float16(0.501), Float16(0.901))":100},"97":{"(Float16(0.501), Float16(0.901))":100}}