{"5":{"(Float16(0.0791), Float16(0.479))":2,"(Float16(0.5566), Float16(0.9565))":98},"56":{"(Float16(0.0381), Float16(0.438))":2,"(Float16(0.543), Float16(0.943))":98},"35":{"(Float16(0.475), Float16(0.875))":100},"55":{"(Float16(0.502), Float16(0.902))":100},"60":{"(Float16(0.502), Float16(0.902))":100},"30":{"(Float16(0.536), Float16(0.936))":100},"32":{"(Float16(0.5293), Float16(0.929))":100},"6":{"(Float16(0.4653), Float16(0.865))":100},"67":{"(Float16(0.5186), Float16(0.9185))":100},"45":{"(Float16(0.5283), Float16(0.928))":100},"73":{"(Float16(0.4897), Float16(0.8896))":97,"(Float16(0.966), Float16(1.366))":3},"64":{"(Float16(0.5186), Float16(0.9185))":100},"90":{"(Float16(0.4624), Float16(0.8623))":99,"(Float16(0.949), Float16(1.35))":1},"4":{"(Float16(0.479), Float16(0.879))":100},"13":{"(Float16(0.009636), Float16(0.4097))":2,"(Float16(0.4766), Float16(0.8765))":98},"54":{"(Float16(0.5283), Float16(0.928))":100},"63":{"(Float16(0.538), Float16(0.938))":98,"(Float16(0.010124), Float16(0.4102))":2},"86":{"(Float16(0.5215), Float16(0.9214))":100},"91":{"(Float16(0.06934), Float16(0.4692))":1,"(Float16(0.4937), Float16(0.8936))":99},"62":{"(Float16(0.532), Float16(0.932))":100},"58":{"(Float16(0.907), Float16(1.308))":1,"(Float16(0.456), Float16(0.856))":99},"52":{"(Float16(0.4993), Float16(0.8994))":100},"12":{"(Float16(0.1205), Float16(0.5205))":2,"(Float16(0.54), Float16(0.94))":98},"28":{"(Float16(0.5225), Float16(0.9224))":100},"75":{"(Float16(0.4888), Float16(0.8887))":100},"23":{"(Float16(0.4336), Float16(0.8335))":100},"92":{"(Float16(0.5156), Float16(0.9155))":100},"41":{"(Float16(0.5283), Float16(0.928))":100},"43":{"(Float16(0.4565), Float16(0.8564))":100},"11":{"(Float16(0.4836), Float16(0.884))":100},"36":{"(Float16(0.535), Float16(0.935))":100},"68":{"(Float16(0.4785), Float16(0.8784))":100},"69":{"(Float16(0.4856), Float16(0.8857))":100},"98":{"(Float16(0.02116), Float16(0.4211))":6,"(Float16(0.5996), Float16(0.9995))":94},"82":{"(Float16(0.5205), Float16(0.9204))":100},"85":{"(Float16(0.511), Float16(0.911))":100},"39":{"(Float16(0.0672), Float16(0.4673))":1,"(Float16(0.508), Float16(0.9077))":99},"84":{"(Float16(0.07227), Float16(0.4722))":4,"(Float16(0.535), Float16(0.935))":96},"77":{"(Float16(0.5205), Float16(0.9204))":97,"(Float16(0.07983), Float16(0.4797))":3},"7":{"(Float16(0.4858), Float16(0.8857))":100},"25":{"(Float16(0.551), Float16(0.9507))":99,"(Float16(0.08093), Float16(0.481))":1},"95":{"(Float16(0.48), Float16(0.88))":100},"71":{"(Float16(0.872), Float16(1.272))":2,"(Float16(0.4292), Float16(0.829))":98},"66":{"(Float16(0.503), Float16(0.903))":100},"76":{"(Float16(0.479), Float16(0.879))":100},"34":{"(Float16(0.4888), Float16(0.8887))":100},"50":{"(Float16(0.9785), Float16(1.379))":1,"(Float16(0.4717), Float16(0.8716))":99},"59":{"(Float16(0.0165), Float16(0.4165))":1,"(Float16(0.5127), Float16(0.9126))":99},"93":{"(Float16(0.5205), Float16(0.9204))":100},"2":{"(Float16(0.502), Float16(0.902))":100},"10":{"(Float16(0.501), Float16(0.901))":100},"18":{"(Float16(0.5186), Float16(0.9185))":98,"(Float16(0.06915), Float16(0.4692))":2},"26":{"(Float16(0.4697), Float16(0.8696))":100},"27":{"(Float16(0.7915), Float16(1.191))":13,"(Float16(0.3755), Float16(0.7754))":87},"42":{"(Float16(0.4941), Float16(0.894))":100},"87":{"(Float16(0.4348), Float16(0.835))":100},"100":{"(Float16(0.495), Float16(0.895))":100},"79":{"(Float16(0.4814), Float16(0.8813))":99,"(Float16(0.05576), Float16(0.4558))":1},"16":{"(Float16(0.5225), Float16(0.9224))":100},"20":{"(Float16(0.5146), Float16(0.9146))":100},"81":{"(Float16(0.8955), Float16(1.296))":2,"(Float16(0.4583), Float16(0.8584))":98},"19":{"(Float16(0.4663), Float16(0.866))":97,"(Float16(0.95), Float16(1.351))":3},"49":{"(Float16(0.4766), Float16(0.8765))":100},"44":{"(Float16(0.547), Float16(0.947))":97,"(Float16(0.12), Float16(0.52))":3},"9":{"(Float16(0.4011), Float16(0.8013))":100},"31":{"(Float16(0.5225), Float16(0.9224))":100},"74":{"(Float16(0.4604), Float16(0.8604))":100},"61":{"(Float16(0.484), Float16(0.884))":100},"29":{"(Float16(0.4736), Float16(0.8735))":100},"94":{"(Float16(0.4932), Float16(0.893))":100},"46":{"(Float16(0.4731), Float16(0.873))":100},"57":{"(Float16(0.501), Float16(0.901))":100},"70":{"(Float16(0.1306), Float16(0.531))":2,"(Float16(0.5586), Float16(0.9585))":98},"21":{"(Float16(0.04718), Float16(0.4473))":3,"(Float16(0.549), Float16(0.9487))":97},"38":{"(Float16(0.496), Float16(0.896))":100},"88":{"(Float16(0.4814), Float16(0.8813))":100},"78":{"(Float16(0.9746), Float16(1.375))":1,"(Float16(0.06714), Float16(0.467))":1,"(Float16(0.4944), Float16(0.8945))":98},"72":{"(Float16(0.4868), Float16(0.8867))":100},"24":{"(Float16(0.5), Float16(0.9))":100},"8":{"(Float16(0.5146), Float16(0.9146))":100},"17":{"(Float16(0.4014), Float16(0.8013))":91,"(Float16(0.83), Float16(1.23))":9},"37":{"(Float16(0.4834), Float16(0.8833))":100},"1":{"(Float16(0.508), Float16(0.9077))":100},"53":{"(Float16(0.0654), Float16(0.4653))":2,"(Float16(0.5156), Float16(0.9155))":98},"22":{"(Float16(0.509), Float16(0.9087))":100},"47":{"(Float16(0.51), Float16(0.9097))":100},"83":{"(Float16(0.5186), Float16(0.9185))":99,"(Float16(0.014694), Float16(0.4148))":1},"99":{"(Float16(0.4849), Float16(0.885))":100},"89":{"(Float16(0.4912), Float16(0.891))":100},"14":{"(Float16(0.51), Float16(0.9097))":98,"(Float16(0.958), Float16(1.358))":2},"3":{"(Float16(0.5093), Float16(0.909))":100},"80":{"(Float16(0.5156), Float16(0.9155))":100},"96":{"(Float16(0.482), Float16(0.882))":100},"51":{"(Float16(0.474), Float16(0.874))":100},"33":{"(Float16(0.11176), Float16(0.5117))":1,"(Float16(0.55), Float16(0.9497))":99},"40":{"(Float16(0.4526), Float16(0.8525))":100},"48":{"(Float16(0.00497), Float16(0.405))":1,"(Float16(0.4805), Float16(0.8804))":99},"15":{"(Float16(0.542), Float16(0.942))":100},"65":{"(Float16(0.9106), Float16(1.311))":1,"(Float16(0.4536), Float16(0.8535))":99},"97":{"(Float16(0.4531), Float16(0.853))":100}}