{"1":[0.797,0.5,0.05054,0.797,0.797,0.5,0.5,0.5,0.5,0.2441,0.797,0.3213,0.797,0.05005,0.345,0.289,0.95,0.6094,0.5,0.3074,0.797,0.0501,0.05026,0.5,0.797,0.2441,0.5,0.5,0.6094,0.05072,0.05017,0.5,0.1892,0.2186,0.5,0.2325,0.05008,0.5,0.05075,0.05054,0.797,0.5,0.797,0.5,0.797,0.797,0.2325,0.95,0.5,0.5,0.345,0.797,0.3074,0.95,0.5,0.05005,0.95,0.95,0.797,0.5,0.95,0.5,0.05005,0.5,0.5,0.5,0.797,0.797,0.3213,0.1743,0.6094,0.1743,0.05005,0.05075,0.6094,0.797,0.95,0.2034,0.95,0.95,0.5,0.5,0.5,0.95,0.2186,0.289,0.05002,0.5,0.95,0.5,0.5,0.5,0.3135,0.797,0.95,0.5,0.3135,0.5,0.2034,0.1892],"2":[0.5,0.05,0.05,0.5,0.95,0.95,0.7793,0.5,0.2527,0.6494,0.5,0.95,0.6504,0.793,0.05,0.6494,0.6465,0.05,0.2483,0.2578,0.5,0.95,0.95,0.95,0.5,0.7793,0.7983,0.5,0.6284,0.5,0.2563,0.95,0.05,0.05,0.5,0.5,0.2754,0.95,0.5,0.5,0.5,0.6284,0.2563,0.5,0.807,0.295,0.295,0.2793,0.05,0.5,0.6523,0.5,0.7495,0.2527,0.2382,0.5,0.5,0.7793,0.5,0.6504,0.5,0.7793,0.05,0.05,0.05,0.95,0.2382,0.05,0.05,0.7983,0.7793,0.2483,0.05,0.95,0.7886,0.5,0.807,0.5,0.5,0.05,0.5,0.2578,0.784,0.793,0.05,0.95,0.5,0.784,0.7886,0.05,0.6465,0.2578,0.2793,0.6523,0.5,0.2754,0.95,0.7495,0.05,0.05],"3":[0.698,0.5,0.323,0.698,0.83,0.352,0.95,0.95,0.5,0.1769,0.3115,0.2019,0.95,0.5,0.3115,0.698,0.05,0.5,0.698,0.5,0.177,0.698,0.698,0.698,0.05,0.95,0.05,0.2622,0.1724,0.352,0.3047,0.5,0.95,0.83,0.698,0.698,0.5,0.5,0.1656,0.5,0.5,0.1769,0.05,0.5,0.95,0.95,0.95,0.5,0.698,0.2019,0.2444,0.5,0.5,0.698,0.8315,0.05,0.05,0.698,0.698,0.95,0.05,0.698,0.698,0.5,0.6987,0.95,0.1724,0.95,0.5,0.699,0.5,0.1656,0.95,0.5,0.699,0.05,0.699,0.05,0.699,0.3047,0.95,0.323,0.6987,0.698,0.698,0.5,0.05,0.5,0.95,0.5,0.2444,0.5,0.177,0.05,0.5,0.2622,0.5,0.698,0.05,0.5]}