{"5":{"(Float16(0.0005455), Float16(0.3005))":46,"(Float16(0.7207), Float16(1.0205))":54},"56":{"(Float16(1.25e-6), Float16(0.3))":41,"(Float16(0.752), Float16(1.052))":59},"35":{"(Float16(0.6523), Float16(0.952))":63,"(Float16(0.000575), Float16(0.3005))":37},"55":{"(Float16(0.0003986), Float16(0.3003))":39,"(Float16(0.6904), Float16(0.99))":61},"60":{"(Float16(1.097e-5), Float16(0.3))":44,"(Float16(0.669), Float16(0.9688))":56},"30":{"(Float16(0.9375), Float16(1.237))":14,"(Float16(0.0005636), Float16(0.3005))":42,"(Float16(0.5566), Float16(0.8564))":44},"32":{"(Float16(0.665), Float16(0.965))":70,"(Float16(0.0001612), Float16(0.3))":30},"6":{"(Float16(0.7207), Float16(1.0205))":48,"(Float16(0.000359), Float16(0.3003))":52},"67":{"(Float16(0.0001436), Float16(0.3))":34,"(Float16(0.663), Float16(0.963))":66},"45":{"(Float16(0.6006), Float16(0.9004))":69,"(Float16(6.81e-5), Float16(0.3))":31},"73":{"(Float16(6.38e-5), Float16(0.3))":39,"(Float16(0.711), Float16(1.011))":61},"64":{"(Float16(5.0e-6), Float16(0.3))":33,"(Float16(0.6426), Float16(0.9424))":67},"90":{"(Float16(0.744), Float16(1.044))":57,"(Float16(1.1e-6), Float16(0.3))":43},"4":{"(Float16(0.619), Float16(0.919))":73,"(Float16(3.82e-5), Float16(0.3))":27},"13":{"(Float16(8.01e-5), Float16(0.3))":32,"(Float16(0.671), Float16(0.9707))":68},"54":{"(Float16(0.000339), Float16(0.3003))":30,"(Float16(0.6816), Float16(0.9814))":70},"63":{"(Float16(0.0001785), Float16(0.3003))":27,"(Float16(0.591), Float16(0.8906))":73},"86":{"(Float16(0.713), Float16(1.013))":65,"(Float16(1.75e-5), Float16(0.3))":35},"91":{"(Float16(0.7197), Float16(1.02))":73,"(Float16(0.0003004), Float16(0.3003))":27},"62":{"(Float16(0.6963), Float16(0.996))":67,"(Float16(1.824e-5), Float16(0.3))":33},"58":{"(Float16(0.0002947), Float16(0.3003))":43,"(Float16(0.743), Float16(1.043))":57},"52":{"(Float16(0.6797), Float16(0.9795))":59,"(Float16(0.0005207), Float16(0.3005))":41},"12":{"(Float16(0.6523), Float16(0.952))":71,"(Float16(2.4e-7), Float16(0.3))":29},"28":{"(Float16(9.46e-5), Float16(0.3))":38,"(Float16(0.657), Float16(0.957))":62},"75":{"(Float16(0.000424), Float16(0.3005))":43,"(Float16(0.6387), Float16(0.9385))":57},"23":{"(Float16(0.000508), Float16(0.3005))":40,"(Float16(0.5947), Float16(0.8945))":60},"92":{"(Float16(0.000466), Float16(0.3005))":61,"(Float16(0.8057), Float16(1.105))":39},"41":{"(Float16(3.19e-5), Float16(0.3))":42,"(Float16(0.7383), Float16(1.038))":58},"43":{"(Float16(0.00010294), Float16(0.3))":47,"(Float16(0.7305), Float16(1.03))":53},"11":{"(Float16(0.0003476), Float16(0.3003))":32,"(Float16(0.674), Float16(0.9736))":68},"36":{"(Float16(5.853e-5), Float16(0.3))":36,"(Float16(0.7295), Float16(1.029))":64},"68":{"(Float16(0.6543), Float16(0.954))":70,"(Float16(0.000187), Float16(0.3003))":30},"69":{"(Float16(0.658), Float16(0.958))":70,"(Float16(0.0005054), Float16(0.3005))":30},"98":{"(Float16(6.01e-5), Float16(0.3))":34,"(Float16(0.634), Float16(0.9336))":66},"82":{"(Float16(0.7197), Float16(1.02))":50,"(Float16(0.000349), Float16(0.3003))":50},"85":{"(Float16(0.6084), Float16(0.908))":66,"(Float16(2.2e-6), Float16(0.3))":34},"39":{"(Float16(0.673), Float16(0.9727))":58,"(Float16(0.0001206), Float16(0.3))":42},"84":{"(Float16(0.0002863), Float16(0.3003))":57,"(Float16(0.747), Float16(1.047))":43},"77":{"(Float16(0.0002956), Float16(0.3003))":46,"(Float16(0.7217), Float16(1.021))":54},"7":{"(Float16(4.54e-5), Float16(0.3))":43,"(Float16(0.662), Float16(0.962))":57},"25":{"(Float16(0.0003169), Float16(0.3003))":59,"(Float16(0.784), Float16(1.084))":41},"95":{"(Float16(0.0001405), Float16(0.3))":37,"(Float16(0.703), Float16(1.003))":63},"71":{"(Float16(0.00017), Float16(0.3))":43,"(Float16(0.714), Float16(1.014))":57},"66":{"(Float16(0.0001011), Float16(0.3))":34,"(Float16(0.5957), Float16(0.8955))":66},"76":{"(Float16(0.661), Float16(0.961))":65,"(Float16(8.1e-6), Float16(0.3))":35},"34":{"(Float16(1.0e-7), Float16(0.3))":23,"(Float16(0.6387), Float16(0.9385))":77},"50":{"(Float16(4.005e-5), Float16(0.3))":27,"(Float16(0.62), Float16(0.92))":73},"59":{"(Float16(0.0003874), Float16(0.3003))":38,"(Float16(0.6807), Float16(0.9805))":62},"93":{"(Float16(9.5e-5), Float16(0.3))":29,"(Float16(0.677), Float16(0.9766))":71},"2":{"(Float16(0.000392), Float16(0.3003))":37,"(Float16(0.718), Float16(1.018))":63},"10":{"(Float16(0.0003397), Float16(0.3003))":43,"(Float16(0.666), Float16(0.966))":57},"18":{"(Float16(0.699), Float16(0.999))":53,"(Float16(0.0006084), Float16(0.3005))":47},"26":{"(Float16(0.0002613), Float16(0.3003))":40,"(Float16(0.708), Float16(1.008))":60},"27":{"(Float16(0.6807), Float16(0.9805))":66,"(Float16(0.0002644), Float16(0.3003))":34},"42":{"(Float16(1.92e-5), Float16(0.3))":28,"(Float16(0.628), Float16(0.9277))":72},"87":{"(Float16(0.6475), Float16(0.9473))":72,"(Float16(8.0e-7), Float16(0.3))":28},"100":{"(Float16(0.7217), Float16(1.021))":56,"(Float16(6.104e-5), Float16(0.3))":44},"79":{"(Float16(0.632), Float16(0.9316))":69,"(Float16(0.0002828), Float16(0.3003))":31},"16":{"(Float16(4.16e-5), Float16(0.3))":29,"(Float16(0.626), Float16(0.926))":71},"20":{"(Float16(3.6e-7), Float16(0.3))":20,"(Float16(0.624), Float16(0.924))":80},"81":{"(Float16(0.6855), Float16(0.9854))":57,"(Float16(4.447e-5), Float16(0.3))":43},"19":{"(Float16(4.11e-5), Float16(0.3))":37,"(Float16(0.7344), Float16(1.034))":63},"49":{"(Float16(0.698), Float16(0.998))":63,"(Float16(3.1e-5), Float16(0.3))":37},"44":{"(Float16(0.63), Float16(0.9297))":59,"(Float16(0.000359), Float16(0.3003))":41},"9":{"(Float16(0.0003748), Float16(0.3003))":53,"(Float16(0.748), Float16(1.048))":47},"31":{"(Float16(0.6836), Float16(0.9834))":60,"(Float16(1.156e-5), Float16(0.3))":40},"74":{"(Float16(0.000452), Float16(0.3005))":38,"(Float16(0.628), Float16(0.9277))":62},"61":{"(Float16(0.0004056), Float16(0.3003))":41,"(Float16(0.7197), Float16(1.02))":59},"29":{"(Float16(0.000578), Float16(0.3005))":42,"(Float16(0.7246), Float16(1.024))":58},"94":{"(Float16(8.3e-6), Float16(0.3))":41,"(Float16(0.704), Float16(1.004))":59},"46":{"(Float16(0.000345), Float16(0.3003))":49,"(Float16(0.7295), Float16(1.029))":51},"57":{"(Float16(0.755), Float16(1.055))":53,"(Float16(0.0003593), Float16(0.3003))":47},"70":{"(Float16(0.6865), Float16(0.9863))":60,"(Float16(0.0001376), Float16(0.3))":40},"21":{"(Float16(0.633), Float16(0.9326))":69,"(Float16(0.0001545), Float16(0.3))":31},"38":{"(Float16(0.708), Float16(1.008))":50,"(Float16(0.0003502), Float16(0.3003))":50},"88":{"(Float16(0.753), Float16(1.053))":47,"(Float16(0.0002376), Float16(0.3003))":53},"78":{"(Float16(0.6523), Float16(0.952))":65,"(Float16(7.37e-5), Float16(0.3))":35},"72":{"(Float16(6.855e-5), Float16(0.3))":35,"(Float16(0.6016), Float16(0.9014))":65},"24":{"(Float16(0.0002623), Float16(0.3003))":30,"(Float16(0.576), Float16(0.876))":70},"8":{"(Float16(0.6064), Float16(0.9062))":69,"(Float16(1.0e-7), Float16(0.3))":31},"17":{"(Float16(0.0001705), Float16(0.3))":45,"(Float16(0.635), Float16(0.9346))":55},"37":{"(Float16(6.05e-5), Float16(0.3))":28,"(Float16(0.6846), Float16(0.9844))":72},"1":{"(Float16(0.6006), Float16(0.9004))":68,"(Float16(8.8e-6), Float16(0.3))":32},"53":{"(Float16(0.000495), Float16(0.3005))":41,"(Float16(0.6816), Float16(0.9814))":59},"22":{"(Float16(0.0002947), Float16(0.3003))":52,"(Float16(0.7734), Float16(1.073))":48},"47":{"(Float16(0.6865), Float16(0.9863))":62,"(Float16(5.98e-5), Float16(0.3))":38},"83":{"(Float16(0.755), Float16(1.055))":60,"(Float16(0.0006394), Float16(0.3005))":40},"99":{"(Float16(1.895e-5), Float16(0.3))":37,"(Float16(0.657), Float16(0.957))":63},"89":{"(Float16(0.618), Float16(0.918))":65,"(Float16(3.6e-7), Float16(0.3))":35},"14":{"(Float16(0.6357), Float16(0.9355))":61,"(Float16(3.0e-7), Float16(0.3))":39},"3":{"(Float16(0.622), Float16(0.922))":65,"(Float16(0.0004244), Float16(0.3005))":35},"80":{"(Float16(4.3e-6), Float16(0.3))":34,"(Float16(0.7236), Float16(1.023))":66},"96":{"(Float16(0.000566), Float16(0.3005))":33,