{"5":[0.57,0.5693,0.5693,0.5693,0.57,0.5693,0.5693,0.569,0.5703,0.5703,0.5693,0.5693,0.57,0.5693,0.57,0.569,0.5684,0.5693,0.57,0.5703,0.5693,0.569,0.5693,0.5693,0.5693,0.5693,0.5693,0.57,0.5703,0.569,0.5703,0.57,0.5693,0.5693,0.5703,0.5693,0.5703,0.569,0.5693,0.5693,0.5693,0.5693,0.5693,0.57,0.5693,0.57,0.57,0.5693,0.5693,0.5693,0.5693,0.57,0.569,0.5684,0.5693,0.5693,0.5693,0.5693,0.5693,0.5693,0.57,0.5693,0.5703,0.5703,0.5703,0.569,0.5693,0.5693,0.5693,0.5684,0.5693,0.5693,0.5693,0.5693,0.5693,0.5693,0.5693,0.5693,0.5693,0.569,0.5693,0.5693,0.57,0.5693,0.5693,0.569,0.569,0.569,0.5693,0.5693,0.5693,0.5693,0.5703,0.57,0.5693,0.569,0.5703,0.5693,0.569,0.5693],"4":[0.001179,0.001282,0.00095,0.001308,0.001337,0.001383,0.001331,0.001333,0.0010195,0.001282,0.001215,0.001248,0.001404,0.001299,0.001161,0.001343,0.001299,0.001227,0.000598,0.00123,0.001265,0.001106,0.001211,0.001326,0.001242,0.001025,0.001371,0.001293,0.001465,0.001117,0.000636,0.000463,0.001248,0.001305,0.001386,0.001291,0.00143,0.0007253,0.001272,0.00131,0.001345,0.001325,0.001278,0.001278,0.001276,0.001355,0.001179,0.001277,0.001358,0.001354,0.001228,0.001259,0.001185,0.001335,0.00129,0.001359,0.00136,0.001372,0.0006857,0.001356,0.000997,0.001143,0.001305,0.001371,0.001248,0.001141,0.000678,0.001278,0.001368,0.001336,0.00123,0.000684,0.001355,0.001333,0.001325,0.001337,0.001383,0.001143,0.000641,0.001228,0.001291,0.0013275,0.000997,0.001181,0.001211,0.001192,0.0010195,0.001358,0.00129,0.00124,0.0006323,0.000497,0.001123,0.0013075,0.001248,0.001192,0.001215,0.001278,0.001259,0.001242],"6":[0.0015335,0.001571,0.001731,0.001759,0.001589,0.001594,0.00141,0.001476,0.001581,0.001665,0.001326,0.00161,0.001457,0.001246,0.001553,0.0015335,0.001483,0.001343,0.001668,0.000862,0.001768,0.001551,0.001482,0.001591,0.001013,0.001741,0.001757,0.000839,0.00154,0.0012245,0.0012245,0.00158,0.001522,0.00175,0.001598,0.001575,0.001482,0.001462,0.001521,0.001436,0.001278,0.001109,0.00131,0.001664,0.001278,0.001345,0.001246,0.001307,0.0007415,0.001551,0.001021,0.001556,0.001571,0.001156,0.001768,0.0012665,0.0012245,0.001389,0.001446,0.001123,0.001457,0.001331,0.001616,0.001343,0.001572,0.001165,0.001612,0.001109,0.0009727,0.001707,0.001276,0.00161,0.001677,0.001412,0.00145,0.000638,0.001553,0.001741,0.001326,0.001013,0.0004864,0.001446,0.001453,0.0006943,0.000725,0.001534,0.001731,0.0005827,0.001551,0.001412,0.0012245,0.00161,0.001462,0.001521,0.00161,0.001677,0.001581,0.001668,0.001522,0.001589],"7":[0.0015545,0.001711,0.001568,0.001812,0.001467,0.00146,0.001366,0.001558,0.001708,0.001794,0.001733,0.0008736,0.001065,0.001661,0.001465,0.001791,0.001756,0.001532,0.001313,0.001568,0.001799,0.001634,0.0017605,0.0016575,0.001673,0.001496,0.001423,0.001738,0.00158,0.001383,0.001663,0.001477,0.00173,0.001814,0.00178,0.0016775,0.001383,0.001797,0.001579,0.001699,0.001654,0.001345,0.001751,0.001585,0.001518,0.001251,0.001751,0.001756,0.001025,0.001775,0.001728,0.001298,0.001435,0.00073,0.001767,0.0008917,0.001634,0.001481,0.001423,0.000863,0.001601,0.001794,0.001025,0.001707,0.0017805,0.001638,0.001734,0.001812,0.0007334,0.0015545,0.0007405,0.0016575,0.001222,0.001707,0.001222,0.001576,0.001797,0.001326,0.0016365,0.001718,0.001645,0.001568,0.001545,0.0016775,0.001751,0.001822,0.001471,0.0007176,0.000867,0.001378,0.001233,0.001576,0.001625,0.001465,0.0007353,0.00167,0.0016575,0.001718,0.001767,0.00167],"2":[0.00157,0.001593,0.001496,0.000763,0.001528,0.001641,0.001639,0.001583,0.000807,0.0016365,0.001589,0.001641,0.001608,0.001537,0.001446,0.001534,0.001148,0.001572,0.001545,0.001523,0.001528,0.001501,0.001495,0.001091,0.001242,0.001275,0.001533,0.000594,0.0015335,0.001492,0.001131,0.001612,0.00132,0.001193,0.001537,0.00149,0.001354,0.001482,0.00157,0.00148,0.0012865,0.001549,0.001572,0.001581,0.00151,0.001534,0.001585,0.000593,0.001594,0.001501,0.001444,0.001547,0.001568,0.001549,0.001053,0.00164,0.001511,0.001376,0.001542,0.0014305,0.001242,0.001495,0.001438,0.001311,0.001471,0.001572,0.001275,0.001131,0.001413,0.001533,0.001563,0.001605,0.001549,0.001438,0.0008035,0.0016,0.001545,0.00156,0.001378,0.001621,0.001529,0.00148,0.001547,0.001549,0.001343,0.001421,0.001621,0.001421,0.000683,0.001471,0.001572,0.001529,0.001378,0.000574,0.00151,0.0012865,0.001444,0.00156,0.0014305,0.001193],"10":[0.001839,0.001724,0.001726,0.001724,0.001832,0.001796,0.001724,0.001835,0.001624,0.001759,0.001794,0.001833,0.00198,0.001799,0.001963,0.001871,0.001825,0.001835,0.001888,0.001734,0.001825,0.001671,0.001606,0.001812,0.001671,0.001755,0.001815,0.001932,0.001587,0.001833,0.001715,0.001478,0.001876,0.001872,0.001693,0.001286,0.0018015,0.001778,0.001508,0.001425,0.001623,0.001751,0.001775,0.001701,0.001778,0.001919,0.00198,0.001876,0.00136,0.001724,0.001623,0.001932,0.001829,0.001804,0.001854,0.000916,0.001703,0.001778,0.001857,0.001932,0.001724,0.000904,0.001827,0.001862,0.001715,0.001917,0.001832,0.001827,0.001606,0.0012045,0.001435,0.001862,0.001804,0.001778,0.001718,0.0018425,0.001587,0.001619,0.001634,0.001775,0.00118,0.001917,0.001758,0.001815,0.0008774,0.001601,0.00144,0.001652,0.001778,0.0008097,0.001508,0.001654,0.001689,0.001726,0.001862,0.00118,0.001825,0.0012045,0.001857,0.001829],"9":[0.00152,0.001616,0.0011425,0.00152,0.001037,0.00136,0.001596,0.001152,0.001366,0.001394,0.001437,0.0013485,0.001191,0.0006156,0.00131,0.001495,0.001562,0.001539,0.001666,0.001542,0.001585,0.0014515,0.001207,0.001542,0.001419,0.0013075,0.001504,0.001663,0.001568,0.00152,0.001378,0.001417,0.001617,0.001432,0.001537,0.001563,0.001411,0.0007477,0.001502,0.001156,0.001264,0.001352,0.001537,0.0007687,0.001562,0.001236,0.00131,0.001308,0.001427,0.001498,0.001412,0.00127,0.001459,0.001236,0.001326,0.00153,0.000731,0.001437,0.001081,0.001545,0.001455,0.001486,0.001416,0.001308,0.000697,0.001487,0.001196,0.001509,0.001539,0.001539,0.001502,0.001675,0.001081,0.001604,0.001331,0.001366,0.001114,0.001352,0.0007014,0.001037,0.001189,0.001548,0.0007296,0.001476,0.001542,0.001487,0.001152,0.0011425,0.001191,0.00136,0.001411,0.001666,0.001509,0.001417,0.001412,0.001326,0.001545,0.001264,0.001476,0.000752],"8":[0.541,0.541,0.541,0.541,0.543,0.5425,0.542,0.543,0.5425,0.542,0.542,0.5415,0.541,0.541,0.541,0.543,0.5405,0.543,0.541,0.5415,0.542,0.542,0.542,0.5425,0.5415,0.542,0.542,0.5425,0.5415,0.542,0.542,0.541,0.5425,0.5415,0.5415,0.542,0.541,0.5415,0.542,0.542,0.542,0.5415,0.542,0.541,0.541,0.542,0.541,0.542,0.542,0.542,0.5415,0.542,0.5425,0.541,0.542,0.543,0.541,0.541,0.5425,0.542,0.542,0.541,0.541,0.541,0.5425,0.542,0.5415,0.541,0.542,0.542,0.5415,0.542,0.541,0.5415,0.5415,0.542,0.5415,0.542,0.542,0.542,0.5405,0.541,0.542,0.541,0.542,0.542,0.542,0.542,0.541,0.5415,0.541,0.542,0.5415,0.5415,0.5415,0.542,0.542,0.542,0.5415,0.541],"3":[0.001054,0.001392,0.00144,0.001262,0.001393,0.001495,0.001309,0.001434,0.001347,0.001094,0.001507,0.00141,0.001358,0.001344,0.0009093,0.001063,0.001037,0.001144,0.001015,0.001205,0.001432,0.001322,0.001505,0.001423,0.001389,0.001322,0.001135,0.001322,0.00093,0.001307,0.001173,0.001123,0.001194,0.00119,0.001315,0.001484,0.001393,0.00136,0.001318,0.001368,0.001473,0.0014515,0.001129,0.00135,0.001333,0.001379,0.001438,0.001175,0.001408,0.0005503,0.001309,0.001423,0.001373,0.001266,0.00136,0.00144,0.001371,0.001527,0.001528,0.001406,0.001411,0.001507,0.001136,0.001281,0.001343,0.001449,0.001392,0.001438,0.001057,0.001355,0.001251,0.001366,0.001408,0.001331,0.001496,0.001266,0.000675,0.001411,0.001333,0.00141,0.9917,0.001026,0.001094,0.001054,0.001135,0.001037,0.001368,0.0006866,0.001322,0.0005283,0.001411,0.001123,0.001135,0.001132,0.0005074,0.001026,0.000566,0.001337,0.001371,0.001432],