{"5":{"(Float16(0.2019), Float16(0.4019))":56,"(Float16(0.6836), Float16(0.884))":44},"56":{"(Float16(0.1847), Float16(0.3848))":38,"(Float16(0.507), Float16(0.707))":7,"(Float16(0.7285), Float16(0.9287))":55},"35":{"(Float16(0.869), Float16(1.069))":13,"(Float16(0.2231), Float16(0.423))":52,"(Float16(0.618), Float16(0.8184))":35},"55":{"(Float16(0.757), Float16(0.957))":48,"(Float16(0.2622), Float16(0.4622))":52},"60":{"(Float16(0.836), Float16(1.036))":24,"(Float16(0.1388), Float16(0.3389))":33,"(Float16(0.5444), Float16(0.7446))":43},"30":{"(Float16(0.743), Float16(0.9434))":58,"(Float16(0.2268), Float16(0.4268))":42},"32":{"(Float16(0.2612), Float16(0.4612))":61,"(Float16(0.7383), Float16(0.9385))":39},"6":{"(Float16(0.09656), Float16(0.2966))":12,"(Float16(0.3604), Float16(0.5605))":45,"(Float16(0.7764), Float16(0.9766))":43},"67":{"(Float16(0.508), Float16(0.708))":33,"(Float16(0.841), Float16(1.041))":33,"(Float16(0.185), Float16(0.385))":34},"45":{"(Float16(0.7754), Float16(0.9756))":46,"(Float16(0.2925), Float16(0.4924))":54},"73":{"(Float16(0.2433), Float16(0.4434))":49,"(Float16(0.7705), Float16(0.9707))":51},"64":{"(Float16(0.1462), Float16(0.3462))":37,"(Float16(0.693), Float16(0.893))":63},"90":{"(Float16(0.1409), Float16(0.3408))":14,"(Float16(0.4507), Float16(0.651))":46,"(Float16(0.797), Float16(0.997))":40},"4":{"(Float16(0.2837), Float16(0.4836))":62,"(Float16(0.831), Float16(1.031))":38},"13":{"(Float16(0.752), Float16(0.952))":49,"(Float16(0.2666), Float16(0.4666))":51},"54":{"(Float16(0.674), Float16(0.874))":63,"(Float16(0.2161), Float16(0.416))":37},"63":{"(Float16(0.3208), Float16(0.521))":64,"(Float16(0.8145), Float16(1.015))":36},"86":{"(Float16(0.3203), Float16(0.5205))":60,"(Float16(0.8047), Float16(1.005))":40},"91":{"(Float16(0.662), Float16(0.8623))":68,"(Float16(0.1338), Float16(0.3337))":32},"62":{"(Float16(0.4385), Float16(0.6387))":38,"(Float16(0.1865), Float16(0.3865))":23,"(Float16(0.8037), Float16(1.004))":39},"58":{"(Float16(0.5127), Float16(0.713))":31,"(Float16(0.1619), Float16(0.3618))":41,"(Float16(0.842), Float16(1.042))":28},"52":{"(Float16(0.3687), Float16(0.569))":69,"(Float16(0.802), Float16(1.002))":31},"12":{"(Float16(0.1707), Float16(0.3706))":44,"(Float16(0.7793), Float16(0.9795))":33,"(Float16(0.479), Float16(0.679))":23},"28":{"(Float16(0.8555), Float16(1.056))":11,"(Float16(0.591), Float16(0.791))":50,"(Float16(0.1763), Float16(0.3762))":39},"75":{"(Float16(0.10364), Float16(0.3037))":25,"(Float16(0.434), Float16(0.6343))":27,"(Float16(0.785), Float16(0.9854))":48},"23":{"(Float16(0.8457), Float16(1.046))":33,"(Float16(0.1465), Float16(0.3464))":28,"(Float16(0.4875), Float16(0.6875))":39},"92":{"(Float16(0.2876), Float16(0.4875))":47,"(Float16(0.6787), Float16(0.879))":53},"41":{"(Float16(0.801), Float16(1.001))":33,"(Float16(0.1863), Float16(0.3862))":50,"(Float16(0.51), Float16(0.71))":17},"43":{"(Float16(0.7646), Float16(0.965))":42,"(Float16(0.3325), Float16(0.5327))":43,"(Float16(0.09204), Float16(0.292))":15},"11":{"(Float16(0.8174), Float16(1.018))":35,"(Float16(0.308), Float16(0.5083))":65},"36":{"(Float16(0.8477), Float16(1.048))":24,"(Float16(0.1633), Float16(0.3633))":31,"(Float16(0.545), Float16(0.745))":45},"68":{"(Float16(0.1902), Float16(0.3901))":44,"(Float16(0.582), Float16(0.782))":41,"(Float16(0.842), Float16(1.042))":15},"69":{"(Float16(0.2394), Float16(0.4395))":49,"(Float16(0.744), Float16(0.9443))":51},"98":{"(Float16(0.2583), Float16(0.4583))":41,"(Float16(0.6914), Float16(0.8916))":59},"82":{"(Float16(0.5205), Float16(0.7207))":19,"(Float16(0.8), Float16(1.0))":44,"(Float16(0.2131), Float16(0.413))":37},"85":{"(Float16(0.576), Float16(0.7764))":37,"(Float16(0.876), Float16(1.076))":28,"(Float16(0.1855), Float16(0.3855))":35},"39":{"(Float16(0.6465), Float16(0.8467))":68,"(Float16(0.1711), Float16(0.371))":32},"84":{"(Float16(0.1787), Float16(0.3787))":35,"(Float16(0.8047), Float16(1.005))":26,"(Float16(0.499), Float16(0.699))":39},"77":{"(Float16(0.2462), Float16(0.4463))":51,"(Float16(0.708), Float16(0.908))":49},"7":{"(Float16(0.8125), Float16(1.013))":23,"(Float16(0.1628), Float16(0.3628))":25,"(Float16(0.4658), Float16(0.666))":52},"25":{"(Float16(0.2812), Float16(0.4812))":59,"(Float16(0.755), Float16(0.955))":41},"95":{"(Float16(0.288), Float16(0.488))":63,"(Float16(0.8223), Float16(1.022))":37},"71":{"(Float16(0.828), Float16(1.028))":35,"(Float16(0.3684), Float16(0.5684))":65},"66":{"(Float16(0.241), Float16(0.441))":25,"(Float16(0.7686), Float16(0.9688))":52,"(Float16(0.5127), Float16(0.713))":23},"76":{"(Float16(0.839), Float16(1.039))":36,"(Float16(0.0958), Float16(0.296))":17,"(Float16(0.367), Float16(0.567))":47},"34":{"(Float16(0.1919), Float16(0.3918))":30,"(Float16(0.5664), Float16(0.7666))":40,"(Float16(0.8633), Float16(1.063))":30},"50":{"(Float16(0.7686), Float16(0.9688))":39,"(Float16(0.4775), Float16(0.6777))":15,"(Float16(0.2432), Float16(0.443))":46},"59":{"(Float16(0.392), Float16(0.5923))":45,"(Float16(0.1321), Float16(0.332))":21,"(Float16(0.8115), Float16(1.012))":34},"93":{"(Float16(0.5107), Float16(0.711))":25,"(Float16(0.2058), Float16(0.4058))":40,"(Float16(0.8535), Float16(1.054))":35},"2":{"(Float16(0.8496), Float16(1.05))":37,"(Float16(0.1934), Float16(0.3933))":42,"(Float16(0.532), Float16(0.7324))":21},"10":{"(Float16(0.8555), Float16(1.056))":33,"(Float16(0.3804), Float16(0.5806))":49,"(Float16(0.1145), Float16(0.3145))":18},"18":{"(Float16(0.1304), Float16(0.3303))":12,"(Float16(0.4136), Float16(0.614))":34,"(Float16(0.7734), Float16(0.9736))":54},"26":{"(Float16(0.8447), Float16(1.045))":25,"(Float16(0.167), Float16(0.367))":37,"(Float16(0.548), Float16(0.748))":38},"27":{"(Float16(0.657), Float16(0.8574))":64,"(Float16(0.158), Float16(0.358))":36},"42":{"(Float16(0.1863), Float16(0.3862))":35,"(Float16(0.824), Float16(1.024))":37,"(Float16(0.5273), Float16(0.7275))":28},"87":{"(Float16(0.8047), Float16(1.005))":29,"(Float16(0.308), Float16(0.5083))":71},"100":{"(Float16(0.746), Float16(0.9463))":65,"(Float16(0.2417), Float16(0.4417))":35},"79":{"(Float16(0.2646), Float16(0.4646))":51,"(Float16(0.7627), Float16(0.963))":49},"16":{"(Float16(0.8), Float16(1.0))":38,"(Float16(0.3564), Float16(0.5566))":62},"20":{"(Float16(0.2058), Float16(0.4058))":41,"(Float16(0.462), Float16(0.662))":8,"(Float16(0.7656), Float16(0.966))":51},"81":{"(Float16(0.794), Float16(0.994))":42,"(Float16(0.3337), Float16(0.5337))":58},"19":{"(Float16(0.7734), Float16(0.9736))":39,"(Float16(0.2974), Float16(0.4973))":61},"49":{"(Float16(0.2646), Float16(0.4646))":56,"(Float16(0.7715), Float16(0.9717))":44},"44":{"(Float16(0.798), Float16(0.998))":49,"(Float16(0.3203), Float16(0.5205))":51},"9":{"(Float16(0.7754), Float16(0.9756))":43,"(Float16(0.275), Float16(0.4749))":57},"31":{"(Float16(0.368), Float16(0.568))":48,"(Float16(0.771), Float16(0.971))":39,"(Float16(0.1057), Float16(0.3057))":13},"74":{"(Float16(0.74), Float16(0.9404))":51,"(Float16(0.2642), Float16(0.464))":49},"61":{"(Float16(0.707), Float16(0.907))":50,"(Float16(0.1829), Float16(0.3828))":50},"29":{"(Float16(0.501), Float16(0.701))":25,"(Float16(0.2019), Float16(0.4019))":43,"(Float16(0.879), Float16(1.079))":32},"94":{"(Float16(0.802), Float16(1.002))":39,"(Float16(0.1267), Float16(0.3267))":26,"(Float16(0.4976), Float16(0.6978))":35},"46":{"(Float16(0.657), Float16(0.8574))":73,"(Float16(0.1951), Float16(0.395))":27},"57":{"(Float16(0.1956), Float16(0.3955))":45,"(Float16(0.871), Float16(1.071))":18,"(Float16(0.592), Float16(0.792))":37},"70":{"(Float16(0.7344), Float16(0.9346))":61,"(Float16(0.2046), Float16(0.4045))":39},"21":{"(Float16(0.4731), Float16(0.6733))":39,"(Float16(0.7725), Float16(0.9727))":28,"(Float16(0.1445), Float16(0.3445))":33},"38":{"(Float16(0.2256), Float16(0.4255))":48,"(Float16(0.7), Float16(0.9004))":52},"88":{"(Float16(0.8477), Float16(1.048))":30,"(Float16(0.3042), Float16(0.5044))":70},"78":{"(Float16(0.1503), Float16(0.3503))":24,