{"5":[0.000901,0.001469,0.001083,0.0005217,0.001187,0.001082,0.0007453,0.00059,0.001169,0.000907,0.0007815,0.001537,0.000358,0.000906,0.001472,0.001413,0.00127,0.001162,0.00137,0.000536,0.001712,0.0004582,0.000673,0.000905,0.001123,0.000518,0.0004542,0.001236,0.001652,0.000554,0.0006166,0.001156,0.001013,0.001363,0.0006247,0.00125,0.001108,0.000536,0.0006495,0.0004735,0.001132,0.0006933,0.000743,0.0006967,0.0006638,0.0008926,0.0004053,0.001314,0.0009046,0.001423,0.000519,0.000817,0.0006456,0.001017,0.000912,0.00086,0.001013,0.0007453,0.001345,0.0008087,0.001123,0.001284,0.0005503,0.001413,0.0008316,0.0005937,0.001467,0.000905,0.001303,0.001335,0.00086,0.0003307,0.0003543,0.000907,0.0004158,0.001529,0.0015335,0.000689,0.000549,0.0009165,0.000864,0.000939,0.0005307,0.0006638,0.001467,0.001529,0.001156,0.00137,0.001013,0.001013,0.0009165,0.0004582,0.0004451,0.000864,0.000901,0.001082,0.000939,0.001345,0.001423,0.0006514],"4":[0.001072,0.001261,0.001173,0.001104,0.001419,0.000886,0.000819,0.001369,0.001221,0.00068,0.001133,0.000986,0.001173,0.001192,0.000489,0.001605,0.001183,0.0007353,0.001308,0.00102,0.001162,0.0005636,0.001242,0.000798,0.00124,0.000626,0.0005665,0.000882,0.001314,0.000626,0.000944,0.001192,0.00124,0.001007,0.0007887,0.000654,0.001221,0.00093,0.0005174,0.001314,0.001257,0.000898,0.0002344,0.0006166,0.0009117,0.000954,0.0007033,0.001175,0.0008426,0.001253,0.0006986,0.000493,0.001113,0.000657,0.0008187,0.0006742,0.000746,0.0005927,0.0006557,0.000528,0.001257,0.0006227,0.0005875,0.000882,0.00102,0.0004237,0.000465,0.000654,0.0005236,0.000637,0.0004058,0.0009117,0.0009985,0.0002446,0.000889,0.001213,0.0006986,0.0006647,0.00102,0.0004766,0.0009756,0.001114,0.0008187,0.001148,0.0006013,0.001045,0.001213,0.0006227,0.0002837,0.00068,0.0006557,0.0005236,0.0008426,0.000637,0.0008354,0.001072,0.000954,0.0002818,0.001257,0.0006104],"6":[0.0008116,0.0008397,0.000747,0.000739,0.001106,0.0012665,0.000878,0.001522,0.0004659,0.000756,0.000516,0.000951,0.001137,0.001011,0.001045,0.0007057,0.0006933,0.0009985,0.000541,0.0006514,0.000713,0.0005646,0.0006046,0.0005927,0.000581,0.0007887,0.000691,0.0004954,0.000637,0.001137,0.000827,0.000772,0.00098,0.0006833,0.0004382,0.0006895,0.0007057,0.001106,0.0007153,0.001102,0.001037,0.001175,0.000902,0.001184,0.0008655,0.000519,0.0008564,0.0008454,0.001081,0.000792,0.000739,0.001046,0.0009313,0.001156,0.0006266,0.0009303,0.0003133,0.001129,0.0004659,0.000904,0.0008135,0.0005703,0.001108,0.001014,0.0003467,0.0010195,0.000759,0.001011,0.000772,0.0006766,0.000471,0.0003738,0.0005646,0.0004652,0.0008183,0.0003638,0.000865,0.000821,0.000758,0.001045,0.0008287,0.000379,0.0006742,0.0006895,0.0003796,0.000664,0.000743,0.000878,0.000451,0.0008135,0.0008783,0.0004091,0.000865,0.000516,0.0009303,0.0004754,0.0002904,0.000401,0.000713,0.0008116],"7":[0.000985,0.001396,0.001001,0.001318,0.0005665,0.000617,0.000559,0.000806,0.001102,0.000965,0.000745,0.000898,0.000773,0.00076,0.000902,0.0004382,0.001274,0.000403,0.001237,0.0009212,0.000587,0.000575,0.001464,0.0006256,0.00115,0.00038,0.001495,0.000653,0.001297,0.000987,0.0002842,0.0005407,0.001045,0.0010395,0.001067,0.001097,0.0009146,0.0008187,0.0006447,0.0004349,0.0009584,0.000838,0.001495,0.000762,0.001316,0.0008163,0.000632,0.0008984,0.00124,0.000801,0.0003958,0.0006795,0.000745,0.0004253,0.000639,0.001086,0.000641,0.0005302,0.001001,0.001241,0.001343,0.001396,0.001464,0.001257,0.001029,0.0006638,0.0005336,0.0009165,0.0008435,0.0007124,0.0003397,0.0005207,0.0008435,0.0010395,0.0009165,0.0007644,0.0006447,0.0009503,0.0008307,0.000922,0.001224,0.000639,0.0004382,0.0013275,0.001316,0.0007644,0.0004833,0.0003204,0.001052,0.000575,0.001318,0.00062,0.0004492,0.001052,0.0008163,0.000627,0.001184,0.001072,0.000985,0.000627],"2":[0.001243,0.001589,0.001514,0.001648,0.001495,0.00128,0.001629,0.0012245,0.000392,0.000841,0.0006146,0.001257,0.0007277,0.001657,0.001085,0.001549,0.001421,0.001222,0.0017605,0.000773,0.001629,0.000559,0.0004206,0.000997,0.001657,0.001019,0.001642,0.001015,0.0005026,0.001179,0.001549,0.000944,0.001187,0.000943,0.0004601,0.0005093,0.0007014,0.001522,0.0006876,0.001312,0.0007725,0.0006857,0.000881,0.00123,0.001333,0.001123,0.000673,0.001402,0.001282,0.0007844,0.001135,0.001085,0.000701,0.000863,0.00157,0.000999,0.0013485,0.000773,0.001256,0.001589,0.001309,0.001504,0.001671,0.0005937,0.001259,0.001107,0.001355,0.0005426,0.001274,0.000744,0.0013485,0.0006876,0.0004716,0.001256,0.001048,0.001421,0.001289,0.001165,0.0005827,0.0003333,0.001051,0.001058,0.001355,0.000695,0.001234,0.001837,0.001549,0.0007653,0.0005493,0.000944,0.001133,0.000196,0.000543,0.0012245,0.001133,0.001355,0.001234,0.0004575,0.001123,0.0006213],"10":[0.001192,0.001342,0.0008235,0.0008793,0.000595,0.001217,0.0005245,0.0009274,0.001064,0.0008044,0.001038,0.0006137,0.0004022,0.001062,0.00045,0.001078,0.0006027,0.001535,0.0008554,0.001213,0.0004494,0.00141,0.000634,0.001174,0.0008664,0.0006523,0.001078,0.000532,0.000984,0.0009203,0.000804,0.001247,0.000574,0.000433,0.000992,0.00125,0.001143,0.001217,0.0005493,0.000717,0.001174,0.001257,0.000998,0.001097,0.000937,0.001062,0.000499,0.001217,0.000899,0.0006027,0.0006294,0.0009203,0.0004106,0.0003257,0.0005283,0.001064,0.000926,0.000804,0.0008054,0.001143,0.0006237,0.838,0.0008526,0.000992,0.000801,0.000608,0.001201,0.000698,0.001257,0.000761,0.000804,0.001319,0.001097,0.0010395,0.001055,0.001026,0.00052,0.0008054,0.001114,0.001062,0.00059,0.0008583,0.0006037,0.0003448,0.00059,0.0003586,0.001078,0.0008526,0.001062,0.000992,0.0003068,0.000556,0.0006027,0.000958,0.0009756,0.001174,0.000596,0.000984,0.0008664,0.000539],"9":[0.000993,0.0006704,0.001098,0.0005307,0.0005016,0.000729,0.000536,0.0008683,0.000604,0.000503,0.000684,0.000993,0.0009627,0.0007563,0.001299,0.000925,0.000737,0.000948,0.00076,0.000807,0.001008,0.000517,0.000386,0.000359,0.0003521,0.0010805,0.0002975,0.000696,0.00119,0.001125,0.0008335,0.000893,0.001055,0.000993,0.001116,0.001247,0.0007477,0.000734,0.0005093,0.0004625,0.000472,0.0009165,0.000562,0.001211,0.0011635,0.000184,0.0007257,0.000984,0.00072,0.000594,0.000998,0.000554,0.000367,0.001247,0.000975,0.001125,0.000594,0.000597,0.0004735,0.000921,0.0007815,0.0007477,0.000903,0.001003,0.001057,0.0005093,0.001078,0.001097,0.00072,0.001113,0.000562,0.001047,0.0008965,0.000999,0.00104,0.0002985,0.0008144,0.0004425,0.0005603,0.001266,0.0004797,0.001038,0.000993,0.00076,0.0007133,0.000554,0.0004797,0.000503,0.0002213,0.000633,0.000998,0.001006,0.0005603,0.0007815,0.000536,0.000893,0.0007133,0.000921,0.001006,0.000359],"8":[0.0009537,0.001277,0.000575,0.000665,0.000814,0.001518,0.001046,0.001606,0.0008106,0.001103,0.0013485,0.001089,0.00108,0.000518,0.0010395,0.0006857,0.001503,0.001221,0.001345,0.001606,0.001004,0.000994,0.0006104,0.000806,0.000575,0.001784,0.000665,0.001314,0.0005465,0.0006332,0.0013485,0.000666,0.001157,0.000648,0.000754,0.001233,0.00107,0.001021,0.0006456,0.000718,0.001081,0.000755,0.001395,0.001335,0.0007925,0.001076,0.0009217,0.000984,0.001043,0.001076,0.0004818,0.001391,0.0006456,0.001227,0.0008564,0.0010395,0.000675,0.00107,0.0009165,0.001131,0.000499,0.001395,0.001188,0.0005445,0.0007777,0.000695,0.0007772,0.000878,0.000509,0.000379,0.001049,0.000971,0.001202,0.001308,0.0006704,0.0005064,0.001503,0.000675,0.000496,0.0009146,0.0004005,0.001293,0.0009146,0.0005026,0.000776,0.001202,0.000657,0.000518,0.001345,0.000878,0.000575,0.0003757,0.0009537,0.001227,0.000502,0.0005198,0.000984,0.001308,0.000755,0.001076],