{"5":{"(Float16(0.0001134), Float16(0.3))":25,"(Float16(0.6143), Float16(0.914))":75},"4":{"(Float16(0.703), Float16(1.003))":62,"(Float16(0.0001714), Float16(0.3003))":38},"6":{"(Float16(0.0001943), Float16(0.3003))":40,"(Float16(0.6533), Float16(0.953))":60},"7":{"(Float16(0.6973), Float16(0.997))":57,"(Float16(0.0001345), Float16(0.3))":43},"2":{"(Float16(0.74), Float16(1.04))":38,"(Float16(0.0001678), Float16(0.3))":62},"10":{"(Float16(0.708), Float16(1.008))":62,"(Float16(0.0003045), Float16(0.3003))":38},"9":{"(Float16(0.0002513), Float16(0.3003))":57,"(Float16(0.6475), Float16(0.9473))":43},"8":{"(Float16(0.6973), Float16(0.997))":61,"(Float16(0.0002193), Float16(0.3003))":39},"3":{"(Float16(0.713), Float16(1.013))":44,"(Float16(0.0002052), Float16(0.3003))":56},"1":{"(Float16(0.7783), Float16(1.078))":41,"(Float16(0.0001545), Float16(0.3))":59}}