{"1":{"(Float16(0.05002), Float16(0.25))":23,"(Float16(0.262), Float16(0.462))":2,"(Float16(0.949), Float16(1.149))":28,"(Float16(0.5), Float16(0.7))":47},"2":{"(Float16(0.948), Float16(1.148))":36,"(Float16(0.05014), Float16(0.2502))":20,"(Float16(0.498), Float16(0.698))":44},"3":{"(Float16(0.4985), Float16(0.6987))":42,"(Float16(0.725), Float16(0.9253))":2,"(Float16(0.949), Float16(1.149))":35,"(Float16(0.0501), Float16(0.25))":21}}