{"5":{"(Float16(0.8594), Float16(0.869))":18,"(Float16(0.545), Float16(0.5547))":62,"(Float16(0.11316), Float16(0.12317))":20},"56":{"(Float16(0.498), Float16(0.508))":27,"(Float16(0.8125), Float16(0.8223))":43,"(Float16(0.1892), Float16(0.1992))":30},"35":{"(Float16(0.1389), Float16(0.1489))":31,"(Float16(0.875), Float16(0.885))":7,"(Float16(0.6035), Float16(0.6133))":62},"55":{"(Float16(0.8223), Float16(0.832))":32,"(Float16(0.3438), Float16(0.3538))":66,"(Float16(0.07166), Float16(0.08167))":2},"60":{"(Float16(0.2905), Float16(0.3005))":51,"(Float16(0.001963), Float16(0.01196))":1,"(Float16(0.701), Float16(0.711))":48},"30":{"(Float16(0.738), Float16(0.7476))":47,"(Float16(0.217), Float16(0.227))":53},"32":{"(Float16(0.926), Float16(0.9355))":1,"(Float16(0.6914), Float16(0.701))":51,"(Float16(0.2654), Float16(0.2754))":48},"6":{"(Float16(0.2378), Float16(0.2478))":41,"(Float16(0.6885), Float16(0.698))":58,"(Float16(0.9443), Float16(0.954))":1},"67":{"(Float16(0.2219), Float16(0.2319))":37,"(Float16(0.6025), Float16(0.6123))":47,"(Float16(0.904), Float16(0.9136))":16},"45":{"(Float16(0.04944), Float16(0.05945))":4,"(Float16(0.4097), Float16(0.4197))":78,"(Float16(0.9014), Float16(0.911))":18},"73":{"(Float16(0.1416), Float16(0.1516))":30,"(Float16(0.631), Float16(0.6406))":70},"64":{"(Float16(0.8105), Float16(0.8203))":36,"(Float16(0.3113), Float16(0.3213))":64},"90":{"(Float16(0.1134), Float16(0.1234))":30,"(Float16(0.413), Float16(0.423))":25,"(Float16(0.8184), Float16(0.828))":45},"4":{"(Float16(0.7227), Float16(0.7324))":45,"(Float16(0.2354), Float16(0.2454))":53,"(Float16(0.949), Float16(0.959))":2},"13":{"(Float16(0.436), Float16(0.446))":56,"(Float16(0.1233), Float16(0.1333))":12,"(Float16(0.7617), Float16(0.7715))":32},"54":{"(Float16(0.2345), Float16(0.2445))":56,"(Float16(0.758), Float16(0.7676))":44},"63":{"(Float16(0.3306), Float16(0.3406))":71,"(Float16(0.822), Float16(0.8315))":29},"86":{"(Float16(0.21), Float16(0.22))":48,"(Float16(0.705), Float16(0.715))":52},"91":{"(Float16(0.2383), Float16(0.2483))":41,"(Float16(0.7344), Float16(0.744))":59},"62":{"(Float16(0.8096), Float16(0.8193))":50,"(Float16(0.3003), Float16(0.3103))":50},"58":{"(Float16(0.7266), Float16(0.7363))":63,"(Float16(0.155), Float16(0.165))":32,"(Float16(0.997), Float16(1.007))":1,"(Float16(0.397), Float16(0.407))":4},"52":{"(Float16(0.1882), Float16(0.1982))":25,"(Float16(0.672), Float16(0.6816))":75},"12":{"(Float16(0.3042), Float16(0.3142))":68,"(Float16(0.7676), Float16(0.7773))":32},"28":{"(Float16(0.6934), Float16(0.703))":60,"(Float16(0.2515), Float16(0.2615))":40},"75":{"(Float16(0.826), Float16(0.836))":39,"(Float16(0.5703), Float16(0.58))":11,"(Float16(0.2068), Float16(0.2168))":50},"23":{"(Float16(0.705), Float16(0.715))":54,"(Float16(0.2551), Float16(0.2651))":46},"92":{"(Float16(0.04733), Float16(0.05734))":2,"(Float16(0.3208), Float16(0.3308))":42,"(Float16(0.754), Float16(0.7637))":55,"(Float16(0.9863), Float16(0.996))":1},"41":{"(Float16(0.862), Float16(0.8716))":16,"(Float16(0.1902), Float16(0.2002))":25,"(Float16(0.5225), Float16(0.532))":59},"43":{"(Float16(0.921), Float16(0.9307))":9,"(Float16(0.189), Float16(0.199))":42,"(Float16(0.5986), Float16(0.6084))":49},"11":{"(Float16(0.876), Float16(0.8857))":14,"(Float16(0.2227), Float16(0.2327))":34,"(Float16(0.5664), Float16(0.576))":52},"36":{"(Float16(0.1826), Float16(0.1926))":34,"(Float16(0.4756), Float16(0.4856))":1,"(Float16(0.7236), Float16(0.7334))":65},"68":{"(Float16(0.8096), Float16(0.8193))":46,"(Float16(0.3098), Float16(0.3198))":54},"69":{"(Float16(0.6777), Float16(0.6875))":41,"(Float16(0.03964), Float16(0.04965))":1,"(Float16(0.2842), Float16(0.2942))":51,"(Float16(0.9434), Float16(0.953))":7},"98":{"(Float16(0.1771), Float16(0.1871))":37,"(Float16(0.5137), Float16(0.5234))":39,"(Float16(0.8706), Float16(0.8804))":24},"82":{"(Float16(0.1572), Float16(0.1672))":26,"(Float16(0.4648), Float16(0.4749))":45,"(Float16(0.816), Float16(0.8257))":29},"85":{"(Float16(0.843), Float16(0.8525))":26,"(Float16(0.119), Float16(0.129))":21,"(Float16(0.3877), Float16(0.3977))":53},"39":{"(Float16(0.2396), Float16(0.2496))":45,"(Float16(0.715), Float16(0.7246))":53,"(Float16(0.9688), Float16(0.9785))":1,"(Float16(0.481), Float16(0.491))":1},"84":{"(Float16(0.663), Float16(0.673))":59,"(Float16(0.2255), Float16(0.2355))":41},"77":{"(Float16(0.275), Float16(0.285))":60,"(Float16(0.735), Float16(0.7446))":40},"7":{"(Float16(0.2223), Float16(0.2323))":43,"(Float16(0.7314), Float16(0.741))":57},"25":{"(Float16(0.833), Float16(0.843))":39,"(Float16(0.5205), Float16(0.5303))":3,"(Float16(0.2568), Float16(0.2668))":58},"95":{"(Float16(0.3135), Float16(0.3235))":59,"(Float16(0.8125), Float16(0.8223))":38,"(Float16(0.06714), Float16(0.07715))":2,"(Float16(0.592), Float16(0.6016))":1},"71":{"(Float16(0.2422), Float16(0.2522))":45,"(Float16(0.541), Float16(0.551))":3,"(Float16(0.798), Float16(0.8076))":51,"(Float16(0.03256), Float16(0.04257))":1},"66":{"(Float16(0.2186), Float16(0.2286))":45,"(Float16(0.74), Float16(0.75))":55},"76":{"(Float16(0.10284), Float16(0.11285))":26,"(Float16(0.4124), Float16(0.4224))":44,"(Float16(0.835), Float16(0.8447))":30},"34":{"(Float16(0.2969), Float16(0.307))":49,"(Float16(0.7744), Float16(0.784))":51},"50":{"(Float16(0.504), Float16(0.5137))":44,"(Float16(0.8125), Float16(0.8223))":29,"(Float16(0.1436), Float16(0.1536))":27},"59":{"(Float16(0.1392), Float16(0.1492))":35,"(Float16(0.643), Float16(0.653))":65},"93":{"(Float16(0.2412), Float16(0.2512))":42,"(Float16(0.707), Float16(0.717))":58},"2":{"(Float16(0.789), Float16(0.799))":52,"(Float16(0.001376), Float16(0.011375))":1,"(Float16(0.2441), Float16(0.2542))":47},"10":{"(Float16(0.4272), Float16(0.4373))":42,"(Float16(0.1464), Float16(0.1564))":12,"(Float16(0.794), Float16(0.8037))":46},"18":{"(Float16(0.7227), Float16(0.7324))":54,"(Float16(0.952), Float16(0.962))":1,"(Float16(0.2327), Float16(0.2427))":45},"26":{"(Float16(0.2065), Float16(0.2166))":34,"(Float16(0.6846), Float16(0.6943))":66},"27":{"(Float16(0.743), Float16(0.753))":50,"(Float16(0.2874), Float16(0.2974))":50},"42":{"(Float16(0.1646), Float16(0.1746))":45,"(Float16(0.678), Float16(0.688))":55},"87":{"(Float16(0.07043), Float16(0.08044))":1,"(Float16(0.788), Float16(0.798))":49,"(Float16(0.317), Float16(0.327))":50},"100":{"(Float16(0.809), Float16(0.819))":34,"(Float16(0.3032), Float16(0.3132))":66},"79":{"(Float16(0.2306), Float16(0.2406))":46,"(Float16(0.7573), Float16(0.767))":54},"16":{"(Float16(0.2335), Float16(0.2435))":39,"(Float16(0.949), Float16(0.959))":4,"(Float16(0.66), Float16(0.67))":57},"20":{"(Float16(0.10425), Float16(0.11426))":3,"(Float16(0.791), Float16(0.801))":45,"(Float16(0.3203), Float16(0.3303))":52},"81":{"(Float16(0.199), Float16(0.209))":47,"(Float16(0.8584), Float16(0.868))":28,"(Float16(0.496), Float16(0.506))":25},"19":{"(Float16(0.0505), Float16(0.06052))":1,"(Float16(0.2905), Float16(0.3005))":49,"(Float16(0.7305), Float16(0.74))":49,"(Float16(0.9995), Float16(1.01))":1},"49":{"(Float16(0.2277), Float16(0.2377))":49,"(Float16(0.7095), Float16(0.719))":51},"44":{"(Float16(0.688), Float16(0.6978))":52,"(Float16(0.4575), Float16(0.4675))":1,"(Float16(0.175), Float16(0.185))":46,"(Float16(0.939), Float16(0.9487))":1},"9":{"(Float16(0.748), Float16(0.758))":60,"(Float16(0.228), Float16(0.238))":40},"31":{"(Float16(0.11487), Float16(0.1249))":13,"(Float16(0.399), Float16(0.409))":52,"(Float16(0.795), Float16(0.8047))":35},"74":{"(Float16(0.665), Float16(0.675))":67,"(Float16(0.1594), Float16(0.1694))":32,"(Float16(0.9346), Float16(0.9443))":1},"61":{"(Float16(0.7725), Float16(0.782))":57,"(Float16(0.2423), Float16(0.2522))":43},"29":{"(Float16(0.48), Float16(0.49))":34,"(Float16(0.1299), Float16(0.1399))":25,"(Float16(0.752), Float16(0.7617))":41},"94":{"(Float16(0.2952), Float16(0.3052))":48,"(Float16(0.00955), Float16(0.01956))":1,"(Float16(0.783), Float16(0.793))":51},"46":{"(Float16(0.2185), Float16(0.2285))":34,