{"5":{"(Float16(0.0003133), Float16(0.5005))":100},"4":{"(Float16(0.0003204), Float16(0.5005))":100},"6":{"(Float16(0.0002666), Float16(0.5005))":100},"7":{"(Float16(0.0003476), Float16(0.5005))":100},"2":{"(Float16(0.0003314), Float16(0.5005))":97,"(Float16(0.916), Float16(1.416))":3},"10":{"(Float16(0.000286), Float16(0.5005))":100},"9":{"(Float16(0.000465), Float16(0.5005))":100},"8":{"(Float16(0.0003567), Float16(0.5005))":100},"3":{"(Float16(0.0003686), Float16(0.5005))":100},"1":{"(Float16(0.000195), Float16(0.5))":100}}