{"5":{"(Float16(0.4614), Float16(0.6616))":65,"(Float16(0.869), Float16(1.069))":13,"(Float16(0.0001426), Float16(0.2002))":21,"(Float16(0.2303), Float16(0.4304))":1},"56":{"(Float16(0.3984), Float16(0.5986))":22,"(Float16(0.0001507), Float16(0.2002))":47,"(Float16(0.854), Float16(1.054))":10,"(Float16(0.6377), Float16(0.838))":21},"35":{"(Float16(0.359), Float16(0.559))":28,"(Float16(0.587), Float16(0.787))":61,"(Float16(0.0001905), Float16(0.2002))":11},"55":{"(Float16(7.76e-5), Float16(0.2001))":20,"(Float16(0.3484), Float16(0.5483))":26,"(Float16(0.9297), Float16(1.13))":2,"(Float16(0.677), Float16(0.877))":52},"60":{"(Float16(4.536e-5), Float16(0.2001))":36,"(Float16(0.9814), Float16(1.182))":2,"(Float16(0.2144), Float16(0.4143))":7,"(Float16(0.6484), Float16(0.8486))":55},"30":{"(Float16(0.3032), Float16(0.5034))":22,"(Float16(0.8125), Float16(1.013))":35,"(Float16(0.507), Float16(0.707))":16,"(Float16(0.00023), Float16(0.2002))":27},"32":{"(Float16(0.2473), Float16(0.4473))":9,"(Float16(0.633), Float16(0.833))":58,"(Float16(0.909), Float16(1.109))":4,"(Float16(1.0e-7), Float16(0.2))":29},"6":{"(Float16(0.637), Float16(0.8374))":51,"(Float16(0.0002007), Float16(0.2002))":13,"(Float16(0.843), Float16(1.043))":2,"(Float16(0.3784), Float16(0.5786))":34},"67":{"(Float16(0.0001225), Float16(0.2001))":18,"(Float16(0.2915), Float16(0.4915))":35,"(Float16(0.742), Float16(0.9424))":47},"45":{"(Float16(0.2451), Float16(0.445))":2,"(Float16(0.8643), Float16(1.064))":10,"(Float16(0.0001426), Float16(0.2002))":25,"(Float16(0.5273), Float16(0.7275))":63},"73":{"(Float16(0.9756), Float16(1.176))":2,"(Float16(0.4766), Float16(0.677))":58,"(Float16(0.765), Float16(0.9653))":24,"(Float16(5.996e-5), Float16(0.2001))":16},"64":{"(Float16(0.4695), Float16(0.6694))":4,"(Float16(0.7744), Float16(0.9746))":49,"(Float16(0.2244), Float16(0.4243))":30,"(Float16(0.0002306), Float16(0.2002))":17},"90":{"(Float16(0.2261), Float16(0.426))":21,"(Float16(0.8555), Float16(1.056))":11,"(Float16(0.000236), Float16(0.2002))":13,"(Float16(0.599), Float16(0.7993))":55},"4":{"(Float16(0.748), Float16(0.948))":25,"(Float16(0.4722), Float16(0.6724))":55,"(Float16(0.0001521), Float16(0.2002))":20},"13":{"(Float16(0.4219), Float16(0.622))":37,"(Float16(0.6704), Float16(0.8706))":25,"(Float16(0.0003655), Float16(0.2003))":30,"(Float16(0.8867), Float16(1.087))":8},"54":{"(Float16(0.4307), Float16(0.631))":8,"(Float16(0.2102), Float16(0.4102))":26,"(Float16(0.0002251), Float16(0.2002))":20,"(Float16(0.769), Float16(0.969))":46},"63":{"(Float16(0.2095), Float16(0.4094))":21,"(Float16(6.574e-5), Float16(0.2001))":19,"(Float16(0.491), Float16(0.691))":4,"(Float16(0.7627), Float16(0.963))":55,"(Float16(0.984), Float16(1.184))":1},"86":{"(Float16(6.855e-5), Float16(0.2001))":25,"(Float16(0.2876), Float16(0.4875))":14,"(Float16(0.704), Float16(0.9043))":61},"91":{"(Float16(0.3481), Float16(0.5483))":20,"(Float16(0.5684), Float16(0.7686))":24,"(Float16(0.788), Float16(0.9883))":21,"(Float16(0.0002334), Float16(0.2002))":35},"62":{"(Float16(1.55e-5), Float16(0.2001))":16,"(Float16(0.589), Float16(0.789))":84},"58":{"(Float16(0.0001175), Float16(0.2001))":32,"(Float16(0.964), Float16(1.164))":2,"(Float16(0.4697), Float16(0.67))":43,"(Float16(0.734), Float16(0.934))":23},"52":{"(Float16(0.87), Float16(1.07))":3,"(Float16(0.59), Float16(0.79))":74,"(Float16(2.87e-5), Float16(0.2001))":23},"12":{"(Float16(0.2583), Float16(0.4583))":25,"(Float16(0.829), Float16(1.029))":35,"(Float16(0.4805), Float16(0.6807))":19,"(Float16(0.0001745), Float16(0.2002))":21},"28":{"(Float16(0.745), Float16(0.9453))":51,"(Float16(9.54e-6), Float16(0.2))":18,"(Float16(0.417), Float16(0.617))":9,"(Float16(0.2122), Float16(0.412))":22},"75":{"(Float16(0.913), Float16(1.113))":4,"(Float16(0.6533), Float16(0.8535))":56,"(Float16(0.2119), Float16(0.4119))":19,"(Float16(0.0002171), Float16(0.2002))":21},"23":{"(Float16(0.8457), Float16(1.046))":25,"(Float16(0.52), Float16(0.72))":14,"(Float16(0.0002332), Float16(0.2002))":28,"(Float16(0.2935), Float16(0.4934))":33},"92":{"(Float16(0.4077), Float16(0.608))":31,"(Float16(0.968), Float16(1.168))":2,"(Float16(0.000257), Float16(0.2003))":22,"(Float16(0.6953), Float16(0.8955))":45},"41":{"(Float16(0.793), Float16(0.993))":41,"(Float16(0.2837), Float16(0.4836))":30,"(Float16(0.0001409), Float16(0.2002))":23,"(Float16(0.496), Float16(0.6963))":6},"43":{"(Float16(0.5654), Float16(0.7656))":69,"(Float16(0.8677), Float16(1.067))":6,"(Float16(0.0), Float16(0.2))":25},"11":{"(Float16(0.0002183), Float16(0.2002))":25,"(Float16(0.76), Float16(0.96))":46,"(Float16(0.4922), Float16(0.6924))":7,"(Float16(0.2373), Float16(0.4373))":22},"36":{"(Float16(0.3813), Float16(0.5815))":37,"(Float16(0.6875), Float16(0.8877))":42,"(Float16(0.0002205), Float16(0.2002))":21},"68":{"(Float16(0.2433), Float16(0.4434))":18,"(Float16(0.707), Float16(0.907))":62,"(Float16(0.0002651), Float16(0.2003))":20},"69":{"(Float16(5.984e-5), Float16(0.2001))":19,"(Float16(0.8447), Float16(1.045))":24,"(Float16(0.2505), Float16(0.4504))":46,"(Float16(0.4624), Float16(0.6626))":11},"98":{"(Float16(1.5e-6), Float16(0.2))":22,"(Float16(0.629), Float16(0.829))":78},"82":{"(Float16(0.2339), Float16(0.4338))":22,"(Float16(4.42e-5), Float16(0.2001))":30,"(Float16(0.749), Float16(0.949))":42,"(Float16(0.4429), Float16(0.643))":6},"85":{"(Float16(0.4468), Float16(0.647))":42,"(Float16(0.7397), Float16(0.94))":28,"(Float16(9.11e-5), Float16(0.2001))":29,"(Float16(0.2211), Float16(0.4211))":1},"39":{"(Float16(0.4358), Float16(0.6357))":21,"(Float16(0.839), Float16(1.039))":27,"(Float16(0.2278), Float16(0.4277))":23,"(Float16(0.00010836), Float16(0.2001))":29},"84":{"(Float16(0.0003223), Float16(0.2003))":11,"(Float16(0.2651), Float16(0.465))":35,"(Float16(0.4692), Float16(0.6694))":2,"(Float16(0.7627), Float16(0.963))":52},"77":{"(Float16(0.4736), Float16(0.674))":35,"(Float16(6.646e-5), Float16(0.2001))":26,"(Float16(0.2595), Float16(0.4595))":12,"(Float16(0.884), Float16(1.084))":27},"7":{"(Float16(0.2983), Float16(0.4983))":24,"(Float16(0.6943), Float16(0.8945))":60,"(Float16(8.69e-5), Float16(0.2001))":14,"(Float16(0.951), Float16(1.151))":2},"25":{"(Float16(0.0003123), Float16(0.2003))":17,"(Float16(0.457), Float16(0.657))":50,"(Float16(0.758), Float16(0.958))":29,"(Float16(0.212), Float16(0.412))":4},"95":{"(Float16(0.0001401), Float16(0.2002))":23,"(Float16(0.743), Float16(0.9434))":43,"(Float16(0.218), Float16(0.418))":26,"(Float16(0.44), Float16(0.64))":8},"71":{"(Float16(0.4722), Float16(0.6724))":3,"(Float16(0.2622), Float16(0.4622))":28,"(Float16(0.7725), Float16(0.9727))":57,"(Float16(0.0003905), Float16(0.2004))":12},"66":{"(Float16(0.0001212), Float16(0.2001))":20,"(Float16(0.4255), Float16(0.6255))":14,"(Float16(0.796), Float16(0.996))":41,"(Float16(0.219), Float16(0.419))":25},"76":{"(Float16(0.933), Float16(1.133))":4,"(Float16(0.3193), Float16(0.5195))":29,"(Float16(0.6836), Float16(0.884))":41,"(Float16(0.000139), Float16(0.2002))":26},"34":{"(Float16(8.76e-5), Float16(0.2001))":23,"(Float16(0.3723), Float16(0.5723))":28,"(Float16(0.691), Float16(0.891))":49},"50":{"(Float16(0.587), Float16(0.787))":21,"(Float16(0.798), Float16(0.998))":21,"(Float16(8.744e-5), Float16(0.2001))":16,"(Float16(0.3472), Float16(0.5474))":42},"59":{"(Float16(0.849), Float16(1.049))":7,"(Float16(0.633), Float16(0.833))":32,"(Float16(0.3887), Float16(0.589))":43,"(Float16(0.0001509), Float16(0.2002))":18},"93":{"(Float16(0.2495), Float16(0.4495))":5,"(Float16(0.7754), Float16(0.9756))":32,"(Float16(2.5e-6), Float16(0.2))":22,"(Float16(0.5254), Float16(0.7256))":41},"2":{"(Float16(0.8574), Float16(1.058))":4,"(Float16(0.6543), Float16(0.8545))":28,"(Float16(0.0001531), Float16(0.2002))":12,"(Float16(0.3694), Float16(0.5693))":56},"10":{"(Float16(7.02e-5), Float16(0.2001))":20,"(Float16(0.4526), Float16(0.653))":52,"(Float16(0.7207), Float16(0.921))":28},"18":{"(Float16(0.2832), Float16(0.4832))":12,"(Float16(0.746), Float16(0.9463))":52,