{"5":{"(Float16(0.0003626), Float16(0.5005))":100},"56":{"(Float16(0.0004225), Float16(0.5005))":97,"(Float16(0.9424), Float16(1.442))":3},"35":{"(Float16(0.0003366), Float16(0.5005))":100},"55":{"(Float16(0.0003028), Float16(0.5005))":100},"60":{"(Float16(0.955), Float16(1.455))":2,"(Float16(0.000259), Float16(0.5005))":98},"30":{"(Float16(0.0003457), Float16(0.5005))":100},"32":{"(Float16(0.0002623), Float16(0.5005))":100},"6":{"(Float16(0.0004003), Float16(0.5005))":100},"67":{"(Float16(0.000402), Float16(0.5005))":100},"45":{"(Float16(0.0004146), Float16(0.5005))":100},"73":{"(Float16(0.0002654), Float16(0.5005))":100},"64":{"(Float16(0.9766), Float16(1.477))":2,"(Float16(0.0003176), Float16(0.5005))":98},"90":{"(Float16(0.0005074), Float16(0.5005))":100},"4":{"(Float16(0.000535), Float16(0.5005))":100},"13":{"(Float16(0.000351), Float16(0.5005))":100},"54":{"(Float16(0.0004091), Float16(0.5005))":100},"63":{"(Float16(0.0003607), Float16(0.5005))":100},"86":{"(Float16(0.0004444), Float16(0.5005))":96,"(Float16(0.91), Float16(1.41))":4},"91":{"(Float16(0.0004406), Float16(0.5005))":100},"62":{"(Float16(0.0005083), Float16(0.5005))":100},"58":{"(Float16(0.0002444), Float16(0.5005))":100},"52":{"(Float16(0.0005913), Float16(0.5005))":100},"12":{"(Float16(0.0004199), Float16(0.5005))":100},"28":{"(Float16(0.00036), Float16(0.5005))":100},"75":{"(Float16(0.000435), Float16(0.5005))":99,"(Float16(0.9053), Float16(1.405))":1},"23":{"(Float16(0.0003362), Float16(0.5005))":100},"92":{"(Float16(0.0003166), Float16(0.5005))":100},"41":{"(Float16(0.0004582), Float16(0.5005))":100},"43":{"(Float16(0.000495), Float16(0.5005))":98,"(Float16(0.957), Float16(1.457))":2},"11":{"(Float16(0.0001848), Float16(0.5))":100},"36":{"(Float16(0.0002704), Float16(0.5005))":100},"68":{"(Float16(0.000541), Float16(0.5005))":100},"69":{"(Float16(0.0005345), Float16(0.5005))":100},"98":{"(Float16(0.0003023), Float16(0.5005))":100},"82":{"(Float16(0.0003934), Float16(0.5005))":100},"85":{"(Float16(0.0003383), Float16(0.5005))":100},"39":{"(Float16(0.0002203), Float16(0.5))":100},"84":{"(Float16(0.0003264), Float16(0.5005))":100},"77":{"(Float16(0.000595), Float16(0.5005))":100},"7":{"(Float16(0.0004523), Float16(0.5005))":100},"25":{"(Float16(0.0004613), Float16(0.5005))":100},"95":{"(Float16(0.0003605), Float16(0.5005))":100},"71":{"(Float16(0.0003834), Float16(0.5005))":100},"66":{"(Float16(0.000307), Float16(0.5005))":100},"76":{"(Float16(0.0003228), Float16(0.5005))":100},"34":{"(Float16(0.0003965), Float16(0.5005))":100},"50":{"(Float16(0.00086), Float16(0.501))":100},"59":{"(Float16(0.971), Float16(1.471))":2,"(Float16(0.0003376), Float16(0.5005))":98},"93":{"(Float16(0.000407), Float16(0.5005))":100},"2":{"(Float16(0.0003521), Float16(0.5005))":100},"10":{"(Float16(0.0002837), Float16(0.5005))":100},"18":{"(Float16(0.0002021), Float16(0.5))":100},"26":{"(Float16(0.0003843), Float16(0.5005))":100},"27":{"(Float16(0.0004697), Float16(0.5005))":100},"42":{"(Float16(0.000471), Float16(0.5005))":100},"87":{"(Float16(0.0002346), Float16(0.5))":100},"100":{"(Float16(0.0004115), Float16(0.5005))":100},"79":{"(Float16(0.0004158), Float16(0.5005))":100},"16":{"(Float16(0.0003445), Float16(0.5005))":100},"20":{"(Float16(0.0003228), Float16(0.5005))":100},"81":{"(Float16(0.0003374), Float16(0.5005))":100},"19":{"(Float16(0.000313), Float16(0.5005))":100},"49":{"(Float16(0.0004787), Float16(0.5005))":100},"44":{"(Float16(0.0004196), Float16(0.5005))":100},"9":{"(Float16(0.0004225), Float16(0.5005))":100},"31":{"(Float16(0.000357), Float16(0.5005))":100},"74":{"(Float16(0.0002506), Float16(0.5005))":100},"61":{"(Float16(0.000532), Float16(0.5005))":100},"29":{"(Float16(0.0003467), Float16(0.5005))":100},"94":{"(Float16(0.0005856), Float16(0.5005))":100},"46":{"(Float16(0.0003548), Float16(0.5005))":100},"57":{"(Float16(0.0004187), Float16(0.5005))":100},"70":{"(Float16(0.000307), Float16(0.5005))":100},"21":{"(Float16(0.0004067), Float16(0.5005))":100},"38":{"(Float16(0.0002642), Float16(0.5005))":100},"88":{"(Float16(0.000289), Float16(0.5005))":100},"78":{"(Float16(0.0003345), Float16(0.5005))":100},"72":{"(Float16(0.0003753), Float16(0.5005))":100},"24":{"(Float16(0.0005045), Float16(0.5005))":100},"8":{"(Float16(0.0003455), Float16(0.5005))":100},"17":{"(Float16(0.000556), Float16(0.5005))":100},"37":{"(Float16(0.0003562), Float16(0.5005))":100},"1":{"(Float16(0.0002806), Float16(0.5005))":100},"53":{"(Float16(0.000453), Float16(0.5005))":100},"22":{"(Float16(0.0003283), Float16(0.5005))":100},"47":{"(Float16(0.0004501), Float16(0.5005))":100},"83":{"(Float16(0.0004585), Float16(0.5005))":100},"99":{"(Float16(0.0003948), Float16(0.5005))":100},"89":{"(Float16(0.0003693), Float16(0.5005))":100},"14":{"(Float16(0.0003977), Float16(0.5005))":100},"3":{"(Float16(0.0004644), Float16(0.5005))":100},"80":{"(Float16(0.000496), Float16(0.5005))":100},"96":{"(Float16(0.0003698), Float16(0.5005))":100},"51":{"(Float16(0.000444), Float16(0.5005))":100},"33":{"(Float16(0.0003934), Float16(0.5005))":100},"40":{"(Float16(0.0003495), Float16(0.5005))":98,"(Float16(0.912), Float16(1.412))":2},"48":{"(Float16(0.0004234), Float16(0.5005))":100},"15":{"(Float16(0.0003557), Float16(0.5005))":100},"65":{"(Float16(0.000276), Float16(0.5005))":100},"97":{"(Float16(0.00032), Float16(0.5005))":100}}