{"5":{"(Float16(0.0006104), Float16(1.001))":100},"56":{"(Float16(0.0005794), Float16(1.001))":100},"35":{"(Float16(0.000703), Float16(1.001))":100},"55":{"(Float16(0.0004997), Float16(1.001))":100},"60":{"(Float16(0.000686), Float16(1.001))":100},"30":{"(Float16(0.0004618), Float16(1.0))":100},"32":{"(Float16(0.0005713), Float16(1.001))":100},"6":{"(Float16(0.000801), Float16(1.001))":100},"67":{"(Float16(0.0004973), Float16(1.001))":100},"45":{"(Float16(0.0005665), Float16(1.001))":100},"73":{"(Float16(0.000732), Float16(1.001))":100},"64":{"(Float16(0.0004752), Float16(1.0))":100},"90":{"(Float16(0.0006227), Float16(1.001))":100},"4":{"(Float16(0.000641), Float16(1.001))":100},"13":{"(Float16(0.000767), Float16(1.001))":100},"54":{"(Float16(0.000662), Float16(1.001))":100},"63":{"(Float16(0.000725), Float16(1.001))":100},"86":{"(Float16(0.0005407), Float16(1.001))":100},"91":{"(Float16(0.000466), Float16(1.0))":100},"62":{"(Float16(0.0008397), Float16(1.001))":100},"58":{"(Float16(0.0005784), Float16(1.001))":100},"52":{"(Float16(0.0004828), Float16(1.0))":100},"12":{"(Float16(0.0008717), Float16(1.001))":100},"28":{"(Float16(0.0005846), Float16(1.001))":100},"75":{"(Float16(0.000565), Float16(1.001))":100},"23":{"(Float16(0.000779), Float16(1.001))":100},"92":{"(Float16(0.000657), Float16(1.001))":100},"41":{"(Float16(0.0005198), Float16(1.001))":100},"43":{"(Float16(0.0005507), Float16(1.001))":100},"11":{"(Float16(0.0006313), Float16(1.001))":100},"36":{"(Float16(0.000771), Float16(1.001))":100},"68":{"(Float16(0.0007553), Float16(1.001))":100},"69":{"(Float16(0.000654), Float16(1.001))":100},"98":{"(Float16(0.0005307), Float16(1.001))":100},"82":{"(Float16(0.000556), Float16(1.001))":100},"85":{"(Float16(0.0006204), Float16(1.001))":100},"39":{"(Float16(0.0006523), Float16(1.001))":100},"84":{"(Float16(0.0005875), Float16(1.001))":100},"77":{"(Float16(0.000565), Float16(1.001))":100},"7":{"(Float16(0.0005255), Float16(1.001))":100},"25":{"(Float16(0.000598), Float16(1.001))":100},"95":{"(Float16(0.000761), Float16(1.001))":100},"71":{"(Float16(0.000558), Float16(1.001))":100},"66":{"(Float16(0.00069), Float16(1.001))":100},"76":{"(Float16(0.0007343), Float16(1.001))":100},"34":{"(Float16(0.0006742), Float16(1.001))":100},"50":{"(Float16(0.000781), Float16(1.001))":100},"59":{"(Float16(0.000813), Float16(1.001))":100},"93":{"(Float16(0.000761), Float16(1.001))":100},"2":{"(Float16(0.000583), Float16(1.001))":100},"10":{"(Float16(0.000972), Float16(1.001))":100},"18":{"(Float16(0.0006247), Float16(1.001))":100},"26":{"(Float16(0.0005217), Float16(1.001))":100},"27":{"(Float16(0.000473), Float16(1.0))":100},"42":{"(Float16(0.0006657), Float16(1.001))":100},"87":{"(Float16(0.0006666), Float16(1.001))":100},"100":{"(Float16(0.0005693), Float16(1.001))":100},"79":{"(Float16(0.0005603), Float16(1.001))":100},"16":{"(Float16(0.0004964), Float16(1.001))":100},"20":{"(Float16(0.0005836), Float16(1.001))":100},"81":{"(Float16(0.0004869), Float16(1.0))":100},"19":{"(Float16(0.0005865), Float16(1.001))":100},"49":{"(Float16(0.0005336), Float16(1.001))":100},"44":{"(Float16(0.0008864), Float16(1.001))":100},"9":{"(Float16(0.000517), Float16(1.001))":100},"31":{"(Float16(0.0007405), Float16(1.001))":100},"74":{"(Float16(0.000785), Float16(1.001))":100},"61":{"(Float16(0.000857), Float16(1.001))":100},"29":{"(Float16(0.0007305), Float16(1.001))":100},"94":{"(Float16(0.000724), Float16(1.001))":100},"46":{"(Float16(0.0006123), Float16(1.001))":100},"57":{"(Float16(0.0004394), Float16(1.0))":100},"70":{"(Float16(0.0005865), Float16(1.001))":100},"21":{"(Float16(0.000677), Float16(1.001))":100},"38":{"(Float16(0.0008), Float16(1.001))":100},"88":{"(Float16(0.0006437), Float16(1.001))":100},"78":{"(Float16(0.000579), Float16(1.001))":100},"72":{"(Float16(0.0007553), Float16(1.001))":100},"24":{"(Float16(0.000507), Float16(1.001))":100},"8":{"(Float16(0.000757), Float16(1.001))":100},"17":{"(Float16(0.000682), Float16(1.001))":100},"37":{"(Float16(0.0008035), Float16(1.001))":100},"1":{"(Float16(0.0008307), Float16(1.001))":100},"53":{"(Float16(0.0006514), Float16(1.001))":100},"22":{"(Float16(0.0007296), Float16(1.001))":100},"47":{"(Float16(0.0007114), Float16(1.001))":100},"83":{"(Float16(0.000593), Float16(1.001))":100},"99":{"(Float16(0.000556), Float16(1.001))":100},"89":{"(Float16(0.000663), Float16(1.001))":100},"14":{"(Float16(0.000484), Float16(1.0))":100},"3":{"(Float16(0.0005674), Float16(1.001))":100},"80":{"(Float16(0.000504), Float16(1.001))":100},"96":{"(Float16(0.0006523), Float16(1.001))":100},"51":{"(Float16(0.0006), Float16(1.001))":100},"33":{"(Float16(0.0007267), Float16(1.001))":100},"40":{"(Float16(0.0007153), Float16(1.001))":100},"48":{"(Float16(0.0006647), Float16(1.001))":100},"15":{"(Float16(0.000616), Float16(1.001))":100},"65":{"(Float16(0.000611), Float16(1.001))":100},"97":{"(Float16(0.0005646), Float16(1.001))":100}}