{"5":{"(Float16(0.5273), Float16(0.537))":2,"(Float16(0.948), Float16(0.958))":51,"(Float16(0.05008), Float16(0.0601))":47},"56":{"(Float16(0.05023), Float16(0.06024))":50,"(Float16(0.948), Float16(0.958))":50},"35":{"(Float16(0.05), Float16(0.06))":1,"(Float16(0.3877), Float16(0.3977))":78,"(Float16(0.949), Float16(0.959))":21},"55":{"(Float16(0.948), Float16(0.958))":52,"(Float16(0.05008), Float16(0.0601))":48},"60":{"(Float16(0.546), Float16(0.5557))":2,"(Float16(0.948), Float16(0.958))":51,"(Float16(0.05008), Float16(0.0601))":47},"30":{"(Float16(0.9497), Float16(0.9595))":28,"(Float16(0.0505), Float16(0.06052))":72},"32":{"(Float16(0.95), Float16(0.96))":25,"(Float16(0.0504), Float16(0.06042))":75},"6":{"(Float16(0.9497), Float16(0.9595))":27,"(Float16(0.05026), Float16(0.06027))":73},"67":{"(Float16(0.393), Float16(0.403))":91,"(Float16(0.948), Float16(0.958))":9},"45":{"(Float16(0.0504), Float16(0.06042))":69,"(Float16(0.949), Float16(0.959))":31},"73":{"(Float16(0.0501), Float16(0.06012))":74,"(Float16(0.949), Float16(0.959))":26},"64":{"(Float16(0.05), Float16(0.06))":28,"(Float16(0.948), Float16(0.958))":72},"90":{"(Float16(0.9473), Float16(0.957))":62,"(Float16(0.05005), Float16(0.06006))":38},"4":{"(Float16(0.05035), Float16(0.06036))":5,"(Float16(0.4834), Float16(0.4934))":84,"(Float16(0.949), Float16(0.959))":11},"13":{"(Float16(0.0503), Float16(0.0603))":67,"(Float16(0.949), Float16(0.959))":33},"54":{"(Float16(0.05038), Float16(0.0604))":69,"(Float16(0.95), Float16(0.96))":31},"63":{"(Float16(0.05023), Float16(0.06024))":48,"(Float16(0.9487), Float16(0.9585))":52},"86":{"(Float16(0.05038), Float16(0.0604))":65,"(Float16(0.9487), Float16(0.9585))":35},"91":{"(Float16(0.05035), Float16(0.06036))":77,"(Float16(0.95), Float16(0.96))":23},"62":{"(Float16(0.4326), Float16(0.4426))":85,"(Float16(0.9487), Float16(0.9585))":15},"58":{"(Float16(0.9473), Float16(0.957))":56,"(Float16(0.05005), Float16(0.06006))":42,"(Float16(0.628), Float16(0.6377))":2},"52":{"(Float16(0.0505), Float16(0.06052))":67,"(Float16(0.9487), Float16(0.9585))":33},"12":{"(Float16(0.9473), Float16(0.957))":69,"(Float16(0.0501), Float16(0.06012))":31},"28":{"(Float16(0.0502), Float16(0.0602))":19,"(Float16(0.616), Float16(0.626))":81},"75":{"(Float16(0.05014), Float16(0.06015))":40,"(Float16(0.9478), Float16(0.9575))":58,"(Float16(0.3774), Float16(0.3875))":2},"23":{"(Float16(0.05005), Float16(0.06006))":26,"(Float16(0.948), Float16(0.958))":74},"92":{"(Float16(0.0505), Float16(0.06052))":70,"(Float16(0.9487), Float16(0.9585))":30},"41":{"(Float16(0.4272), Float16(0.4373))":83,"(Float16(0.9478), Float16(0.9575))":17},"43":{"(Float16(0.05), Float16(0.06))":32,"(Float16(0.948), Float16(0.958))":68},"11":{"(Float16(0.05008), Float16(0.0601))":64,"(Float16(0.949), Float16(0.959))":36},"36":{"(Float16(0.948), Float16(0.958))":49,"(Float16(0.0503), Float16(0.0603))":51},"68":{"(Float16(0.948), Float16(0.958))":51,"(Float16(0.05002), Float16(0.06003))":49},"69":{"(Float16(0.05005), Float16(0.06006))":44,"(Float16(0.948), Float16(0.958))":54,"(Float16(0.4275), Float16(0.4375))":2},"98":{"(Float16(0.05005), Float16(0.06006))":56,"(Float16(0.4766), Float16(0.4866))":2,"(Float16(0.949), Float16(0.959))":42},"82":{"(Float16(0.05038), Float16(0.0604))":69,"(Float16(0.5723), Float16(0.582))":1,"(Float16(0.9487), Float16(0.9585))":30},"85":{"(Float16(0.05048), Float16(0.0605))":70,"(Float16(0.9487), Float16(0.9585))":30},"39":{"(Float16(0.05002), Float16(0.06003))":63,"(Float16(0.949), Float16(0.959))":37},"84":{"(Float16(0.05), Float16(0.06))":30,"(Float16(0.948), Float16(0.958))":70},"77":{"(Float16(0.05045), Float16(0.06046))":63,"(Float16(0.948), Float16(0.958))":37},"7":{"(Float16(0.9497), Float16(0.9595))":24,"(Float16(0.05048), Float16(0.0605))":76},"25":{"(Float16(0.05023), Float16(0.06024))":71,"(Float16(0.949), Float16(0.959))":29},"95":{"(Float16(0.05023), Float16(0.06024))":46,"(Float16(0.948), Float16(0.958))":54},"71":{"(Float16(0.9473), Float16(0.957))":73,"(Float16(0.05005), Float16(0.06006))":27},"66":{"(Float16(0.9487), Float16(0.9585))":46,"(Float16(0.05008), Float16(0.0601))":54},"76":{"(Float16(0.5054), Float16(0.515))":2,"(Float16(0.05005), Float16(0.06006))":50,"(Float16(0.538), Float16(0.548))":3,"(Float16(0.9487), Float16(0.9585))":45},"34":{"(Float16(0.948), Float16(0.958))":58,"(Float16(0.05002), Float16(0.06003))":42},"50":{"(Float16(0.05017), Float16(0.06018))":60,"(Float16(0.9487), Float16(0.9585))":38,"(Float16(0.5156), Float16(0.5254))":2},"59":{"(Float16(0.948), Float16(0.958))":57,"(Float16(0.05002), Float16(0.06003))":43},"93":{"(Float16(0.05), Float16(0.06))":37,"(Float16(0.9473), Float16(0.957))":63},"2":{"(Float16(0.948), Float16(0.958))":81,"(Float16(0.05002), Float16(0.06003))":19},"10":{"(Float16(0.05005), Float16(0.06006))":36,"(Float16(0.9478), Float16(0.9575))":64},"18":{"(Float16(0.05005), Float16(0.06006))":42,"(Float16(0.949), Float16(0.959))":58},"26":{"(Float16(0.0504), Float16(0.06042))":57,"(Float16(0.9487), Float16(0.9585))":41,"(Float16(0.606), Float16(0.6157))":2},"27":{"(Float16(0.948), Float16(0.958))":46,"(Float16(0.0501), Float16(0.06012))":54},"42":{"(Float16(0.05005), Float16(0.06006))":58,"(Float16(0.948), Float16(0.958))":40,"(Float16(0.548), Float16(0.5576))":2},"87":{"(Float16(0.9473), Float16(0.957))":57,"(Float16(0.05005), Float16(0.06006))":40,"(Float16(0.4067), Float16(0.4167))":3},"100":{"(Float16(0.948), Float16(0.958))":53,"(Float16(0.0501), Float16(0.06012))":47},"79":{"(Float16(0.05017), Float16(0.06018))":56,"(Float16(0.948), Float16(0.958))":44},"16":{"(Float16(0.05014), Float16(0.06015))":47,"(Float16(0.9478), Float16(0.9575))":52,"(Float16(0.606), Float16(0.6157))":1},"20":{"(Float16(0.9497), Float16(0.9595))":23,"(Float16(0.0504), Float16(0.06042))":77},"81":{"(Float16(0.05), Float16(0.06))":46,"(Float16(0.9487), Float16(0.9585))":54},"19":{"(Float16(0.3848), Float16(0.3948))":75,"(Float16(0.949), Float16(0.959))":25},"49":{"(Float16(0.05017), Float16(0.06018))":63,"(Float16(0.948), Float16(0.958))":37},"44":{"(Float16(0.948), Float16(0.958))":1,"(Float16(0.6025), Float16(0.6123))":84,"(Float16(0.0501), Float16(0.06012))":15},"9":{"(Float16(0.05005), Float16(0.06006))":44,"(Float16(0.9478), Float16(0.9575))":56},"31":{"(Float16(0.4854), Float16(0.4954))":7,"(Float16(0.05), Float16(0.06))":60,"(Float16(0.949), Float16(0.959))":33},"74":{"(Float16(0.0506), Float16(0.0606))":69,"(Float16(0.949), Float16(0.959))":31},"61":{"(Float16(0.05017), Float16(0.06018))":57,"(Float16(0.949), Float16(0.959))":43},"29":{"(Float16(0.0502), Float16(0.0602))":51,"(Float16(0.9473), Float16(0.957))":49},"94":{"(Float16(0.05035), Float16(0.06036))":75,"(Float16(0.948), Float16(0.958))":25},"46":{"(Float16(0.05005), Float16(0.06006))":47,"(Float16(0.949), Float16(0.959))":53},"57":{"(Float16(0.05014), Float16(0.06015))":37,"(Float16(0.948), Float16(0.958))":63},"70":{"(Float16(0.0504), Float16(0.06042))":72,"(Float16(0.9487), Float16(0.9585))":28},"21":{"(Float16(0.05002), Float16(0.06003))":21,"(Float16(0.949), Float16(0.959))":79},"38":{"(Float16(0.0501), Float16(0.06012))":58,"(Float16(0.949), Float16(0.959))":42},"88":{"(Float16(0.948), Float16(0.958))":62,"(Float16(0.05008), Float16(0.0601))":38},"78":{"(Float16(0.05032), Float16(0.06033))":28,"(Float16(0.948), Float16(0.958))":70,"(Float16(0.4849), Float16(0.4949))":2},"72":{"(Float16(0.05026), Float16(0.06027))":66,"(Float16(0.948), Float16(0.958))":34},"24":{"(Float16(0.948), Float16(0.958))":41,"(Float16(0.05008), Float16(0.0601))":59},"8":{"(Float16(0.05017), Float16(0.06018))":53,"(Float16(0.949), Float16(0.959))":47},"17":{"(Float16(0.9497), Float16(0.9595))":5,"(Float16(0.5645), Float16(0.574))":74,"(Float16(0.05048), Float16(0.0605))":21},"37":{"(Float16(0.05008), Float16(0.0601))":52,"(Float16(0.949), Float16(0.959))":48},"1":{"(Float16(0.05035), Float16(0.06036))":67,"(Float16(0.948), Float16(0.958))":33},"53":{"(Float16(0.05014), Float16(0.06015))":67,