{"5":{"(Float16(0.05017), 0.0601708984375)":59,"(Float16(0.949), 0.95921875)":41},"56":{"(Float16(0.05026), 0.060262451171875)":71,"(Float16(0.949), 0.95921875)":29},"35":{"(Float16(0.0501), 0.06010986328125)":48,"(Float16(0.949), 0.95921875)":52},"55":{"(Float16(0.05026), 0.060262451171875)":94,"(Float16(0.949), 0.95921875)":6},"60":{"(Float16(0.9487), 0.95873046875)":63,"(Float16(0.05017), 0.0601708984375)":37},"30":{"(Float16(0.05054), 0.060537109375)":100},"32":{"(Float16(0.05026), 0.060262451171875)":58,"(Float16(0.948), 0.9582421875)":42},"6":{"(Float16(0.9487), 0.95873046875)":34,"(Float16(0.05023), 0.06023193359375)":66},"67":{"(Float16(0.05023), 0.06023193359375)":40,"(Float16(0.9473), 0.957265625)":60},"45":{"(Float16(0.0502), 0.060201416015625)":34,"(Float16(0.9478), 0.95775390625)":66},"73":{"(Float16(0.0501), 0.06010986328125)":38,"(Float16(0.948), 0.9582421875)":62},"64":{"(Float16(0.0502), 0.060201416015625)":40,"(Float16(0.948), 0.9582421875)":60},"90":{"(Float16(0.05005), 0.060048828125)":2,"(Float16(0.948), 0.9582421875)":98},"4":{"(Float16(0.9487), 0.95873046875)":84,"(Float16(0.05002), 0.060018310546875)":16},"13":{"(Float16(0.9487), 0.95873046875)":36,"(Float16(0.05026), 0.060262451171875)":64},"54":{"(Float16(0.0503), 0.06029296875)":58,"(Float16(0.949), 0.95921875)":42},"63":{"(Float16(0.05017), 0.0601708984375)":46,"(Float16(0.948), 0.9582421875)":54},"86":{"(Float16(0.949), 0.95921875)":39,"(Float16(0.05023), 0.06023193359375)":61},"91":{"(Float16(0.0502), 0.060201416015625)":42,"(Float16(0.948), 0.9582421875)":58},"62":{"(Float16(0.948), 0.9582421875)":95,"(Float16(0.05014), 0.060140380859375)":5},"58":{"(Float16(0.9478), 0.95775390625)":74,"(Float16(0.05023), 0.06023193359375)":26},"52":{"(Float16(0.05008), 0.060079345703125)":62,"(Float16(0.948), 0.9582421875)":38},"12":{"(Float16(0.05035), 0.06035400390625)":48,"(Float16(0.948), 0.9582421875)":52},"28":{"(Float16(0.9487), 0.95873046875)":38,"(Float16(0.05017), 0.0601708984375)":62},"75":{"(Float16(0.0503), 0.06029296875)":44,"(Float16(0.948), 0.9582421875)":56},"23":{"(Float16(0.0502), 0.060201416015625)":38,"(Float16(0.948), 0.9582421875)":62},"92":{"(Float16(0.0504), 0.0604150390625)":53,"(Float16(0.9473), 0.957265625)":47},"41":{"(Float16(0.05032), 0.060323486328125)":91,"(Float16(0.949), 0.95921875)":9},"43":{"(Float16(0.949), 0.95921875)":83,"(Float16(0.05005), 0.060048828125)":17},"11":{"(Float16(0.05005), 0.060048828125)":14,"(Float16(0.948), 0.9582421875)":86},"36":{"(Float16(0.0501), 0.06010986328125)":43,"(Float16(0.948), 0.9582421875)":57},"68":{"(Float16(0.9487), 0.95873046875)":36,"(Float16(0.05017), 0.0601708984375)":64},"69":{"(Float16(0.948), 0.9582421875)":41,"(Float16(0.05014), 0.060140380859375)":59},"98":{"(Float16(0.9487), 0.95873046875)":53,"(Float16(0.05017), 0.0601708984375)":47},"82":{"(Float16(0.05035), 0.06035400390625)":41,"(Float16(0.949), 0.95921875)":59},"85":{"(Float16(0.9487), 0.95873046875)":48,"(Float16(0.05026), 0.060262451171875)":52},"39":{"(Float16(0.0503), 0.06029296875)":56,"(Float16(0.948), 0.9582421875)":44},"84":{"(Float16(0.0504), 0.0604150390625)":48,"(Float16(0.949), 0.95921875)":52},"77":{"(Float16(0.05035), 0.06035400390625)":52,"(Float16(0.949), 0.95921875)":48},"7":{"(Float16(0.0504), 0.0604150390625)":60,"(Float16(0.948), 0.9582421875)":40},"25":{"(Float16(0.05026), 0.060262451171875)":48,"(Float16(0.948), 0.9582421875)":52},"95":{"(Float16(0.9487), 0.95873046875)":100},"71":{"(Float16(0.0502), 0.060201416015625)":32,"(Float16(0.948), 0.9582421875)":68},"66":{"(Float16(0.949), 0.95921875)":39,"(Float16(0.05005), 0.060048828125)":61},"76":{"(Float16(0.05032), 0.060323486328125)":69,"(Float16(0.948), 0.9582421875)":31},"34":{"(Float16(0.0504), 0.0604150390625)":60,"(Float16(0.949), 0.95921875)":40},"50":{"(Float16(0.948), 0.9582421875)":57,"(Float16(0.05023), 0.06023193359375)":43},"59":{"(Float16(0.9478), 0.95775390625)":44,"(Float16(0.05023), 0.06023193359375)":56},"93":{"(Float16(0.05017), 0.0601708984375)":76,"(Float16(0.948), 0.9582421875)":24},"2":{"(Float16(0.9487), 0.95873046875)":32,"(Float16(0.05035), 0.06035400390625)":68},"10":{"(Float16(0.949), 0.95921875)":10,"(Float16(0.05005), 0.060048828125)":90},"18":{"(Float16(0.9487), 0.95873046875)":37,"(Float16(0.0502), 0.060201416015625)":63},"26":{"(Float16(0.0502), 0.060201416015625)":46,"(Float16(0.949), 0.95921875)":54},"27":{"(Float16(0.948), 0.9582421875)":74,"(Float16(0.05014), 0.060140380859375)":26},"42":{"(Float16(0.05008), 0.060079345703125)":62,"(Float16(0.949), 0.95921875)":38},"87":{"(Float16(0.948), 0.9582421875)":44,"(Float16(0.05014), 0.060140380859375)":56},"100":{"(Float16(0.949), 0.95921875)":45,"(Float16(0.05023), 0.06023193359375)":55},"79":{"(Float16(0.949), 0.95921875)":33,"(Float16(0.05023), 0.06023193359375)":67},"16":{"(Float16(0.05035), 0.06035400390625)":29,"(Float16(0.948), 0.9582421875)":71},"20":{"(Float16(0.05026), 0.060262451171875)":49,"(Float16(0.948), 0.9582421875)":51},"81":{"(Float16(0.05005), 0.060048828125)":35,"(Float16(0.948), 0.9582421875)":65},"19":{"(Float16(0.948), 0.9582421875)":50,"(Float16(0.05023), 0.06023193359375)":50},"49":{"(Float16(0.948), 0.9582421875)":65,"(Float16(0.05014), 0.060140380859375)":35},"44":{"(Float16(0.0503), 0.06029296875)":47,"(Float16(0.948), 0.9582421875)":53},"9":{"(Float16(0.0502), 0.060201416015625)":61,"(Float16(0.948), 0.9582421875)":39},"31":{"(Float16(0.9487), 0.95873046875)":13,"(Float16(0.0501), 0.06010986328125)":87},"74":{"(Float16(0.0504), 0.0604150390625)":100},"61":{"(Float16(0.05005), 0.060048828125)":22,"(Float16(0.948), 0.9582421875)":78},"29":{"(Float16(0.05005), 0.060048828125)":4,"(Float16(0.948), 0.9582421875)":96},"94":{"(Float16(0.05038), 0.060384521484375)":48,"(Float16(0.948), 0.9582421875)":52},"46":{"(Float16(0.9487), 0.95873046875)":39,"(Float16(0.05032), 0.060323486328125)":61},"57":{"(Float16(0.05048), 0.06047607421875)":96,"(Float16(0.95), 0.9601953125)":4},"70":{"(Float16(0.948), 0.9582421875)":58,"(Float16(0.05014), 0.060140380859375)":42},"21":{"(Float16(0.0501), 0.06010986328125)":38,"(Float16(0.948), 0.9582421875)":62},"38":{"(Float16(0.05017), 0.0601708984375)":44,"(Float16(0.948), 0.9582421875)":56},"88":{"(Float16(0.9487), 0.95873046875)":45,"(Float16(0.05035), 0.06035400390625)":55},"78":{"(Float16(0.0501), 0.06010986328125)":36,"(Float16(0.948), 0.9582421875)":64},"72":{"(Float16(0.0503), 0.06029296875)":41,"(Float16(0.949), 0.95921875)":59},"24":{"(Float16(0.05005), 0.060048828125)":2,"(Float16(0.948), 0.9582421875)":98},"8":{"(Float16(0.9487), 0.95873046875)":29,"(Float16(0.0503), 0.06029296875)":71},"17":{"(Float16(0.948), 0.9582421875)":44,"(Float16(0.05023), 0.06023193359375)":56},"37":{"(Float16(0.948), 0.9582421875)":53,"(Float16(0.05023), 0.06023193359375)":47},"1":{"(Float16(0.05005), 0.060048828125)":28,"(Float16(0.948), 0.9582421875)":72},"53":{"(Float16(0.948), 0.9582421875)":48,"(Float16(0.05023), 0.06023193359375)":52},"22":{"(Float16(0.05017), 0.0601708984375)":54,"(Float16(0.949), 0.95921875)":46},"47":{"(Float16(0.949), 0.95921875)":47,"(Float16(0.05014), 0.060140380859375)":53},"83":{"(Float16(0.05017), 0.0601708984375)":37,"(Float16(0.948), 0.9582421875)":63},"99":{"(Float16(0.0501), 0.06010986328125)":49,"(Float16(0.949), 0.95921875)":51},"89":{"(Float16(0.0503), 0.06029296875)":56,"(Float16(0.949), 0.95921875)":44},"14":{"(Float16(0.949), 0.95921875)":46,"(Float16(0.05023), 0.06023193359375)":54},"3":{"(Float16(0.9487), 0.95873046875)":70,"(Float16(0.05008), 0.060079345703125)":30},"80":{"(Float16(0.0501), 0.06010986328125)":37,"(Float16(0.948), 0.9582421875)":63},"96":{"(Float16(0.0503), 0.06029296875)":46,"(Float16(0.949), 0.95921875)":54},"51":{"(Float16(0.949), 0.95921875)":60,"(Float16(0.05014), 0.060140380859375)":40},"33":{"(Float16(0.9487), 0.95873046875)":92,"(Float16(0.05017), 0.0601708984375)":8},"40":{"(Float16(0.0502), 0.060201416015625)":55,"(Float16(0.948), 0.9582421875)":45},