{"5":{"(Float16(0.05002), Float16(0.25))":17,"(Float16(0.4995), Float16(0.6997))":44,"(Float16(0.9487), Float16(1.148))":39},"56":{"(Float16(0.948), Float16(1.148))":8,"(Float16(0.05014), Float16(0.2502))":27,"(Float16(0.5005), Float16(0.7007))":65},"35":{"(Float16(0.948), Float16(1.148))":27,"(Float16(0.05017), Float16(0.2502))":25,"(Float16(0.499), Float16(0.699))":48},"55":{"(Float16(0.9487), Float16(1.148))":50,"(Float16(0.05), Float16(0.25))":34,"(Float16(0.5), Float16(0.7))":16},"60":{"(Float16(0.95), Float16(1.15))":28,"(Float16(0.7334), Float16(0.9336))":2,"(Float16(0.4976), Float16(0.6978))":70},"30":{"(Float16(0.05014), Float16(0.2502))":27,"(Float16(0.5005), Float16(0.7007))":57,"(Float16(0.949), Float16(1.149))":16},"32":{"(Float16(0.05008), Float16(0.25))":29,"(Float16(0.4995), Float16(0.6997))":47,"(Float16(0.9473), Float16(1.147))":24},"6":{"(Float16(0.948), Float16(1.148))":29,"(Float16(0.4995), Float16(0.6997))":58,"(Float16(0.05), Float16(0.25))":13},"67":{"(Float16(0.0504), Float16(0.2505))":39,"(Float16(0.498), Float16(0.698))":23,"(Float16(0.949), Float16(1.149))":38},"45":{"(Float16(0.05035), Float16(0.2502))":23,"(Float16(0.5005), Float16(0.7007))":77},"73":{"(Float16(0.05035), Float16(0.2502))":19,"(Float16(0.4995), Float16(0.6997))":65,"(Float16(0.9487), Float16(1.148))":16},"64":{"(Float16(0.05002), Float16(0.25))":32,"(Float16(0.9487), Float16(1.148))":44,"(Float16(0.5), Float16(0.7))":24},"90":{"(Float16(0.948), Float16(1.148))":39,"(Float16(0.2896), Float16(0.4895))":61},"4":{"(Float16(0.948), Float16(1.148))":51,"(Float16(0.4995), Float16(0.6997))":25,"(Float16(0.0506), Float16(0.2505))":24},"13":{"(Float16(0.948), Float16(1.148))":25,"(Float16(0.05026), Float16(0.2502))":37,"(Float16(0.5), Float16(0.7))":38},"54":{"(Float16(0.5005), Float16(0.7007))":36,"(Float16(0.9487), Float16(1.148))":29,"(Float16(0.0501), Float16(0.25))":35},"63":{"(Float16(0.948), Float16(1.148))":44,"(Float16(0.05005), Float16(0.25))":27,"(Float16(0.5), Float16(0.7))":29},"86":{"(Float16(0.95), Float16(1.15))":8,"(Float16(0.05002), Float16(0.25))":34,"(Float16(0.5), Float16(0.7))":58},"91":{"(Float16(0.5005), Float16(0.7007))":76,"(Float16(0.05045), Float16(0.2505))":20,"(Float16(0.95), Float16(1.15))":4},"62":{"(Float16(0.5005), Float16(0.7007))":67,"(Float16(0.0503), Float16(0.2502))":29,"(Float16(0.95), Float16(1.15))":4},"58":{"(Float16(0.948), Float16(1.148))":35,"(Float16(0.05014), Float16(0.2502))":17,"(Float16(0.4995), Float16(0.6997))":48},"52":{"(Float16(0.9497), Float16(1.149))":26,"(Float16(0.0508), Float16(0.2507))":49,"(Float16(0.5), Float16(0.7))":25},"12":{"(Float16(0.05002), Float16(0.25))":33,"(Float16(0.9487), Float16(1.148))":39,"(Float16(0.5), Float16(0.7))":28},"28":{"(Float16(0.05035), Float16(0.2502))":32,"(Float16(0.948), Float16(1.148))":42,"(Float16(0.499), Float16(0.699))":26},"75":{"(Float16(0.95), Float16(1.15))":3,"(Float16(0.501), Float16(0.701))":69,"(Float16(0.05023), Float16(0.2502))":28},"23":{"(Float16(0.9478), Float16(1.147))":38,"(Float16(0.05035), Float16(0.2502))":26,"(Float16(0.5), Float16(0.7))":36},"92":{"(Float16(0.0502), Float16(0.2502))":32,"(Float16(0.5005), Float16(0.7007))":64,"(Float16(0.95), Float16(1.15))":4},"41":{"(Float16(0.501), Float16(0.701))":53,"(Float16(0.05002), Float16(0.25))":47},"43":{"(Float16(0.7354), Float16(0.9355))":50,"(Float16(0.0501), Float16(0.25))":28,"(Float16(0.4976), Float16(0.6978))":22},"11":{"(Float16(0.05035), Float16(0.2502))":38,"(Float16(0.5005), Float16(0.7007))":48,"(Float16(0.2886), Float16(0.4885))":2,"(Float16(0.95), Float16(1.15))":12},"36":{"(Float16(0.05063), Float16(0.2507))":42,"(Float16(0.949), Float16(1.149))":27,"(Float16(0.5), Float16(0.7))":31},"68":{"(Float16(0.948), Float16(1.148))":13,"(Float16(0.05017), Float16(0.2502))":37,"(Float16(0.5), Float16(0.7))":50},"69":{"(Float16(0.9478), Float16(1.147))":36,"(Float16(0.05072), Float16(0.2507))":45,"(Float16(0.5), Float16(0.7))":19},"98":{"(Float16(0.746), Float16(0.9463))":49,"(Float16(0.4988), Float16(0.6987))":30,"(Float16(0.05), Float16(0.25))":21},"82":{"(Float16(0.498), Float16(0.698))":59,"(Float16(0.05005), Float16(0.25))":5,"(Float16(0.949), Float16(1.149))":36},"85":{"(Float16(0.05032), Float16(0.2502))":50,"(Float16(0.949), Float16(1.149))":33,"(Float16(0.5), Float16(0.7))":17},"39":{"(Float16(0.2817), Float16(0.4817))":2,"(Float16(0.5005), Float16(0.7007))":64,"(Float16(0.0504), Float16(0.2505))":22,"(Float16(0.95), Float16(1.15))":12},"84":{"(Float16(0.948), Float16(1.148))":40,"(Float16(0.4998), Float16(0.6997))":37,"(Float16(0.05005), Float16(0.25))":23},"77":{"(Float16(0.5005), Float16(0.7007))":60,"(Float16(0.0505), Float16(0.2505))":29,"(Float16(0.949), Float16(1.149))":11},"7":{"(Float16(0.948), Float16(1.148))":19,"(Float16(0.5005), Float16(0.7007))":43,"(Float16(0.0504), Float16(0.2505))":38},"25":{"(Float16(0.948), Float16(1.148))":30,"(Float16(0.4995), Float16(0.6997))":39,"(Float16(0.709), Float16(0.909))":2,"(Float16(0.05005), Float16(0.25))":29},"95":{"(Float16(0.948), Float16(1.148))":52,"(Float16(0.05002), Float16(0.25))":21,"(Float16(0.4988), Float16(0.6987))":27},"71":{"(Float16(0.0502), Float16(0.2502))":27,"(Float16(0.4988), Float16(0.6987))":46,"(Float16(0.949), Float16(1.149))":27},"66":{"(Float16(0.05002), Float16(0.25))":5,"(Float16(0.4985), Float16(0.6987))":61,"(Float16(0.9487), Float16(1.148))":34},"76":{"(Float16(0.948), Float16(1.148))":35,"(Float16(0.05002), Float16(0.25))":26,"(Float16(0.4995), Float16(0.6997))":39},"34":{"(Float16(0.5005), Float16(0.7007))":70,"(Float16(0.949), Float16(1.149))":15,"(Float16(0.05054), Float16(0.2505))":15},"50":{"(Float16(0.949), Float16(1.149))":34,"(Float16(0.499), Float16(0.699))":66},"59":{"(Float16(0.948), Float16(1.148))":35,"(Float16(0.05008), Float16(0.25))":14,"(Float16(0.4985), Float16(0.6987))":51},"93":{"(Float16(0.948), Float16(1.148))":41,"(Float16(0.4985), Float16(0.6987))":59},"2":{"(Float16(0.948), Float16(1.148))":22,"(Float16(0.71), Float16(0.91))":2,"(Float16(0.05045), Float16(0.2505))":20,"(Float16(0.499), Float16(0.699))":56},"10":{"(Float16(0.948), Float16(1.148))":37,"(Float16(0.4995), Float16(0.6997))":41,"(Float16(0.0501), Float16(0.25))":22},"18":{"(Float16(0.948), Float16(1.148))":25,"(Float16(0.5005), Float16(0.7007))":46,"(Float16(0.05005), Float16(0.25))":29},"26":{"(Float16(0.0502), Float16(0.2502))":23,"(Float16(0.948), Float16(1.148))":21,"(Float16(0.5005), Float16(0.7007))":56},"27":{"(Float16(0.0502), Float16(0.2502))":39,"(Float16(0.948), Float16(1.148))":37,"(Float16(0.498), Float16(0.698))":24},"42":{"(Float16(0.948), Float16(1.148))":29,"(Float16(0.4995), Float16(0.6997))":44,"(Float16(0.05), Float16(0.25))":27},"87":{"(Float16(0.05032), Float16(0.2502))":29,"(Float16(0.5005), Float16(0.7007))":48,"(Float16(0.949), Float16(1.149))":23},"100":{"(Float16(0.948), Float16(1.148))":28,"(Float16(0.05017), Float16(0.2502))":43,"(Float16(0.5), Float16(0.7))":29},"79":{"(Float16(0.9478), Float16(1.147))":22,"(Float16(0.0501), Float16(0.25))":27,"(Float16(0.499), Float16(0.699))":51},"16":{"(Float16(0.05002), Float16(0.25))":41,"(Float16(0.5005), Float16(0.7007))":59},"20":{"(Float16(0.5), Float16(0.7))":41,"(Float16(0.948), Float16(1.148))":16,"(Float16(0.05023), Float16(0.2502))":43},"81":{"(Float16(0.948), Float16(1.148))":22,"(Float16(0.05017), Float16(0.2502))":7,"(Float16(0.4976), Float16(0.6978))":71},"19":{"(Float16(0.5005), Float16(0.7007))":40,"(Float16(0.9487), Float16(1.148))":23,"(Float16(0.0501), Float16(0.25))":37},"49":{"(Float16(0.05032), Float16(0.2502))":29,"(Float16(0.948), Float16(1.148))":25,"(Float16(0.5), Float16(0.7))":46},"44":{"(Float16(0.5005), Float16(0.7007))":47,"(Float16(0.9473), Float16(1.147))":32,"(Float16(0.05017), Float16(0.2502))":21},"9":{"(Float16(0.5005), Float16(0.7007))":66,"(Float16(0.0504), Float16(0.2505))":27,"(Float16(0.95), Float16(1.15))":7},"31":{"(Float16(0.948), Float16(1.148))":39,"(Float16(0.4995), Float16(0.6997))":45,