{"5":{"(Float16(0.719), Float16(0.9194))":10,"(Float16(0.5034), Float16(0.7036))":52,"(Float16(0.0003743), Float16(0.2003))":38},"56":{"(Float16(0.0001719), Float16(0.2002))":45,"(Float16(0.7383), Float16(0.9385))":33,"(Float16(0.507), Float16(0.707))":22},"35":{"(Float16(0.415), Float16(0.615))":36,"(Float16(0.6206), Float16(0.821))":34,"(Float16(0.829), Float16(1.029))":2,"(Float16(0.0001522), Float16(0.2002))":28},"55":{"(Float16(0.8535), Float16(1.054))":11,"(Float16(0.6494), Float16(0.8496))":17,"(Float16(6.67e-5), Float16(0.2001))":23,"(Float16(0.3525), Float16(0.5527))":49},"60":{"(Float16(0.0003595), Float16(0.2003))":24,"(Float16(0.2372), Float16(0.4373))":23,"(Float16(0.7734), Float16(0.9736))":49,"(Float16(0.475), Float16(0.6753))":4},"30":{"(Float16(0.7793), Float16(0.9795))":34,"(Float16(0.212), Float16(0.412))":32,"(Float16(8.0e-5), Float16(0.2001))":26,"(Float16(0.4243), Float16(0.6245))":8},"32":{"(Float16(0.2898), Float16(0.4897))":4,"(Float16(0.552), Float16(0.752))":43,"(Float16(0.0002322), Float16(0.2002))":31,"(Float16(0.7637), Float16(0.964))":22},"6":{"(Float16(0.841), Float16(1.041))":6,"(Float16(0.0001931), Float16(0.2002))":16,"(Float16(0.379), Float16(0.579))":29,"(Float16(0.632), Float16(0.832))":49},"67":{"(Float16(0.757), Float16(0.957))":49,"(Float16(0.0002227), Float16(0.2002))":28,"(Float16(0.2009), Float16(0.401))":23},"45":{"(Float16(0.2163), Float16(0.4163))":14,"(Float16(0.4165), Float16(0.6167))":4,"(Float16(0.7324), Float16(0.9326))":57,"(Float16(5.674e-5), Float16(0.2001))":25},"73":{"(Float16(0.7188), Float16(0.919))":25,"(Float16(0.476), Float16(0.6763))":56,"(Float16(0.0001748), Float16(0.2002))":19},"64":{"(Float16(0.0002627), Float16(0.2003))":16,"(Float16(0.23), Float16(0.43))":30,"(Float16(0.8027), Float16(1.003))":32,"(Float16(0.4302), Float16(0.6304))":22},"90":{"(Float16(0.0002154), Float16(0.2002))":35,"(Float16(0.316), Float16(0.516))":20,"(Float16(0.7524), Float16(0.9526))":29,"(Float16(0.5186), Float16(0.7188))":12,"(Float16(0.958), Float16(1.158))":4},"4":{"(Float16(0.000237), Float16(0.2002))":27,"(Float16(0.2363), Float16(0.4363))":10,"(Float16(0.4585), Float16(0.6587))":3,"(Float16(0.704), Float16(0.9043))":60},"13":{"(Float16(0.0002286), Float16(0.2002))":20,"(Float16(0.6484), Float16(0.8486))":45,"(Float16(0.3853), Float16(0.5854))":35},"54":{"(Float16(0.5303), Float16(0.7305))":14,"(Float16(0.752), Float16(0.952))":43,"(Float16(0.2754), Float16(0.4753))":14,"(Float16(0.0002513), Float16(0.2002))":29},"63":{"(Float16(0.5586), Float16(0.759))":16,"(Float16(0.7617), Float16(0.962))":31,"(Float16(0.0004444), Float16(0.2004))":18,"(Float16(0.3284), Float16(0.5283))":35},"86":{"(Float16(0.0003314), Float16(0.2003))":10,"(Float16(0.2157), Float16(0.4158))":25,"(Float16(0.8706), Float16(1.07))":11,"(Float16(0.6064), Float16(0.8066))":54},"91":{"(Float16(0.586), Float16(0.786))":77,"(Float16(0.2404), Float16(0.4404))":1,"(Float16(0.9243), Float16(1.124))":2,"(Float16(6.0e-7), Float16(0.2))":20},"62":{"(Float16(0.0002327), Float16(0.2002))":24,"(Float16(0.267), Float16(0.467))":19,"(Float16(0.6885), Float16(0.8887))":57},"58":{"(Float16(0.4556), Float16(0.656))":44,"(Float16(0.000165), Float16(0.2002))":24,"(Float16(0.71), Float16(0.91))":32},"52":{"(Float16(0.21), Float16(0.41))":15,"(Float16(0.0001546), Float16(0.2002))":30,"(Float16(0.788), Float16(0.9883))":49,"(Float16(0.4194), Float16(0.6196))":6},"12":{"(Float16(0.0002701), Float16(0.2003))":23,"(Float16(0.548), Float16(0.748))":63,"(Float16(0.2546), Float16(0.4546))":4,"(Float16(0.7935), Float16(0.9937))":10},"28":{"(Float16(0.422), Float16(0.622))":29,"(Float16(0.2178), Float16(0.4177))":8,"(Float16(0.000371), Float16(0.2003))":19,"(Float16(0.8223), Float16(1.022))":44},"75":{"(Float16(0.712), Float16(0.912))":57,"(Float16(0.0001581), Float16(0.2002))":26,"(Float16(0.252), Float16(0.452))":17},"23":{"(Float16(0.753), Float16(0.953))":25,"(Float16(0.541), Float16(0.741))":24,"(Float16(0.3215), Float16(0.5215))":16,"(Float16(0.0005555), Float16(0.2006))":35},"92":{"(Float16(0.000289), Float16(0.2003))":19,"(Float16(0.9844), Float16(1.185))":2,"(Float16(0.748), Float16(0.948))":41,"(Float16(0.2615), Float16(0.4614))":34,"(Float16(0.4758), Float16(0.676))":4},"41":{"(Float16(0.826), Float16(1.026))":42,"(Float16(0.4897), Float16(0.69))":8,"(Float16(0.2213), Float16(0.4214))":29,"(Float16(0.0001829), Float16(0.2002))":21},"43":{"(Float16(0.0001026), Float16(0.2001))":21,"(Float16(0.9336), Float16(1.134))":5,"(Float16(0.4243), Float16(0.6245))":47,"(Float16(0.673), Float16(0.873))":27},"11":{"(Float16(0.2166), Float16(0.4165))":4,"(Float16(0.8984), Float16(1.099))":7,"(Float16(0.0001663), Float16(0.2002))":29,"(Float16(0.6084), Float16(0.8086))":60},"36":{"(Float16(0.8154), Float16(1.016))":18,"(Float16(0.00037), Float16(0.2003))":37,"(Float16(0.3635), Float16(0.5635))":20,"(Float16(0.601), Float16(0.8013))":25},"68":{"(Float16(0.382), Float16(0.582))":13,"(Float16(0.9424), Float16(1.143))":1,"(Float16(8.965e-5), Float16(0.2001))":20,"(Float16(0.6533), Float16(0.8535))":66},"69":{"(Float16(0.641), Float16(0.8413))":23,"(Float16(0.35), Float16(0.5503))":51,"(Float16(0.00010407), Float16(0.2001))":10,"(Float16(0.851), Float16(1.051))":16},"98":{"(Float16(0.2194), Float16(0.4194))":22,"(Float16(0.4346), Float16(0.635))":10,"(Float16(0.8), Float16(1.0))":47,"(Float16(0.0002313), Float16(0.2002))":21},"82":{"(Float16(0.415), Float16(0.615))":18,"(Float16(0.0001744), Float16(0.2002))":20,"(Float16(0.8037), Float16(1.004))":37,"(Float16(0.2056), Float16(0.4055))":25},"85":{"(Float16(0.6973), Float16(0.8975))":57,"(Float16(0.2129), Float16(0.4128))":20,"(Float16(0.0002424), Float16(0.2002))":23},"39":{"(Float16(0.709), Float16(0.909))":16,"(Float16(0.9355), Float16(1.136))":5,"(Float16(0.4658), Float16(0.666))":55,"(Float16(8.39e-5), Float16(0.2001))":24},"84":{"(Float16(0.6104), Float16(0.8105))":64,"(Float16(0.0001999), Float16(0.2002))":17,"(Float16(0.2178), Float16(0.4177))":6,"(Float16(0.8394), Float16(1.039))":13},"77":{"(Float16(0.923), Float16(1.123))":15,"(Float16(0.0001884), Float16(0.2002))":22,"(Float16(0.716), Float16(0.916))":18,"(Float16(0.4375), Float16(0.6377))":45},"7":{"(Float16(0.828), Float16(1.028))":12,"(Float16(0.0002213), Float16(0.2002))":25,"(Float16(0.5273), Float16(0.7275))":63},"25":{"(Float16(0.4814), Float16(0.6816))":39,"(Float16(0.913), Float16(1.113))":6,"(Float16(0.0003653), Float16(0.2003))":37,"(Float16(0.709), Float16(0.909))":18},"95":{"(Float16(0.0004158), Float16(0.2004))":15,"(Float16(0.479), Float16(0.679))":52,"(Float16(0.7964), Float16(0.9966))":33},"71":{"(Float16(2.79e-5), Float16(0.2001))":26,"(Float16(0.4888), Float16(0.689))":50,"(Float16(0.2244), Float16(0.4243))":5,"(Float16(0.7544), Float16(0.9546))":19},"66":{"(Float16(0.0001879), Float16(0.2002))":22,"(Float16(0.2058), Float16(0.4058))":16,"(Float16(0.4102), Float16(0.6104))":2,"(Float16(0.6553), Float16(0.8555))":58,"(Float16(0.911), Float16(1.111))":2},"76":{"(Float16(0.4053), Float16(0.6055))":13,"(Float16(0.843), Float16(1.043))":16,"(Float16(0.624), Float16(0.824))":27,"(Float16(0.000384), Float16(0.2004))":44},"34":{"(Float16(0.436), Float16(0.636))":6,"(Float16(0.748), Float16(0.948))":49,"(Float16(0.000242), Float16(0.2002))":19,"(Float16(0.2285), Float16(0.4285))":26},"50":{"(Float16(0.7563), Float16(0.9565))":25,"(Float16(0.323), Float16(0.523))":26,"(Float16(0.0002403), Float16(0.2002))":29,"(Float16(0.526), Float16(0.726))":20},"59":{"(Float16(0.756), Float16(0.956))":47,"(Float16(0.0001638), Float16(0.2002))":16,"(Float16(0.3867), Float16(0.587))":37},"93":{"(Float16(0.898), Float16(1.098))":8,"(Float16(0.0002542), Float16(0.2002))":20,"(Float16(0.2297), Float16(0.4297))":8,"(Float16(0.583), Float16(0.783))":64},"2":{"(Float16(0.783), Float16(0.9834))":48,"(Float16(0.000277), Float16(0.2003))":18,"(Float16(0.433), Float16(0.6333))":21,"(Float16(0.2269), Float16(0.427))":13},"10":{"(Float16(0.4995), Float16(0.6997))":6,