{"5":{"(Float16(0.542), Float16(0.742))":20,"(Float16(0.252), Float16(0.452))":52,"(Float16(0.00112), Float16(0.2012))":3,"(Float16(0.751), Float16(0.951))":25},"56":{"(Float16(0.2415), Float16(0.4414))":30,"(Float16(0.0005455), Float16(0.2006))":18,"(Float16(0.753), Float16(0.953))":50,"(Float16(0.4543), Float16(0.6543))":2},"35":{"(Float16(0.756), Float16(0.956))":18,"(Float16(0.2393), Float16(0.4392))":51,"(Float16(0.55), Float16(0.75))":31},"55":{"(Float16(0.802), Float16(1.002))":34,"(Float16(0.0001638), Float16(0.2002))":27,"(Float16(0.3254), Float16(0.5254))":39},"60":{"(Float16(0.7065), Float16(0.9067))":30,"(Float16(0.000319), Float16(0.2003))":40,"(Float16(0.915), Float16(1.115))":6,"(Float16(0.485), Float16(0.685))":24},"30":{"(Float16(9.24e-6), Float16(0.2))":43,"(Float16(0.3784), Float16(0.5786))":7,"(Float16(0.7), Float16(0.9004))":50},"32":{"(Float16(0.6), Float16(0.8003))":30,"(Float16(0.3647), Float16(0.565))":42,"(Float16(0.0004244), Float16(0.2004))":14,"(Float16(0.814), Float16(1.014))":14},"6":{"(Float16(0.457), Float16(0.657))":49,"(Float16(0.0004306), Float16(0.2004))":28,"(Float16(0.831), Float16(1.031))":23},"67":{"(Float16(0.000468), Float16(0.2004))":22,"(Float16(0.4297), Float16(0.63))":10,"(Float16(0.2273), Float16(0.4272))":23,"(Float16(0.7676), Float16(0.968))":45},"45":{"(Float16(0.3108), Float16(0.5107))":33,"(Float16(0.0003133), Float16(0.2003))":25,"(Float16(0.5225), Float16(0.7227))":2,"(Float16(0.783), Float16(0.9834))":40},"73":{"(Float16(0.6934), Float16(0.8936))":73,"(Float16(0.3628), Float16(0.563))":3,"(Float16(0.0), Float16(0.2))":24},"64":{"(Float16(0.000411), Float16(0.2004))":26,"(Float16(0.271), Float16(0.471))":6,"(Float16(0.676), Float16(0.876))":68},"90":{"(Float16(0.0002058), Float16(0.2002))":25,"(Float16(0.4116), Float16(0.612))":32,"(Float16(0.676), Float16(0.876))":43},"4":{"(Float16(0.2483), Float16(0.4482))":30,"(Float16(0.7783), Float16(0.9785))":49,"(Float16(0.0006294), Float16(0.2007))":19,"(Float16(0.4697), Float16(0.67))":2},"13":{"(Float16(0.3088), Float16(0.509))":13,"(Float16(7.3e-6), Float16(0.2))":35,"(Float16(0.672), Float16(0.872))":52},"54":{"(Float16(0.5366), Float16(0.737))":24,"(Float16(0.000476), Float16(0.2004))":47,"(Float16(0.747), Float16(0.9473))":29},"63":{"(Float16(0.593), Float16(0.793))":74,"(Float16(0.813), Float16(1.013))":3,"(Float16(0.0003824), Float16(0.2004))":23},"86":{"(Float16(0.7856), Float16(0.986))":18,"(Float16(0.264), Float16(0.4639))":4,"(Float16(0.000149), Float16(0.2002))":34,"(Float16(0.5303), Float16(0.7305))":44},"91":{"(Float16(0.826), Float16(1.026))":22,"(Float16(0.000593), Float16(0.2006))":21,"(Float16(0.5557), Float16(0.756))":41,"(Float16(0.3037), Float16(0.504))":16},"62":{"(Float16(0.0004835), Float16(0.2004))":23,"(Float16(0.3599), Float16(0.56))":30,"(Float16(0.812), Float16(1.012))":23,"(Float16(0.6055), Float16(0.8057))":24},"58":{"(Float16(0.544), Float16(0.744))":65,"(Float16(0.0004246), Float16(0.2004))":20,"(Float16(0.2866), Float16(0.4866))":5,"(Float16(0.83), Float16(1.03))":10},"52":{"(Float16(0.0002809), Float16(0.2003))":24,"(Float16(0.755), Float16(0.955))":58,"(Float16(0.2397), Float16(0.4397))":16,"(Float16(0.44), Float16(0.64))":2},"12":{"(Float16(0.6924), Float16(0.8926))":35,"(Float16(0.0001752), Float16(0.2002))":28,"(Float16(0.3745), Float16(0.5747))":35,"(Float16(0.9917), Float16(1.191))":2},"28":{"(Float16(0.0002546), Float16(0.2002))":18,"(Float16(0.2316), Float16(0.4316))":17,"(Float16(0.635), Float16(0.835))":59,"(Float16(0.8916), Float16(1.092))":6},"75":{"(Float16(0.956), Float16(1.156))":2,"(Float16(0.6875), Float16(0.8877))":55,"(Float16(0.0001845), Float16(0.2002))":32,"(Float16(0.2803), Float16(0.4802))":11},"23":{"(Float16(0.503), Float16(0.703))":4,"(Float16(6.41e-5), Float16(0.2001))":20,"(Float16(0.8164), Float16(1.017))":37,"(Float16(0.294), Float16(0.494))":39},"92":{"(Float16(0.2505), Float16(0.4504))":30,"(Float16(0.6816), Float16(0.882))":53,"(Float16(0.000501), Float16(0.2006))":16,"(Float16(0.9287), Float16(1.129))":1},"41":{"(Float16(0.2275), Float16(0.4275))":28,"(Float16(0.7314), Float16(0.9316))":58,"(Float16(0.000568), Float16(0.2006))":10,"(Float16(0.4429), Float16(0.643))":4},"43":{"(Float16(1.293e-5), Float16(0.2001))":18,"(Float16(0.6494), Float16(0.8496))":51,"(Float16(0.259), Float16(0.459))":22,"(Float16(0.9146), Float16(1.114))":9},"11":{"(Float16(0.0001799), Float16(0.2002))":31,"(Float16(0.323), Float16(0.523))":13,"(Float16(0.7305), Float16(0.9307))":56},"36":{"(Float16(0.00038), Float16(0.2004))":24,"(Float16(0.8833), Float16(1.083))":2,"(Float16(0.6787), Float16(0.879))":28,"(Float16(0.4238), Float16(0.624))":46},"68":{"(Float16(0.7295), Float16(0.9297))":37,"(Float16(0.4272), Float16(0.6274))":49,"(Float16(0.0008526), Float16(0.2008))":12,"(Float16(0.95), Float16(1.15))":2},"69":{"(Float16(0.666), Float16(0.866))":52,"(Float16(0.0002742), Float16(0.2003))":30,"(Float16(0.9043), Float16(1.1045))":3,"(Float16(0.3203), Float16(0.5205))":15},"98":{"(Float16(0.5137), Float16(0.714))":52,"(Float16(0.7793), Float16(0.9795))":20,"(Float16(0.9854), Float16(1.186))":2,"(Float16(0.2969), Float16(0.4968))":4,"(Float16(0.000712), Float16(0.2007))":22},"82":{"(Float16(0.0001423), Float16(0.2002))":24,"(Float16(0.8037), Float16(1.004))":26,"(Float16(0.4448), Float16(0.645))":50},"85":{"(Float16(0.28), Float16(0.48))":18,"(Float16(0.0003886), Float16(0.2004))":35,"(Float16(0.5044), Float16(0.7046))":2,"(Float16(0.7324), Float16(0.9326))":45},"39":{"(Float16(0.7646), Float16(0.965))":60,"(Float16(0.9727), Float16(1.173))":1,"(Float16(0.3242), Float16(0.5244))":21,"(Float16(0.000595), Float16(0.2006))":18},"84":{"(Float16(0.0003126), Float16(0.2003))":22,"(Float16(0.877), Float16(1.077))":12,"(Float16(0.354), Float16(0.554))":35,"(Float16(0.664), Float16(0.8643))":31},"77":{"(Float16(0.7773), Float16(0.9775))":37,"(Float16(0.3083), Float16(0.5083))":24,"(Float16(0.5093), Float16(0.7095))":6,"(Float16(0.0003479), Float16(0.2003))":33},"7":{"(Float16(0.5967), Float16(0.797))":18,"(Float16(0.798), Float16(0.998))":25,"(Float16(0.00039), Float16(0.2004))":57},"25":{"(Float16(0.8486), Float16(1.049))":4,"(Float16(0.362), Float16(0.562))":41,"(Float16(0.0003395), Float16(0.2003))":29,"(Float16(0.6436), Float16(0.8438))":26},"95":{"(Float16(0.625), Float16(0.825))":47,"(Float16(0.861), Float16(1.061))":2,"(Float16(0.0003781), Float16(0.2003))":19,"(Float16(0.3242), Float16(0.5244))":32},"71":{"(Float16(0.254), Float16(0.4539))":22,"(Float16(0.8193), Float16(1.02))":45,"(Float16(0.0002437), Float16(0.2002))":25,"(Float16(0.4644), Float16(0.6646))":8},"66":{"(Float16(0.7866), Float16(0.987))":14,"(Float16(0.579), Float16(0.7793))":31,"(Float16(0.000389), Float16(0.2004))":12,"(Float16(0.3413), Float16(0.5415))":43},"76":{"(Float16(0.3638), Float16(0.564))":34,"(Float16(0.0003674), Float16(0.2003))":17,"(Float16(0.7637), Float16(0.964))":49},"34":{"(Float16(0.4827), Float16(0.6826))":8,"(Float16(0.2817), Float16(0.4817))":26,"(Float16(0.8438), Float16(1.044))":45,"(Float16(0.0003598), Float16(0.2003))":21},"50":{"(Float16(0.2568), Float16(0.4568))":14,"(Float16(0.8174), Float16(1.018))":36,"(Float16(0.0004683), Float16(0.2004))":20,"(Float16(0.48), Float16(0.68))":30},"59":{"(Float16(0.657), Float16(0.8574))":78,"(Float16(0.0004873), Float16(0.2004))":20,"(Float16(0.291), Float16(0.491))":2},"93":{"(Float16(0.9785), Float16(1.179))":1,"(Float16(0.6006), Float16(0.801))":77,"(Float16(7.81e-5), Float16(0.2001))":22},"2":{"(Float16(0.373), Float16(0.573))":48,"(Float16(0.7324), Float16(0.9326))":39,"(Float16(0.0004072), Float16(0.2004))":13},"10":{"(Float16(0.2903), Float16(0.4902))":34,"(Float16(0.4998), Float16(0.6997))":2,"(Float16(0.0004153), Float16(0.2004))":25,"(Float16(0.789), Float16(0.9893))":39},"18":{"(Float16(0.2246), Float16(0.4246))":15,"(Float16(0.000235), Float16(0.2002))":27,"(Float16(0.6895), Float16(0.8896))":56,"(Float16(0.95), Float16(1.15))":2},