{"5":{"(Float16(0.501), Float16(0.901))":79,"(Float16(0.05005), Float16(0.45))":21},"56":{"(Float16(0.4985), Float16(0.8984))":100},"35":{"(Float16(0.4976), Float16(0.8975))":100},"55":{"(Float16(0.4978), Float16(0.898))":100},"60":{"(Float16(0.4976), Float16(0.8975))":89,"(Float16(0.949), Float16(1.35))":11},"30":{"(Float16(0.4976), Float16(0.8975))":89,"(Float16(0.948), Float16(1.349))":11},"32":{"(Float16(0.05078), Float16(0.4507))":46,"(Float16(0.949), Float16(1.35))":54},"6":{"(Float16(0.501), Float16(0.901))":84,"(Float16(0.05005), Float16(0.45))":16},"67":{"(Float16(0.497), Float16(0.897))":98,"(Float16(0.949), Float16(1.35))":2},"45":{"(Float16(0.05096), Float16(0.451))":100},"73":{"(Float16(0.501), Float16(0.901))":70,"(Float16(0.05005), Float16(0.45))":30},"64":{"(Float16(0.4976), Float16(0.8975))":100},"90":{"(Float16(0.9487), Float16(1.349))":15,"(Float16(0.498), Float16(0.898))":85},"4":{"(Float16(0.5), Float16(0.9))":82,"(Float16(0.05075), Float16(0.4507))":18},"13":{"(Float16(0.498), Float16(0.898))":100},"54":{"(Float16(0.5015), Float16(0.9014))":82,"(Float16(0.05017), Float16(0.4502))":18},"63":{"(Float16(0.501), Float16(0.901))":100},"86":{"(Float16(0.501), Float16(0.901))":100},"91":{"(Float16(0.4976), Float16(0.8975))":84,"(Float16(0.949), Float16(1.35))":16},"62":{"(Float16(0.497), Float16(0.897))":100},"58":{"(Float16(0.5015), Float16(0.9014))":100},"52":{"(Float16(0.502), Float16(0.902))":78,"(Float16(0.05054), Float16(0.4504))":22},"12":{"(Float16(0.501), Float16(0.901))":85,"(Float16(0.05035), Float16(0.4504))":15},"28":{"(Float16(0.501), Float16(0.901))":100},"75":{"(Float16(0.05078), Float16(0.4507))":92,"(Float16(0.949), Float16(1.35))":8},"23":{"(Float16(0.501), Float16(0.901))":100},"92":{"(Float16(0.948), Float16(1.349))":100},"41":{"(Float16(0.4976), Float16(0.8975))":100},"43":{"(Float16(0.05075), Float16(0.4507))":63,"(Float16(0.949), Float16(1.35))":37},"11":{"(Float16(0.497), Float16(0.897))":60,"(Float16(0.949), Float16(1.35))":40},"36":{"(Float16(0.501), Float16(0.901))":100},"68":{"(Float16(0.05072), Float16(0.4507))":20,"(Float16(0.4983), Float16(0.8984))":80},"69":{"(Float16(0.498), Float16(0.898))":100},"98":{"(Float16(0.501), Float16(0.901))":100},"82":{"(Float16(0.501), Float16(0.901))":95,"(Float16(0.05017), Float16(0.4502))":5},"85":{"(Float16(0.4995), Float16(0.8994))":77,"(Float16(0.05057), Float16(0.4507))":23},"39":{"(Float16(0.05005), Float16(0.45))":12,"(Float16(0.948), Float16(1.349))":88},"84":{"(Float16(0.4976), Float16(0.8975))":100},"77":{"(Float16(0.0507), Float16(0.4507))":12,"(Float16(0.501), Float16(0.901))":88},"7":{"(Float16(0.501), Float16(0.901))":100},"25":{"(Float16(0.501), Float16(0.901))":72,"(Float16(0.05005), Float16(0.45))":28},"95":{"(Float16(0.501), Float16(0.901))":76,"(Float16(0.0501), Float16(0.4502))":24},"71":{"(Float16(0.4976), Float16(0.8975))":100},"66":{"(Float16(0.501), Float16(0.901))":68,"(Float16(0.05005), Float16(0.45))":32},"76":{"(Float16(0.4983), Float16(0.8984))":100},"34":{"(Float16(0.9478), Float16(1.348))":100},"50":{"(Float16(0.497), Float16(0.897))":100},"59":{"(Float16(0.05038), Float16(0.4504))":18,"(Float16(0.501), Float16(0.901))":82},"93":{"(Float16(0.4978), Float16(0.898))":88,"(Float16(0.05005), Float16(0.45))":12},"2":{"(Float16(0.498), Float16(0.898))":100},"10":{"(Float16(0.4963), Float16(0.8965))":100},"18":{"(Float16(0.501), Float16(0.901))":73,"(Float16(0.05014), Float16(0.4502))":27},"26":{"(Float16(0.501), Float16(0.901))":100},"27":{"(Float16(0.4978), Float16(0.898))":100},"42":{"(Float16(0.05005), Float16(0.45))":12,"(Float16(0.948), Float16(1.349))":88},"87":{"(Float16(0.501), Float16(0.901))":100},"100":{"(Float16(0.497), Float16(0.897))":100},"79":{"(Float16(0.501), Float16(0.901))":100},"16":{"(Float16(0.05048), Float16(0.4504))":2,"(Float16(0.501), Float16(0.901))":98},"20":{"(Float16(0.498), Float16(0.898))":95,"(Float16(0.9473), Float16(1.348))":5},"81":{"(Float16(0.498), Float16(0.898))":91,"(Float16(0.949), Float16(1.35))":9},"19":{"(Float16(0.05048), Float16(0.4504))":16,"(Float16(0.501), Float16(0.901))":84},"49":{"(Float16(0.5015), Float16(0.9014))":58,"(Float16(0.05087), Float16(0.451))":42},"44":{"(Float16(0.05206), Float16(0.4521))":3,"(Float16(0.501), Float16(0.901))":97},"9":{"(Float16(0.501), Float16(0.901))":91,"(Float16(0.05145), Float16(0.4514))":9},"31":{"(Float16(0.9478), Float16(1.348))":61,"(Float16(0.05005), Float16(0.45))":39},"74":{"(Float16(0.501), Float16(0.901))":97,"(Float16(0.052), Float16(0.452))":3},"61":{"(Float16(0.05038), Float16(0.4504))":13,"(Float16(0.501), Float16(0.901))":87},"29":{"(Float16(0.501), Float16(0.901))":100},"94":{"(Float16(0.9478), Float16(1.348))":11,"(Float16(0.0509), Float16(0.451))":18,"(Float16(0.501), Float16(0.901))":71},"46":{"(Float16(0.501), Float16(0.901))":100},"57":{"(Float16(0.498), Float16(0.898))":100},"70":{"(Float16(0.497), Float16(0.897))":100},"21":{"(Float16(0.502), Float16(0.902))":69,"(Float16(0.05054), Float16(0.4504))":31},"38":{"(Float16(0.4976), Float16(0.8975))":100},"88":{"(Float16(0.497), Float16(0.897))":100},"78":{"(Float16(0.501), Float16(0.901))":100},"72":{"(Float16(0.05072), Float16(0.4507))":88,"(Float16(0.949), Float16(1.35))":12},"24":{"(Float16(0.501), Float16(0.901))":100},"8":{"(Float16(0.501), Float16(0.901))":65,"(Float16(0.05014), Float16(0.4502))":35},"17":{"(Float16(0.501), Float16(0.901))":79,"(Float16(0.05005), Float16(0.45))":21},"37":{"(Float16(0.05005), Float16(0.45))":34,"(Float16(0.9473), Float16(1.348))":66},"1":{"(Float16(0.497), Float16(0.897))":100},"53":{"(Float16(0.501), Float16(0.901))":74,"(Float16(0.05005), Float16(0.45))":26},"22":{"(Float16(0.498), Float16(0.898))":100},"47":{"(Float16(0.501), Float16(0.901))":100},"83":{"(Float16(0.5015), Float16(0.9014))":100},"99":{"(Float16(0.4976), Float16(0.8975))":98,"(Float16(0.949), Float16(1.35))":2},"89":{"(Float16(0.501), Float16(0.901))":76,"(Float16(0.05008), Float16(0.4502))":24},"14":{"(Float16(0.05005), Float16(0.45))":21,"(Float16(0.948), Float16(1.349))":79},"3":{"(Float16(0.4983), Float16(0.8984))":100},"80":{"(Float16(0.4978), Float16(0.898))":100},"96":{"(Float16(0.498), Float16(0.898))":100},"51":{"(Float16(0.501), Float16(0.901))":100},"33":{"(Float16(0.501), Float16(0.901))":62,"(Float16(0.05005), Float16(0.45))":38},"40":{"(Float16(0.498), Float16(0.898))":100},"48":{"(Float16(0.501), Float16(0.901))":100},"15":{"(Float16(0.05084), Float16(0.451))":100},"65":{"(Float16(0.4978), Float16(0.898))":100},"97":{"(Float16(0.0504), Float16(0.4504))":70,"(Float16(0.948), Float16(1.349))":30}}