{"5":{"(Float16(0.624), Float16(0.924))":80,"(Float16(0.00010806), Float16(0.3))":20},"4":{"(Float16(0.352), Float16(0.652))":1,"(Float16(0.6934), Float16(0.993))":53,"(Float16(0.0001314), Float16(0.3))":46},"6":{"(Float16(0.0002253), Float16(0.3003))":25,"(Float16(0.63), Float16(0.9297))":75},"7":{"(Float16(0.6514), Float16(0.951))":74,"(Float16(9.304e-5), Float16(0.3))":26},"2":{"(Float16(0.947), Float16(1.247))":6,"(Float16(0.573), Float16(0.873))":74,"(Float16(0.0001162), Float16(0.3))":20},"10":{"(Float16(0.5713), Float16(0.871))":69,"(Float16(0.9473), Float16(1.247))":2,"(Float16(3.69e-5), Float16(0.3))":29},"9":{"(Float16(0.0001293), Float16(0.3))":35,"(Float16(0.626), Float16(0.926))":65},"8":{"(Float16(0.7334), Float16(1.033))":8,"(Float16(0.0001969), Float16(0.3003))":41,"(Float16(0.4287), Float16(0.7285))":51},"3":{"(Float16(0.6445), Float16(0.9443))":58,"(Float16(0.0001392), Float16(0.3))":42},"1":{"(Float16(0.0002056), Float16(0.3003))":28,"(Float16(0.6367), Float16(0.9365))":72}}