{"5":{"(Float16(0.4521), Float16(0.4622))":100},"56":{"(Float16(0.0003266), Float16(0.01033))":100},"35":{"(Float16(0.0002728), Float16(0.01028))":100},"55":{"(Float16(0.5244), Float16(0.534))":77,"(Float16(3.46e-5), Float16(0.01004))":23},"60":{"(Float16(0.0001187), Float16(0.010124))":27,"(Float16(0.6807), Float16(0.6904))":73},"30":{"(Float16(0.000175), Float16(0.01018))":100},"32":{"(Float16(2.74e-6), Float16(0.01))":21,"(Float16(0.634), Float16(0.6436))":79},"6":{"(Float16(0.0001981), Float16(0.0102))":100},"67":{"(Float16(2.91e-5), Float16(0.01003))":29,"(Float16(0.673), Float16(0.6826))":71},"45":{"(Float16(0.6455), Float16(0.6553))":58,"(Float16(2.49e-5), Float16(0.010025))":42},"73":{"(Float16(0.587), Float16(0.5967))":66,"(Float16(1.13e-6), Float16(0.01))":34},"64":{"(Float16(0.5693), Float16(0.579))":75,"(Float16(1.62e-5), Float16(0.01002))":25},"90":{"(Float16(0.657), Float16(0.667))":63,"(Float16(6.676e-5), Float16(0.01007))":37},"4":{"(Float16(0.000184), Float16(0.010185))":23,"(Float16(0.575), Float16(0.585))":77},"13":{"(Float16(0.9346), Float16(0.9443))":4,"(Float16(0.8843), Float16(0.894))":2,"(Float16(0.8735), Float16(0.8833))":2,"(Float16(0.0001425), Float16(0.01015))":90,"(Float16(0.752), Float16(0.7617))":2},"54":{"(Float16(5.51e-5), Float16(0.010056))":33,"(Float16(0.585), Float16(0.5947))":67},"63":{"(Float16(0.0001693), Float16(0.01017))":100},"86":{"(Float16(0.5835), Float16(0.5933))":4,"(Float16(0.6387), Float16(0.6484))":3,"(Float16(0.744), Float16(0.754))":2,"(Float16(0.7134), Float16(0.723))":2,"(Float16(0.597), Float16(0.607))":2,"(Float16(0.000269), Float16(0.01027))":59,"(Float16(0.659), Float16(0.669))":4,"(Float16(0.7593), Float16(0.769))":2,"(Float16(0.702), Float16(0.712))":3,"(Float16(0.615), Float16(0.625))":5,"(Float16(0.6865), Float16(0.6963))":2,"(Float16(0.627), Float16(0.6367))":2,"(Float16(0.7305), Float16(0.74))":7,"(Float16(0.672), Float16(0.6816))":3},"91":{"(Float16(0.6787), Float16(0.6885))":75,"(Float16(3.16e-5), Float16(0.01003))":25},"62":{"(Float16(0.0001539), Float16(0.010155))":100},"58":{"(Float16(4.76e-5), Float16(0.01005))":92,"(Float16(0.683), Float16(0.693))":2,"(Float16(0.7207), Float16(0.7305))":2,"(Float16(0.761), Float16(0.771))":4},"52":{"(Float16(0.0002229), Float16(0.01022))":100},"12":{"(Float16(0.6094), Float16(0.619))":77,"(Float16(5.925e-5), Float16(0.01006))":23},"28":{"(Float16(0.0001721), Float16(0.01018))":100},"75":{"(Float16(0.0001855), Float16(0.010185))":100},"23":{"(Float16(0.5557), Float16(0.5654))":57,"(Float16(6.336e-5), Float16(0.01006))":43},"92":{"(Float16(8.98e-5), Float16(0.01009))":21,"(Float16(0.6006), Float16(0.6104))":79},"41":{"(Float16(0.0001342), Float16(0.01014))":97,"(Float16(0.746), Float16(0.756))":3},"43":{"(Float16(9.984e-5), Float16(0.0101))":100},"11":{"(Float16(0.0002041), Float16(0.01021))":100},"36":{"(Float16(0.0002673), Float16(0.01027))":100},"68":{"(Float16(3.88e-5), Float16(0.01004))":22,"(Float16(0.5566), Float16(0.5664))":78},"69":{"(Float16(0.0001957), Float16(0.0102))":100},"98":{"(Float16(0.0002475), Float16(0.01025))":100},"82":{"(Float16(0.627), Float16(0.6367))":68,"(Float16(4.53e-5), Float16(0.01005))":32},"85":{"(Float16(0.0001478), Float16(0.01015))":28,"(Float16(0.629), Float16(0.6387))":72},"39":{"(Float16(0.0002499), Float16(0.010254))":100},"84":{"(Float16(0.63), Float16(0.6396))":71,"(Float16(0.0001281), Float16(0.01013))":29},"77":{"(Float16(0.5547), Float16(0.5645))":80,"(Float16(1.764e-5), Float16(0.01002))":20},"7":{"(Float16(1.43e-5), Float16(0.01002))":14,"(Float16(0.505), Float16(0.5146))":86},"25":{"(Float16(0.6045), Float16(0.6143))":71,"(Float16(3.03e-5), Float16(0.01003))":29},"95":{"(Float16(0.0001493), Float16(0.010155))":100},"71":{"(Float16(0.5557), Float16(0.5654))":79,"(Float16(4.62e-5), Float16(0.01005))":21},"66":{"(Float16(0.0002158), Float16(0.010216))":100},"76":{"(Float16(2.15e-6), Float16(0.01))":24,"(Float16(0.6143), Float16(0.624))":76},"34":{"(Float16(0.0), Float16(0.01))":15,"(Float16(0.4893), Float16(0.4993))":85},"50":{"(Float16(0.626), Float16(0.6357))":73,"(Float16(6.02e-5), Float16(0.01006))":27},"59":{"(Float16(3.12e-5), Float16(0.01003))":15,"(Float16(0.5786), Float16(0.5884))":17,"(Float16(0.5684), Float16(0.578))":68},"93":{"(Float16(0.0002267), Float16(0.01023))":100},"2":{"(Float16(0.994), Float16(1.004))":2,"(Float16(0.9688), Float16(0.9785))":2,"(Float16(0.8535), Float16(0.8633))":2,"(Float16(0.9395), Float16(0.949))":2,"(Float16(0.0001447), Float16(0.01015))":92},"10":{"(Float16(0.576), Float16(0.586))":78,"(Float16(1.377e-5), Float16(0.01002))":22},"18":{"(Float16(0.0001491), Float16(0.010155))":98,"(Float16(0.9585), Float16(0.9683))":2},"26":{"(Float16(0.0002785), Float16(0.010284))":100},"27":{"(Float16(0.0002279), Float16(0.01023))":100},"42":{"(Float16(0.0001631), Float16(0.01016))":100},"87":{"(Float16(0.0001057), Float16(0.01011))":32,"(Float16(0.635), Float16(0.6445))":68},"100":{"(Float16(0.000276), Float16(0.01028))":98,"(Float16(0.962), Float16(0.9717))":2},"79":{"(Float16(0.0001915), Float16(0.01019))":100},"16":{"(Float16(0.0001038), Float16(0.01011))":35,"(Float16(0.698), Float16(0.708))":65},"20":{"(Float16(0.5938), Float16(0.6035))":84,"(Float16(3.64e-6), Float16(0.01))":16},"81":{"(Float16(0.0001416), Float16(0.01015))":24,"(Float16(0.664), Float16(0.674))":76},"19":{"(Float16(0.0002027), Float16(0.01021))":100},"49":{"(Float16(0.0001255), Float16(0.010124))":100},"44":{"(Float16(0.5244), Float16(0.534))":83,"(Float16(5.41e-5), Float16(0.010056))":17},"9":{"(Float16(0.0002083), Float16(0.01021))":100},"31":{"(Float16(1.35e-5), Float16(0.01002))":9,"(Float16(0.5254), Float16(0.535))":91},"74":{"(Float16(0.671), Float16(0.6807))":74,"(Float16(0.0001826), Float16(0.010185))":26},"61":{"(Float16(0.000339), Float16(0.01034))":100},"29":{"(Float16(0.0001445), Float16(0.01015))":100},"94":{"(Float16(0.0001523), Float16(0.010155))":20,"(Float16(0.5664), Float16(0.576))":80},"46":{"(Float16(5.746e-5), Float16(0.01006))":22,"(Float16(0.6294), Float16(0.639))":12,"(Float16(0.619), Float16(0.629))":66},"57":{"(Float16(8.07e-5), Float16(0.010086))":97,"(Float16(0.659), Float16(0.669))":3},"70":{"(Float16(6.866e-5), Float16(0.01007))":33,"(Float16(0.6543), Float16(0.664))":67},"21":{"(Float16(4.07e-5), Float16(0.01004))":32,"(Float16(0.67), Float16(0.6797))":68},"38":{"(Float16(8.37e-5), Float16(0.010086))":31,"(Float16(0.6084), Float16(0.618))":69},"88":{"(Float16(0.745), Float16(0.755))":3,"(Float16(0.0001678), Float16(0.01017))":97},"78":{"(Float16(3.04e-6), Float16(0.01))":23,"(Float16(0.591), Float16(0.6006))":77},"72":{"(Float16(1.514e-5), Float16(0.01002))":45,"(Float16(0.62), Float16(0.63))":55},"24":{"(Float16(0.0002606), Float16(0.01026))":93,"(Float16(0.9536), Float16(0.9634))":2,"(Float16(0.9346), Float16(0.9443))":5},"8":{"(Float16(0.909), Float16(0.919))":3,"(Float16(0.0001309), Float16(0.01013))":95,"(Float16(0.618), Float16(0.628))":2},"17":{"(Float16(0.000185), Float16(0.010185))":100},"37":{"(Float16(0.657), Float16(0.667))":55,"(Float16(0.0001534), Float16(0.010155))":45},"1":{"(Float16(0.6133), Float16(0.623))":76,"(Float16(0.0001645), Float16(0.01017))":24},"53":{"(Float16(0.597), Float16(0.607))":13,"(Float16(0.587), Float16(0.5967))":61,"(Float16(0.00010204), Float16(0.0101))":26},"22":{"(Float16(0.0001287), Float16(0.01013))":100},"47":{"(Float16(1.425e-5), Float16(0.01002))":24,"(Float16(0.5566), Float16(0.5664))":76},"83":{"(Float16(0.0001268), Float16(0.01013))":14,"(Float16(0.5283), Float16(0.538))":86},"99":{"(Float16(0.5117), Float16(0.5215))":16,"(Float16(1.144e-5), Float16(0.01001))":9,"(Float16(0.501), Float16(0.5107))":75},"89":{"(Float16(0.0001428), Float16(0.01015))":100},"14":{"(Float16(0.0001445), Float16(0.01015))":98,"(Float16(0.964), Float16(0.9736))":2},"3":{"(Float16(0.0001571), Float16(0.01016))":100},"80":{"(Float16(0.0001105), Float16(0.01011))":100},"96":{"(Float16(0.9893), Float16(0.999))":1,