{"5":{"(Float16(0.4985), Float16(0.5083))":100},"56":{"(Float16(0.5), Float16(0.51))":100},"35":{"(Float16(0.00473), Float16(0.01473))":1,"(Float16(0.501), Float16(0.5107))":99},"55":{"(Float16(0.9497), Float16(0.9595))":2,"(Float16(0.4983), Float16(0.5083))":94,"(Float16(0.91), Float16(0.92))":4},"60":{"(Float16(0.0396), Float16(0.04962))":1,"(Float16(0.5005), Float16(0.5103))":98,"(Float16(0.9395), Float16(0.949))":1},"30":{"(Float16(0.9453), Float16(0.955))":2,"(Float16(0.5), Float16(0.51))":97,"(Float16(0.06464), Float16(0.07465))":1},"32":{"(Float16(0.9385), Float16(0.948))":2,"(Float16(0.4995), Float16(0.5093))":98},"6":{"(Float16(0.4985), Float16(0.5083))":98,"(Float16(0.976), Float16(0.986))":2},"67":{"(Float16(0.4985), Float16(0.5083))":100},"45":{"(Float16(0.9844), Float16(0.994))":1,"(Float16(0.003057), Float16(0.01306))":1,"(Float16(0.5005), Float16(0.5103))":98},"73":{"(Float16(0.4985), Float16(0.5083))":99,"(Float16(0.972), Float16(0.982))":1},"64":{"(Float16(0.04163), Float16(0.05164))":2,"(Float16(0.9707), Float16(0.9805))":1,"(Float16(0.4995), Float16(0.5093))":95,"(Float16(0.01297), Float16(0.02298))":2},"90":{"(Float16(0.4995), Float16(0.5093))":97,"(Float16(0.04846), Float16(0.05847))":3},"4":{"(Float16(0.4985), Float16(0.5083))":100},"13":{"(Float16(0.0484), Float16(0.0584))":2,"(Float16(0.5005), Float16(0.5103))":98},"54":{"(Float16(0.919), Float16(0.9287))":1,"(Float16(0.5), Float16(0.51))":99},"63":{"(Float16(0.03253), Float16(0.04254))":5,"(Float16(0.5005), Float16(0.5103))":95},"86":{"(Float16(0.957), Float16(0.967))":1,"(Float16(0.5005), Float16(0.5103))":96,"(Float16(0.0703), Float16(0.0803))":3},"91":{"(Float16(0.4985), Float16(0.5083))":100},"62":{"(Float16(0.4995), Float16(0.5093))":100},"58":{"(Float16(0.057), Float16(0.067))":1,"(Float16(0.5005), Float16(0.5103))":98,"(Float16(0.947), Float16(0.9565))":1},"52":{"(Float16(0.02176), Float16(0.03177))":4,"(Float16(0.5005), Float16(0.5103))":96},"12":{"(Float16(0.5005), Float16(0.5103))":93,"(Float16(0.02908), Float16(0.0391))":3,"(Float16(0.05786), Float16(0.0679))":4},"28":{"(Float16(0.4985), Float16(0.5083))":97,"(Float16(0.01915), Float16(0.02914))":1,"(Float16(0.997), Float16(1.007))":2},"75":{"(Float16(0.5), Float16(0.51))":98,"(Float16(0.9307), Float16(0.9404))":2},"23":{"(Float16(0.4978), Float16(0.508))":97,"(Float16(0.923), Float16(0.9326))":3},"92":{"(Float16(0.498), Float16(0.508))":96,"(Float16(0.07916), Float16(0.0892))":1,"(Float16(0.961), Float16(0.9707))":3},"41":{"(Float16(0.4985), Float16(0.5083))":94,"(Float16(0.995), Float16(1.005))":2,"(Float16(0.9688), Float16(0.9785))":2,"(Float16(0.9355), Float16(0.9453))":2},"43":{"(Float16(0.5005), Float16(0.5103))":99,"(Float16(0.03625), Float16(0.04626))":1},"11":{"(Float16(0.4985), Float16(0.5083))":97,"(Float16(0.07355), Float16(0.08356))":1,"(Float16(0.9014), Float16(0.911))":2},"36":{"(Float16(0.9453), Float16(0.955))":2,"(Float16(0.498), Float16(0.508))":98},"68":{"(Float16(0.4985), Float16(0.5083))":93,"(Float16(0.9414), Float16(0.951))":4,"(Float16(0.956), Float16(0.966))":3},"69":{"(Float16(0.498), Float16(0.508))":96,"(Float16(0.02606), Float16(0.03607))":2,"(Float16(0.98), Float16(0.9897))":2},"98":{"(Float16(0.498), Float16(0.508))":100},"82":{"(Float16(0.05185), Float16(0.06186))":4,"(Float16(0.5005), Float16(0.5103))":96},"85":{"(Float16(0.05212), Float16(0.06213))":2,"(Float16(0.5), Float16(0.51))":98},"39":{"(Float16(0.4983), Float16(0.5083))":99,"(Float16(0.9697), Float16(0.9795))":1},"84":{"(Float16(0.0709), Float16(0.08093))":3,"(Float16(0.498), Float16(0.508))":95,"(Float16(0.0408), Float16(0.0508))":2},"77":{"(Float16(0.4995), Float16(0.5093))":98,"(Float16(0.0498), Float16(0.0598))":2},"7":{"(Float16(0.499), Float16(0.509))":100},"25":{"(Float16(0.948), Float16(0.958))":1,"(Float16(0.4978), Float16(0.508))":99},"95":{"(Float16(0.4985), Float16(0.5083))":98,"(Float16(0.9053), Float16(0.915))":2},"71":{"(Float16(0.9473), Float16(0.957))":2,"(Float16(0.5005), Float16(0.5103))":95,"(Float16(0.00818), Float16(0.01819))":3},"66":{"(Float16(0.4995), Float16(0.5093))":97,"(Float16(0.03091), Float16(0.04092))":3},"76":{"(Float16(0.4998), Float16(0.51))":100},"34":{"(Float16(0.4983), Float16(0.5083))":100},"50":{"(Float16(0.4985), Float16(0.5083))":93,"(Float16(0.91), Float16(0.92))":2,"(Float16(0.9375), Float16(0.9473))":2,"(Float16(0.9727), Float16(0.9824))":3},"59":{"(Float16(0.4988), Float16(0.509))":97,"(Float16(0.91), Float16(0.92))":3},"93":{"(Float16(0.0904), Float16(0.1004))":2,"(Float16(0.5005), Float16(0.5103))":98},"2":{"(Float16(0.9375), Float16(0.9473))":2,"(Float16(0.4993), Float16(0.5093))":98},"10":{"(Float16(0.4985), Float16(0.5083))":97,"(Float16(0.9336), Float16(0.9434))":2,"(Float16(0.04495), Float16(0.05496))":1},"18":{"(Float16(0.02846), Float16(0.03845))":4,"(Float16(0.5), Float16(0.51))":96},"26":{"(Float16(0.4998), Float16(0.51))":99,"(Float16(0.964), Float16(0.9736))":1},"27":{"(Float16(0.9404), Float16(0.95))":2,"(Float16(0.5), Float16(0.51))":96,"(Float16(0.9277), Float16(0.9375))":2},"42":{"(Float16(0.4985), Float16(0.5083))":96,"(Float16(0.04263), Float16(0.05264))":2,"(Float16(0.96), Float16(0.9697))":2},"87":{"(Float16(0.03345), Float16(0.04346))":1,"(Float16(0.4993), Float16(0.5093))":99},"100":{"(Float16(0.498), Float16(0.508))":98,"(Float16(0.9863), Float16(0.996))":2},"79":{"(Float16(0.956), Float16(0.966))":2,"(Float16(0.4983), Float16(0.5083))":96,"(Float16(0.0448), Float16(0.0548))":2},"16":{"(Float16(0.9497), Float16(0.9595))":2,"(Float16(0.04327), Float16(0.05328))":4,"(Float16(0.5005), Float16(0.5103))":94},"20":{"(Float16(0.0801), Float16(0.0901))":6,"(Float16(0.5005), Float16(0.5103))":94},"81":{"(Float16(0.4978), Float16(0.508))":100},"19":{"(Float16(0.5005), Float16(0.5103))":100},"49":{"(Float16(0.4993), Float16(0.5093))":95,"(Float16(0.984), Float16(0.9937))":1,"(Float16(0.06067), Float16(0.0707))":2,"(Float16(0.04535), Float16(0.05536))":2},"44":{"(Float16(0.0848), Float16(0.0948))":1,"(Float16(0.5005), Float16(0.5103))":99},"9":{"(Float16(0.5), Float16(0.51))":100},"31":{"(Float16(0.498), Float16(0.508))":99,"(Float16(0.9326), Float16(0.9424))":1},"74":{"(Float16(0.4985), Float16(0.5083))":100},"61":{"(Float16(0.03543), Float16(0.04544))":2,"(Float16(0.5005), Float16(0.5103))":98},"29":{"(Float16(0.498), Float16(0.508))":98,"(Float16(0.0666), Float16(0.0766))":2},"94":{"(Float16(0.962), Float16(0.9717))":2,"(Float16(0.4995), Float16(0.5093))":93,"(Float16(0.02611), Float16(0.0361))":5},"46":{"(Float16(0.04196), Float16(0.05197))":1,"(Float16(0.499), Float16(0.509))":99},"57":{"(Float16(0.02625), Float16(0.03625))":2,"(Float16(0.5), Float16(0.51))":96,"(Float16(0.993), Float16(1.003))":2},"70":{"(Float16(0.5), Float16(0.51))":99,"(Float16(0.946), Float16(0.9556))":1},"21":{"(Float16(0.05344), Float16(0.0634))":1,"(Float16(0.5005), Float16(0.5103))":99},"38":{"(Float16(0.4983), Float16(0.5083))":94,"(Float16(0.9053), Float16(0.915))":2,"(Float16(0.942), Float16(0.9517))":2,"(Float16(0.971), Float16(0.981))":2},"88":{"(Float16(0.498), Float16(0.508))":96,"(Float16(0.04053), Float16(0.05054))":4},"78":{"(Float16(0.4985), Float16(0.5083))":100},"72":{"(Float16(0.5), Float16(0.51))":99,"(Float16(0.9077), Float16(0.9175))":1},"24":{"(Float16(0.4985), Float16(0.5083))":95,"(Float16(0.9834), Float16(0.993))":2,"(Float16(0.936), Float16(0.946))":3},"8":{"(Float16(0.01624), Float16(0.02625))":4,"(Float16(0.5005), Float16(0.5103))":96},"17":{"(Float16(0.956), Float16(0.966))":1,"(Float16(0.5005), Float16(0.5103))":99},"37":{"(Float16(0.4985), Float16(0.5083))":99,"(Float16(0.0563), Float16(0.0663))":1},"1":{"(Float16(0.5005), Float16(0.5103))":100},"53":{"(Float16(0.4985), Float16(0.5083))":98,"(Float16(0.01159), Float16(0.02159))":1,"(Float16(0.981), Float16(0.9907))":1},"22":{"(Float16(0.933), Float16(0.943))":1,"(Float16(0.4978), Float16(0.508))":99},"47":{"(Float16(0.0575), Float16(0.0675))":1,"(Float16(0.5005), Float16(0.5103))":99},