{"5":{"(Float16(0.6826), Float16(0.9824))":65,"(Float16(0.0009203), Float16(0.301))":35},"56":{"(Float16(0.0003989), Float16(0.3003))":47,"(Float16(0.7393), Float16(1.039))":53},"35":{"(Float16(0.0007296), Float16(0.3008))":52,"(Float16(0.752), Float16(1.052))":48},"55":{"(Float16(0.000814), Float16(0.3008))":52,"(Float16(0.677), Float16(0.9766))":48},"60":{"(Float16(0.000695), Float16(0.3008))":40,"(Float16(0.718), Float16(1.018))":60},"30":{"(Float16(0.000833), Float16(0.3008))":51,"(Float16(0.6816), Float16(0.9814))":49},"32":{"(Float16(0.7), Float16(1.0))":46,"(Float16(0.0006976), Float16(0.3008))":54},"6":{"(Float16(0.000554), Float16(0.3005))":34,"(Float16(0.676), Float16(0.9756))":66},"67":{"(Float16(0.661), Float16(0.961))":57,"(Float16(0.0006084), Float16(0.3005))":43},"45":{"(Float16(0.0007744), Float16(0.3008))":48,"(Float16(0.703), Float16(1.003))":52},"73":{"(Float16(0.6475), Float16(0.9473))":59,"(Float16(0.0005865), Float16(0.3005))":41},"64":{"(Float16(0.00055), Float16(0.3005))":60,"(Float16(0.754), Float16(1.054))":40},"90":{"(Float16(0.673), Float16(0.9727))":65,"(Float16(0.0007467), Float16(0.3008))":35},"4":{"(Float16(0.5967), Float16(0.8965))":48,"(Float16(0.000446), Float16(0.3005))":52},"13":{"(Float16(0.0004463), Float16(0.3005))":37,"(Float16(0.623), Float16(0.923))":63},"54":{"(Float16(0.0005665), Float16(0.3005))":26,"(Float16(0.581), Float16(0.881))":74},"63":{"(Float16(0.00074), Float16(0.3008))":50,"(Float16(0.704), Float16(1.004))":50},"86":{"(Float16(0.000546), Float16(0.3005))":62,"(Float16(0.8184), Float16(1.118))":38},"91":{"(Float16(0.6875), Float16(0.9873))":63,"(Float16(0.0008745), Float16(0.3008))":37},"62":{"(Float16(0.6465), Float16(0.9463))":64,"(Float16(0.0008125), Float16(0.3008))":36},"58":{"(Float16(0.668), Float16(0.968))":67,"(Float16(0.0005817), Float16(0.3005))":33},"52":{"(Float16(0.4697), Float16(0.7695))":63,"(Float16(0.000809), Float16(0.3008))":37},"12":{"(Float16(0.000688), Float16(0.3008))":56,"(Float16(0.7725), Float16(1.072))":44},"28":{"(Float16(0.672), Float16(0.9717))":75,"(Float16(0.0008802), Float16(0.3008))":25},"75":{"(Float16(0.666), Float16(0.966))":55,"(Float16(0.0006065), Float16(0.3005))":45},"23":{"(Float16(0.000634), Float16(0.3005))":47,"(Float16(0.7344), Float16(1.034))":53},"92":{"(Float16(0.000831), Float16(0.3008))":52,"(Float16(0.672), Float16(0.9717))":48},"41":{"(Float16(0.0009274), Float16(0.301))":44,"(Float16(0.625), Float16(0.925))":56},"43":{"(Float16(0.0006895), Float16(0.3008))":54,"(Float16(0.7793), Float16(1.079))":46},"11":{"(Float16(0.0005918), Float16(0.3005))":56,"(Float16(0.751), Float16(1.051))":44},"36":{"(Float16(0.665), Float16(0.965))":68,"(Float16(0.0005445), Float16(0.3005))":32},"68":{"(Float16(0.6914), Float16(0.991))":69,"(Float16(0.0008287), Float16(0.3008))":31},"69":{"(Float16(0.0004802), Float16(0.3005))":34,"(Float16(0.585), Float16(0.885))":66},"98":{"(Float16(0.716), Float16(1.016))":52,"(Float16(0.0006824), Float16(0.3008))":48},"82":{"(Float16(0.0004725), Float16(0.3005))":47,"(Float16(0.7207), Float16(1.0205))":53},"85":{"(Float16(0.6904), Float16(0.99))":68,"(Float16(0.000892), Float16(0.3008))":32},"39":{"(Float16(0.675), Float16(0.9746))":69,"(Float16(0.001032), Float16(0.301))":31},"84":{"(Float16(0.753), Float16(1.053))":55,"(Float16(0.0004888), Float16(0.3005))":45},"77":{"(Float16(0.6367), Float16(0.9365))":69,"(Float16(0.0007114), Float16(0.3008))":31},"7":{"(Float16(0.0006647), Float16(0.3008))":36,"(Float16(0.663), Float16(0.963))":64},"25":{"(Float16(0.6836), Float16(0.9834))":59,"(Float16(0.0005484), Float16(0.3005))":41},"95":{"(Float16(0.0006704), Float16(0.3008))":50,"(Float16(0.6895), Float16(0.9893))":50},"71":{"(Float16(0.0007076), Float16(0.3008))":36,"(Float16(0.5635), Float16(0.8633))":64},"66":{"(Float16(0.709), Float16(1.009))":52,"(Float16(0.000705), Float16(0.3008))":48},"76":{"(Float16(0.7207), Float16(1.0205))":67,"(Float16(0.0005994), Float16(0.3005))":33},"34":{"(Float16(0.0006337), Float16(0.3005))":40,"(Float16(0.6426), Float16(0.9424))":60},"50":{"(Float16(0.0006332), Float16(0.3005))":41,"(Float16(0.6797), Float16(0.9795))":59},"59":{"(Float16(0.001022), Float16(0.301))":34,"(Float16(0.6904), Float16(0.99))":66},"93":{"(Float16(0.000664), Float16(0.3008))":34,"(Float16(0.668), Float16(0.968))":66},"2":{"(Float16(0.000552), Float16(0.3005))":44,"(Float16(0.7266), Float16(1.026))":56},"10":{"(Float16(0.0007033), Float16(0.3008))":32,"(Float16(0.6543), Float16(0.954))":68},"18":{"(Float16(0.0005975), Float16(0.3005))":53,"(Float16(0.7666), Float16(1.066))":47},"26":{"(Float16(0.000968), Float16(0.301))":26,"(Float16(0.715), Float16(1.015))":74},"27":{"(Float16(0.0001788), Float16(0.3003))":37,"(Float16(0.6787), Float16(0.9785))":63},"42":{"(Float16(0.0005426), Float16(0.3005))":36,"(Float16(0.5713), Float16(0.871))":64},"87":{"(Float16(0.0005403), Float16(0.3005))":50,"(Float16(0.705), Float16(1.005))":50},"100":{"(Float16(0.0007987), Float16(0.3008))":37,"(Float16(0.662), Float16(0.962))":63},"79":{"(Float16(0.000597), Float16(0.3005))":31,"(Float16(0.627), Float16(0.927))":69},"16":{"(Float16(0.6543), Float16(0.954))":70,"(Float16(0.000662), Float16(0.3008))":30},"20":{"(Float16(0.000786), Float16(0.3008))":43,"(Float16(0.663), Float16(0.963))":57},"81":{"(Float16(0.0006146), Float16(0.3005))":48,"(Float16(0.754), Float16(1.054))":52},"19":{"(Float16(0.6553), Float16(0.955))":56,"(Float16(0.0005903), Float16(0.3005))":44},"49":{"(Float16(0.000986), Float16(0.301))":31,"(Float16(0.621), Float16(0.921))":69},"44":{"(Float16(0.628), Float16(0.9277))":47,"(Float16(0.000804), Float16(0.3008))":53},"9":{"(Float16(0.799), Float16(1.099))":41,"(Float16(0.0005994), Float16(0.3005))":59},"31":{"(Float16(0.709), Float16(1.009))":68,"(Float16(0.0007434), Float16(0.3008))":32},"74":{"(Float16(0.001171), Float16(0.3013))":20,"(Float16(0.662), Float16(0.962))":80},"61":{"(Float16(0.00056), Float16(0.3005))":35,"(Float16(0.705), Float16(1.005))":65},"29":{"(Float16(0.6787), Float16(0.9785))":65,"(Float16(0.0006304), Float16(0.3005))":35},"94":{"(Float16(0.0007286), Float16(0.3008))":26,"(Float16(0.63), Float16(0.9297))":74},"46":{"(Float16(0.7305), Float16(1.03))":51,"(Float16(0.000704), Float16(0.3008))":49},"57":{"(Float16(0.0005884), Float16(0.3005))":54,"(Float16(0.8135), Float16(1.113))":46},"70":{"(Float16(0.000778), Float16(0.3008))":41,"(Float16(0.746), Float16(1.046))":59},"21":{"(Float16(0.0007706), Float16(0.3008))":40,"(Float16(0.6934), Float16(0.993))":60},"38":{"(Float16(0.6514), Float16(0.951))":68,"(Float16(0.000697), Float16(0.3008))":32},"88":{"(Float16(0.6494), Float16(0.949))":61,"(Float16(0.0004456), Float16(0.3005))":39},"78":{"(Float16(0.000775), Float16(0.3008))":41,"(Float16(0.623), Float16(0.923))":59},"72":{"(Float16(0.632), Float16(0.9316))":70,"(Float16(0.0007615), Float16(0.3008))":30},"24":{"(Float16(0.707), Float16(1.007))":65,"(Float16(0.001228), Float16(0.3013))":35},"8":{"(Float16(0.001162), Float16(0.3013))":38,"(Float16(0.6816), Float16(0.9814))":62},"17":{"(Float16(0.0006638), Float16(0.3008))":53,"(Float16(0.7725), Float16(1.072))":47},"37":{"(Float16(0.000923), Float16(0.301))":42,"(Float16(0.591), Float16(0.8906))":58},"1":{"(Float16(0.671), Float16(0.9707))":72,"(Float16(0.000992), Float16(0.301))":28},"53":{"(Float16(0.0005803), Float16(0.3005))":37,"(Float16(0.591), Float16(0.8906))":63},"22":{"(Float16(0.66), Float16(0.96))":54,"(Float16(0.0006304), Float16(0.3005))":46},"47":{"(Float16(0.000972), Float16(0.301))":46,"(Float16(0.701), Float16(1.001))":54},"83":{"(Float16(0.7334), Float16(1.033))":64,"(Float16(0.0006313), Float16(0.3005))":36},"99":{"(Float16(0.6074), Float16(0.907))":58,"(Float16(0.000479), Float16(0.3005))":42},"89":{"(Float16(0.635), Float16(0.9346))":59,"(Float16(0.0006576), Float16(0.3005))":41},"14":{"(Float16(0.634), Float16(0.9336))":58,"(Float16(0.000736), Float16(0.3008))":42},"3":{"(Float16(0.6436), Float16(0.9434))":59,