{"5":{"(Float16(0.501), Float16(0.701))":45,"(Float16(0.998), Float16(1.198))":27,"(Float16(0.000682), Float16(0.2007))":28},"56":{"(Float16(0.998), Float16(1.198))":29,"(Float16(0.4995), Float16(0.6997))":55,"(Float16(0.000714), Float16(0.2007))":16},"35":{"(Float16(0.501), Float16(0.701))":42,"(Float16(0.0004053), Float16(0.2004))":29,"(Float16(0.9976), Float16(1.197))":29},"55":{"(Float16(0.000491), Float16(0.2004))":25,"(Float16(0.998), Float16(1.198))":29,"(Float16(0.4995), Float16(0.6997))":46},"60":{"(Float16(0.9985), Float16(1.198))":30,"(Float16(0.0003629), Float16(0.2003))":31,"(Float16(0.5), Float16(0.7))":39},"30":{"(Float16(0.0002766), Float16(0.2003))":27,"(Float16(0.997), Float16(1.197))":31,"(Float16(0.5), Float16(0.7))":42},"32":{"(Float16(0.501), Float16(0.701))":42,"(Float16(0.0004764), Float16(0.2004))":28,"(Float16(0.999), Float16(1.199))":30},"6":{"(Float16(0.4995), Float16(0.6997))":36,"(Float16(0.0004683), Float16(0.2004))":30,"(Float16(0.997), Float16(1.197))":34},"67":{"(Float16(0.0006266), Float16(0.2007))":22,"(Float16(0.4995), Float16(0.6997))":51,"(Float16(0.999), Float16(1.199))":27},"45":{"(Float16(0.501), Float16(0.701))":42,"(Float16(0.9985), Float16(1.198))":28,"(Float16(0.0003588), Float16(0.2003))":30},"73":{"(Float16(0.499), Float16(0.699))":51,"(Float16(0.998), Float16(1.198))":34,"(Float16(0.0001622), Float16(0.2002))":15},"64":{"(Float16(0.501), Float16(0.701))":29,"(Float16(0.999), Float16(1.199))":36,"(Float16(0.0002935), Float16(0.2003))":35},"90":{"(Float16(0.501), Float16(0.701))":33,"(Float16(0.999), Float16(1.199))":27,"(Float16(0.0003915), Float16(0.2004))":40},"4":{"(Float16(0.501), Float16(0.701))":27,"(Float16(0.9985), Float16(1.198))":38,"(Float16(0.0005445), Float16(0.2006))":35},"13":{"(Float16(0.999), Float16(1.199))":32,"(Float16(0.0003843), Float16(0.2004))":29,"(Float16(0.499), Float16(0.699))":39},"54":{"(Float16(0.4995), Float16(0.6997))":46,"(Float16(0.0002162), Float16(0.2002))":21,"(Float16(0.9976), Float16(1.197))":33},"63":{"(Float16(0.0006943), Float16(0.2007))":17,"(Float16(0.999), Float16(1.199))":25,"(Float16(0.5), Float16(0.7))":58},"86":{"(Float16(0.000406), Float16(0.2004))":28,"(Float16(0.4995), Float16(0.6997))":37,"(Float16(0.9976), Float16(1.197))":35},"91":{"(Float16(0.0004916), Float16(0.2004))":29,"(Float16(0.998), Float16(1.198))":27,"(Float16(0.5), Float16(0.7))":44},"62":{"(Float16(0.501), Float16(0.701))":38,"(Float16(0.0004044), Float16(0.2004))":44,"(Float16(0.999), Float16(1.199))":18},"58":{"(Float16(0.000591), Float16(0.2006))":30,"(Float16(0.999), Float16(1.199))":15,"(Float16(0.5), Float16(0.7))":55},"52":{"(Float16(0.501), Float16(0.701))":42,"(Float16(0.999), Float16(1.199))":33,"(Float16(0.000512), Float16(0.2006))":25},"12":{"(Float16(0.0002847), Float16(0.2003))":30,"(Float16(0.501), Float16(0.701))":54,"(Float16(0.999), Float16(1.199))":16},"28":{"(Float16(0.000429), Float16(0.2004))":25,"(Float16(0.9966), Float16(1.196))":33,"(Float16(0.5), Float16(0.7))":42},"75":{"(Float16(0.000396), Float16(0.2004))":24,"(Float16(0.4995), Float16(0.6997))":48,"(Float16(0.999), Float16(1.199))":28},"23":{"(Float16(0.9985), Float16(1.198))":32,"(Float16(0.4995), Float16(0.6997))":48,"(Float16(0.0005784), Float16(0.2006))":20},"92":{"(Float16(0.0003262), Float16(0.2003))":19,"(Float16(0.4995), Float16(0.6997))":55,"(Float16(0.999), Float16(1.199))":26},"41":{"(Float16(0.0004215), Float16(0.2004))":25,"(Float16(0.999), Float16(1.199))":30,"(Float16(0.5), Float16(0.7))":45},"43":{"(Float16(0.501), Float16(0.701))":49,"(Float16(0.9985), Float16(1.198))":19,"(Float16(0.0003567), Float16(0.2003))":32},"11":{"(Float16(0.0004458), Float16(0.2004))":32,"(Float16(0.998), Float16(1.198))":27,"(Float16(0.4995), Float16(0.6997))":41},"36":{"(Float16(0.0004206), Float16(0.2004))":27,"(Float16(0.4998), Float16(0.6997))":46,"(Float16(0.999), Float16(1.199))":27},"68":{"(Float16(0.501), Float16(0.701))":39,"(Float16(0.999), Float16(1.199))":31,"(Float16(0.0003955), Float16(0.2004))":30},"69":{"(Float16(0.501), Float16(0.701))":51,"(Float16(0.997), Float16(1.197))":17,"(Float16(0.0004516), Float16(0.2004))":32},"98":{"(Float16(0.0001159), Float16(0.2001))":28,"(Float16(0.998), Float16(1.198))":30,"(Float16(0.4995), Float16(0.6997))":42},"82":{"(Float16(0.501), Float16(0.701))":30,"(Float16(0.0004697), Float16(0.2004))":38,"(Float16(0.999), Float16(1.199))":32},"85":{"(Float16(0.0004306), Float16(0.2004))":29,"(Float16(0.9976), Float16(1.197))":30,"(Float16(0.5), Float16(0.7))":41},"39":{"(Float16(0.998), Float16(1.198))":31,"(Float16(0.4995), Float16(0.6997))":45,"(Float16(0.0003128), Float16(0.2003))":24},"84":{"(Float16(0.501), Float16(0.701))":33,"(Float16(0.997), Float16(1.197))":34,"(Float16(0.0006075), Float16(0.2006))":33},"77":{"(Float16(0.0002017), Float16(0.2002))":29,"(Float16(0.501), Float16(0.701))":48,"(Float16(0.999), Float16(1.199))":23},"7":{"(Float16(0.501), Float16(0.701))":47,"(Float16(0.998), Float16(1.198))":28,"(Float16(0.000635), Float16(0.2007))":25},"25":{"(Float16(0.501), Float16(0.701))":51,"(Float16(0.000568), Float16(0.2006))":30,"(Float16(0.999), Float16(1.199))":19},"95":{"(Float16(0.9985), Float16(1.198))":33,"(Float16(0.000306), Float16(0.2003))":32,"(Float16(0.5), Float16(0.7))":35},"71":{"(Float16(0.4995), Float16(0.6997))":41,"(Float16(0.0003572), Float16(0.2003))":25,"(Float16(0.9976), Float16(1.197))":34},"66":{"(Float16(0.998), Float16(1.198))":34,"(Float16(0.0002866), Float16(0.2003))":23,"(Float16(0.5), Float16(0.7))":43},"76":{"(Float16(0.000525), Float16(0.2006))":27,"(Float16(0.501), Float16(0.701))":41,"(Float16(0.999), Float16(1.199))":32},"34":{"(Float16(4.04e-5), Float16(0.2001))":19,"(Float16(0.4995), Float16(0.6997))":64,"(Float16(0.9976), Float16(1.197))":17},"50":{"(Float16(0.4995), Float16(0.6997))":42,"(Float16(0.000386), Float16(0.2004))":34,"(Float16(0.997), Float16(1.197))":24},"59":{"(Float16(0.998), Float16(1.198))":29,"(Float16(0.4995), Float16(0.6997))":37,"(Float16(0.0005293), Float16(0.2006))":34},"93":{"(Float16(0.0001688), Float16(0.2002))":24,"(Float16(0.997), Float16(1.197))":28,"(Float16(0.5), Float16(0.7))":48},"2":{"(Float16(0.0002916), Float16(0.2003))":32,"(Float16(0.501), Float16(0.701))":44,"(Float16(0.999), Float16(1.199))":24},"10":{"(Float16(0.998), Float16(1.198))":20,"(Float16(0.4995), Float16(0.6997))":50,"(Float16(0.0003405), Float16(0.2003))":30},"18":{"(Float16(0.998), Float16(1.198))":24,"(Float16(0.0003273), Float16(0.2003))":37,"(Float16(0.5), Float16(0.7))":39},"26":{"(Float16(0.501), Float16(0.701))":44,"(Float16(0.999), Float16(1.199))":20,"(Float16(0.000616), Float16(0.2006))":36},"27":{"(Float16(0.501), Float16(0.701))":54,"(Float16(0.0004556), Float16(0.2004))":27,"(Float16(0.998), Float16(1.198))":19},"42":{"(Float16(0.4995), Float16(0.6997))":48,"(Float16(0.997), Float16(1.197))":24,"(Float16(0.0002842), Float16(0.2003))":28},"87":{"(Float16(0.0001715), Float16(0.2002))":26,"(Float16(0.4995), Float16(0.6997))":43,"(Float16(0.9976), Float16(1.197))":31},"100":{"(Float16(0.0001247), Float16(0.2001))":26,"(Float16(0.4995), Float16(0.6997))":45,"(Float16(0.997), Float16(1.197))":29},"79":{"(Float16(0.000699), Float16(0.2007))":31,"(Float16(0.9985), Float16(1.198))":31,"(Float16(0.4995), Float16(0.6997))":38},"16":{"(Float16(0.000412), Float16(0.2004))":26,"(Float16(0.997), Float16(1.197))":33,"(Float16(0.5), Float16(0.7))":41},"20":{"(Float16(0.0003848), Float16(0.2004))":26,"(Float16(0.998), Float16(1.198))":30,"(Float16(0.4995), Float16(0.6997))":44},"81":{"(Float16(0.998), Float16(1.198))":40,"(Float16(0.4995), Float16(0.6997))":35,"(Float16(0.0001943), Float16(0.2002))":25},"19":{"(Float16(0.501), Float16(0.701))":40,"(Float16(0.998), Float16(1.198))":32,"(Float16(0.0004256), Float16(0.2004))":28},"49":{"(Float16(0.998), Float16(1.198))":29,"(Float16(0.4995), Float16(0.6997))":49,"(Float16(0.000287), Float16(0.2003))":22},"44":{"(Float16(0.998), Float16(1.198))":36,