{"5":{"(Float16(0.4756), Float16(0.4856))":100},"56":{"(Float16(0.534), Float16(0.544))":100},"35":{"(Float16(0.4878), Float16(0.4978))":100},"55":{"(Float16(0.4883), Float16(0.4983))":100},"60":{"(Float16(0.5063), Float16(0.516))":100},"30":{"(Float16(0.10034), Float16(0.11035))":2,"(Float16(0.54), Float16(0.55))":96,"(Float16(0.02301), Float16(0.03302))":2},"32":{"(Float16(0.4956), Float16(0.5054))":100},"6":{"(Float16(0.509), Float16(0.5186))":100},"67":{"(Float16(0.507), Float16(0.5166))":100},"45":{"(Float16(0.5), Float16(0.51))":99,"(Float16(0.05786), Float16(0.0679))":1},"73":{"(Float16(0.504), Float16(0.5137))":99,"(Float16(0.02054), Float16(0.03055))":1},"64":{"(Float16(0.10803), Float16(0.11804))":2,"(Float16(0.5293), Float16(0.539))":96,"(Float16(0.0775), Float16(0.0875))":2},"90":{"(Float16(0.006104), Float16(0.01611))":1,"(Float16(0.481), Float16(0.491))":99},"4":{"(Float16(0.1301), Float16(0.1401))":3,"(Float16(0.5664), Float16(0.576))":97},"13":{"(Float16(0.517), Float16(0.527))":7,"(Float16(0.507), Float16(0.5166))":93},"54":{"(Float16(0.4434), Float16(0.4534))":100},"63":{"(Float16(0.456), Float16(0.466))":100},"86":{"(Float16(0.0747), Float16(0.0847))":2,"(Float16(0.5283), Float16(0.538))":98},"91":{"(Float16(0.458), Float16(0.468))":100},"62":{"(Float16(0.498), Float16(0.508))":100},"58":{"(Float16(0.11194), Float16(0.12195))":3,"(Float16(0.0853), Float16(0.09534))":2,"(Float16(0.574), Float16(0.584))":93,"(Float16(0.02184), Float16(0.03183))":2},"52":{"(Float16(0.958), Float16(0.968))":1,"(Float16(0.4902), Float16(0.5))":99},"12":{"(Float16(0.956), Float16(0.966))":1,"(Float16(0.4707), Float16(0.4807))":99},"28":{"(Float16(0.06158), Float16(0.0716))":1,"(Float16(0.548), Float16(0.5576))":99},"75":{"(Float16(0.1375), Float16(0.1475))":2,"(Float16(0.2), Float16(0.21))":2,"(Float16(0.619), Float16(0.629))":90,"(Float16(0.1536), Float16(0.1636))":4,"(Float16(0.08264), Float16(0.09265))":2},"23":{"(Float16(0.4937), Float16(0.5034))":100},"92":{"(Float16(0.002811), Float16(0.01282))":2,"(Float16(0.0522), Float16(0.0622))":4,"(Float16(0.5576), Float16(0.5674))":94},"41":{"(Float16(0.516), Float16(0.526))":7,"(Float16(0.506), Float16(0.5156))":93},"43":{"(Float16(0.499), Float16(0.509))":100},"11":{"(Float16(0.4902), Float16(0.5))":100},"36":{"(Float16(0.5283), Float16(0.538))":100},"68":{"(Float16(0.495), Float16(0.505))":100},"69":{"(Float16(0.9116), Float16(0.9214))":2,"(Float16(0.4624), Float16(0.4724))":98},"98":{"(Float16(0.539), Float16(0.549))":100},"82":{"(Float16(0.506), Float16(0.5156))":100},"85":{"(Float16(0.477), Float16(0.487))":100},"39":{"(Float16(0.5576), Float16(0.5674))":100},"84":{"(Float16(0.4565), Float16(0.4666))":100},"77":{"(Float16(0.4814), Float16(0.4915))":99,"(Float16(0.961), Float16(0.9707))":1},"7":{"(Float16(0.4604), Float16(0.4705))":100},"25":{"(Float16(0.5186), Float16(0.5283))":98,"(Float16(0.03065), Float16(0.04065))":2},"95":{"(Float16(0.4907), Float16(0.5005))":100},"71":{"(Float16(0.495), Float16(0.505))":100},"66":{"(Float16(0.476), Float16(0.486))":98,"(Float16(0.954), Float16(0.964))":2},"76":{"(Float16(0.926), Float16(0.9355))":3,"(Float16(0.4458), Float16(0.4558))":97},"34":{"(Float16(0.04626), Float16(0.05627))":3,"(Float16(0.4863), Float16(0.4963))":97},"50":{"(Float16(0.5186), Float16(0.5283))":100},"59":{"(Float16(0.4834), Float16(0.4934))":100},"93":{"(Float16(0.458), Float16(0.468))":99,"(Float16(0.9336), Float16(0.9434))":1},"2":{"(Float16(0.4858), Float16(0.4958))":100},"10":{"(Float16(0.5186), Float16(0.5283))":100},"18":{"(Float16(0.4995), Float16(0.5093))":100},"26":{"(Float16(0.4524), Float16(0.4624))":100},"27":{"(Float16(0.4888), Float16(0.4988))":100},"42":{"(Float16(0.0689), Float16(0.0789))":2,"(Float16(0.507), Float16(0.5166))":98},"87":{"(Float16(0.481), Float16(0.491))":98,"(Float16(0.9746), Float16(0.9844))":2},"100":{"(Float16(0.5303), Float16(0.54))":100},"79":{"(Float16(0.5093), Float16(0.519))":100},"16":{"(Float16(0.479), Float16(0.489))":100},"20":{"(Float16(0.4834), Float16(0.4934))":100},"81":{"(Float16(0.4404), Float16(0.4504))":100},"19":{"(Float16(0.4849), Float16(0.4949))":100},"49":{"(Float16(0.476), Float16(0.486))":100},"44":{"(Float16(0.4756), Float16(0.4856))":100},"9":{"(Float16(0.5146), Float16(0.5244))":100},"31":{"(Float16(0.5146), Float16(0.5244))":100},"74":{"(Float16(0.96), Float16(0.9697))":1,"(Float16(0.454), Float16(0.464))":99},"61":{"(Float16(0.509), Float16(0.5186))":100},"29":{"(Float16(0.5303), Float16(0.54))":98,"(Float16(0.0781), Float16(0.08813))":2},"94":{"(Float16(0.5244), Float16(0.534))":91,"(Float16(0.0534), Float16(0.0634))":3,"(Float16(0.5347), Float16(0.5444))":6},"46":{"(Float16(0.4995), Float16(0.5093))":76,"(Float16(0.51), Float16(0.5195))":24},"57":{"(Float16(0.9385), Float16(0.948))":1,"(Float16(0.4663), Float16(0.4763))":99},"70":{"(Float16(0.4614), Float16(0.4714))":99,"(Float16(0.991), Float16(1.001))":1},"21":{"(Float16(0.003113), Float16(0.013115))":1,"(Float16(0.508), Float16(0.5176))":99},"38":{"(Float16(0.54), Float16(0.55))":100},"88":{"(Float16(0.4749), Float16(0.4849))":100},"78":{"(Float16(0.4849), Float16(0.4949))":100},"72":{"(Float16(0.4956), Float16(0.5054))":100},"24":{"(Float16(0.5225), Float16(0.532))":100},"8":{"(Float16(0.498), Float16(0.508))":100},"17":{"(Float16(0.499), Float16(0.509))":100},"37":{"(Float16(0.9023), Float16(0.912))":2,"(Float16(0.46), Float16(0.47))":98},"1":{"(Float16(0.5186), Float16(0.5283))":100},"53":{"(Float16(0.4077), Float16(0.4177))":98,"(Float16(0.9395), Float16(0.949))":2},"22":{"(Float16(0.4648), Float16(0.4749))":97,"(Float16(0.9443), Float16(0.954))":3},"47":{"(Float16(0.4849), Float16(0.4949))":100},"83":{"(Float16(0.4702), Float16(0.4802))":100},"99":{"(Float16(0.5137), Float16(0.5234))":83,"(Float16(0.524), Float16(0.5337))":17},"89":{"(Float16(0.0751), Float16(0.0851))":3,"(Float16(0.0856), Float16(0.0956))":2,"(Float16(0.1054), Float16(0.1154))":4,"(Float16(0.1394), Float16(0.1494))":2,"(Float16(0.5723), Float16(0.582))":89},"14":{"(Float16(0.4834), Float16(0.4934))":100},"3":{"(Float16(0.5166), Float16(0.5264))":98,"(Float16(0.05103), Float16(0.06104))":2},"80":{"(Float16(0.0977), Float16(0.1077))":2,"(Float16(0.07355), Float16(0.08356))":2,"(Float16(0.5293), Float16(0.539))":96},"96":{"(Float16(0.4578), Float16(0.4678))":100},"51":{"(Float16(0.4985), Float16(0.5083))":100},"33":{"(Float16(0.4956), Float16(0.5054))":100},"40":{"(Float16(0.5273), Float16(0.537))":100},"48":{"(Float16(0.4683), Float16(0.4783))":100},"15":{"(Float16(0.4854), Float16(0.4954))":100},"65":{"(Float16(0.4404), Float16(0.4504))":97,"(Float16(0.8945), Float16(0.9043))":3},"97":{"(Float16(0.04517), Float16(0.05518))":7,"(Float16(0.09955), Float16(0.10956))":2,"(Float16(0.5947), Float16(0.6045))":89,"(Float16(0.0648), Float16(0.0748))":2}}