{"5":{"(Float16(3.54e-5), Float16(0.3))":21,"(Float16(0.6406), Float16(0.9404))":79},"56":{"(Float16(0.689), Float16(0.989))":60,"(Float16(0.0002311), Float16(0.3003))":40},"35":{"(Float16(0.703), Float16(1.003))":58,"(Float16(0.0003471), Float16(0.3003))":42},"55":{"(Float16(0.757), Float16(1.057))":48,"(Float16(0.0003114), Float16(0.3003))":52},"60":{"(Float16(0.71), Float16(1.01))":69,"(Float16(0.000443), Float16(0.3005))":31},"30":{"(Float16(2.2e-5), Float16(0.3))":30,"(Float16(0.651), Float16(0.9507))":70},"32":{"(Float16(0.0003815), Float16(0.3003))":36,"(Float16(0.6777), Float16(0.9775))":64},"6":{"(Float16(0.632), Float16(0.9316))":48,"(Float16(0.000571), Float16(0.3005))":52},"67":{"(Float16(0.0003462), Float16(0.3003))":46,"(Float16(0.6504), Float16(0.95))":54},"45":{"(Float16(0.6816), Float16(0.9814))":61,"(Float16(0.0003457), Float16(0.3003))":39},"73":{"(Float16(0.0003939), Float16(0.3003))":40,"(Float16(0.5996), Float16(0.8994))":60},"64":{"(Float16(0.0002193), Float16(0.3003))":50,"(Float16(0.675), Float16(0.9746))":50},"90":{"(Float16(0.6514), Float16(0.951))":55,"(Float16(0.0002205), Float16(0.3003))":45},"4":{"(Float16(0.629), Float16(0.9287))":58,"(Float16(3.4e-5), Float16(0.3))":42},"13":{"(Float16(0.0001376), Float16(0.3))":28,"(Float16(0.6294), Float16(0.929))":72},"54":{"(Float16(0.0004454), Float16(0.3005))":33,"(Float16(0.675), Float16(0.9746))":67},"63":{"(Float16(5.734e-5), Float16(0.3))":32,"(Float16(0.6816), Float16(0.9814))":68},"86":{"(Float16(0.0002465), Float16(0.3003))":41,"(Float16(0.6514), Float16(0.951))":59},"91":{"(Float16(0.759), Float16(1.059))":48,"(Float16(0.0004215), Float16(0.3005))":52},"62":{"(Float16(8.66e-5), Float16(0.3))":33,"(Float16(0.698), Float16(0.998))":67},"58":{"(Float16(0.6943), Float16(0.994))":59,"(Float16(0.0003676), Float16(0.3003))":41},"52":{"(Float16(0.000328), Float16(0.3003))":41,"(Float16(0.671), Float16(0.9707))":59},"12":{"(Float16(0.674), Float16(0.9736))":65,"(Float16(0.0003552), Float16(0.3003))":35},"28":{"(Float16(0.0001903), Float16(0.3003))":39,"(Float16(0.6484), Float16(0.948))":61},"75":{"(Float16(0.000279), Float16(0.3003))":32,"(Float16(0.634), Float16(0.9336))":68},"23":{"(Float16(0.6523), Float16(0.952))":59,"(Float16(0.0003114), Float16(0.3003))":41},"92":{"(Float16(0.0004106), Float16(0.3003))":52,"(Float16(0.7637), Float16(1.063))":48},"41":{"(Float16(0.622), Float16(0.922))":72,"(Float16(0.0003428), Float16(0.3003))":28},"43":{"(Float16(3.6e-7), Float16(0.3))":49,"(Float16(0.6704), Float16(0.97))":51},"11":{"(Float16(1.985e-5), Float16(0.3))":38,"(Float16(0.701), Float16(1.001))":62},"36":{"(Float16(0.632), Float16(0.9316))":61,"(Float16(0.000267), Float16(0.3003))":39},"68":{"(Float16(9.924e-5), Float16(0.3))":29,"(Float16(0.6494), Float16(0.949))":71},"69":{"(Float16(0.0004787), Float16(0.3005))":32,"(Float16(0.6855), Float16(0.9854))":68},"98":{"(Float16(0.699), Float16(0.999))":62,"(Float16(0.0005164), Float16(0.3005))":38},"82":{"(Float16(0.0002892), Float16(0.3003))":40,"(Float16(0.6504), Float16(0.95))":60},"85":{"(Float16(7.1e-6), Float16(0.3))":24,"(Float16(0.616), Float16(0.916))":76},"39":{"(Float16(0.0003018), Float16(0.3003))":34,"(Float16(0.691), Float16(0.9907))":66},"84":{"(Float16(0.6494), Float16(0.949))":61,"(Float16(0.0006557), Float16(0.3005))":39},"77":{"(Float16(0.0004861), Float16(0.3005))":39,"(Float16(0.6123), Float16(0.912))":61},"7":{"(Float16(0.6914), Float16(0.991))":59,"(Float16(0.000516), Float16(0.3005))":41},"25":{"(Float16(2.46e-5), Float16(0.3))":33,"(Float16(0.6045), Float16(0.9043))":67},"95":{"(Float16(0.659), Float16(0.959))":62,"(Float16(0.0003574), Float16(0.3003))":38},"71":{"(Float16(9.16e-5), Float16(0.3))":26,"(Float16(0.667), Float16(0.967))":74},"66":{"(Float16(0.0004466), Float16(0.3005))":35,"(Float16(0.6533), Float16(0.953))":65},"76":{"(Float16(0.0004444), Float16(0.3005))":34,"(Float16(0.6904), Float16(0.99))":66},"34":{"(Float16(0.0001913), Float16(0.3003))":27,"(Float16(0.6484), Float16(0.948))":73},"50":{"(Float16(0.6855), Float16(0.9854))":52,"(Float16(0.0004222), Float16(0.3005))":48},"59":{"(Float16(0.6514), Float16(0.951))":62,"(Float16(0.0003126), Float16(0.3003))":38},"93":{"(Float16(0.6797), Float16(0.9795))":60,"(Float16(0.0002823), Float16(0.3003))":40},"2":{"(Float16(0.6973), Float16(0.997))":61,"(Float16(0.000412), Float16(0.3003))":39},"10":{"(Float16(0.000213), Float16(0.3003))":36,"(Float16(0.672), Float16(0.9717))":64},"18":{"(Float16(0.621), Float16(0.921))":71,"(Float16(7.856e-5), Float16(0.3))":29},"26":{"(Float16(0.0001266), Float16(0.3))":37,"(Float16(0.708), Float16(1.008))":63},"27":{"(Float16(7.6e-6), Float16(0.3))":33,"(Float16(0.6504), Float16(0.95))":67},"42":{"(Float16(0.6436), Float16(0.9434))":73,"(Float16(0.0007424), Float16(0.3008))":27},"87":{"(Float16(0.0005393), Float16(0.3005))":43,"(Float16(0.6836), Float16(0.9834))":57},"100":{"(Float16(0.0003839), Float16(0.3003))":39,"(Float16(0.7266), Float16(1.026))":61},"79":{"(Float16(0.000617), Float16(0.3005))":37,"(Float16(0.6895), Float16(0.9893))":63},"16":{"(Float16(0.6455), Float16(0.9453))":63,"(Float16(1.25e-5), Float16(0.3))":37},"20":{"(Float16(1.0e-7), Float16(0.3))":24,"(Float16(0.689), Float16(0.989))":76},"81":{"(Float16(0.6973), Float16(0.997))":65,"(Float16(3.64e-5), Float16(0.3))":35},"19":{"(Float16(0.659), Float16(0.959))":74,"(Float16(0.0001717), Float16(0.3003))":26},"49":{"(Float16(0.6836), Float16(0.9834))":60,"(Float16(0.000565), Float16(0.3005))":40},"44":{"(Float16(0.6826), Float16(0.9824))":71,"(Float16(0.0006857), Float16(0.3008))":29},"9":{"(Float16(1.0e-7), Float16(0.3))":30,"(Float16(0.6035), Float16(0.9033))":70},"31":{"(Float16(0.66), Float16(0.96))":72,"(Float16(1.0e-7), Float16(0.3))":28},"74":{"(Float16(1.25e-6), Float16(0.3))":26,"(Float16(0.615), Float16(0.915))":74},"61":{"(Float16(0.7246), Float16(1.024))":63,"(Float16(1.67e-5), Float16(0.3))":37},"29":{"(Float16(0.0004609), Float16(0.3005))":34,"(Float16(0.624), Float16(0.924))":66},"94":{"(Float16(0.671), Float16(0.9707))":59,"(Float16(0.0003605), Float16(0.3003))":41},"46":{"(Float16(0.717), Float16(1.017))":55,"(Float16(0.0001994), Float16(0.3003))":45},"57":{"(Float16(0.000181), Float16(0.3003))":38,"(Float16(0.698), Float16(0.998))":62},"70":{"(Float16(3.624e-5), Float16(0.3))":28,"(Float16(0.669), Float16(0.9688))":72},"21":{"(Float16(0.00033), Float16(0.3003))":36,"(Float16(0.6445), Float16(0.9443))":64},"38":{"(Float16(0.667), Float16(0.967))":68,"(Float16(0.0001397), Float16(0.3))":32},"88":{"(Float16(0.0004265), Float16(0.3005))":23,"(Float16(0.629), Float16(0.9287))":77},"78":{"(Float16(0.659), Float16(0.959))":65,"(Float16(2.027e-5), Float16(0.3))":35},"72":{"(Float16(0.676), Float16(0.9756))":65,"(Float16(0.0004027), Float16(0.3003))":35},"24":{"(Float16(0.6694), Float16(0.969))":65,"(Float16(0.000261), Float16(0.3003))":35},"8":{"(Float16(0.7285), Float16(1.028))":57,"(Float16(0.00031), Float16(0.3003))":43},"17":{"(Float16(0.0003726), Float16(0.3003))":45,"(Float16(0.627), Float16(0.927))":55},"37":{"(Float16(0.000513), Float16(0.3005))":35,"(Float16(0.669), Float16(0.9688))":65},"1":{"(Float16(0.000423), Float16(0.3005))":46,"(Float16(0.708), Float16(1.008))":54},"53":{"(Float16(0.6406), Float16(0.9404))":66,"(Float16(5.5e-6), Float16(0.3))":34},"22":{"(Float16(0.0002978), Float16(0.3003))":38,"(Float16(0.702), Float16(1.002))":62},"47":{"(Float16(0.0005517), Float16(0.3005))":53,"(Float16(0.746), Float16(1.046))":47},"83":{"(Float16(0.6694), Float16(0.969))":67,"(Float16(0.0001533), Float16(0.3))":33},"99":{"(Float16(0.000481), Float16(0.3005))":26,"(Float16(0.624), Float16(0.924))":74},"89":{"(Float16(0.000429), Float16(0.3005))":41,"(Float16(0.676), Float16(0.9756))":59},"14":{"(Float16(0.6064), Float16(0.9062))":76,"(Float16(0.0003366), Float16(0.3003))":24},"3":{"(Float16(0.000293), Float16(0.3003))":38,"(Float16(0.6455), Float16(0.9453))":62},"80":{"(Float16(0.0002432), Float16(0.3003))":52,