{"5":{"(Float16(0.0003839), Float16(1.0))":100},"56":{"(Float16(0.000374), Float16(1.0))":100},"35":{"(Float16(0.0003757), Float16(1.0))":100},"55":{"(Float16(0.0003028), Float16(1.0))":100},"60":{"(Float16(0.0004795), Float16(1.0))":100},"30":{"(Float16(0.0003982), Float16(1.0))":100},"32":{"(Float16(0.0003748), Float16(1.0))":100},"6":{"(Float16(0.0003014), Float16(1.0))":100},"67":{"(Float16(0.000242), Float16(1.0))":100},"45":{"(Float16(0.0003097), Float16(1.0))":100},"73":{"(Float16(0.000353), Float16(1.0))":100},"64":{"(Float16(0.0003521), Float16(1.0))":100},"90":{"(Float16(0.000437), Float16(1.0))":100},"4":{"(Float16(0.0004616), Float16(1.0))":100},"13":{"(Float16(0.0003276), Float16(1.0))":100},"54":{"(Float16(0.0002114), Float16(1.0))":100},"63":{"(Float16(0.0002422), Float16(1.0))":100},"86":{"(Float16(0.0003767), Float16(1.0))":100},"91":{"(Float16(0.0003536), Float16(1.0))":100},"62":{"(Float16(0.0003462), Float16(1.0))":100},"58":{"(Float16(0.0002365), Float16(1.0))":100},"52":{"(Float16(0.0003586), Float16(1.0))":100},"12":{"(Float16(0.0003428), Float16(1.0))":100},"28":{"(Float16(0.0003572), Float16(1.0))":100},"75":{"(Float16(0.0002232), Float16(1.0))":100},"23":{"(Float16(0.000416), Float16(1.0))":100},"92":{"(Float16(0.0003088), Float16(1.0))":100},"41":{"(Float16(0.0003114), Float16(1.0))":100},"43":{"(Float16(0.0003653), Float16(1.0))":100},"11":{"(Float16(0.000297), Float16(1.0))":100},"36":{"(Float16(0.0003228), Float16(1.0))":100},"68":{"(Float16(0.0002537), Float16(1.0))":100},"69":{"(Float16(0.0003448), Float16(1.0))":100},"98":{"(Float16(0.0003679), Float16(1.0))":100},"82":{"(Float16(0.000343), Float16(1.0))":100},"85":{"(Float16(0.0004478), Float16(1.0))":100},"39":{"(Float16(0.000401), Float16(1.0))":100},"84":{"(Float16(0.000466), Float16(1.0))":100},"77":{"(Float16(0.0004134), Float16(1.0))":100},"7":{"(Float16(0.000253), Float16(1.0))":100},"25":{"(Float16(0.000423), Float16(1.0))":100},"95":{"(Float16(0.0003881), Float16(1.0))":100},"71":{"(Float16(0.0004706), Float16(1.0))":100},"66":{"(Float16(0.000155), Float16(1.0))":100},"76":{"(Float16(0.0002542), Float16(1.0))":100},"34":{"(Float16(0.0002278), Float16(1.0))":100},"50":{"(Float16(0.0002185), Float16(1.0))":100},"59":{"(Float16(0.0003), Float16(1.0))":100},"93":{"(Float16(0.0004766), Float16(1.0))":100},"2":{"(Float16(0.000251), Float16(1.0))":100},"10":{"(Float16(0.000283), Float16(1.0))":100},"18":{"(Float16(0.0004094), Float16(1.0))":100},"26":{"(Float16(0.0002952), Float16(1.0))":100},"27":{"(Float16(0.0005307), Float16(1.001))":100},"42":{"(Float16(0.000314), Float16(1.0))":100},"87":{"(Float16(0.0002747), Float16(1.0))":100},"100":{"(Float16(0.0004113), Float16(1.0))":100},"79":{"(Float16(0.000412), Float16(1.0))":100},"16":{"(Float16(0.0003138), Float16(1.0))":100},"20":{"(Float16(0.0004272), Float16(1.0))":100},"81":{"(Float16(0.000464), Float16(1.0))":100},"19":{"(Float16(0.0004845), Float16(1.0))":100},"49":{"(Float16(0.0004597), Float16(1.0))":100},"44":{"(Float16(0.0002694), Float16(1.0))":100},"9":{"(Float16(0.0003526), Float16(1.0))":100},"31":{"(Float16(0.0004873), Float16(1.0))":100},"74":{"(Float16(0.000242), Float16(1.0))":100},"61":{"(Float16(0.0004249), Float16(1.0))":100},"29":{"(Float16(0.000468), Float16(1.0))":100},"94":{"(Float16(0.0003119), Float16(1.0))":100},"46":{"(Float16(0.000227), Float16(1.0))":100},"57":{"(Float16(0.0002823), Float16(1.0))":100},"70":{"(Float16(0.0004368), Float16(1.0))":100},"21":{"(Float16(0.0004792), Float16(1.0))":100},"38":{"(Float16(0.0003982), Float16(1.0))":100},"88":{"(Float16(0.0003228), Float16(1.0))":100},"78":{"(Float16(0.0004878), Float16(1.0))":100},"72":{"(Float16(0.0003512), Float16(1.0))":100},"24":{"(Float16(0.000421), Float16(1.0))":100},"8":{"(Float16(0.0003097), Float16(1.0))":100},"17":{"(Float16(0.0004704), Float16(1.0))":100},"37":{"(Float16(0.000388), Float16(1.0))":100},"1":{"(Float16(0.0001957), Float16(1.0))":100},"53":{"(Float16(0.0003674), Float16(1.0))":100},"22":{"(Float16(0.0003805), Float16(1.0))":100},"47":{"(Float16(0.000377), Float16(1.0))":100},"83":{"(Float16(0.000313), Float16(1.0))":100},"99":{"(Float16(0.0003114), Float16(1.0))":100},"89":{"(Float16(0.0002584), Float16(1.0))":100},"14":{"(Float16(0.0004716), Float16(1.0))":100},"3":{"(Float16(0.0003853), Float16(1.0))":100},"80":{"(Float16(0.0003295), Float16(1.0))":100},"96":{"(Float16(0.0004756), Float16(1.0))":100},"51":{"(Float16(0.000486), Float16(1.0))":100},"33":{"(Float16(0.0004177), Float16(1.0))":100},"40":{"(Float16(0.0004067), Float16(1.0))":100},"48":{"(Float16(0.0002344), Float16(1.0))":100},"15":{"(Float16(0.000597), Float16(1.001))":100},"65":{"(Float16(0.0003188), Float16(1.0))":100},"97":{"(Float16(0.000352), Float16(1.0))":100}}