{"5":{"(Float16(0.001201), Float16(1.001))":100},"56":{"(Float16(0.0009565), Float16(1.001))":100},"35":{"(Float16(0.0006685), Float16(1.001))":100},"55":{"(Float16(0.000614), Float16(1.001))":100},"60":{"(Float16(0.000556), Float16(1.001))":100},"30":{"(Float16(0.000617), Float16(1.001))":100},"32":{"(Float16(0.0008364), Float16(1.001))":100},"6":{"(Float16(0.0008554), Float16(1.001))":100},"67":{"(Float16(0.0006304), Float16(1.001))":100},"45":{"(Float16(0.000621), Float16(1.001))":100},"73":{"(Float16(0.0006466), Float16(1.001))":100},"64":{"(Float16(0.000619), Float16(1.001))":100},"90":{"(Float16(0.000899), Float16(1.001))":100},"4":{"(Float16(0.000775), Float16(1.001))":100},"13":{"(Float16(0.000889), Float16(1.001))":100},"54":{"(Float16(0.000677), Float16(1.001))":100},"63":{"(Float16(0.000559), Float16(1.001))":100},"86":{"(Float16(0.000976), Float16(1.001))":100},"91":{"(Float16(0.000743), Float16(1.001))":100},"62":{"(Float16(0.000978), Float16(1.001))":100},"58":{"(Float16(0.0007515), Float16(1.001))":100},"52":{"(Float16(0.0006685), Float16(1.001))":100},"12":{"(Float16(0.0007286), Float16(1.001))":100},"28":{"(Float16(0.0007224), Float16(1.001))":100},"75":{"(Float16(0.000759), Float16(1.001))":100},"23":{"(Float16(0.0008216), Float16(1.001))":100},"92":{"(Float16(0.00103), Float16(1.001))":100},"41":{"(Float16(0.000558), Float16(1.001))":100},"43":{"(Float16(0.000962), Float16(1.001))":100},"11":{"(Float16(0.000904), Float16(1.001))":100},"36":{"(Float16(0.0008464), Float16(1.001))":100},"68":{"(Float16(0.0008116), Float16(1.001))":100},"69":{"(Float16(0.0007095), Float16(1.001))":100},"98":{"(Float16(0.001083), Float16(1.001))":100},"82":{"(Float16(0.0007553), Float16(1.001))":100},"85":{"(Float16(0.00095), Float16(1.001))":100},"39":{"(Float16(0.000643), Float16(1.001))":100},"84":{"(Float16(0.000759), Float16(1.001))":100},"77":{"(Float16(0.000558), Float16(1.001))":100},"7":{"(Float16(0.000656), Float16(1.001))":100},"25":{"(Float16(0.00082), Float16(1.001))":100},"95":{"(Float16(0.000723), Float16(1.001))":100},"71":{"(Float16(0.000774), Float16(1.001))":100},"66":{"(Float16(0.000587), Float16(1.001))":100},"76":{"(Float16(0.000841), Float16(1.001))":100},"34":{"(Float16(0.0008235), Float16(1.001))":100},"50":{"(Float16(0.000991), Float16(1.001))":100},"59":{"(Float16(0.000698), Float16(1.001))":100},"93":{"(Float16(0.0009723), Float16(1.001))":100},"2":{"(Float16(0.0005226), Float16(1.001))":100},"10":{"(Float16(0.0006876), Float16(1.001))":100},"18":{"(Float16(0.0008106), Float16(1.001))":100},"26":{"(Float16(0.0006084), Float16(1.001))":100},"27":{"(Float16(0.000663), Float16(1.001))":100},"42":{"(Float16(0.0008135), Float16(1.001))":100},"87":{"(Float16(0.0006104), Float16(1.001))":100},"100":{"(Float16(0.0007343), Float16(1.001))":100},"79":{"(Float16(0.000805), Float16(1.001))":100},"16":{"(Float16(0.0004883), Float16(1.0))":100},"20":{"(Float16(0.0006404), Float16(1.001))":100},"81":{"(Float16(0.000807), Float16(1.001))":100},"19":{"(Float16(0.0007334), Float16(1.001))":100},"49":{"(Float16(0.0008945), Float16(1.001))":100},"44":{"(Float16(0.000655), Float16(1.001))":100},"9":{"(Float16(0.0004535), Float16(1.0))":100},"31":{"(Float16(0.0009494), Float16(1.001))":100},"74":{"(Float16(0.0005097), Float16(1.001))":100},"61":{"(Float16(0.0009036), Float16(1.001))":100},"29":{"(Float16(0.0009623), Float16(1.001))":100},"94":{"(Float16(0.0004756), Float16(1.0))":100},"46":{"(Float16(0.0007954), Float16(1.001))":100},"57":{"(Float16(0.000621), Float16(1.001))":100},"70":{"(Float16(0.0007434), Float16(1.001))":100},"21":{"(Float16(0.000713), Float16(1.001))":100},"38":{"(Float16(0.0005426), Float16(1.001))":100},"88":{"(Float16(0.0006413), Float16(1.001))":100},"78":{"(Float16(0.0006676), Float16(1.001))":100},"72":{"(Float16(0.000702), Float16(1.001))":100},"24":{"(Float16(0.0007157), Float16(1.001))":100},"8":{"(Float16(0.0009174), Float16(1.001))":100},"17":{"(Float16(0.0007515), Float16(1.001))":100},"37":{"(Float16(0.000881), Float16(1.001))":100},"1":{"(Float16(0.0005693), Float16(1.001))":100},"53":{"(Float16(0.0007887), Float16(1.001))":100},"22":{"(Float16(0.000691), Float16(1.001))":100},"47":{"(Float16(0.000619), Float16(1.001))":100},"83":{"(Float16(0.000796), Float16(1.001))":100},"99":{"(Float16(0.0005703), Float16(1.001))":100},"89":{"(Float16(0.000763), Float16(1.001))":100},"14":{"(Float16(0.000633), Float16(1.001))":100},"3":{"(Float16(0.000784), Float16(1.001))":100},"80":{"(Float16(0.000947), Float16(1.001))":100},"96":{"(Float16(0.0007534), Float16(1.001))":100},"51":{"(Float16(0.000847), Float16(1.001))":100},"33":{"(Float16(0.0007963), Float16(1.001))":100},"40":{"(Float16(0.000724), Float16(1.001))":100},"48":{"(Float16(0.000617), Float16(1.001))":100},"15":{"(Float16(0.0008464), Float16(1.001))":100},"65":{"(Float16(0.000659), Float16(1.001))":100},"97":{"(Float16(0.000585), Float16(1.001))":100}}