{"32":{"(Float16(0.662), Float16(0.962))":64,"(Float16(1.0e-5), Float16(0.3))":36},"29":{"(Float16(6.7e-6), Float16(0.3))":32,"(Float16(0.668), Float16(0.968))":67,"(Float16(0.358), Float16(0.6577))":1},"1":{"(Float16(0.6426), Float16(0.9424))":68,"(Float16(2.4e-7), Float16(0.3))":32},"54":{"(Float16(0.0), Float16(0.3))":21,"(Float16(0.623), Float16(0.923))":79},"78":{"(Float16(0.0), Float16(0.3))":44,"(Float16(0.635), Float16(0.9346))":56},"81":{"(Float16(4.95e-5), Float16(0.3))":30,"(Float16(0.663), Float16(0.963))":70},"2":{"(Float16(1.93e-5), Float16(0.3))":50,"(Float16(0.4727), Float16(0.7725))":28,"(Float16(0.777), Float16(1.077))":22},"74":{"(Float16(0.3223), Float16(0.622))":6,"(Float16(0.00012195), Float16(0.3))":33,"(Float16(0.6934), Float16(0.993))":61},"41":{"(Float16(4.506e-5), Float16(0.3))":41,"(Float16(0.707), Float16(1.007))":57,"(Float16(0.3682), Float16(0.668))":2},"65":{"(Float16(5.4e-7), Float16(0.3))":31,"(Float16(0.6113), Float16(0.911))":69},"51":{"(Float16(0.629), Float16(0.9287))":75,"(Float16(5.0e-7), Float16(0.3))":25},"53":{"(Float16(3.66e-5), Float16(0.3))":39,"(Float16(0.634), Float16(0.9336))":61},"27":{"(Float16(1.353e-5), Float16(0.3))":25,"(Float16(0.3125), Float16(0.6123))":5,"(Float16(0.703), Float16(1.003))":70},"75":{"(Float16(5.95e-5), Float16(0.3))":39,"(Float16(0.671), Float16(0.9707))":61},"42":{"(Float16(0.9766), Float16(1.276))":1,"(Float16(0.6143), Float16(0.914))":60,"(Float16(6.74e-6), Float16(0.3))":39},"33":{"(Float16(1.65e-5), Float16(0.3))":24,"(Float16(0.5957), Float16(0.8955))":76},"28":{"(Float16(0.667), Float16(0.967))":68,"(Float16(5.0e-7), Float16(0.3))":32},"50":{"(Float16(4.053e-5), Float16(0.3))":23,"(Float16(0.5825), Float16(0.8823))":76,"(Float16(0.9224), Float16(1.223))":1},"52":{"(Float16(9.37e-5), Float16(0.3))":22,"(Float16(0.67), Float16(0.9697))":78},"63":{"(Float16(3.04e-6), Float16(0.3))":36,"(Float16(0.6377), Float16(0.9375))":64},"92":{"(Float16(0.674), Float16(0.9736))":65,"(Float16(3.96e-5), Float16(0.3))":34,"(Float16(0.991), Float16(1.291))":1},"88":{"(Float16(0.0), Float16(0.3))":17,"(Float16(0.6387), Float16(0.9385))":83},"93":{"(Float16(0.0), Float16(0.3))":31,"(Float16(0.6445), Float16(0.9443))":69},"26":{"(Float16(0.0002387), Float16(0.3003))":42,"(Float16(0.434), Float16(0.734))":33,"(Float16(0.785), Float16(1.085))":25},"10":{"(Float16(0.923), Float16(1.223))":4,"(Float16(0.0), Float16(0.3))":41,"(Float16(0.583), Float16(0.883))":55},"77":{"(Float16(0.621), Float16(0.921))":70,"(Float16(3.6e-7), Float16(0.3))":30},"24":{"(Float16(3.34e-5), Float16(0.3))":27,"(Float16(0.6562), Float16(0.956))":73},"87":{"(Float16(0.6367), Float16(0.9365))":70,"(Float16(2.47e-5), Float16(0.3))":30},"58":{"(Float16(0.9097), Float16(1.21))":6,"(Float16(5.54e-6), Float16(0.3))":34,"(Float16(0.574), Float16(0.874))":60},"25":{"(Float16(0.3962), Float16(0.6963))":54,"(Float16(0.7686), Float16(1.068))":14,"(Float16(0.0001888), Float16(0.3003))":32},"23":{"(Float16(1.746e-5), Float16(0.3))":35,"(Float16(0.6416), Float16(0.9414))":65},"49":{"(Float16(1.86e-5), Float16(0.3))":31,"(Float16(0.931), Float16(1.231))":4,"(Float16(0.5947), Float16(0.8945))":65},"59":{"(Float16(0.0), Float16(0.3))":26,"(Float16(0.6787), Float16(0.9785))":74},"5":{"(Float16(2.0e-7), Float16(0.3))":21,"(Float16(0.6504), Float16(0.95))":79},"31":{"(Float16(0.593), Float16(0.8926))":64,"(Float16(3.9e-5), Float16(0.3))":36},"89":{"(Float16(0.6475), Float16(0.9473))":72,"(Float16(1.4e-6), Float16(0.3))":28},"62":{"(Float16(0.629), Float16(0.9287))":78,"(Float16(8.3e-7), Float16(0.3))":22},"43":{"(Float16(0.375), Float16(0.675))":40,"(Float16(0.0001628), Float16(0.3))":25,"(Float16(0.6787), Float16(0.9785))":35},"90":{"(Float16(0.6196), Float16(0.9194))":76,"(Float16(9.584e-5), Float16(0.3))":24},"39":{"(Float16(0.617), Float16(0.917))":63,"(Float16(0.0), Float16(0.3))":37},"34":{"(Float16(1.0e-7), Float16(0.3))":34,"(Float16(0.6455), Float16(0.9453))":65,"(Float16(0.3442), Float16(0.644))":1},"44":{"(Float16(3.65e-5), Float16(0.3))":27,"(Float16(0.7275), Float16(1.027))":65,"(Float16(0.3206), Float16(0.6206))":8},"94":{"(Float16(2.0e-7), Float16(0.3))":25,"(Float16(0.615), Float16(0.915))":75},"55":{"(Float16(0.6416), Float16(0.9414))":69,"(Float16(4.61e-5), Float16(0.3))":31},"86":{"(Float16(1.0e-7), Float16(0.3))":36,"(Float16(0.6455), Float16(0.9453))":64},"17":{"(Float16(0.6807), Float16(0.9805))":71,"(Float16(5.5e-6), Float16(0.3))":29},"99":{"(Float16(3.3e-6), Float16(0.3))":30,"(Float16(0.623), Float16(0.923))":70},"71":{"(Float16(3.03e-5), Float16(0.3))":44,"(Float16(0.6455), Float16(0.9453))":56},"37":{"(Float16(0.6396), Float16(0.9395))":69,"(Float16(1.144e-5), Float16(0.3))":31},"47":{"(Float16(0.8477), Float16(1.147))":13,"(Float16(0.4922), Float16(0.792))":58,"(Float16(1.276e-5), Float16(0.3))":29},"9":{"(Float16(0.9697), Float16(1.27))":2,"(Float16(6.0e-8), Float16(0.3))":33,"(Float16(0.586), Float16(0.8857))":65},"73":{"(Float16(0.6514), Float16(0.951))":72,"(Float16(3.6e-7), Float16(0.3))":28},"82":{"(Float16(0.618), Float16(0.918))":71,"(Float16(0.00011396), Float16(0.3))":29},"12":{"(Float16(7.4e-6), Float16(0.3))":25,"(Float16(0.6055), Float16(0.9053))":75},"79":{"(Float16(0.6553), Float16(0.955))":70,"(Float16(1.2e-6), Float16(0.3))":30},"20":{"(Float16(0.0), Float16(0.3))":29,"(Float16(0.701), Float16(1.001))":67,"(Float16(0.334), Float16(0.634))":4},"6":{"(Float16(0.66), Float16(0.96))":77,"(Float16(0.0), Float16(0.3))":23},"84":{"(Float16(0.3535), Float16(0.6533))":3,"(Float16(0.674), Float16(0.9736))":61,"(Float16(1.75e-5), Float16(0.3))":36},"80":{"(Float16(1.43e-6), Float16(0.3))":28,"(Float16(0.624), Float16(0.924))":72},"98":{"(Float16(0.9766), Float16(1.276))":3,"(Float16(0.593), Float16(0.8926))":77,"(Float16(2.0e-7), Float16(0.3))":20},"70":{"(Float16(4.166e-5), Float16(0.3))":36,"(Float16(0.63), Float16(0.9297))":64},"14":{"(Float16(0.6455), Float16(0.9453))":60,"(Float16(2.956e-5), Float16(0.3))":40},"7":{"(Float16(0.3384), Float16(0.638))":1,"(Float16(0.6973), Float16(0.997))":76,"(Float16(4.35e-6), Float16(0.3))":23},"96":{"(Float16(6.0e-8), Float16(0.3))":35,"(Float16(0.6016), Float16(0.9014))":65},"57":{"(Float16(8.46e-6), Float16(0.3))":28,"(Float16(0.632), Float16(0.9316))":72},"8":{"(Float16(1.3e-6), Float16(0.3))":32,"(Float16(0.586), Float16(0.8857))":68},"64":{"(Float16(0.6333), Float16(0.933))":72,"(Float16(2.61e-5), Float16(0.3))":28},"19":{"(Float16(0.6387), Float16(0.9385))":74,"(Float16(5.0e-7), Float16(0.3))":26},"91":{"(Float16(2.0e-7), Float16(0.3))":27,"(Float16(0.628), Float16(0.9277))":73},"69":{"(Float16(0.67), Float16(0.9697))":70,"(Float16(2.4e-7), Float16(0.3))":30},"60":{"(Float16(0.619), Float16(0.919))":80,"(Float16(6.0e-8), Float16(0.3))":20},"97":{"(Float16(0.0001472), Float16(0.3))":23,"(Float16(0.66), Float16(0.96))":76,"(Float16(0.3252), Float16(0.625))":1},"4":{"(Float16(0.6045), Float16(0.9043))":69,"(Float16(4.9e-6), Float16(0.3))":31},"22":{"(Float16(5.9e-6), Float16(0.3))":22,"(Float16(0.3699), Float16(0.67))":2,"(Float16(0.6953), Float16(0.995))":76},"11":{"(Float16(0.0), Float16(0.3))":30,"(Float16(0.371), Float16(0.671))":2,"(Float16(0.6787), Float16(0.9785))":68},"35":{"(Float16(2.9e-6), Float16(0.3))":29,"(Float16(0.6016), Float16(0.9014))":71},"13":{"(Float16(0.0), Float16(0.3))":36,"(Float16(0.628), Float16(0.9277))":64},"15":{"(Float16(7.0e-7), Float16(0.3))":43,"(Float16(0.663), Float16(0.963))":57},"61":{"(Float16(0.6084), Float16(0.908))":68,"(Float16(2.074e-5), Float16(0.3))":31,"(Float16(0.9307), Float16(1.23))":1},"67":{"(Float16(5.245e-5), Float16(0.3))":26,"(Float16(0.6494), Float16(0.949))":73,"(Float16(0.985), Float16(1.285))":1},"16":{"(Float16(0.0), Float16(0.3))":36,"(Float16(0.585), Float16(0.885))":64},"100":{"(Float16(0.6104), Float16(0.91))":73,"(Float16(1.0e-7), Float16(0.3))":25,"(Float16(0.995), Float16(1.295))":2},"40":{"(Float16(4.166e-5), Float16(0.3))":34,"(Float16(0.379), Float16(0.6787))":2,