{"1":{"(Float16(0.948), Float16(1.148))":22,"(Float16(0.2737), Float16(0.4736))":2,"(Float16(0.05), Float16(0.25))":16,"(Float16(0.5), Float16(0.7))":60},"2":{"(Float16(0.05002), Float16(0.25))":26,"(Float16(0.949), Float16(1.149))":29,"(Float16(0.5), Float16(0.7))":45},"3":{"(Float16(0.948), Float16(1.148))":13,"(Float16(0.05005), Float16(0.25))":42,"(Float16(0.5), Float16(0.7))":45}}