{"5":{"(Float16(0.6665), Float16(0.7666))":17,"(Float16(0.5273), Float16(0.6274))":20,"(Float16(0.1216), Float16(0.2216))":22,"(Float16(0.88), Float16(0.98))":24,"(Float16(0.329), Float16(0.4292))":17},"56":{"(Float16(0.84), Float16(0.94))":30,"(Float16(0.3486), Float16(0.4487))":30,"(Float16(0.1038), Float16(0.2039))":20,"(Float16(0.5625), Float16(0.6626))":20},"35":{"(Float16(0.7637), Float16(0.864))":17,"(Float16(0.587), Float16(0.687))":21,"(Float16(0.1802), Float16(0.2803))":33,"(Float16(0.4214), Float16(0.5215))":14,"(Float16(0.8984), Float16(0.9985))":15},"55":{"(Float16(0.1132), Float16(0.2133))":21,"(Float16(0.6772), Float16(0.7773))":34,"(Float16(0.3364), Float16(0.4365))":22,"(Float16(0.4932), Float16(0.5933))":5,"(Float16(0.9346), Float16(1.034))":18},"60":{"(Float16(0.3325), Float16(0.4326))":29,"(Float16(0.583), Float16(0.683))":10,"(Float16(0.7983), Float16(0.8984))":40,"(Float16(0.0779), Float16(0.1779))":21},"30":{"(Float16(0.2607), Float16(0.3608))":13,"(Float16(0.7295), Float16(0.8296))":31,"(Float16(0.925), Float16(1.024))":20,"(Float16(0.1045), Float16(0.2045))":18,"(Float16(0.457), Float16(0.557))":18},"32":{"(Float16(0.3638), Float16(0.4639))":16,"(Float16(0.748), Float16(0.848))":15,"(Float16(0.11206), Float16(0.212))":27,"(Float16(0.5723), Float16(0.6724))":22,"(Float16(0.9146), Float16(1.015))":20},"6":{"(Float16(0.2886), Float16(0.3887))":11,"(Float16(0.4216), Float16(0.5215))":26,"(Float16(0.664), Float16(0.764))":19,"(Float16(0.1127), Float16(0.2126))":26,"(Float16(0.882), Float16(0.982))":18},"67":{"(Float16(0.1006), Float16(0.2006))":22,"(Float16(0.871), Float16(0.971))":21,"(Float16(0.6143), Float16(0.7144))":20,"(Float16(0.3335), Float16(0.4336))":37},"45":{"(Float16(0.5596), Float16(0.6597))":32,"(Float16(0.8706), Float16(0.9707))":24,"(Float16(0.2695), Float16(0.3696))":28,"(Float16(0.08344), Float16(0.1835))":16},"73":{"(Float16(0.4585), Float16(0.5586))":27,"(Float16(0.06213), Float16(0.1621))":19,"(Float16(0.2332), Float16(0.3333))":20,"(Float16(0.9004), Float16(1.0))":7,"(Float16(0.669), Float16(0.769))":27},"64":{"(Float16(0.7373), Float16(0.8374))":16,"(Float16(0.3252), Float16(0.4253))":23,"(Float16(0.909), Float16(1.009))":13,"(Float16(0.5684), Float16(0.6685))":28,"(Float16(0.1456), Float16(0.2456))":20},"90":{"(Float16(0.3604), Float16(0.4604))":16,"(Float16(0.1136), Float16(0.2136))":30,"(Float16(0.911), Float16(1.011))":15,"(Float16(0.7305), Float16(0.8306))":14,"(Float16(0.5625), Float16(0.6626))":25},"4":{"(Float16(0.233), Float16(0.333))":24,"(Float16(0.4648), Float16(0.565))":25,"(Float16(0.6313), Float16(0.7314))":22,"(Float16(0.05695), Float16(0.157))":5,"(Float16(0.8564), Float16(0.9565))":24},"13":{"(Float16(0.11975), Float16(0.2197))":22,"(Float16(0.3638), Float16(0.4639))":20,"(Float16(0.648), Float16(0.748))":35,"(Float16(0.881), Float16(0.981))":23},"54":{"(Float16(0.2573), Float16(0.3574))":23,"(Float16(0.07465), Float16(0.1747))":20,"(Float16(0.5615), Float16(0.6616))":27,"(Float16(0.4004), Float16(0.5005))":3,"(Float16(0.866), Float16(0.9663))":27},"63":{"(Float16(0.089), Float16(0.189))":15,"(Float16(0.2522), Float16(0.3523))":17,"(Float16(0.758), Float16(0.858))":19,"(Float16(0.907), Float16(1.007))":11,"(Float16(0.5005), Float16(0.6006))":38},"86":{"(Float16(0.581), Float16(0.681))":26,"(Float16(0.3628), Float16(0.463))":16,"(Float16(0.854), Float16(0.954))":38,"(Float16(0.09265), Float16(0.1926))":20},"91":{"(Float16(0.6504), Float16(0.7505))":20,"(Float16(0.4775), Float16(0.5776))":17,"(Float16(0.8438), Float16(0.944))":27,"(Float16(0.1964), Float16(0.2964))":36},"62":{"(Float16(0.8613), Float16(0.9614))":21,"(Float16(0.418), Float16(0.518))":31,"(Float16(0.6963), Float16(0.7964))":22,"(Float16(0.1359), Float16(0.2358))":26},"58":{"(Float16(0.8506), Float16(0.9507))":28,"(Float16(0.4114), Float16(0.511))":25,"(Float16(0.66), Float16(0.7603))":20,"(Float16(0.2214), Float16(0.3215))":12,"(Float16(0.06885), Float16(0.1688))":15},"52":{"(Float16(0.4304), Float16(0.5303))":27,"(Float16(0.07477), Float16(0.1748))":12,"(Float16(0.676), Float16(0.776))":18,"(Float16(0.864), Float16(0.964))":26,"(Float16(0.2249), Float16(0.325))":17},"12":{"(Float16(0.8096), Float16(0.9097))":33,"(Float16(0.1167), Float16(0.2167))":38,"(Float16(0.4185), Float16(0.5186))":29},"28":{"(Float16(0.5205), Float16(0.6206))":20,"(Float16(0.315), Float16(0.415))":23,"(Float16(0.756), Float16(0.856))":19,"(Float16(0.9224), Float16(1.022))":15,"(Float16(0.1079), Float16(0.2079))":23},"75":{"(Float16(0.4746), Float16(0.5747))":17,"(Float16(0.12384), Float16(0.2239))":17,"(Float16(0.712), Float16(0.812))":28,"(Float16(0.2798), Float16(0.38))":22,"(Float16(0.9463), Float16(1.046))":16},"23":{"(Float16(0.714), Float16(0.814))":24,"(Float16(0.10406), Float16(0.2041))":24,"(Float16(0.915), Float16(1.015))":25,"(Float16(0.3896), Float16(0.4897))":27},"92":{"(Float16(0.755), Float16(0.855))":19,"(Float16(0.0991), Float16(0.1991))":22,"(Float16(0.575), Float16(0.6753))":14,"(Float16(0.2439), Float16(0.344))":14,"(Float16(0.9355), Float16(1.035))":15,"(Float16(0.4414), Float16(0.5415))":16},"41":{"(Float16(0.669), Float16(0.769))":32,"(Float16(0.8496), Float16(0.9497))":19,"(Float16(0.0854), Float16(0.1854))":18,"(Float16(0.4941), Float16(0.594))":16,"(Float16(0.2847), Float16(0.3848))":15},"43":{"(Float16(0.0893), Float16(0.1893))":18,"(Float16(0.4722), Float16(0.5723))":24,"(Float16(0.6787), Float16(0.779))":17,"(Float16(0.8975), Float16(0.9976))":26,"(Float16(0.2695), Float16(0.3696))":15},"11":{"(Float16(0.696), Float16(0.796))":22,"(Float16(0.3647), Float16(0.4648))":23,"(Float16(0.1606), Float16(0.2607))":35,"(Float16(0.8545), Float16(0.9546))":20},"36":{"(Float16(0.0769), Float16(0.1769))":18,"(Float16(0.9033), Float16(1.003))":18,"(Float16(0.431), Float16(0.531))":23,"(Float16(0.2253), Float16(0.3254))":10,"(Float16(0.7056), Float16(0.8057))":31},"68":{"(Float16(0.883), Float16(0.983))":21,"(Float16(0.4434), Float16(0.5435))":13,"(Float16(0.251), Float16(0.351))":19,"(Float16(0.666), Float16(0.766))":31,"(Float16(0.0786), Float16(0.1786))":16},"69":{"(Float16(0.747), Float16(0.847))":10,"(Float16(0.482), Float16(0.582))":29,"(Float16(0.1499), Float16(0.2499))":34,"(Float16(0.916), Float16(1.016))":27},"98":{"(Float16(0.4746), Float16(0.5747))":10,"(Float16(0.3167), Float16(0.4167))":29,"(Float16(0.6807), Float16(0.781))":22,"(Float16(0.09424), Float16(0.1942))":21,"(Float16(0.87), Float16(0.97))":18},"82":{"(Float16(0.839), Float16(0.939))":24,"(Float16(0.05615), Float16(0.1561))":13,"(Float16(0.5845), Float16(0.6846))":26,"(Float16(0.2346), Float16(0.3347))":25,"(Float16(0.3916), Float16(0.4917))":12},"85":{"(Float16(0.267), Float16(0.3672))":9,"(Float16(0.1324), Float16(0.2324))":29,"(Float16(0.728), Float16(0.828))":33,"(Float16(0.9443), Float16(1.044))":13,"(Float16(0.4373), Float16(0.537))":16},"39":{"(Float16(0.6943), Float16(0.7944))":19,"(Float16(0.359), Float16(0.459))":24,"(Float16(0.5195), Float16(0.6196))":17,"(Float16(0.877), Float16(0.977))":24,"(Float16(0.1388), Float16(0.2388))":16},"84":{"(Float16(0.504), Float16(0.604))":21,"(Float16(0.909), Float16(1.009))":16,"(Float16(0.189), Float16(0.289))":40,"(Float16(0.698), Float16(0.7983))":23},"77":{"(Float16(0.2925), Float16(0.3926))":14,"(Float16(0.6367), Float16(0.737))":25,"(Float16(0.456), Float16(0.556))":9,"(Float16(0.8115), Float16(0.9116))":14,"(Float16(0.1066), Float16(0.2067))":19,"(Float16(0.9443), Float16(1.044))":19},"7":{"(Float16(0.6055), Float16(0.7056))":23,"(Float16(0.7754), Float16(0.8755))":20,"(Float16(0.05545), Float16(0.1554))":6,"(Float16(0.3691), Float16(0.4692))":20,"(Float16(0.915), Float16(1.015))":15,"(Float16(0.2296), Float16(0.3296))":16},"25":{"(Float16(0.968), Float16(1.067))":13,"(Float16(0.1514), Float16(0.2515))":23,"(Float16(0.6113), Float16(0.7114))":21,"(Float16(0.4124), Float16(0.512))":24,"(Float16(0.798), Float16(0.898))":19},"95":{"(Float16(0.10364), Float16(0.2036))":17,"(Float16(0.2812), Float16(0.3813))":13,