{"5":{"(Float16(0.0003033), Float16(0.01031))":100},"56":{"(Float16(0.0003605), Float16(0.01036))":100},"35":{"(Float16(0.0003757), Float16(0.010376))":100},"55":{"(Float16(0.0003915), Float16(0.01039))":100},"60":{"(Float16(0.0002532), Float16(0.010254))":100},"30":{"(Float16(0.0004272), Float16(0.01043))":100},"32":{"(Float16(0.0003223), Float16(0.01032))":100},"6":{"(Float16(0.0002959), Float16(0.0103))":100},"67":{"(Float16(0.00042), Float16(0.01042))":100},"45":{"(Float16(0.0004091), Float16(0.010414))":100},"73":{"(Float16(0.0004165), Float16(0.01042))":100},"64":{"(Float16(0.0003424), Float16(0.010345))":100},"90":{"(Float16(0.0003078), Float16(0.01031))":100},"4":{"(Float16(0.0004277), Float16(0.01043))":100},"13":{"(Float16(0.0004573), Float16(0.01046))":100},"54":{"(Float16(0.000397), Float16(0.0104))":100},"63":{"(Float16(0.0004401), Float16(0.010445))":100},"86":{"(Float16(0.0003572), Float16(0.01036))":100},"91":{"(Float16(0.0003796), Float16(0.01038))":100},"62":{"(Float16(0.0003052), Float16(0.01031))":100},"58":{"(Float16(0.0002632), Float16(0.01027))":100},"52":{"(Float16(0.0003476), Float16(0.01035))":100},"12":{"(Float16(0.00023), Float16(0.01023))":99,"(Float16(0.897), Float16(0.9067))":1},"28":{"(Float16(0.000429), Float16(0.01043))":100},"75":{"(Float16(0.0003555), Float16(0.01036))":100},"23":{"(Float16(0.0004764), Float16(0.010475))":100},"92":{"(Float16(0.0003574), Float16(0.01036))":100},"41":{"(Float16(0.0003), Float16(0.0103))":100},"43":{"(Float16(0.000301), Float16(0.0103))":100},"11":{"(Float16(0.0004265), Float16(0.01043))":100},"36":{"(Float16(0.0003119), Float16(0.010315))":100},"68":{"(Float16(0.0003304), Float16(0.01033))":100},"69":{"(Float16(0.0004177), Float16(0.01042))":100},"98":{"(Float16(0.0002828), Float16(0.010284))":99,"(Float16(0.8877), Float16(0.8975))":1},"82":{"(Float16(0.0003767), Float16(0.010376))":98,"(Float16(0.8955), Float16(0.9053))":2},"85":{"(Float16(0.0003042), Float16(0.01031))":100},"39":{"(Float16(0.0003114), Float16(0.010315))":100},"84":{"(Float16(0.000445), Float16(0.010445))":100},"77":{"(Float16(0.000326), Float16(0.01033))":100},"7":{"(Float16(0.000381), Float16(0.01038))":100},"25":{"(Float16(0.0003862), Float16(0.01039))":99,"(Float16(0.965), Float16(0.9746))":1},"95":{"(Float16(0.825), Float16(0.835))":3,"(Float16(0.0), Float16(0.01))":97},"71":{"(Float16(0.0004034), Float16(0.01041))":100},"66":{"(Float16(0.0003362), Float16(0.01034))":100},"76":{"(Float16(0.0004184), Float16(0.01042))":100},"34":{"(Float16(0.0003078), Float16(0.01031))":100},"50":{"(Float16(0.0003004), Float16(0.0103))":100},"59":{"(Float16(0.0003428), Float16(0.010345))":100},"93":{"(Float16(0.000346), Float16(0.010345))":100},"2":{"(Float16(0.9985), Float16(1.009))":1,"(Float16(0.0003343), Float16(0.01034))":99},"10":{"(Float16(0.000277), Float16(0.01028))":100},"18":{"(Float16(0.0003939), Float16(0.0104))":100},"26":{"(Float16(0.956), Float16(0.966))":2,"(Float16(0.0003982), Float16(0.0104))":98},"27":{"(Float16(0.000286), Float16(0.010284))":100},"42":{"(Float16(0.0004435), Float16(0.010445))":100},"87":{"(Float16(0.000289), Float16(0.01029))":100},"100":{"(Float16(0.0002933), Float16(0.01029))":100},"79":{"(Float16(0.000354), Float16(0.01035))":100},"16":{"(Float16(0.907), Float16(0.917))":1,"(Float16(0.0003572), Float16(0.01036))":99},"20":{"(Float16(0.0002627), Float16(0.01026))":99,"(Float16(0.989), Float16(0.9985))":1},"81":{"(Float16(0.0002378), Float16(0.01024))":100},"19":{"(Float16(0.0003507), Float16(0.01035))":100},"49":{"(Float16(0.000373), Float16(0.010376))":100},"44":{"(Float16(0.0002823), Float16(0.010284))":100},"9":{"(Float16(0.0003614), Float16(0.01036))":100},"31":{"(Float16(0.000331), Float16(0.01033))":100},"74":{"(Float16(0.0003252), Float16(0.01033))":100},"61":{"(Float16(0.0002828), Float16(0.010284))":100},"29":{"(Float16(0.968), Float16(0.9775))":2,"(Float16(0.0003839), Float16(0.01038))":98},"94":{"(Float16(6.6e-7), Float16(0.01))":97,"(Float16(0.914), Float16(0.924))":3},"46":{"(Float16(0.9507), Float16(0.9604))":1,"(Float16(0.0003967), Float16(0.0104))":99},"57":{"(Float16(0.000422), Float16(0.01042))":100},"70":{"(Float16(0.797), Float16(0.8066))":3,"(Float16(1.0e-7), Float16(0.01))":97},"21":{"(Float16(0.0003395), Float16(0.010345))":100},"38":{"(Float16(0.695), Float16(0.7046))":1,"(Float16(0.00036), Float16(0.01036))":99},"88":{"(Float16(0.000349), Float16(0.01035))":100},"78":{"(Float16(0.000327), Float16(0.01033))":100},"72":{"(Float16(0.9897), Float16(0.9995))":1,"(Float16(0.000345), Float16(0.010345))":99},"24":{"(Float16(0.0003777), Float16(0.010376))":100},"8":{"(Float16(0.0003586), Float16(0.01036))":100},"17":{"(Float16(0.000192), Float16(0.01019))":100},"37":{"(Float16(0.0004282), Float16(0.01043))":100},"1":{"(Float16(0.0002954), Float16(0.0103))":100},"53":{"(Float16(0.0003722), Float16(0.010376))":100},"22":{"(Float16(0.0), Float16(0.01))":97,"(Float16(0.828), Float16(0.838))":3},"47":{"(Float16(0.0004735), Float16(0.010475))":100},"83":{"(Float16(0.000307), Float16(0.01031))":100},"99":{"(Float16(0.0004587), Float16(0.01046))":100},"89":{"(Float16(0.000293), Float16(0.01029))":99,"(Float16(0.963), Float16(0.9727))":1},"14":{"(Float16(0.0003433), Float16(0.010345))":99,"(Float16(0.9224), Float16(0.932))":1},"3":{"(Float16(0.0002251), Float16(0.01022))":98,"(Float16(0.8877), Float16(0.8975))":2},"80":{"(Float16(0.0004153), Float16(0.010414))":100},"96":{"(Float16(0.000453), Float16(0.01045))":100},"51":{"(Float16(0.0003037), Float16(0.01031))":100},"33":{"(Float16(0.0002261), Float16(0.01023))":100},"40":{"(Float16(0.000349), Float16(0.01035))":99,"(Float16(0.9116), Float16(0.9214))":1},"48":{"(Float16(0.00037), Float16(0.010376))":100},"15":{"(Float16(0.9883), Float16(0.998))":1,"(Float16(0.0004365), Float16(0.01044))":99},"65":{"(Float16(0.0004213), Float16(0.01042))":100},"97":{"(Float16(0.0003572), Float16(0.01036))":100}}