{"5":{"(Float16(0.948), Float16(0.958))":96,"(Float16(0.05002), Float16(0.06003))":4},"56":{"(Float16(0.9478), Float16(0.9575))":100},"35":{"(Float16(0.05066), Float16(0.06067))":100},"55":{"(Float16(0.0504), Float16(0.06042))":100},"60":{"(Float16(0.05054), Float16(0.06055))":100},"30":{"(Float16(0.948), Float16(0.958))":100},"32":{"(Float16(0.9473), Float16(0.957))":100},"6":{"(Float16(0.9478), Float16(0.9575))":100},"67":{"(Float16(0.05038), Float16(0.0604))":100},"45":{"(Float16(0.948), Float16(0.958))":100},"73":{"(Float16(0.9473), Float16(0.957))":100},"64":{"(Float16(0.9473), Float16(0.957))":100},"90":{"(Float16(0.05057), Float16(0.06058))":99,"(Float16(0.95), Float16(0.96))":1},"4":{"(Float16(0.9478), Float16(0.9575))":100},"13":{"(Float16(0.9478), Float16(0.9575))":100},"54":{"(Float16(0.04993), Float16(0.05994))":2,"(Float16(0.9473), Float16(0.957))":98},"63":{"(Float16(0.05054), Float16(0.06055))":100},"86":{"(Float16(0.05054), Float16(0.06055))":100},"91":{"(Float16(0.0506), Float16(0.0606))":100},"62":{"(Float16(0.9473), Float16(0.957))":100},"58":{"(Float16(0.9473), Float16(0.957))":100},"52":{"(Float16(0.9473), Float16(0.957))":100},"12":{"(Float16(0.9473), Float16(0.957))":100},"28":{"(Float16(0.9478), Float16(0.9575))":100},"75":{"(Float16(0.05048), Float16(0.0605))":100},"23":{"(Float16(0.05038), Float16(0.0604))":100},"92":{"(Float16(0.9473), Float16(0.957))":100},"41":{"(Float16(0.05057), Float16(0.06058))":100},"43":{"(Float16(0.9473), Float16(0.957))":100},"11":{"(Float16(0.05072), Float16(0.06073))":100},"36":{"(Float16(0.0506), Float16(0.0606))":100},"68":{"(Float16(0.948), Float16(0.958))":100},"69":{"(Float16(0.05045), Float16(0.06046))":100},"98":{"(Float16(0.05054), Float16(0.06055))":100},"82":{"(Float16(0.04993), Float16(0.05994))":2,"(Float16(0.9473), Float16(0.957))":98},"85":{"(Float16(0.05045), Float16(0.06046))":100},"39":{"(Float16(0.948), Float16(0.958))":100},"84":{"(Float16(0.0505), Float16(0.06052))":100},"77":{"(Float16(0.9473), Float16(0.957))":100},"7":{"(Float16(0.0506), Float16(0.0606))":100},"25":{"(Float16(0.05054), Float16(0.06055))":100},"95":{"(Float16(0.05057), Float16(0.06058))":100},"71":{"(Float16(0.9473), Float16(0.957))":100},"66":{"(Float16(0.9473), Float16(0.957))":100},"76":{"(Float16(0.9473), Float16(0.957))":100},"34":{"(Float16(0.948), Float16(0.958))":100},"50":{"(Float16(0.9478), Float16(0.9575))":100},"59":{"(Float16(0.9473), Float16(0.957))":100},"93":{"(Float16(0.9473), Float16(0.957))":100},"2":{"(Float16(0.948), Float16(0.958))":100},"10":{"(Float16(0.0506), Float16(0.0606))":100},"18":{"(Float16(0.948), Float16(0.958))":100},"26":{"(Float16(0.05054), Float16(0.06055))":100},"27":{"(Float16(0.05063), Float16(0.06064))":100},"42":{"(Float16(0.0506), Float16(0.0606))":100},"87":{"(Float16(0.05038), Float16(0.0604))":100},"100":{"(Float16(0.0504), Float16(0.06042))":100},"79":{"(Float16(0.9473), Float16(0.957))":100},"16":{"(Float16(0.05057), Float16(0.06058))":100},"20":{"(Float16(0.05048), Float16(0.0605))":100},"81":{"(Float16(0.0506), Float16(0.0606))":100},"19":{"(Float16(0.948), Float16(0.958))":100},"49":{"(Float16(0.05054), Float16(0.06055))":100},"44":{"(Float16(0.9473), Float16(0.957))":100},"9":{"(Float16(0.9473), Float16(0.957))":100},"31":{"(Float16(0.0504), Float16(0.06042))":100},"74":{"(Float16(0.9473), Float16(0.957))":100},"61":{"(Float16(0.9473), Float16(0.957))":100},"29":{"(Float16(0.0506), Float16(0.0606))":100},"94":{"(Float16(0.9473), Float16(0.957))":100},"46":{"(Float16(0.05048), Float16(0.0605))":100},"57":{"(Float16(0.0505), Float16(0.06052))":100},"70":{"(Float16(0.9473), Float16(0.957))":100},"21":{"(Float16(0.9473), Float16(0.957))":100},"38":{"(Float16(0.05045), Float16(0.06046))":100},"88":{"(Float16(0.05023), Float16(0.06024))":100},"78":{"(Float16(0.0503), Float16(0.0603))":100},"72":{"(Float16(0.05054), Float16(0.06055))":100},"24":{"(Float16(0.05048), Float16(0.0605))":100},"8":{"(Float16(0.9478), Float16(0.9575))":100},"17":{"(Float16(0.0503), Float16(0.0603))":100},"37":{"(Float16(0.9473), Float16(0.957))":100},"1":{"(Float16(0.05032), Float16(0.06033))":100},"53":{"(Float16(0.05038), Float16(0.0604))":100},"22":{"(Float16(0.05066), Float16(0.06067))":100},"47":{"(Float16(0.05054), Float16(0.06055))":100},"83":{"(Float16(0.0504), Float16(0.06042))":100},"99":{"(Float16(0.9478), Float16(0.9575))":100},"89":{"(Float16(0.0504), Float16(0.06042))":100},"14":{"(Float16(0.05054), Float16(0.06055))":100},"3":{"(Float16(0.05054), Float16(0.06055))":100},"80":{"(Float16(0.948), Float16(0.958))":100},"96":{"(Float16(0.9473), Float16(0.957))":100},"51":{"(Float16(0.05038), Float16(0.0604))":100},"33":{"(Float16(0.9478), Float16(0.9575))":100},"40":{"(Float16(0.9473), Float16(0.957))":100},"48":{"(Float16(0.05023), Float16(0.06024))":100},"15":{"(Float16(0.9478), Float16(0.9575))":100},"65":{"(Float16(0.05057), Float16(0.06058))":100},"97":{"(Float16(0.0504), Float16(0.06042))":100}}