{"5":{"(Float16(0.0003014), Float16(1.0))":100},"56":{"(Float16(0.00032), Float16(1.0))":100},"35":{"(Float16(0.0004115), Float16(1.0))":100},"55":{"(Float16(0.0002174), Float16(1.0))":100},"60":{"(Float16(0.0002047), Float16(1.0))":100},"30":{"(Float16(0.0003445), Float16(1.0))":100},"32":{"(Float16(0.0003536), Float16(1.0))":100},"6":{"(Float16(0.0002964), Float16(1.0))":100},"67":{"(Float16(0.0003319), Float16(1.0))":100},"45":{"(Float16(0.0003672), Float16(1.0))":100},"73":{"(Float16(0.0002897), Float16(1.0))":100},"64":{"(Float16(0.0003085), Float16(1.0))":100},"90":{"(Float16(0.0002623), Float16(1.0))":100},"4":{"(Float16(0.0002556), Float16(1.0))":100},"13":{"(Float16(0.0003827), Float16(1.0))":100},"54":{"(Float16(0.0003219), Float16(1.0))":100},"63":{"(Float16(0.0001435), Float16(1.0))":100},"86":{"(Float16(0.0003138), Float16(1.0))":100},"91":{"(Float16(0.0004168), Float16(1.0))":100},"62":{"(Float16(0.000319), Float16(1.0))":100},"58":{"(Float16(0.000288), Float16(1.0))":100},"52":{"(Float16(0.000303), Float16(1.0))":100},"12":{"(Float16(0.0003026), Float16(1.0))":100},"28":{"(Float16(0.0002713), Float16(1.0))":100},"75":{"(Float16(0.0003068), Float16(1.0))":100},"23":{"(Float16(0.0003479), Float16(1.0))":100},"92":{"(Float16(0.000257), Float16(1.0))":100},"41":{"(Float16(0.0003228), Float16(1.0))":100},"43":{"(Float16(0.0002389), Float16(1.0))":100},"11":{"(Float16(0.0003495), Float16(1.0))":100},"36":{"(Float16(0.0002484), Float16(1.0))":100},"68":{"(Float16(0.0003114), Float16(1.0))":100},"69":{"(Float16(0.0003612), Float16(1.0))":100},"98":{"(Float16(0.0002995), Float16(1.0))":100},"82":{"(Float16(0.0003386), Float16(1.0))":100},"85":{"(Float16(0.0002635), Float16(1.0))":100},"39":{"(Float16(0.0003006), Float16(1.0))":100},"84":{"(Float16(0.0003002), Float16(1.0))":100},"77":{"(Float16(0.0002775), Float16(1.0))":100},"7":{"(Float16(0.0002832), Float16(1.0))":100},"25":{"(Float16(0.000247), Float16(1.0))":100},"95":{"(Float16(0.0002582), Float16(1.0))":100},"71":{"(Float16(0.0002599), Float16(1.0))":100},"66":{"(Float16(0.0003724), Float16(1.0))":100},"76":{"(Float16(0.0003219), Float16(1.0))":100},"34":{"(Float16(0.00063), Float16(1.001))":100},"50":{"(Float16(0.0003266), Float16(1.0))":100},"59":{"(Float16(0.000297), Float16(1.0))":100},"93":{"(Float16(0.0003176), Float16(1.0))":100},"2":{"(Float16(0.000321), Float16(1.0))":100},"10":{"(Float16(0.0003712), Float16(1.0))":100},"18":{"(Float16(0.0003757), Float16(1.0))":100},"26":{"(Float16(0.00063), Float16(1.001))":100},"27":{"(Float16(0.0003338), Float16(1.0))":100},"42":{"(Float16(0.0002787), Float16(1.0))":100},"87":{"(Float16(0.0003304), Float16(1.0))":100},"100":{"(Float16(0.0003147), Float16(1.0))":100},"79":{"(Float16(0.0003104), Float16(1.0))":100},"16":{"(Float16(0.0003262), Float16(1.0))":100},"20":{"(Float16(0.0003216), Float16(1.0))":100},"81":{"(Float16(0.0002582), Float16(1.0))":100},"19":{"(Float16(0.000359), Float16(1.0))":100},"49":{"(Float16(0.000358), Float16(1.0))":100},"44":{"(Float16(0.0003119), Float16(1.0))":100},"9":{"(Float16(0.0003934), Float16(1.0))":100},"31":{"(Float16(0.000358), Float16(1.0))":100},"74":{"(Float16(0.000258), Float16(1.0))":100},"61":{"(Float16(0.000266), Float16(1.0))":100},"29":{"(Float16(0.0002209), Float16(1.0))":100},"94":{"(Float16(0.0001717), Float16(1.0))":100},"46":{"(Float16(0.0002067), Float16(1.0))":100},"57":{"(Float16(0.0002742), Float16(1.0))":100},"70":{"(Float16(0.000253), Float16(1.0))":100},"21":{"(Float16(0.0002623), Float16(1.0))":100},"38":{"(Float16(0.0001934), Float16(1.0))":100},"88":{"(Float16(0.0003018), Float16(1.0))":100},"78":{"(Float16(0.0003028), Float16(1.0))":100},"72":{"(Float16(0.000184), Float16(1.0))":100},"24":{"(Float16(0.0003128), Float16(1.0))":100},"8":{"(Float16(0.0003133), Float16(1.0))":100},"17":{"(Float16(0.0003514), Float16(1.0))":100},"37":{"(Float16(0.000289), Float16(1.0))":100},"1":{"(Float16(0.000321), Float16(1.0))":100},"53":{"(Float16(0.0002942), Float16(1.0))":100},"22":{"(Float16(0.0003057), Float16(1.0))":100},"47":{"(Float16(0.000238), Float16(1.0))":100},"83":{"(Float16(0.0003188), Float16(1.0))":100},"99":{"(Float16(0.0002694), Float16(1.0))":100},"89":{"(Float16(0.0003548), Float16(1.0))":100},"14":{"(Float16(0.0002618), Float16(1.0))":100},"3":{"(Float16(0.000396), Float16(1.0))":100},"80":{"(Float16(0.0003047), Float16(1.0))":100},"96":{"(Float16(0.0002565), Float16(1.0))":100},"51":{"(Float16(0.0003262), Float16(1.0))":100},"33":{"(Float16(0.0002428), Float16(1.0))":100},"40":{"(Float16(0.00033), Float16(1.0))":100},"48":{"(Float16(0.0002594), Float16(1.0))":100},"15":{"(Float16(0.0003333), Float16(1.0))":100},"65":{"(Float16(0.0003436), Float16(1.0))":100},"97":{"(Float16(0.000328), Float16(1.0))":100}}