{"5":{"(Float16(0.5146), Float16(0.8145))":100},"56":{"(Float16(0.1167), Float16(0.4167))":31,"(Float16(0.677), Float16(0.9766))":69},"35":{"(Float16(0.5186), Float16(0.8184))":100},"55":{"(Float16(0.4229), Float16(0.7227))":87,"(Float16(0.7656), Float16(1.065))":13},"60":{"(Float16(0.664), Float16(0.964))":76,"(Float16(0.1506), Float16(0.4507))":24},"30":{"(Float16(0.7275), Float16(1.027))":64,"(Float16(0.07745), Float16(0.3774))":36},"32":{"(Float16(0.4912), Float16(0.791))":100},"6":{"(Float16(0.6445), Float16(0.9443))":64,"(Float16(0.1797), Float16(0.4797))":36},"67":{"(Float16(0.5195), Float16(0.8193))":100},"45":{"(Float16(0.4697), Float16(0.7695))":100},"73":{"(Float16(0.532), Float16(0.832))":96,"(Float16(0.0717), Float16(0.3718))":4},"64":{"(Float16(0.4922), Float16(0.792))":100},"90":{"(Float16(0.8765), Float16(1.177))":2,"(Float16(0.4595), Float16(0.7593))":98},"4":{"(Float16(0.2468), Float16(0.547))":47,"(Float16(0.698), Float16(0.998))":53},"13":{"(Float16(0.813), Float16(1.113))":21,"(Float16(0.01356), Float16(0.3135))":1,"(Float16(0.3462), Float16(0.646))":78},"54":{"(Float16(0.2283), Float16(0.5283))":40,"(Float16(0.6426), Float16(0.9424))":60},"63":{"(Float16(0.4956), Float16(0.7954))":97,"(Float16(0.9097), Float16(1.21))":2,"(Float16(0.1543), Float16(0.4543))":1},"86":{"(Float16(0.7944), Float16(1.095))":11,"(Float16(0.4478), Float16(0.7476))":89},"91":{"(Float16(0.7046), Float16(1.005))":26,"(Float16(0.3335), Float16(0.6333))":74},"62":{"(Float16(0.010605), Float16(0.3105))":1,"(Float16(0.5176), Float16(0.8174))":99},"58":{"(Float16(0.10596), Float16(0.406))":13,"(Float16(0.9556), Float16(1.256))":1,"(Float16(0.573), Float16(0.873))":86},"52":{"(Float16(0.5957), Float16(0.8955))":88,"(Float16(0.0996), Float16(0.3997))":12},"12":{"(Float16(0.4067), Float16(0.7065))":89,"(Float16(0.877), Float16(1.177))":11},"28":{"(Float16(0.545), Float16(0.8447))":100},"75":{"(Float16(0.5034), Float16(0.803))":100},"23":{"(Float16(0.1572), Float16(0.4573))":6,"(Float16(0.547), Float16(0.8467))":94},"92":{"(Float16(0.1351), Float16(0.435))":12,"(Float16(0.5557), Float16(0.8555))":88},"41":{"(Float16(0.665), Float16(0.965))":65,"(Float16(0.1432), Float16(0.443))":35},"43":{"(Float16(0.4985), Float16(0.7983))":100},"11":{"(Float16(0.2617), Float16(0.5615))":57,"(Float16(0.741), Float16(1.041))":43},"36":{"(Float16(0.5186), Float16(0.8184))":100},"68":{"(Float16(0.4834), Float16(0.783))":100},"69":{"(Float16(0.618), Float16(0.918))":89,"(Float16(0.1296), Float16(0.4297))":11},"98":{"(Float16(0.9707), Float16(1.2705))":1,"(Float16(0.495), Float16(0.795))":95,"(Float16(0.10486), Float16(0.4048))":4},"82":{"(Float16(0.2205), Float16(0.5205))":57,"(Float16(0.6953), Float16(0.995))":43},"85":{"(Float16(0.1934), Float16(0.4934))":34,"(Float16(0.757), Float16(1.057))":66},"39":{"(Float16(0.9937), Float16(1.294))":1,"(Float16(0.5674), Float16(0.867))":78,"(Float16(0.1614), Float16(0.4614))":21},"84":{"(Float16(0.4907), Float16(0.7905))":100},"77":{"(Float16(0.753), Float16(1.053))":56,"(Float16(0.097), Float16(0.397))":42,"(Float16(0.4106), Float16(0.7104))":2},"7":{"(Float16(0.1454), Float16(0.4453))":15,"(Float16(0.585), Float16(0.885))":85},"25":{"(Float16(0.4985), Float16(0.7983))":100},"95":{"(Float16(0.506), Float16(0.8057))":100},"71":{"(Float16(0.663), Float16(0.963))":70,"(Float16(0.02028), Float16(0.3203))":30},"66":{"(Float16(0.7617), Float16(1.062))":42,"(Float16(0.1594), Float16(0.4595))":58},"76":{"(Float16(0.1519), Float16(0.452))":2,"(Float16(0.4941), Float16(0.794))":98},"34":{"(Float16(0.51), Float16(0.8096))":100},"50":{"(Float16(0.11365), Float16(0.4136))":52,"(Float16(0.7656), Float16(1.065))":48},"59":{"(Float16(0.5625), Float16(0.8623))":97,"(Float16(0.2086), Float16(0.509))":3},"93":{"(Float16(0.968), Float16(1.268))":1,"(Float16(0.575), Float16(0.875))":81,"(Float16(0.09247), Float16(0.3926))":18},"2":{"(Float16(0.7856), Float16(1.086))":30,"(Float16(0.4053), Float16(0.705))":70},"10":{"(Float16(0.2296), Float16(0.53))":58,"(Float16(0.7637), Float16(1.063))":42},"18":{"(Float16(0.1299), Float16(0.43))":5,"(Float16(0.9307), Float16(1.23))":4,"(Float16(0.4702), Float16(0.77))":91},"26":{"(Float16(0.5156), Float16(0.8154))":100},"27":{"(Float16(0.2769), Float16(0.5767))":74,"(Float16(0.706), Float16(1.006))":26},"42":{"(Float16(0.498), Float16(0.798))":96,"(Float16(0.9453), Float16(1.245))":1,"(Float16(0.1482), Float16(0.4482))":3},"87":{"(Float16(0.276), Float16(0.5757))":44,"(Float16(0.6567), Float16(0.9565))":56},"100":{"(Float16(0.8535), Float16(1.153))":4,"(Float16(0.4722), Float16(0.772))":96},"79":{"(Float16(0.02045), Float16(0.3206))":26,"(Float16(0.6934), Float16(0.993))":74},"16":{"(Float16(0.692), Float16(0.9917))":39,"(Float16(0.287), Float16(0.587))":61},"20":{"(Float16(0.495), Float16(0.795))":100},"81":{"(Float16(0.911), Float16(1.211))":4,"(Float16(0.507), Float16(0.8066))":95,"(Float16(0.169), Float16(0.469))":1},"19":{"(Float16(0.483), Float16(0.7827))":100},"49":{"(Float16(0.592), Float16(0.8916))":82,"(Float16(0.1038), Float16(0.4038))":18},"44":{"(Float16(0.9814), Float16(1.281))":1,"(Float16(0.1511), Float16(0.4512))":2,"(Float16(0.501), Float16(0.801))":97},"9":{"(Float16(0.02466), Float16(0.3247))":30,"(Float16(0.676), Float16(0.9756))":70},"31":{"(Float16(0.715), Float16(1.015))":60,"(Float16(0.1337), Float16(0.4336))":40},"74":{"(Float16(0.8193), Float16(1.119))":11,"(Float16(0.3975), Float16(0.6973))":88,"(Float16(0.0616), Float16(0.3616))":1},"61":{"(Float16(0.103), Float16(0.403))":51,"(Float16(0.758), Float16(1.058))":49},"29":{"(Float16(0.631), Float16(0.9307))":77,"(Float16(0.0598), Float16(0.3599))":23},"94":{"(Float16(0.1548), Float16(0.4548))":4,"(Float16(0.509), Float16(0.8086))":91,"(Float16(0.952), Float16(1.252))":5},"46":{"(Float16(0.508), Float16(0.8076))":100},"57":{"(Float16(0.642), Float16(0.942))":54,"(Float16(0.266), Float16(0.566))":46},"70":{"(Float16(0.09564), Float16(0.3958))":3,"(Float16(0.4927), Float16(0.7925))":97},"21":{"(Float16(0.4556), Float16(0.7554))":100},"38":{"(Float16(0.5234), Float16(0.823))":98,"(Float16(0.905), Float16(1.205))":1,"(Float16(0.1748), Float16(0.4749))":1},"88":{"(Float16(0.4385), Float16(0.7383))":81,"(Float16(0.02625), Float16(0.3262))":4,"(Float16(0.8647), Float16(1.165))":15},"78":{"(Float16(0.2241), Float16(0.524))":49,"(Float16(0.667), Float16(0.967))":51},"72":{"(Float16(0.05927), Float16(0.3594))":1,"(Float16(0.534), Float16(0.834))":99},"24":{"(Float16(0.3357), Float16(0.6357))":70,"(Float16(0.7124), Float16(1.013))":30},"8":{"(Float16(0.3584), Float16(0.658))":65,"(Float16(0.738), Float16(1.038))":35},"17":{"(Float16(0.4688), Float16(0.7686))":94,"(Float16(0.842), Float16(1.142))":6},"37":{"(Float16(0.48), Float16(0.78))":99,"(Float16(0.02374), Float16(0.3237))":1},"1":{"(Float16(0.8604), Float16(1.16))":3,"(Float16(0.034), Float16(0.334))":1,"(Float16(0.501), Float16(0.801))":96},"53":{"(Float16(0.8228), Float16(1.123))":11,"(Float16(0.4644), Float16(0.764))":89},"22":{"(Float16(0.1852), Float16(0.485))":3,"(Float16(0.537), Float16(0.837))":97},"47":{"(Float16(0.1161), Float16(0.416))":22,"(Float16(0.5605), Float16(0.8604))":77,"(Float16(0.9424), Float16(1.242))":1},"83":{"(Float16(0.1968), Float16(0.4968))":23,"(Float16(0.619), Float16(0.919))":77},"99":{"(Float16(0.1888), Float16(0.4888))":14,"(Float16(0.6113), Float16(0.911))":86},"89":{"(Float16(0.733), Float16(1.033))":27,"(Float16(0.3242), Float16(0.624))":73},"14":{"(Float16(0.412), Float16(0.712))":83,"(Float16(0.794), Float16(1.094))":17},"3":{"(Float16(0.5273), Float16(0.827))":100},"80":{"(Float16(0.02727), Float16(0.3271))":2,"(Float16(0.3335), Float16(0.6333))":72,"(Float16(0.835), Float16(1.135))":26},"96":{"(Float16(0.74), Float16(1.04))":44,"(Float16(0.2335), Float16(0.5337))":56},"51":{"(Float16(0.752), Float16(1.052))":44,"(Float16(0.38), Float16(0.6797))":56},"33":{"(Float16(0.5215), Float16(0.8213))":100},"40":{"(Float16(0.8545), Float16(1.154))":6,