{"1":[0.5,0.5,0.05017,0.5,0.5,0.05005,0.5,0.5,0.5,0.95,0.5,0.05026,0.9497,0.5,0.05035,0.0501,0.95,0.0501,0.949,0.949,0.949,0.5,0.05005,0.5,0.0502,0.05008,0.5,0.5,0.5,0.5,0.95,0.95,0.5,0.05005,0.949,0.0501,0.5,0.5,0.5,0.0503,0.95,0.5,0.262,0.95,0.05017,0.95,0.95,0.95,0.5,0.949,0.95,0.5,0.05008,0.95,0.05008,0.9497,0.5,0.5,0.9497,0.5,0.5,0.5,0.5,0.5,0.5,0.05005,0.5,0.5,0.5,0.95,0.05035,0.95,0.95,0.5,0.95,0.949,0.95,0.05005,0.5,0.05014,0.5,0.5,0.262,0.0503,0.95,0.5,0.5,0.5,0.5,0.5,0.05026,0.95,0.5,0.5,0.5,0.05002,0.9497,0.5,0.5,0.05017],"2":[0.05026,0.499,0.95,0.05026,0.498,0.5,0.5,0.4995,0.4995,0.05023,0.5,0.5,0.9497,0.4995,0.9487,0.0502,0.4995,0.4985,0.5,0.5,0.05054,0.05023,0.05048,0.4995,0.4995,0.949,0.0506,0.4993,0.95,0.499,0.95,0.4995,0.498,0.4995,0.499,0.9497,0.5,0.05026,0.95,0.5,0.95,0.5,0.0506,0.0503,0.0505,0.498,0.95,0.95,0.05023,0.95,0.5,0.95,0.95,0.949,0.95,0.4995,0.95,0.4995,0.948,0.5,0.95,0.5,0.95,0.5,0.05048,0.95,0.5,0.95,0.949,0.5,0.5,0.5,0.0505,0.9497,0.4998,0.95,0.4995,0.05035,0.948,0.4985,0.9497,0.9487,0.5,0.95,0.05014,0.5,0.5,0.948,0.95,0.5,0.95,0.5,0.5,0.95,0.05014,0.949,0.95,0.05032,0.95,0.05026],"3":[0.05023,0.0501,0.95,0.0503,0.95,0.5,0.95,0.4998,0.9497,0.5,0.5,0.0504,0.4998,0.4998,0.725,0.4985,0.95,0.4995,0.05035,0.95,0.0501,0.0504,0.5,0.95,0.5,0.95,0.5,0.95,0.95,0.4998,0.95,0.5,0.05026,0.0501,0.5,0.95,0.9497,0.05014,0.0502,0.5,0.0501,0.949,0.95,0.95,0.5,0.95,0.95,0.5,0.4998,0.95,0.5,0.5,0.5,0.4993,0.5,0.5,0.05035,0.4993,0.0501,0.5,0.95,0.5,0.5,0.5,0.5,0.4998,0.0502,0.95,0.05017,0.5,0.05023,0.5,0.95,0.95,0.5,0.5,0.95,0.5,0.0503,0.95,0.95,0.95,0.95,0.0502,0.4998,0.949,0.5,0.0503,0.05023,0.95,0.5,0.725,0.95,0.5,0.95,0.95,0.5,0.5,0.95,0.95]}