{"5":{"(Float16(0.05072), 0.06072021484375)":100},"56":{"(Float16(0.05035), 0.06035400390625)":100},"35":{"(Float16(0.948), 0.9582421875)":100},"55":{"(Float16(0.0505), 0.060506591796875)":100},"60":{"(Float16(0.0505), 0.060506591796875)":100},"30":{"(Float16(0.05072), 0.06072021484375)":100},"32":{"(Float16(0.9478), 0.95775390625)":100},"6":{"(Float16(0.05054), 0.060537109375)":100},"67":{"(Float16(0.05054), 0.060537109375)":100},"45":{"(Float16(0.948), 0.9582421875)":100},"73":{"(Float16(0.9478), 0.95775390625)":100},"64":{"(Float16(0.05066), 0.0606591796875)":100},"90":{"(Float16(0.05066), 0.0606591796875)":100},"4":{"(Float16(0.05048), 0.06047607421875)":100},"13":{"(Float16(0.9473), 0.957265625)":100},"54":{"(Float16(0.9473), 0.957265625)":100},"63":{"(Float16(0.9473), 0.957265625)":100},"86":{"(Float16(0.05054), 0.060537109375)":100},"91":{"(Float16(0.05045), 0.060445556640625)":100},"62":{"(Float16(0.05063), 0.060628662109375)":100},"58":{"(Float16(0.948), 0.9582421875)":100},"52":{"(Float16(0.948), 0.9582421875)":100},"12":{"(Float16(0.0506), 0.06059814453125)":100},"28":{"(Float16(0.948), 0.9582421875)":100},"75":{"(Float16(0.05054), 0.060537109375)":100},"23":{"(Float16(0.9478), 0.95775390625)":100},"92":{"(Float16(0.9473), 0.957265625)":100},"41":{"(Float16(0.9473), 0.957265625)":100},"43":{"(Float16(0.9478), 0.95775390625)":100},"11":{"(Float16(0.948), 0.9582421875)":100},"36":{"(Float16(0.05045), 0.060445556640625)":100},"68":{"(Float16(0.9478), 0.95775390625)":100},"69":{"(Float16(0.0506), 0.06059814453125)":100},"98":{"(Float16(0.9473), 0.957265625)":100},"82":{"(Float16(0.05066), 0.0606591796875)":100},"85":{"(Float16(0.948), 0.9582421875)":100},"39":{"(Float16(0.05045), 0.060445556640625)":100},"84":{"(Float16(0.05035), 0.06035400390625)":100},"77":{"(Float16(0.9473), 0.957265625)":100},"7":{"(Float16(0.9473), 0.957265625)":100},"25":{"(Float16(0.9473), 0.957265625)":100},"95":{"(Float16(0.9473), 0.957265625)":100},"71":{"(Float16(0.0506), 0.06059814453125)":100},"66":{"(Float16(0.05054), 0.060537109375)":100},"76":{"(Float16(0.05063), 0.060628662109375)":100},"34":{"(Float16(0.05057), 0.060567626953125)":100},"50":{"(Float16(0.9473), 0.957265625)":100},"59":{"(Float16(0.9473), 0.957265625)":100},"93":{"(Float16(0.9473), 0.957265625)":100},"2":{"(Float16(0.05066), 0.0606591796875)":100},"10":{"(Float16(0.0506), 0.06059814453125)":100},"18":{"(Float16(0.9473), 0.957265625)":100},"26":{"(Float16(0.05054), 0.060537109375)":100},"27":{"(Float16(0.05066), 0.0606591796875)":100},"42":{"(Float16(0.05045), 0.060445556640625)":100},"87":{"(Float16(0.0504), 0.0604150390625)":100},"100":{"(Float16(0.9478), 0.95775390625)":100},"79":{"(Float16(0.9478), 0.95775390625)":100},"16":{"(Float16(0.9478), 0.95775390625)":100},"20":{"(Float16(0.05054), 0.060537109375)":100},"81":{"(Float16(0.05048), 0.06047607421875)":100},"19":{"(Float16(0.05072), 0.06072021484375)":100},"49":{"(Float16(0.948), 0.9582421875)":100},"44":{"(Float16(0.05063), 0.060628662109375)":100},"9":{"(Float16(0.05035), 0.06035400390625)":100},"31":{"(Float16(0.05066), 0.0606591796875)":100},"74":{"(Float16(0.0506), 0.06059814453125)":100},"61":{"(Float16(0.9473), 0.957265625)":100},"29":{"(Float16(0.0506), 0.06059814453125)":100},"94":{"(Float16(0.05066), 0.0606591796875)":100},"46":{"(Float16(0.948), 0.9582421875)":100},"57":{"(Float16(0.9473), 0.957265625)":100},"70":{"(Float16(0.0507), 0.060689697265625)":100},"21":{"(Float16(0.9478), 0.95775390625)":100},"38":{"(Float16(0.05038), 0.060384521484375)":100},"88":{"(Float16(0.05075), 0.060750732421875)":100},"78":{"(Float16(0.0501), 0.06010986328125)":3,"(Float16(0.9473), 0.957265625)":97},"72":{"(Float16(0.05054), 0.060537109375)":100},"24":{"(Float16(0.9473), 0.957265625)":100},"8":{"(Float16(0.0506), 0.06059814453125)":100},"17":{"(Float16(0.05063), 0.060628662109375)":100},"37":{"(Float16(0.05066), 0.0606591796875)":100},"1":{"(Float16(0.9473), 0.957265625)":100},"53":{"(Float16(0.9478), 0.95775390625)":100},"22":{"(Float16(0.05054), 0.060537109375)":100},"47":{"(Float16(0.05057), 0.060567626953125)":100},"83":{"(Float16(0.948), 0.9582421875)":100},"99":{"(Float16(0.0506), 0.06059814453125)":98,"(Float16(0.95), 0.9601953125)":2},"89":{"(Float16(0.05054), 0.060537109375)":100},"14":{"(Float16(0.9478), 0.95775390625)":100},"3":{"(Float16(0.9473), 0.957265625)":100},"80":{"(Float16(0.05072), 0.06072021484375)":100},"96":{"(Float16(0.05048), 0.06047607421875)":100},"51":{"(Float16(0.0507), 0.060689697265625)":100},"33":{"(Float16(0.948), 0.9582421875)":100},"40":{"(Float16(0.948), 0.9582421875)":100},"48":{"(Float16(0.948), 0.9582421875)":100},"15":{"(Float16(0.948), 0.9582421875)":100},"65":{"(Float16(0.948), 0.9582421875)":100},"97":{"(Float16(0.948), 0.9582421875)":100}}