{"5":{"(Float16(0.9497), Float16(0.9595))":27,"(Float16(0.0503), Float16(0.0603))":73},"56":{"(Float16(0.05032), Float16(0.06033))":74,"(Float16(0.9487), Float16(0.9585))":26},"35":{"(Float16(0.948), Float16(0.958))":22,"(Float16(0.4087), Float16(0.4187))":78},"55":{"(Float16(0.3906), Float16(0.4006))":77,"(Float16(0.9473), Float16(0.957))":23},"60":{"(Float16(0.05017), Float16(0.06018))":42,"(Float16(0.9487), Float16(0.9585))":56,"(Float16(0.5957), Float16(0.6055))":2},"30":{"(Float16(0.9473), Float16(0.957))":72,"(Float16(0.05005), Float16(0.06006))":28},"32":{"(Float16(0.439), Float16(0.449))":2,"(Float16(0.05002), Float16(0.06003))":64,"(Float16(0.949), Float16(0.959))":34},"6":{"(Float16(0.05005), Float16(0.06006))":53,"(Float16(0.948), Float16(0.958))":47},"67":{"(Float16(0.9473), Float16(0.957))":67,"(Float16(0.05005), Float16(0.06006))":31,"(Float16(0.3652), Float16(0.3752))":2},"45":{"(Float16(0.627), Float16(0.6367))":2,"(Float16(0.948), Float16(0.958))":27,"(Float16(0.05048), Float16(0.0605))":71},"73":{"(Float16(0.4214), Float16(0.4314))":2,"(Float16(0.3643), Float16(0.3743))":3,"(Float16(0.0501), Float16(0.06012))":54,"(Float16(0.949), Float16(0.959))":39,"(Float16(0.4067), Float16(0.4167))":2},"64":{"(Float16(0.05017), Float16(0.06018))":54,"(Float16(0.948), Float16(0.958))":46},"90":{"(Float16(0.9478), Float16(0.9575))":81,"(Float16(0.05002), Float16(0.06003))":19},"4":{"(Float16(0.05005), Float16(0.06006))":25,"(Float16(0.588), Float16(0.5977))":75},"13":{"(Float16(0.05005), Float16(0.06006))":48,"(Float16(0.949), Float16(0.959))":52},"54":{"(Float16(0.0502), Float16(0.0602))":61,"(Float16(0.9473), Float16(0.957))":37,"(Float16(0.5386), Float16(0.5483))":2},"63":{"(Float16(0.05054), Float16(0.06055))":72,"(Float16(0.949), Float16(0.959))":28},"86":{"(Float16(0.4438), Float16(0.4539))":83,"(Float16(0.948), Float16(0.958))":17},"91":{"(Float16(0.9473), Float16(0.957))":34,"(Float16(0.05032), Float16(0.06033))":66},"62":{"(Float16(0.9473), Float16(0.957))":67,"(Float16(0.05005), Float16(0.06006))":33},"58":{"(Float16(0.05066), Float16(0.06067))":74,"(Float16(0.949), Float16(0.959))":26},"52":{"(Float16(0.3938), Float16(0.4038))":2,"(Float16(0.9478), Float16(0.9575))":69,"(Float16(0.05008), Float16(0.0601))":29},"12":{"(Float16(0.05), Float16(0.06))":40,"(Float16(0.9473), Float16(0.957))":60},"28":{"(Float16(0.05017), Float16(0.06018))":48,"(Float16(0.948), Float16(0.958))":52},"75":{"(Float16(0.05), Float16(0.06))":73,"(Float16(0.4216), Float16(0.4316))":2,"(Float16(0.949), Float16(0.959))":25},"23":{"(Float16(0.617), Float16(0.627))":71,"(Float16(0.05008), Float16(0.0601))":29},"92":{"(Float16(0.457), Float16(0.467))":76,"(Float16(0.948), Float16(0.958))":20,"(Float16(0.0503), Float16(0.0603))":4},"41":{"(Float16(0.5186), Float16(0.5283))":96,"(Float16(0.948), Float16(0.958))":1,"(Float16(0.05127), Float16(0.06128))":3},"43":{"(Float16(0.9473), Float16(0.957))":58,"(Float16(0.05005), Float16(0.06006))":42},"11":{"(Float16(0.6123), Float16(0.622))":70,"(Float16(0.0501), Float16(0.06012))":30},"36":{"(Float16(0.355), Float16(0.365))":2,"(Float16(0.05005), Float16(0.06006))":42,"(Float16(0.4385), Float16(0.4485))":2,"(Float16(0.4583), Float16(0.4683))":2,"(Float16(0.949), Float16(0.959))":49,"(Float16(0.3652), Float16(0.3752))":3},"68":{"(Float16(0.948), Float16(0.958))":53,"(Float16(0.05008), Float16(0.0601))":47},"69":{"(Float16(0.4102), Float16(0.4202))":88,"(Float16(0.9473), Float16(0.957))":12},"98":{"(Float16(0.05066), Float16(0.06067))":60,"(Float16(0.948), Float16(0.958))":40},"82":{"(Float16(0.05), Float16(0.06))":22,"(Float16(0.9473), Float16(0.957))":78},"85":{"(Float16(0.05005), Float16(0.06006))":14,"(Float16(0.9478), Float16(0.9575))":86},"39":{"(Float16(0.9473), Float16(0.957))":59,"(Float16(0.0501), Float16(0.06012))":41},"84":{"(Float16(0.418), Float16(0.428))":4,"(Float16(0.0501), Float16(0.06012))":41,"(Float16(0.949), Float16(0.959))":55},"77":{"(Float16(0.948), Float16(0.958))":40,"(Float16(0.0503), Float16(0.0603))":60},"7":{"(Float16(0.05054), Float16(0.06055))":57,"(Float16(0.948), Float16(0.958))":43},"25":{"(Float16(0.948), Float16(0.958))":60,"(Float16(0.0501), Float16(0.06012))":40},"95":{"(Float16(0.05005), Float16(0.06006))":53,"(Float16(0.409), Float16(0.419))":2,"(Float16(0.949), Float16(0.959))":45},"71":{"(Float16(0.05057), Float16(0.06058))":66,"(Float16(0.948), Float16(0.958))":34},"66":{"(Float16(0.509), Float16(0.5186))":3,"(Float16(0.5205), Float16(0.5303))":2,"(Float16(0.593), Float16(0.6025))":5,"(Float16(0.05002), Float16(0.06003))":27,"(Float16(0.6143), Float16(0.624))":2,"(Float16(0.5586), Float16(0.5684))":7,"(Float16(0.5317), Float16(0.5415))":4,"(Float16(0.948), Float16(0.958))":37,"(Float16(0.544), Float16(0.5537))":6,"(Float16(0.603), Float16(0.613))":5,"(Float16(0.627), Float16(0.6367))":2},"76":{"(Float16(0.948), Float16(0.958))":66,"(Float16(0.0503), Float16(0.0603))":34},"34":{"(Float16(0.582), Float16(0.592))":5,"(Float16(0.05023), Float16(0.06024))":53,"(Float16(0.948), Float16(0.958))":42},"50":{"(Float16(0.05005), Float16(0.06006))":32,"(Float16(0.58), Float16(0.59))":68},"59":{"(Float16(0.9473), Float16(0.957))":81,"(Float16(0.0501), Float16(0.06012))":19},"93":{"(Float16(0.4683), Float16(0.4783))":98,"(Float16(0.9473), Float16(0.957))":2},"2":{"(Float16(0.3594), Float16(0.3694))":2,"(Float16(0.377), Float16(0.387))":4,"(Float16(0.05008), Float16(0.0601))":42,"(Float16(0.4067), Float16(0.4167))":2,"(Float16(0.949), Float16(0.959))":50},"10":{"(Float16(0.05048), Float16(0.0605))":69,"(Float16(0.949), Float16(0.959))":31},"18":{"(Float16(0.9473), Float16(0.957))":62,"(Float16(0.05005), Float16(0.06006))":38},"26":{"(Float16(0.948), Float16(0.958))":48,"(Float16(0.05002), Float16(0.06003))":50,"(Float16(0.374), Float16(0.384))":2},"27":{"(Float16(0.415), Float16(0.425))":6,"(Float16(0.05017), Float16(0.06018))":34,"(Float16(0.4458), Float16(0.4558))":3,"(Float16(0.9478), Float16(0.9575))":57},"42":{"(Float16(0.461), Float16(0.471))":93,"(Float16(0.0511), Float16(0.0611))":3,"(Float16(0.949), Float16(0.959))":4},"87":{"(Float16(0.5596), Float16(0.5693))":2,"(Float16(0.9473), Float16(0.957))":58,"(Float16(0.05005), Float16(0.06006))":33,"(Float16(0.5215), Float16(0.5312))":2,"(Float16(0.585), Float16(0.5947))":3,"(Float16(0.6143), Float16(0.624))":2},"100":{"(Float16(0.05063), Float16(0.06064))":47,"(Float16(0.948), Float16(0.958))":53},"79":{"(Float16(0.9473), Float16(0.957))":62,"(Float16(0.05008), Float16(0.0601))":38},"16":{"(Float16(0.948), Float16(0.958))":59,"(Float16(0.0501), Float16(0.06012))":41},"20":{"(Float16(0.0506), Float16(0.0606))":3,"(Float16(0.4253), Float16(0.4353))":85,"(Float16(0.9487), Float16(0.9585))":12},"81":{"(Float16(0.948), Float16(0.958))":47,"(Float16(0.0504), Float16(0.06042))":53},"19":{"(Float16(0.05057), Float16(0.06058))":75,"(Float16(0.949), Float16(0.959))":25},"49":{"(Float16(0.948), Float16(0.958))":56,"(Float16(0.0501), Float16(0.06012))":44},"44":{"(Float16(0.05078), Float16(0.0608))":62,"(Float16(0.948), Float16(0.958))":35,"(Float16(0.623), Float16(0.633))":3},"9":{"(Float16(0.0506), Float16(0.0606))":77,"(Float16(0.949), Float16(0.959))":23},"31":{"(Float16(0.9478), Float16(0.9575))":75,"(Float16(0.0501), Float16(0.06012))":25},"74":{"(Float16(0.05005), Float16(0.06006))":28,"(Float16(0.948), Float16(0.958))":72},"61":{"(Float16(0.05014), Float16(0.06015))":59,"(Float16(0.9487), Float16(0.9585))":41},"29":{"(Float16(0.3765), Float16(0.3865))":2,"(Float16(0.05014), Float16(0.06015))":39,"(Float16(0.948), Float16(0.958))":57,"(Float16(0.3564), Float16(0.3665))":2},"94":{"(Float16(0.537), Float16(0.547))":96,"(Float16(0.0504), Float16(0.06042))":4},"46":{"(Float16(0.05023), Float16(0.06024))":39,"(Float16(0.395), Float16(0.405))":3,"(Float16(0.948), Float16(0.958))":54,"(Float16(0.4268), Float16(0.4368))":4},"57":{"(Float16(0.3901), Float16(0.4001))":4,"(Float16(0.499), Float16(0.509))":2,"(Float16(0.05002), Float16(0.06003))":44,