{"5":{"(Float16(0.606), Float16(0.6157))":2,"(Float16(0.581), Float16(0.591))":2,"(Float16(0.4858), Float16(0.4958))":2,"(Float16(0.525), Float16(0.5347))":4,"(Float16(0.5645), Float16(0.574))":2,"(Float16(0.6387), Float16(0.6484))":2,"(Float16(0.9478), Float16(0.9575))":43,"(Float16(0.05002), Float16(0.06003))":39,"(Float16(0.5146), Float16(0.5244))":2,"(Float16(0.5527), Float16(0.5625))":2},"56":{"(Float16(0.05023), Float16(0.06024))":67,"(Float16(0.95), Float16(0.96))":33},"35":{"(Float16(0.9497), Float16(0.9595))":40,"(Float16(0.05026), Float16(0.06027))":60},"55":{"(Float16(0.949), Float16(0.959))":37,"(Float16(0.05008), Float16(0.0601))":54,"(Float16(0.4023), Float16(0.4124))":2,"(Float16(0.4373), Float16(0.4473))":2,"(Float16(0.4524), Float16(0.4624))":5},"60":{"(Float16(0.9497), Float16(0.9595))":31,"(Float16(0.0503), Float16(0.0603))":69},"30":{"(Float16(0.9497), Float16(0.9595))":39,"(Float16(0.05023), Float16(0.06024))":56,"(Float16(0.541), Float16(0.551))":2,"(Float16(0.506), Float16(0.5156))":3},"32":{"(Float16(0.05), Float16(0.06))":25,"(Float16(0.4756), Float16(0.4856))":2,"(Float16(0.9487), Float16(0.9585))":73},"6":{"(Float16(0.05), Float16(0.06))":30,"(Float16(0.95), Float16(0.96))":67,"(Float16(0.4512), Float16(0.4612))":3},"67":{"(Float16(0.4387), Float16(0.4487))":2,"(Float16(0.05005), Float16(0.06006))":40,"(Float16(0.456), Float16(0.466))":2,"(Float16(0.4727), Float16(0.4827))":2,"(Float16(0.4888), Float16(0.4988))":3,"(Float16(0.949), Float16(0.959))":47,"(Float16(0.4082), Float16(0.4182))":4},"45":{"(Float16(0.5513), Float16(0.561))":2,"(Float16(0.95), Float16(0.96))":19,"(Float16(0.05002), Float16(0.06003))":79},"73":{"(Float16(0.05), Float16(0.06))":26,"(Float16(0.4219), Float16(0.432))":2,"(Float16(0.4563), Float16(0.4663))":8,"(Float16(0.949), Float16(0.959))":64},"64":{"(Float16(0.05014), Float16(0.06015))":81,"(Float16(0.95), Float16(0.96))":19},"90":{"(Float16(0.9473), Float16(0.957))":53,"(Float16(0.05002), Float16(0.06003))":47},"4":{"(Float16(0.5054), Float16(0.515))":1,"(Float16(0.05005), Float16(0.06006))":55,"(Float16(0.948), Float16(0.958))":44},"13":{"(Float16(0.476), Float16(0.486))":4,"(Float16(0.4927), Float16(0.5024))":2,"(Float16(0.4634), Float16(0.4734))":3,"(Float16(0.413), Float16(0.423))":2,"(Float16(0.05005), Float16(0.06006))":40,"(Float16(0.5703), Float16(0.58))":2,"(Float16(0.949), Float16(0.959))":45,"(Float16(0.5312), Float16(0.541))":2},"54":{"(Float16(0.05026), Float16(0.06027))":74,"(Float16(0.95), Float16(0.96))":26},"63":{"(Float16(0.05), Float16(0.06))":54,"(Float16(0.5), Float16(0.51))":2,"(Float16(0.949), Float16(0.959))":39,"(Float16(0.4636), Float16(0.4736))":5},"86":{"(Float16(0.4111), Float16(0.4211))":1,"(Float16(0.05), Float16(0.06))":35,"(Float16(0.948), Float16(0.958))":64},"91":{"(Float16(0.53), Float16(0.5396))":2,"(Float16(0.4912), Float16(0.501))":4,"(Float16(0.4214), Float16(0.4314))":4,"(Float16(0.4658), Float16(0.4758))":2,"(Float16(0.514), Float16(0.524))":4,"(Float16(0.4766), Float16(0.4866))":2,"(Float16(0.0501), Float16(0.06012))":46,"(Float16(0.949), Float16(0.959))":34,"(Float16(0.5015), Float16(0.511))":2},"62":{"(Float16(0.948), Float16(0.958))":60,"(Float16(0.05002), Float16(0.06003))":40},"58":{"(Float16(0.05032), Float16(0.06033))":49,"(Float16(0.949), Float16(0.959))":51},"52":{"(Float16(0.95), Float16(0.96))":30,"(Float16(0.5195), Float16(0.5293))":1,"(Float16(0.0503), Float16(0.0603))":69},"12":{"(Float16(0.05), Float16(0.06))":38,"(Float16(0.4849), Float16(0.4949))":1,"(Float16(0.9487), Float16(0.9585))":61},"28":{"(Float16(0.05), Float16(0.06))":45,"(Float16(0.95), Float16(0.96))":52,"(Float16(0.4297), Float16(0.4397))":3},"75":{"(Float16(0.0502), Float16(0.0602))":70,"(Float16(0.95), Float16(0.96))":30},"23":{"(Float16(0.509), Float16(0.5186))":2,"(Float16(0.05005), Float16(0.06006))":41,"(Float16(0.478), Float16(0.488))":2,"(Float16(0.5225), Float16(0.532))":2,"(Float16(0.448), Float16(0.458))":2,"(Float16(0.949), Float16(0.959))":51},"92":{"(Float16(0.536), Float16(0.546))":2,"(Float16(0.05005), Float16(0.06006))":58,"(Float16(0.4587), Float16(0.4688))":2,"(Float16(0.949), Float16(0.959))":38},"41":{"(Float16(0.495), Float16(0.505))":4,"(Float16(0.4233), Float16(0.4333))":4,"(Float16(0.05008), Float16(0.0601))":45,"(Float16(0.3984), Float16(0.4084))":2,"(Float16(0.949), Float16(0.959))":43,"(Float16(0.4717), Float16(0.4817))":2},"43":{"(Float16(0.3945), Float16(0.4045))":1,"(Float16(0.9478), Float16(0.9575))":79,"(Float16(0.05002), Float16(0.06003))":20},"11":{"(Float16(0.05), Float16(0.06))":34,"(Float16(0.518), Float16(0.528))":2,"(Float16(0.9487), Float16(0.9585))":64},"36":{"(Float16(0.05005), Float16(0.06006))":36,"(Float16(0.9487), Float16(0.9585))":64},"68":{"(Float16(0.0502), Float16(0.0602))":76,"(Float16(0.95), Float16(0.96))":24},"69":{"(Float16(0.05), Float16(0.06))":47,"(Float16(0.949), Float16(0.959))":48,"(Float16(0.5312), Float16(0.541))":5},"98":{"(Float16(0.05008), Float16(0.0601))":49,"(Float16(0.4421), Float16(0.4521))":1,"(Float16(0.949), Float16(0.959))":50},"82":{"(Float16(0.95), Float16(0.96))":15,"(Float16(0.05008), Float16(0.0601))":26,"(Float16(0.4429), Float16(0.453))":59},"85":{"(Float16(0.05035), Float16(0.06036))":58,"(Float16(0.948), Float16(0.958))":41,"(Float16(0.4785), Float16(0.4885))":1},"39":{"(Float16(0.542), Float16(0.552))":4,"(Float16(0.5537), Float16(0.5635))":1,"(Float16(0.95), Float16(0.96))":26,"(Float16(0.05002), Float16(0.06003))":69},"84":{"(Float16(0.05002), Float16(0.06003))":45,"(Float16(0.521), Float16(0.531))":5,"(Float16(0.9487), Float16(0.9585))":50},"77":{"(Float16(0.05), Float16(0.06))":39,"(Float16(0.5024), Float16(0.512))":3,"(Float16(0.949), Float16(0.959))":58},"7":{"(Float16(0.05), Float16(0.06))":33,"(Float16(0.5254), Float16(0.535))":9,"(Float16(0.949), Float16(0.959))":58},"25":{"(Float16(0.9497), Float16(0.9595))":32,"(Float16(0.582), Float16(0.592))":2,"(Float16(0.05023), Float16(0.06024))":52,"(Float16(0.4277), Float16(0.4377))":2,"(Float16(0.5264), Float16(0.536))":2,"(Float16(0.512), Float16(0.522))":8,"(Float16(0.4978), Float16(0.508))":2},"95":{"(Float16(0.05), Float16(0.06))":32,"(Float16(0.948), Float16(0.958))":68},"71":{"(Float16(0.05), Float16(0.06))":28,"(Float16(0.9487), Float16(0.9585))":72},"66":{"(Float16(0.9497), Float16(0.9595))":33,"(Float16(0.05032), Float16(0.06033))":67},"76":{"(Float16(0.5205), Float16(0.5303))":2,"(Float16(0.05017), Float16(0.06018))":54,"(Float16(0.948), Float16(0.958))":44},"34":{"(Float16(0.4985), Float16(0.5083))":5,"(Float16(0.5176), Float16(0.5273))":5,"(Float16(0.456), Float16(0.466))":4,"(Float16(0.0501), Float16(0.06012))":35,"(Float16(0.3887), Float16(0.3987))":2,"(Float16(0.949), Float16(0.959))":49},"50":{"(Float16(0.455), Float16(0.465))":2,"(Float16(0.05005), Float16(0.06006))":44,"(Float16(0.5264), Float16(0.536))":2,"(Float16(0.556), Float16(0.566))":2,"(Float16(0.949), Float16(0.959))":47,"(Float16(0.4717), Float16(0.4817))":3},"59":{"(Float16(0.05023), Float16(0.06024))":68,"(Float16(0.501), Float16(0.5107))":1,"(Float16(0.95), Float16(0.96))":31},"93":{"(Float16(0.0502), Float16(0.0602))":70,"(Float16(0.95), Float16(0.96))":30},"2":{"(Float16(0.05), Float16(0.06))":30,"(Float16(0.948), Float16(0.958))":70},"10":{"(Float16(0.5186), Float16(0.5283))":4,"(Float16(0.05005), Float16(0.06006))":51,"(Float16(0.4868), Float16(0.4968))":4,"(Float16(0.949), Float16(0.959))":41},"18":{"(Float16(0.543), Float16(0.5527))":3,"(Float16(0.95), Float16(0.96))":49,"(Float16(0.05002), Float16(0.06003))":48},"26":{"(Float16(0.05017), Float16(0.06018))":59,"(Float16(0.948), Float16(0.958))":40,"(Float16(0.517), Float16(0.527))":1},"27":{"(Float16(0.489), Float16(0.499))":2,"(Float16(0.5547), Float16(0.5645))":5,"(Float16(0.567), Float16(0.5767))":2,"(Float16(0.6104), Float16(0.62))":2,"(Float16(0.05002), Float16(0.06003))":39,"(Float16(0.95), Float16(0.96))":50},"42":{"(Float16(0.05005), Float16(0.06006))":46,"(Float16(0.436), Float16(0.446))":3,