{"5":{"(Float16(0.0002419), Float16(1.0))":100},"56":{"(Float16(0.0002685), Float16(1.0))":100},"35":{"(Float16(0.0003054), Float16(1.0))":100},"55":{"(Float16(0.0002813), Float16(1.0))":100},"60":{"(Float16(0.0002416), Float16(1.0))":100},"30":{"(Float16(0.0001564), Float16(1.0))":100},"32":{"(Float16(0.0002847), Float16(1.0))":100},"6":{"(Float16(0.0002396), Float16(1.0))":100},"67":{"(Float16(0.0003324), Float16(1.0))":100},"45":{"(Float16(0.000269), Float16(1.0))":100},"73":{"(Float16(0.0001941), Float16(1.0))":100},"64":{"(Float16(0.0002098), Float16(1.0))":100},"90":{"(Float16(0.0001514), Float16(1.0))":100},"4":{"(Float16(0.0002463), Float16(1.0))":100},"13":{"(Float16(0.0002084), Float16(1.0))":100},"54":{"(Float16(0.0001769), Float16(1.0))":100},"63":{"(Float16(0.0002252), Float16(1.0))":100},"86":{"(Float16(0.0002728), Float16(1.0))":100},"91":{"(Float16(0.0002058), Float16(1.0))":100},"62":{"(Float16(0.0002146), Float16(1.0))":100},"58":{"(Float16(0.000238), Float16(1.0))":100},"52":{"(Float16(0.0002031), Float16(1.0))":100},"12":{"(Float16(0.0002352), Float16(1.0))":100},"28":{"(Float16(0.0003486), Float16(1.0))":100},"75":{"(Float16(0.0002332), Float16(1.0))":100},"23":{"(Float16(0.0002131), Float16(1.0))":100},"92":{"(Float16(0.000225), Float16(1.0))":100},"41":{"(Float16(0.0002615), Float16(1.0))":100},"43":{"(Float16(0.0002053), Float16(1.0))":100},"11":{"(Float16(0.0002542), Float16(1.0))":100},"36":{"(Float16(0.0002279), Float16(1.0))":100},"68":{"(Float16(0.0001448), Float16(1.0))":100},"69":{"(Float16(0.0003238), Float16(1.0))":100},"98":{"(Float16(0.0002794), Float16(1.0))":100},"82":{"(Float16(0.0002902), Float16(1.0))":100},"85":{"(Float16(0.0002704), Float16(1.0))":100},"39":{"(Float16(0.0002928), Float16(1.0))":100},"84":{"(Float16(0.000328), Float16(1.0))":100},"77":{"(Float16(0.0003455), Float16(1.0))":100},"7":{"(Float16(0.0002089), Float16(1.0))":100},"25":{"(Float16(0.0002333), Float16(1.0))":100},"95":{"(Float16(0.0002491), Float16(1.0))":100},"71":{"(Float16(0.0001781), Float16(1.0))":100},"66":{"(Float16(0.0002117), Float16(1.0))":100},"76":{"(Float16(0.0002575), Float16(1.0))":100},"34":{"(Float16(0.0002205), Float16(1.0))":100},"50":{"(Float16(0.0003018), Float16(1.0))":100},"59":{"(Float16(0.0001843), Float16(1.0))":100},"93":{"(Float16(0.0002599), Float16(1.0))":100},"2":{"(Float16(0.0001893), Float16(1.0))":100},"10":{"(Float16(0.0002294), Float16(1.0))":100},"18":{"(Float16(0.000229), Float16(1.0))":100},"26":{"(Float16(0.0002367), Float16(1.0))":100},"27":{"(Float16(0.0002294), Float16(1.0))":100},"42":{"(Float16(0.0003376), Float16(1.0))":100},"87":{"(Float16(0.0002842), Float16(1.0))":100},"100":{"(Float16(0.0002704), Float16(1.0))":100},"79":{"(Float16(0.0002484), Float16(1.0))":100},"16":{"(Float16(0.000266), Float16(1.0))":100},"20":{"(Float16(0.0002823), Float16(1.0))":100},"81":{"(Float16(0.0002265), Float16(1.0))":100},"19":{"(Float16(0.0001899), Float16(1.0))":100},"49":{"(Float16(0.000203), Float16(1.0))":100},"44":{"(Float16(0.000233), Float16(1.0))":100},"9":{"(Float16(0.0002885), Float16(1.0))":100},"31":{"(Float16(0.0002465), Float16(1.0))":100},"74":{"(Float16(0.0001848), Float16(1.0))":100},"61":{"(Float16(0.0001807), Float16(1.0))":100},"29":{"(Float16(0.00016), Float16(1.0))":100},"94":{"(Float16(0.0001898), Float16(1.0))":100},"46":{"(Float16(0.0001674), Float16(1.0))":100},"57":{"(Float16(0.0002584), Float16(1.0))":100},"70":{"(Float16(0.000168), Float16(1.0))":100},"21":{"(Float16(0.0002592), Float16(1.0))":100},"38":{"(Float16(0.0002254), Float16(1.0))":100},"88":{"(Float16(0.000341), Float16(1.0))":100},"78":{"(Float16(0.0002277), Float16(1.0))":100},"72":{"(Float16(0.0001888), Float16(1.0))":100},"24":{"(Float16(0.000185), Float16(1.0))":100},"8":{"(Float16(0.0002226), Float16(1.0))":100},"17":{"(Float16(0.00028), Float16(1.0))":100},"37":{"(Float16(0.0003083), Float16(1.0))":100},"1":{"(Float16(0.000298), Float16(1.0))":100},"53":{"(Float16(0.0002092), Float16(1.0))":100},"22":{"(Float16(0.0001668), Float16(1.0))":100},"47":{"(Float16(0.0002258), Float16(1.0))":100},"83":{"(Float16(0.0003204), Float16(1.0))":100},"99":{"(Float16(0.0002232), Float16(1.0))":100},"89":{"(Float16(0.0002747), Float16(1.0))":100},"14":{"(Float16(0.0002906), Float16(1.0))":100},"3":{"(Float16(0.0002775), Float16(1.0))":100},"80":{"(Float16(0.0001957), Float16(1.0))":100},"96":{"(Float16(0.0002277), Float16(1.0))":100},"51":{"(Float16(0.0002078), Float16(1.0))":100},"33":{"(Float16(0.0002367), Float16(1.0))":100},"40":{"(Float16(0.000245), Float16(1.0))":100},"48":{"(Float16(0.0002415), Float16(1.0))":100},"15":{"(Float16(0.0002723), Float16(1.0))":100},"65":{"(Float16(0.0003223), Float16(1.0))":100},"97":{"(Float16(0.0002449), Float16(1.0))":100}}