{"1": [0.501, 0.95, 0.95, 0.95, 0.95, 0.5005, 0.05005, 0.5005, 0.5005, 0.05026, 0.95, 0.95, 0.501, 0.95, 0.95, 0.95, 0.5005, 0.05, 0.95, 0.05008, 0.05005, 0.501, 0.501, 0.501, 0.5005, 0.05002, 0.05017, 0.5005, 0.9497, 0.5005, 0.501, 0.501, 0.501, 0.95, 0.5005, 0.95, 0.5005, 0.5005, 0.501, 0.501, 0.5005, 0.501, 0.05017, 0.05, 0.5005, 0.501, 0.05002, 0.501, 0.5005, 0.9497, 0.501, 0.5005, 0.5005, 0.501, 0.05, 0.05, 0.501, 0.9497, 0.05035, 0.95, 0.501, 0.05002, 0.501, 0.05, 0.501, 0.501, 0.501, 0.5005, 0.501, 0.5005, 0.501, 0.501, 0.501, 0.501, 0.9497, 0.5005, 0.501, 0.501, 0.05, 0.95, 0.501, 0.05, 0.05026, 0.501, 0.501, 0.05008, 0.05035, 0.501, 0.05008, 0.05002, 0.949, 0.2886, 0.05002, 0.5005, 0.95, 0.949, 0.95, 0.05017, 0.95, 0.501], "2": [0.4995, 0.05078, 0.4993, 0.05023, 0.4998, 0.0501, 0.0501, 0.4995, 0.4998, 0.05035, 0.95, 0.712, 0.7314, 0.05023, 0.95, 0.4998, 0.05035, 0.05063, 0.05054, 0.4995, 0.4995, 0.4995, 0.949, 0.95, 0.4995, 0.4995, 0.4995, 0.95, 0.051, 0.949, 0.4995, 0.949, 0.95, 0.7314, 0.4998, 0.4998, 0.9497, 0.4998, 0.95, 0.0501, 0.7334, 0.949, 0.4995, 0.4995, 0.499, 0.499, 0.05112, 0.9497, 0.499, 0.949, 0.95, 0.95, 0.9497, 0.499, 0.0503, 0.05002, 0.05, 0.499, 0.05115, 0.7314, 0.4993, 0.0503, 0.05164, 0.05054, 0.4995, 0.95, 0.05038, 0.949, 0.949, 0.9497, 0.4993, 0.949, 0.95, 0.4995, 0.949, 0.0501, 0.4995, 0.4998, 0.95, 0.4998, 0.4995, 0.95, 0.4998, 0.9497, 0.4995, 0.4995, 0.95, 0.05054, 0.05057, 0.95, 0.7334, 0.9497, 0.4998, 0.0508, 0.95, 0.4995, 0.0503, 0.4995, 0.712, 0.05054], "3": [0.501, 0.05017, 0.05072, 0.95, 0.5005, 0.5005, 0.95, 0.5005, 0.05002, 0.9497, 0.501, 0.95, 0.501, 0.0501, 0.05075, 0.501, 0.501, 0.95, 0.0502, 0.95, 0.95, 0.5005, 0.5005, 0.05103, 0.05005, 0.05002, 0.5005, 0.5005, 0.9497, 0.949, 0.05008, 0.5005, 0.5005, 0.95, 0.05005, 0.501, 0.5005, 0.949, 0.95, 0.95, 0.501, 0.2756, 0.501, 0.05054, 0.5005, 0.5005, 0.949, 0.95, 0.05035, 0.5005, 0.95, 0.501, 0.5005, 0.0503, 0.0501, 0.05017, 0.05017, 0.05002, 0.501, 0.95, 0.0503, 0.501, 0.5005, 0.501, 0.501, 0.05005, 0.501, 0.05002, 0.5005, 0.501, 0.5005, 0.501, 0.5005, 0.5005, 0.501, 0.501, 0.0511, 0.05002, 0.949, 0.5005, 0.5005, 0.05072, 0.501, 0.0502, 0.9497, 0.05002, 0.95, 0.501, 0.95, 0.95, 0.501, 0.5005, 0.501, 0.5005, 0.95, 0.501, 0.501, 0.0511, 0.2756, 0.05026], "4": [0.5, 0.2505, 0.5005, 0.501, 0.501, 0.5005, 0.501, 0.5005, 0.9497, 0.05026, 0.5005, 0.9497, 0.05017, 0.501, 0.501, 0.9487, 0.95, 0.501, 0.95, 0.95, 0.95, 0.05023, 0.5005, 0.5, 0.5, 0.5, 0.9497, 0.5, 0.05048, 0.05014, 0.9497, 0.949, 0.2505, 0.5, 0.5, 0.95, 0.5, 0.5, 0.5, 0.5, 0.05035, 0.95, 0.05023, 0.95, 0.9497, 0.05023, 0.95, 0.5, 0.5, 0.5, 0.5, 0.0501, 0.05017, 0.5, 0.05005, 0.5, 0.5, 0.95, 0.948, 0.9497, 0.5, 0.948, 0.05008, 0.95, 0.5, 0.05054, 0.95, 0.5, 0.5, 0.5, 0.5, 0.0501, 0.295, 0.295, 0.5, 0.05066, 0.5, 0.05023, 0.05008, 0.5, 0.5, 0.05023, 0.5, 0.5, 0.5, 0.5, 0.5, 0.5, 0.5, 0.2505, 0.95, 0.95, 0.5, 0.9497, 0.05048, 0.05032, 0.5, 0.95, 0.05017, 0.5], "5": [0.501, 0.501, 0.0501, 0.95, 0.95, 0.501, 0.05023, 0.5005, 0.05005, 0.05017, 0.5005, 0.5005, 0.9497, 0.501, 0.95, 0.501, 0.501, 0.5005, 0.9497, 0.501, 0.0504, 0.501, 0.5005, 0.501, 0.0507, 0.5005, 0.95, 0.5005, 0.95, 0.501, 0.501, 0.949, 0.501, 0.5005, 0.5005, 0.05032, 0.95, 0.05002, 0.05005, 0.501, 0.95, 0.9497, 0.05023, 0.501, 0.05023, 0.9487, 0.5005, 0.0504, 0.0512, 0.0502, 0.949, 0.95, 0.05035, 0.5005, 0.501, 0.05002, 0.5005, 0.95, 0.501, 0.501, 0.05038, 0.501, 0.5005, 0.501, 0.95, 0.5005, 0.0504, 0.9497, 0.95, 0.05106, 0.501, 0.0501, 0.501, 0.95, 0.9497, 0.501, 0.9497, 0.05106, 0.95, 0.501, 0.9487, 0.95, 0.5005, 0.501, 0.501, 0.5005, 0.95, 0.5005, 0.501, 0.501, 0.501, 0.5005, 0.501, 0.95, 0.5005, 0.5005, 0.95, 0.0512, 0.501, 0.5005], "6": [0.949, 0.5, 0.0502, 0.5, 0.05084, 0.05005, 0.5, 0.9497, 0.95, 0.2793, 0.5, 0.05002, 0.95, 0.5, 0.4993, 0.5, 0.5, 0.5, 0.95, 0.95, 0.5, 0.0502, 0.05093, 0.95, 0.5, 0.5, 0.95, 0.05103, 0.5, 0.5, 0.4995, 0.05084, 0.95, 0.95, 0.05048, 0.5, 0.95, 0.5, 0.5, 0.5, 0.95, 0.5, 0.5, 0.4995, 0.4995, 0.5, 0.95, 0.05048, 0.05014, 0.949, 0.5, 0.05017, 0.5, 0.949, 0.5, 0.949, 0.5, 0.5, 0.05084, 0.5, 0.05023, 0.949, 0.05005, 0.5, 0.5, 0.949, 0.9497, 0.0509, 0.949, 0.949, 0.9497, 0.949, 0.5, 0.05002, 0.5, 0.5, 0.05045, 0.5, 0.5, 0.05002, 0.5, 0.949, 0.0505, 0.5, 0.5, 0.05084, 0.5, 0.949, 0.9497, 0.0501, 0.05, 0.05023, 0.2793, 0.05023, 0.05017, 0.9497, 0.949, 0.05023, 0.5, 0.949], "7": [0.4995, 0.95, 0.4995, 0.95, 0.4995, 0.95, 0.4998, 0.05002, 0.95, 0.4995, 0.2725, 0.4998, 0.4995, 0.9497, 0.95, 0.4998, 0.4995, 0.05005, 0.4995, 0.95, 0.95, 0.95, 0.0501, 0.95, 0.4998, 0.4998, 0.95, 0.717, 0.0501, 0.4998, 0.949, 0.95, 0.95, 0.95, 0.4995, 0.949, 0.949, 0.05002, 0.05005, 0.95, 0.05, 0.4995, 0.05005, 0.95, 0.95, 0.717, 0.95, 0.4995, 0.05035, 0.4995, 0.948, 0.05002, 0.95, 0.4998, 0.05063, 0.4995, 0.4998, 0.9497, 0.9497, 0.95, 0.95, 0.05066, 0.4998, 0.4995, 0.9497, 0.05014, 0.4998, 0.05014, 0.05005, 0.4995, 0.05032, 0.4998, 0.4995, 0.05032, 0.4998, 0.4995, 0.05005, 0.717, 0.4995, 0.949, 0.05063, 0.95, 0.2725, 0.05, 0.0501, 0.4998, 0.0501, 0.4998, 0.95, 0.4998, 0.9497, 0.05, 0.95, 0.95, 0.05005, 0.4995, 0.4998, 0.05032, 0.05005, 0.2725], "8": [0.949, 0.0506, 0.05008, 0.4998, 0.5, 0.949, 0.05026, 0.4998, 0.5, 0.2827, 0.05005, 0.949, 0.9497, 0.05026, 0.949, 0.5, 0.5, 0.4988, 0.05005, 0.949, 0.5, 0.5, 0.949, 0.9497, 0.5, 0.05002, 0.05045, 0.949, 0.949, 0.949, 0.949, 0.2827, 0.5, 0.5, 0.5, 0.05078, 0.9497, 0.4995, 0.949, 0.4995, 0.5, 0.5, 0.05023, 0.4995, 0.05017, 0.5, 0.5, 0.949, 0.5, 0.4995, 0.5, 0.9497, 0.9497, 0.9497, 0.949, 0.949, 0.5, 0.5, 0.0503, 0.05023, 0.2827, 0.9497, 0.5, 0.949, 0.9497, 0.05002, 0.949, 0.5, 0.0506, 0.05008, 0.4998, 0.05002, 0.949, 0.9497, 0.949, 0.9497, 0.2573, 0.949, 0.702, 0.949, 0.5, 0.5, 0.9497, 0.05005, 0.2573, 0.5, 0.702, 0.05023, 0.5, 0.05014, 0.949, 0.05084, 0.05008, 0.5, 0.05078, 0.05084, 0.9497, 0.5, 0.5, 0.4998], "9": [0.949, 0.05014, 0.5, 0.05, 0.9497, 0.4998, 0.9497, 0.5, 0.9497, 0.4993, 0.9497, 0.4998, 0.05005, 0.4995, 0.5, 0.05, 0.05, 0.9497, 0.05, 0.05, 0.949, 0.05017, 0.05002, 0.5, 0.5, 0.05, 0.949, 0.949, 0.05005, 0.949, 0.9497, 0.5, 0.949, 0.949, 0.949, 0.5, 0.949, 0.949, 0.05014, 0.5, 0.949, 0.949, 0.5, 0.4998, 0.2695, 0.4995, 0.5, 0.949, 0.5, 0.949, 0.5, 0.5, 0.05078, 0.5, 0.05005, 0.949, 0.4985, 0.05017, 0.9497, 0.2695, 0.05008, 0.949, 0.05005, 0.949, 0.05002, 0.5, 0.05032, 0.2695, 0.5, 0.5, 0.4998, 0.5, 0.05032, 0.4985, 0.4998, 0.05, 0.05078, 0.5, 0.5, 0.4985, 0.5, 0.4995, 0.05, 0.4993, 0.9497, 0.949, 0.4995, 0.5, 0.05005, 0.4995, 0.05017, 0.5, 0.05002, 0.9497, 0.9497, 0.9497, 0.9497, 0.4995, 0.949, 0.05008], "10": [0.501, 0.05014, 0.9497, 0.5005, 0.5005, 0.05, 0.0501, 0.501, 0.05008, 0.9497, 0.501, 0.2756, 0.5005, 0.5005, 0.501, 0.9487, 0.05005, 0.05008, 0.501, 0.5005, 0.05014, 0.05005, 0.5, 0.5, 0.5, 0.95, 0.9487, 0.95, 0.95, 0.5, 0.5, 0.5, 0.05035, 0.5, 0.5, 0.5, 0.9487, 0.5, 0.5, 0.05005, 0.5, 0.9487, 0.5, 0.95, 0.5, 0.95, 0.5, 0.5, 0.5, 0.5005, 0.5005, 0.05017, 0.95, 0.95, 0.949, 0.95, 0.05, 0.949, 0.5, 0.05002, 0.5005, 0.05, 0.501, 0.501, 0.5005, 0.501, 0.5005, 0.501, 0.501, 0.501, 0.9497, 0.743, 0.949, 0.501, 0.05002, 0.5005, 0.501, 0.2756, 0.95, 0.0501, 0.5005, 0.501, 0.501, 0.5005, 0.949, 0.5005, 0.95, 0.05017, 0.95, 0.05005, 0.05014, 0.501, 0.949, 0.5005, 0.743, 0.05005, 0.501, 0.5005, 0.501, 0.501]}