{"5":{"(Float16(0.4985), Float16(0.5083))":95,"(Float16(0.9443), Float16(0.954))":2,"(Float16(0.968), Float16(0.9775))":3},"56":{"(Float16(0.498), Float16(0.508))":96,"(Float16(0.00649), Float16(0.0165))":1,"(Float16(0.951), Float16(0.961))":3},"35":{"(Float16(0.4995), Float16(0.5093))":99,"(Float16(0.9785), Float16(0.9883))":1},"55":{"(Float16(0.498), Float16(0.508))":98,"(Float16(0.948), Float16(0.958))":2},"60":{"(Float16(0.5005), Float16(0.5103))":100},"30":{"(Float16(0.4985), Float16(0.5083))":95,"(Float16(0.02995), Float16(0.03995))":2,"(Float16(0.95), Float16(0.96))":3},"32":{"(Float16(0.05072), Float16(0.06073))":2,"(Float16(0.5005), Float16(0.5103))":98},"6":{"(Float16(0.05212), Float16(0.06213))":3,"(Float16(0.4995), Float16(0.5093))":97},"67":{"(Float16(0.4985), Float16(0.5083))":98,"(Float16(0.03137), Float16(0.04138))":1,"(Float16(0.968), Float16(0.9775))":1},"45":{"(Float16(0.5005), Float16(0.5103))":100},"73":{"(Float16(0.01153), Float16(0.02153))":2,"(Float16(0.5005), Float16(0.5103))":98},"64":{"(Float16(0.4983), Float16(0.5083))":95,"(Float16(0.922), Float16(0.9316))":2,"(Float16(0.9863), Float16(0.996))":3},"90":{"(Float16(0.9326), Float16(0.9424))":3,"(Float16(0.4983), Float16(0.5083))":93,"(Float16(0.02757), Float16(0.03757))":4},"4":{"(Float16(0.03525), Float16(0.04526))":2,"(Float16(0.5005), Float16(0.5103))":98},"13":{"(Float16(0.4985), Float16(0.5083))":96,"(Float16(0.07886), Float16(0.08887))":2,"(Float16(0.9775), Float16(0.9873))":2},"54":{"(Float16(0.5005), Float16(0.5103))":100},"63":{"(Float16(0.5), Float16(0.51))":100},"86":{"(Float16(0.4985), Float16(0.5083))":98,"(Float16(0.965), Float16(0.9746))":2},"91":{"(Float16(0.5), Float16(0.51))":100},"62":{"(Float16(0.0506), Float16(0.0606))":3,"(Float16(0.0681), Float16(0.0781))":2,"(Float16(0.5005), Float16(0.5103))":95},"58":{"(Float16(0.931), Float16(0.941))":4,"(Float16(0.499), Float16(0.509))":95,"(Float16(0.04388), Float16(0.0539))":1},"52":{"(Float16(0.5), Float16(0.51))":98,"(Float16(0.9873), Float16(0.997))":2},"12":{"(Float16(0.498), Float16(0.508))":98,"(Float16(0.943), Float16(0.9526))":2},"28":{"(Float16(0.0948), Float16(0.1048))":3,"(Float16(0.07544), Float16(0.08545))":2,"(Float16(0.5005), Float16(0.5103))":95},"75":{"(Float16(0.07556), Float16(0.0856))":4,"(Float16(0.03693), Float16(0.04694))":3,"(Float16(0.5005), Float16(0.5103))":93},"23":{"(Float16(0.9805), Float16(0.99))":1,"(Float16(0.4995), Float16(0.5093))":99},"92":{"(Float16(0.5), Float16(0.51))":98,"(Float16(0.03854), Float16(0.04855))":2},"41":{"(Float16(0.4985), Float16(0.5083))":100},"43":{"(Float16(0.498), Float16(0.508))":96,"(Float16(0.971), Float16(0.981))":4},"11":{"(Float16(0.498), Float16(0.508))":100},"36":{"(Float16(0.0751), Float16(0.0851))":5,"(Float16(0.5005), Float16(0.5103))":95},"68":{"(Float16(0.9814), Float16(0.991))":2,"(Float16(0.498), Float16(0.508))":94,"(Float16(0.9316), Float16(0.9414))":4},"69":{"(Float16(0.4985), Float16(0.5083))":96,"(Float16(0.966), Float16(0.9756))":2,"(Float16(0.95), Float16(0.96))":2},"98":{"(Float16(0.5), Float16(0.51))":100},"82":{"(Float16(0.4985), Float16(0.5083))":98,"(Float16(0.9316), Float16(0.9414))":2},"85":{"(Float16(0.4985), Float16(0.5083))":93,"(Float16(0.03784), Float16(0.04785))":1,"(Float16(0.9326), Float16(0.9424))":2,"(Float16(0.948), Float16(0.958))":2,"(Float16(0.9062), Float16(0.916))":2},"39":{"(Float16(0.5), Float16(0.51))":95,"(Float16(0.07526), Float16(0.08527))":5},"84":{"(Float16(0.04828), Float16(0.0583))":1,"(Float16(0.966), Float16(0.9756))":2,"(Float16(0.4995), Float16(0.5093))":95,"(Float16(0.9854), Float16(0.995))":2},"77":{"(Float16(0.4985), Float16(0.5083))":98,"(Float16(0.959), Float16(0.9688))":2},"7":{"(Float16(0.05115), Float16(0.06116))":2,"(Float16(0.01462), Float16(0.02463))":3,"(Float16(0.4983), Float16(0.5083))":93,"(Float16(0.968), Float16(0.9775))":2},"25":{"(Float16(0.4985), Float16(0.5083))":96,"(Float16(0.914), Float16(0.924))":4},"95":{"(Float16(0.05478), Float16(0.06476))":2,"(Float16(0.5005), Float16(0.5103))":98},"71":{"(Float16(0.5), Float16(0.51))":99,"(Float16(0.968), Float16(0.9775))":1},"66":{"(Float16(0.5005), Float16(0.5103))":98,"(Float16(0.963), Float16(0.9727))":2},"76":{"(Float16(0.05695), Float16(0.06696))":2,"(Float16(0.5), Float16(0.51))":95,"(Float16(0.006775), Float16(0.01678))":2,"(Float16(0.98), Float16(0.9897))":1},"34":{"(Float16(0.4985), Float16(0.5083))":99,"(Float16(0.05695), Float16(0.06696))":1},"50":{"(Float16(0.5), Float16(0.51))":94,"(Float16(0.966), Float16(0.9756))":3,"(Float16(0.088), Float16(0.098))":1,"(Float16(0.9556), Float16(0.9653))":2},"59":{"(Float16(0.07385), Float16(0.08386))":3,"(Float16(0.03812), Float16(0.04813))":2,"(Float16(0.02344), Float16(0.03345))":2,"(Float16(0.5005), Float16(0.5103))":93},"93":{"(Float16(0.0714), Float16(0.0814))":3,"(Float16(0.4995), Float16(0.5093))":95,"(Float16(0.964), Float16(0.9736))":2},"2":{"(Float16(0.499), Float16(0.509))":94,"(Float16(0.03717), Float16(0.04718))":2,"(Float16(0.05774), Float16(0.06775))":4},"10":{"(Float16(0.4985), Float16(0.5083))":94,"(Float16(0.9624), Float16(0.972))":2,"(Float16(0.07275), Float16(0.08276))":2,"(Float16(0.9307), Float16(0.9404))":2},"18":{"(Float16(0.044), Float16(0.05402))":2,"(Float16(0.4988), Float16(0.509))":98},"26":{"(Float16(0.4985), Float16(0.5083))":98,"(Float16(0.953), Float16(0.963))":2},"27":{"(Float16(0.04214), Float16(0.05215))":2,"(Float16(0.0739), Float16(0.0839))":2,"(Float16(0.5), Float16(0.51))":94,"(Float16(0.02626), Float16(0.03625))":2},"42":{"(Float16(0.0327), Float16(0.04272))":1,"(Float16(0.966), Float16(0.9756))":3,"(Float16(0.5005), Float16(0.5103))":96},"87":{"(Float16(0.498), Float16(0.508))":100},"100":{"(Float16(0.498), Float16(0.508))":90,"(Float16(0.9824), Float16(0.992))":7,"(Float16(0.06238), Float16(0.0724))":3},"79":{"(Float16(0.9517), Float16(0.9614))":2,"(Float16(0.02289), Float16(0.0329))":2,"(Float16(0.499), Float16(0.509))":93,"(Float16(0.0641), Float16(0.0741))":3},"16":{"(Float16(0.04382), Float16(0.05383))":2,"(Float16(0.4988), Float16(0.509))":98},"20":{"(Float16(0.05484), Float16(0.0648))":4,"(Float16(0.9414), Float16(0.951))":3,"(Float16(0.5), Float16(0.51))":89,"(Float16(0.0659), Float16(0.0759))":4},"81":{"(Float16(0.4985), Float16(0.5083))":99,"(Float16(0.9707), Float16(0.9805))":1},"19":{"(Float16(0.5), Float16(0.51))":96,"(Float16(0.96), Float16(0.9697))":4},"49":{"(Float16(0.969), Float16(0.979))":3,"(Float16(0.498), Float16(0.508))":95,"(Float16(0.9375), Float16(0.9473))":2},"44":{"(Float16(0.4983), Float16(0.5083))":92,"(Float16(0.033), Float16(0.043))":1,"(Float16(0.908), Float16(0.918))":2,"(Float16(0.9395), Float16(0.949))":5},"9":{"(Float16(0.4985), Float16(0.5083))":97,"(Float16(0.01542), Float16(0.02542))":1,"(Float16(0.997), Float16(1.007))":2},"31":{"(Float16(0.4983), Float16(0.5083))":100},"74":{"(Float16(0.4985), Float16(0.5083))":96,"(Float16(0.06494), Float16(0.07495))":2,"(Float16(0.923), Float16(0.9326))":2},"61":{"(Float16(0.9336), Float16(0.9434))":3,"(Float16(0.4983), Float16(0.5083))":93,"(Float16(0.949), Float16(0.959))":2,"(Float16(0.961), Float16(0.9707))":2},"29":{"(Float16(0.933), Float16(0.943))":2,"(Float16(0.04974), Float16(0.05975))":1,"(Float16(0.4995), Float16(0.5093))":97},"94":{"(Float16(0.4985), Float16(0.5083))":96,"(Float16(0.9653), Float16(0.975))":4},"46":{"(Float16(0.03363), Float16(0.04364))":2,"(Float16(0.9736), Float16(0.9834))":1,"(Float16(0.5005), Float16(0.5103))":97},"57":{"(Float16(0.4995), Float16(0.5093))":97,"(Float16(0.9775), Float16(0.9873))":3},"70":{"(Float16(0.5), Float16(0.51))":100},"21":{"(Float16(0.0748), Float16(0.08484))":2,"(Float16(0.5005), Float16(0.5103))":95,"(Float16(0.00946), Float16(0.01947))":3},"38":{"(Float16(0.0692), Float16(0.0792))":3,"(Float16(0.4988), Float16(0.509))":97},"88":{"(Float16(0.4995), Float16(0.5093))":100},"78":{"(Float16(0.4985), Float16(0.5083))":98,"(Float16(0.919), Float16(0.9287))":2},"72":{"(Float16(0.5), Float16(0.51))":99,