{"5":{"(Float16(0.748), Float16(1.148))":43,"(Float16(0.0004547), Float16(0.4004))":57},"56":{"(Float16(0.0003948), Float16(0.4004))":100},"35":{"(Float16(0.709), Float16(1.109))":59,"(Float16(0.0004063), Float16(0.4004))":41},"55":{"(Float16(0.000703), Float16(0.4006))":37,"(Float16(0.6895), Float16(1.09))":63},"60":{"(Float16(0.000664), Float16(0.4006))":40,"(Float16(0.713), Float16(1.113))":60},"30":{"(Float16(0.0003762), Float16(0.4004))":53,"(Float16(0.7617), Float16(1.162))":47},"32":{"(Float16(0.0009146), Float16(0.401))":40,"(Float16(0.6523), Float16(1.053))":60},"6":{"(Float16(0.7275), Float16(1.128))":60,"(Float16(0.0007315), Float16(0.4006))":40},"67":{"(Float16(0.673), Float16(1.073))":73,"(Float16(0.001061), Float16(0.4011))":27},"45":{"(Float16(0.0004795), Float16(0.4004))":100},"73":{"(Float16(0.0001059), Float16(0.4001))":31,"(Float16(0.622), Float16(1.022))":69},"64":{"(Float16(0.6475), Float16(1.048))":66,"(Float16(0.00064), Float16(0.4006))":34},"90":{"(Float16(0.701), Float16(1.102))":65,"(Float16(0.0005875), Float16(0.4006))":35},"4":{"(Float16(0.6865), Float16(1.087))":66,"(Float16(0.000497), Float16(0.4004))":34},"13":{"(Float16(0.7354), Float16(1.136))":60,"(Float16(0.0007505), Float16(0.4006))":40},"54":{"(Float16(0.0004601), Float16(0.4004))":48,"(Float16(0.6045), Float16(1.005))":52},"63":{"(Float16(0.0007033), Float16(0.4006))":42,"(Float16(0.6934), Float16(1.094))":58},"86":{"(Float16(0.000624), Float16(0.4006))":30,"(Float16(0.7383), Float16(1.139))":70},"91":{"(Float16(0.702), Float16(1.103))":50,"(Float16(0.0005774), Float16(0.4006))":50},"62":{"(Float16(0.000424), Float16(0.4004))":44,"(Float16(0.707), Float16(1.107))":56},"58":{"(Float16(0.000538), Float16(0.4006))":52,"(Float16(0.6895), Float16(1.09))":48},"52":{"(Float16(0.711), Float16(1.111))":60,"(Float16(0.00054), Float16(0.4006))":40},"12":{"(Float16(0.0008116), Float16(0.401))":31,"(Float16(0.6357), Float16(1.036))":69},"28":{"(Float16(0.592), Float16(0.9917))":65,"(Float16(0.0004172), Float16(0.4004))":35},"75":{"(Float16(0.758), Float16(1.158))":54,"(Float16(0.0004187), Float16(0.4004))":46},"23":{"(Float16(0.0005503), Float16(0.4006))":42,"(Float16(0.6846), Float16(1.085))":58},"92":{"(Float16(0.0006275), Float16(0.4006))":48,"(Float16(0.7344), Float16(1.135))":52},"41":{"(Float16(0.0004675), Float16(0.4004))":100},"43":{"(Float16(0.666), Float16(1.066))":60,"(Float16(0.000818), Float16(0.401))":40},"11":{"(Float16(0.0004003), Float16(0.4004))":100},"36":{"(Float16(0.000681), Float16(0.4006))":32,"(Float16(0.623), Float16(1.023))":68},"68":{"(Float16(0.747), Float16(1.147))":46,"(Float16(0.0005007), Float16(0.4004))":54},"69":{"(Float16(0.6357), Float16(1.036))":54,"(Float16(0.0004735), Float16(0.4004))":46},"98":{"(Float16(0.000803), Float16(0.401))":34,"(Float16(0.616), Float16(1.017))":66},"82":{"(Float16(0.0004745), Float16(0.4004))":40,"(Float16(0.661), Float16(1.062))":60},"85":{"(Float16(0.000601), Float16(0.4006))":100},"39":{"(Float16(0.0004346), Float16(0.4004))":51,"(Float16(0.6016), Float16(1.002))":49},"84":{"(Float16(0.0005283), Float16(0.4006))":100},"77":{"(Float16(0.000536), Float16(0.4006))":64,"(Float16(0.75), Float16(1.15))":36},"7":{"(Float16(0.0005074), Float16(0.4004))":34,"(Float16(0.67), Float16(1.07))":66},"25":{"(Float16(0.0005965), Float16(0.4006))":49,"(Float16(0.6855), Float16(1.086))":51},"95":{"(Float16(0.6094), Float16(1.01))":34,"(Float16(0.0007086), Float16(0.4006))":66},"71":{"(Float16(0.6465), Float16(1.047))":61,"(Float16(0.0003276), Float16(0.4004))":39},"66":{"(Float16(0.6367), Float16(1.037))":54,"(Float16(0.0005684), Float16(0.4006))":46},"76":{"(Float16(0.751), Float16(1.151))":63,"(Float16(0.0007987), Float16(0.401))":37},"34":{"(Float16(0.0004148), Float16(0.4004))":100},"50":{"(Float16(0.000569), Float16(0.4006))":37,"(Float16(0.6064), Float16(1.007))":63},"59":{"(Float16(0.000559), Float16(0.4006))":100},"93":{"(Float16(0.00057), Float16(0.4006))":100},"2":{"(Float16(0.6865), Float16(1.087))":64,"(Float16(0.0002942), Float16(0.4004))":36},"10":{"(Float16(0.000595), Float16(0.4006))":42,"(Float16(0.7324), Float16(1.133))":58},"18":{"(Float16(0.000633), Float16(0.4006))":39,"(Float16(0.704), Float16(1.1045))":61},"26":{"(Float16(0.000608), Float16(0.4006))":34,"(Float16(0.5957), Float16(0.9956))":66},"27":{"(Float16(0.00057), Float16(0.4006))":47,"(Float16(0.7), Float16(1.101))":53},"42":{"(Float16(0.618), Float16(1.019))":54,"(Float16(0.0005827), Float16(0.4006))":46},"87":{"(Float16(0.0007696), Float16(0.401))":42,"(Float16(0.6875), Float16(1.088))":58},"100":{"(Float16(0.0005984), Float16(0.4006))":34,"(Float16(0.59), Float16(0.9897))":66},"79":{"(Float16(0.0006595), Float16(0.4006))":41,"(Float16(0.713), Float16(1.113))":59},"16":{"(Float16(0.0007505), Float16(0.4006))":36,"(Float16(0.6846), Float16(1.085))":64},"20":{"(Float16(0.6113), Float16(1.012))":66,"(Float16(0.0005765), Float16(0.4006))":34},"81":{"(Float16(0.7), Float16(1.101))":59,"(Float16(0.0005918), Float16(0.4006))":41},"19":{"(Float16(0.0004828), Float16(0.4004))":100},"49":{"(Float16(0.0005646), Float16(0.4006))":38,"(Float16(0.7305), Float16(1.131))":62},"44":{"(Float16(0.0005116), Float16(0.4004))":51,"(Float16(0.635), Float16(1.035))":49},"9":{"(Float16(0.000534), Float16(0.4006))":100},"31":{"(Float16(0.0004094), Float16(0.4004))":100},"74":{"(Float16(0.0004644), Float16(0.4004))":80,"(Float16(0.6504), Float16(1.051))":20},"61":{"(Float16(0.71), Float16(1.11))":55,"(Float16(0.000549), Float16(0.4006))":45},"29":{"(Float16(0.0003827), Float16(0.4004))":37,"(Float16(0.7), Float16(1.101))":63},"94":{"(Float16(0.629), Float16(1.029))":67,"(Float16(0.0006967), Float16(0.4006))":33},"46":{"(Float16(0.0005465), Float16(0.4006))":38,"(Float16(0.6797), Float16(1.08))":62},"57":{"(Float16(0.0004177), Float16(0.4004))":100},"70":{"(Float16(0.626), Float16(1.026))":59,"(Float16(0.0003786), Float16(0.4004))":41},"21":{"(Float16(0.0007434), Float16(0.4006))":44,"(Float16(0.621), Float16(1.021))":56},"38":{"(Float16(0.742), Float16(1.143))":49,"(Float16(0.0005326), Float16(0.4006))":51},"88":{"(Float16(0.0004597), Float16(0.4004))":53,"(Float16(0.7188), Float16(1.119))":47},"78":{"(Float16(0.000617), Float16(0.4006))":45,"(Float16(0.671), Float16(1.071))":55},"72":{"(Float16(0.0004792), Float16(0.4004))":39,"(Float16(0.675), Float16(1.075))":61},"24":{"(Float16(0.0004973), Float16(0.4004))":40,"(Float16(0.668), Float16(1.068))":60},"8":{"(Float16(0.0004325), Float16(0.4004))":100},"17":{"(Float16(0.0004306), Float16(0.4004))":40,"(Float16(0.7275), Float16(1.128))":60},"37":{"(Float16(0.0005646), Float16(0.4006))":40,"(Float16(0.5957), Float16(0.9956))":60},"1":{"(Float16(0.0006914), Float16(0.4006))":39,"(Float16(0.6797), Float16(1.08))":61},"53":{"(Float16(0.000404), Float16(0.4004))":100},"22":{"(Float16(0.0007954), Float16(0.401))":56,"(Float16(0.7617), Float16(1.162))":44},"47":{"(Float16(0.0006933), Float16(0.4006))":37,"(Float16(0.661), Float16(1.062))":63},"83":{"(Float16(0.0005674), Float16(0.4006))":100},"99":{"(Float16(0.000651), Float16(0.4006))":29,"(Float16(0.585), Float16(0.985))":71},"89":{"(Float16(0.0005226), Float16(0.4006))":41,"(Float16(0.5674), Float16(0.9673))":59},"14":{"(Float16(0.5107), Float16(0.9106))":43,"(Float16(0.0005527), Float16(0.4006))":57},"3":{"(Float16(0.633), Float16(1.033))":33,"(Float16(0.0005484), Float16(0.4006))":67},"80":{"(Float16(0.7354), Float16(1.136))":47,"(Float16(0.0006437), Float16(0.4006))":53},"96":{"(Float16(0.0006847), Float16(0.4006))":43,"(Float16(0.665), Float16(1.065))":57},"51":{"(Float16(0.000573), Float16(0.4006))":30,"(Float16(0.6475), Float16(1.048))":70},"33":{"(Float16(0.587), Float16(0.987))":52,"(Float16(0.000534), Float16(0.4006))":48},"40":{"(Float16(0.633), Float16(1.033))":50,"(Float16(0.0007067), Float16(0.4006))":50},"48":{"(Float16(0.0008693), Float16(0.401))":41,"(Float16(0.6357), Float16(1.036))":59},"15":{"(Float16(0.6953), Float16(1.096))":58,