{"5":{"(Float16(0.0001215), Float16(0.010124))":100},"56":{"(Float16(0.6426), Float16(0.6523))":70,"(Float16(5.0e-7), Float16(0.01))":30},"55":{"(Float16(0.582), Float16(0.592))":64,"(Float16(1.1e-6), Float16(0.01))":36},"35":{"(Float16(1.1e-6), Float16(0.01))":30,"(Float16(0.6406), Float16(0.6504))":70},"60":{"(Float16(0.634), Float16(0.6436))":67,"(Float16(5.0e-7), Float16(0.01))":33},"30":{"(Float16(0.6494), Float16(0.659))":46,"(Float16(1.6e-6), Float16(0.01))":54},"32":{"(Float16(0.6357), Float16(0.6455))":62,"(Float16(1.2e-6), Float16(0.01))":38},"6":{"(Float16(1.0e-7), Float16(0.01))":28,"(Float16(0.625), Float16(0.635))":72},"67":{"(Float16(6.0e-8), Float16(0.01))":37,"(Float16(0.659), Float16(0.669))":63},"45":{"(Float16(9.4e-6), Float16(0.01001))":37,"(Float16(0.5566), Float16(0.5664))":63},"73":{"(Float16(0.0001471), Float16(0.01015))":90,"(Float16(0.502), Float16(0.5117))":2,"(Float16(0.547), Float16(0.5566))":4,"(Float16(0.471), Float16(0.481))":2,"(Float16(0.5312), Float16(0.541))":2},"64":{"(Float16(4.5e-6), Float16(0.01001))":33,"(Float16(0.628), Float16(0.6377))":67},"90":{"(Float16(0.6113), Float16(0.621))":58,"(Float16(0.0), Float16(0.01))":42},"4":{"(Float16(2.68e-5), Float16(0.01003))":36,"(Float16(0.6045), Float16(0.6143))":64},"13":{"(Float16(0.0), Float16(0.01))":42,"(Float16(0.6416), Float16(0.6514))":58},"54":{"(Float16(0.632), Float16(0.6416))":68,"(Float16(4.0e-7), Float16(0.01))":32},"63":{"(Float16(0.587), Float16(0.5967))":78,"(Float16(8.863e-5), Float16(0.01009))":22},"86":{"(Float16(1.0e-7), Float16(0.01))":46,"(Float16(0.7), Float16(0.71))":54},"91":{"(Float16(0.6274), Float16(0.637))":54,"(Float16(3.6e-7), Float16(0.01))":46},"62":{"(Float16(1.025e-5), Float16(0.01001))":69,"(Float16(0.593), Float16(0.6025))":31},"58":{"(Float16(5.25e-6), Float16(0.01001))":37,"(Float16(0.708), Float16(0.718))":63},"52":{"(Float16(0.6914), Float16(0.701))":63,"(Float16(0.0), Float16(0.01))":37},"12":{"(Float16(0.6245), Float16(0.6343))":7,"(Float16(7.6e-5), Float16(0.01008))":52,"(Float16(0.692), Float16(0.7017))":2,"(Float16(0.668), Float16(0.6777))":8,"(Float16(0.702), Float16(0.712))":2,"(Float16(0.6787), Float16(0.6885))":7,"(Float16(0.583), Float16(0.593))":4,"(Float16(0.6543), Float16(0.664))":5,"(Float16(0.6025), Float16(0.6123))":2,"(Float16(0.5674), Float16(0.577))":7,"(Float16(0.6436), Float16(0.6533))":4},"28":{"(Float16(0.6055), Float16(0.615))":2,"(Float16(0.679), Float16(0.689))":4,"(Float16(0.834), Float16(0.8438))":3,"(Float16(0.7705), Float16(0.7803))":3,"(Float16(0.5195), Float16(0.5293))":2,"(Float16(0.7603), Float16(0.77))":4,"(Float16(0.698), Float16(0.708))":2,"(Float16(0.715), Float16(0.7246))":8,"(Float16(0.7295), Float16(0.7393))":4,"(Float16(0.746), Float16(0.756))":5,"(Float16(0.663), Float16(0.673))":8,"(Float16(7.5e-5), Float16(0.01008))":51,"(Float16(0.6357), Float16(0.6455))":2,"(Float16(0.5566), Float16(0.5664))":2},"75":{"(Float16(0.593), Float16(0.6025))":72,"(Float16(4.834e-5), Float16(0.01005))":28},"23":{"(Float16(0.7637), Float16(0.7734))":2,"(Float16(0.0001161), Float16(0.01012))":43,"(Float16(0.58), Float16(0.59))":2,"(Float16(0.5557), Float16(0.5654))":4,"(Float16(0.4878), Float16(0.4978))":5,"(Float16(0.7783), Float16(0.788))":2,"(Float16(0.514), Float16(0.524))":5,"(Float16(0.6646), Float16(0.6743))":2,"(Float16(0.5244), Float16(0.534))":8,"(Float16(0.724), Float16(0.734))":4,"(Float16(0.536), Float16(0.546))":3,"(Float16(0.706), Float16(0.716))":2,"(Float16(0.6113), Float16(0.621))":2,"(Float16(0.592), Float16(0.6016))":5,"(Float16(0.7344), Float16(0.744))":7,"(Float16(0.6357), Float16(0.6455))":2,"(Float16(0.69), Float16(0.6997))":2},"92":{"(Float16(0.632), Float16(0.6416))":66,"(Float16(7.0e-7), Float16(0.01))":34},"41":{"(Float16(6.0e-8), Float16(0.01))":31,"(Float16(0.619), Float16(0.629))":69},"43":{"(Float16(0.6562), Float16(0.666))":66,"(Float16(1.436e-5), Float16(0.01002))":34},"69":{"(Float16(0.0), Float16(0.01))":34,"(Float16(0.619), Float16(0.629))":66},"11":{"(Float16(5.543e-5), Float16(0.010056))":35,"(Float16(0.5986), Float16(0.6084))":65},"68":{"(Float16(0.6377), Float16(0.6475))":58,"(Float16(1.56e-5), Float16(0.01002))":42},"98":{"(Float16(0.6455), Float16(0.6553))":62,"(Float16(1.3e-6), Float16(0.01))":38},"36":{"(Float16(6.39e-5), Float16(0.01006))":97,"(Float16(0.4883), Float16(0.4983))":3},"82":{"(Float16(2.4e-7), Float16(0.01))":37,"(Float16(0.6543), Float16(0.664))":63},"85":{"(Float16(0.574), Float16(0.584))":55,"(Float16(2.21e-5), Float16(0.010025))":45},"39":{"(Float16(0.634), Float16(0.6436))":63,"(Float16(1.0e-7), Float16(0.01))":37},"84":{"(Float16(0.6104), Float16(0.62))":59,"(Float16(2.26e-6), Float16(0.01))":41},"77":{"(Float16(0.676), Float16(0.6855))":65,"(Float16(2.6e-6), Float16(0.01))":35},"7":{"(Float16(9.555e-5), Float16(0.0101))":32,"(Float16(0.627), Float16(0.6367))":68},"25":{"(Float16(6.0e-8), Float16(0.01))":28,"(Float16(0.629), Float16(0.6387))":72},"95":{"(Float16(0.7246), Float16(0.7344))":48,"(Float16(1.55e-5), Float16(0.01002))":52},"71":{"(Float16(0.6885), Float16(0.698))":67,"(Float16(5.865e-5), Float16(0.01006))":33},"66":{"(Float16(1.705e-5), Float16(0.01002))":42,"(Float16(0.6807), Float16(0.6904))":58},"76":{"(Float16(0.6055), Float16(0.615))":75,"(Float16(2.0e-7), Float16(0.01))":25},"93":{"(Float16(1.0e-7), Float16(0.01))":45,"(Float16(0.6357), Float16(0.6455))":55},"50":{"(Float16(0.6914), Float16(0.701))":57,"(Float16(2.4e-7), Float16(0.01))":43},"59":{"(Float16(4.566e-5), Float16(0.01005))":38,"(Float16(0.6465), Float16(0.6562))":62},"34":{"(Float16(5.09e-5), Float16(0.010056))":31,"(Float16(0.671), Float16(0.6807))":69},"2":{"(Float16(1.49e-5), Float16(0.01002))":26,"(Float16(0.6064), Float16(0.616))":74},"27":{"(Float16(2.015e-5), Float16(0.010025))":33,"(Float16(0.584), Float16(0.5938))":67},"10":{"(Float16(0.6904), Float16(0.7))":63,"(Float16(3.1e-6), Float16(0.01))":37},"26":{"(Float16(2.2e-6), Float16(0.01))":38,"(Float16(0.6772), Float16(0.687))":62},"18":{"(Float16(0.4966), Float16(0.5063))":2,"(Float16(0.0001345), Float16(0.01014))":98},"42":{"(Float16(0.6904), Float16(0.7))":60,"(Float16(1.2e-6), Float16(0.01))":40},"87":{"(Float16(0.6504), Float16(0.66))":72,"(Float16(3.0e-7), Float16(0.01))":28},"100":{"(Float16(8.7e-6), Float16(0.01001))":28,"(Float16(0.5996), Float16(0.6094))":72},"79":{"(Float16(0.715), Float16(0.7246))":61,"(Float16(5.4e-7), Float16(0.01))":39},"16":{"(Float16(1.55e-6), Float16(0.01))":31,"(Float16(0.6426), Float16(0.6523))":69},"81":{"(Float16(0.6523), Float16(0.662))":58,"(Float16(6.7e-6), Float16(0.01001))":42},"20":{"(Float16(1.216e-5), Float16(0.01002))":35,"(Float16(0.702), Float16(0.712))":65},"19":{"(Float16(1.47e-5), Float16(0.01002))":40,"(Float16(0.704), Float16(0.714))":60},"49":{"(Float16(5.4e-7), Float16(0.01))":27,"(Float16(0.661), Float16(0.671))":73},"44":{"(Float16(2.86e-6), Float16(0.01))":34,"(Float16(0.5938), Float16(0.6035))":66},"31":{"(Float16(0.6504), Float16(0.66))":60,"(Float16(6.974e-5), Float16(0.01007))":40},"9":{"(Float16(0.0), Float16(0.01))":36,"(Float16(0.6416), Float16(0.6514))":64},"74":{"(Float16(0.0), Float16(0.01))":37,"(Float16(0.6562), Float16(0.666))":63},"61":{"(Float16(0.6533), Float16(0.663))":64,"(Float16(0.0), Float16(0.01))":36},"29":{"(Float16(0.674), Float16(0.6836))":60,"(Float16(1.67e-6), Float16(0.01))":40},"94":{"(Float16(0.6055), Float16(0.615))":65,"(Float16(8.3e-7), Float16(0.01))":35},"46":{"(Float16(0.5967), Float16(0.6064))":72,"(Float16(2.4e-7), Float16(0.01))":28},"57":{"(Float16(5.63e-5), Float16(0.010056))":99,"(Float16(0.476), Float16(0.486))":1},"70":{"(Float16(9.5e-7), Float16(0.01))":34,"(Float16(0.6904), Float16(0.7))":66},"21":{"(Float16(0.6943), Float16(0.704))":53,"(Float16(2.86e-5), Float16(0.01003))":47},"88":{"(Float16(0.673), Float16(0.6826))":50,"(Float16(2.29e-5), Float16(0.010025))":50},"38":{"(Float16(0.6475), Float16(0.657))":69,"(Float16(5.0e-7), Float16(0.01))":31},"78":{"(Float16(0.6533), Float16(0.663))":65,