{"32":{"(Float16(0.3677), Float16(0.568))":71,"(Float16(0.88), Float16(1.08))":15,"(Float16(0.0007687), Float16(0.2008))":6,"(Float16(0.6304), Float16(0.8306))":8},"29":{"(Float16(4.9e-6), Float16(0.2))":28,"(Float16(0.953), Float16(1.153))":2,"(Float16(0.7466), Float16(0.947))":13,"(Float16(0.4883), Float16(0.6885))":57},"1":{"(Float16(0.5947), Float16(0.795))":78,"(Float16(1.35e-5), Float16(0.2001))":22},"54":{"(Float16(0.927), Float16(1.127))":3,"(Float16(0.254), Float16(0.4539))":40,"(Float16(0.7), Float16(0.9004))":47,"(Float16(0.00039), Float16(0.2004))":10},"78":{"(Float16(8.38e-5), Float16(0.2001))":28,"(Float16(0.4072), Float16(0.6074))":31,"(Float16(0.8145), Float16(1.015))":29,"(Float16(0.205), Float16(0.405))":12},"81":{"(Float16(3.654e-5), Float16(0.2001))":33,"(Float16(0.8955), Float16(1.096))":2,"(Float16(0.6787), Float16(0.879))":28,"(Float16(0.4712), Float16(0.6714))":37},"2":{"(Float16(0.0005445), Float16(0.2006))":7,"(Float16(0.752), Float16(0.952))":60,"(Float16(0.435), Float16(0.6353))":2,"(Float16(0.2041), Float16(0.404))":31},"74":{"(Float16(0.841), Float16(1.041))":18,"(Float16(0.0004501), Float16(0.2004))":29,"(Float16(0.632), Float16(0.832))":19,"(Float16(0.416), Float16(0.616))":34},"41":{"(Float16(0.591), Float16(0.791))":60,"(Float16(0.3623), Float16(0.5625))":28,"(Float16(0.0002294), Float16(0.2002))":12},"65":{"(Float16(0.584), Float16(0.784))":63,"(Float16(0.00011003), Float16(0.2001))":23,"(Float16(0.2065), Float16(0.4065))":5,"(Float16(0.8506), Float16(1.051))":9},"51":{"(Float16(0.2128), Float16(0.4128))":27,"(Float16(0.0001316), Float16(0.2001))":13,"(Float16(0.4158), Float16(0.6157))":10,"(Float16(0.7363), Float16(0.9365))":50},"53":{"(Float16(0.4463), Float16(0.6465))":50,"(Float16(0.715), Float16(0.915))":26,"(Float16(0.0001252), Float16(0.2001))":18,"(Float16(0.924), Float16(1.124))":6},"27":{"(Float16(0.4539), Float16(0.654))":2,"(Float16(0.00010335), Float16(0.2001))":17,"(Float16(0.2168), Float16(0.4167))":10,"(Float16(0.9336), Float16(1.134))":3,"(Float16(0.6943), Float16(0.8945))":68},"75":{"(Float16(0.7593), Float16(0.9595))":25,"(Float16(0.5576), Float16(0.758))":32,"(Float16(0.2374), Float16(0.4375))":43},"42":{"(Float16(2.83e-5), Float16(0.2001))":24,"(Float16(0.547), Float16(0.747))":76},"33":{"(Float16(0.3584), Float16(0.5586))":47,"(Float16(0.9873), Float16(1.1875))":4,"(Float16(0.0008764), Float16(0.2009))":18,"(Float16(0.568), Float16(0.768))":11,"(Float16(0.769), Float16(0.969))":20},"28":{"(Float16(0.0001339), Float16(0.2001))":29,"(Float16(0.2141), Float16(0.414))":5,"(Float16(0.5957), Float16(0.796))":66},"50":{"(Float16(0.001134), Float16(0.2012))":3,"(Float16(0.5015), Float16(0.7017))":12,"(Float16(0.9707), Float16(1.171))":2,"(Float16(0.289), Float16(0.489))":49,"(Float16(0.714), Float16(0.914))":34},"52":{"(Float16(0.7666), Float16(0.967))":33,"(Float16(0.00011545), Float16(0.2001))":19,"(Float16(0.228), Float16(0.428))":3,"(Float16(0.5273), Float16(0.7275))":45},"63":{"(Float16(1.38e-5), Float16(0.2001))":26,"(Float16(0.2412), Float16(0.4412))":11,"(Float16(0.6777), Float16(0.878))":63},"92":{"(Float16(3.09e-5), Float16(0.2001))":27,"(Float16(0.626), Float16(0.826))":68,"(Float16(0.217), Float16(0.417))":5},"88":{"(Float16(0.9023), Float16(1.103))":2,"(Float16(0.662), Float16(0.8623))":40,"(Float16(0.4055), Float16(0.6055))":21,"(Float16(0.0003252), Float16(0.2003))":37},"93":{"(Float16(0.787), Float16(0.9873))":37,"(Float16(5.78e-5), Float16(0.2001))":30,"(Float16(0.4062), Float16(0.6064))":33},"26":{"(Float16(0.8555), Float16(1.056))":7,"(Float16(0.65), Float16(0.85))":30,"(Float16(6.753e-5), Float16(0.2001))":17,"(Float16(0.391), Float16(0.5913))":46},"10":{"(Float16(0.4048), Float16(0.605))":46,"(Float16(0.6445), Float16(0.8447))":26,"(Float16(0.8496), Float16(1.05))":18,"(Float16(0.0002832), Float16(0.2003))":10},"77":{"(Float16(0.4102), Float16(0.6104))":15,"(Float16(0.6196), Float16(0.82))":46,"(Float16(0.0006084), Float16(0.2006))":39},"24":{"(Float16(0.643), Float16(0.8433))":35,"(Float16(0.0004048), Float16(0.2004))":53,"(Float16(0.8613), Float16(1.062))":3,"(Float16(0.439), Float16(0.639))":9},"87":{"(Float16(0.758), Float16(0.958))":50,"(Float16(0.276), Float16(0.4758))":23,"(Float16(0.0001395), Float16(0.2002))":20,"(Float16(0.4883), Float16(0.6885))":7},"58":{"(Float16(0.758), Float16(0.958))":46,"(Float16(0.412), Float16(0.6123))":16,"(Float16(0.0002234), Float16(0.2002))":13,"(Float16(0.2078), Float16(0.4077))":25},"25":{"(Float16(0.214), Float16(0.414))":16,"(Float16(0.4204), Float16(0.6206))":27,"(Float16(0.8057), Float16(1.006))":41,"(Float16(9.084e-5), Float16(0.2001))":16},"23":{"(Float16(0.3677), Float16(0.568))":42,"(Float16(0.6934), Float16(0.8936))":39,"(Float16(0.0001304), Float16(0.2001))":19},"49":{"(Float16(0.2554), Float16(0.4553))":28,"(Float16(0.4673), Float16(0.6675))":22,"(Float16(2.706e-5), Float16(0.2001))":24,"(Float16(0.8135), Float16(1.014))":26},"59":{"(Float16(0.0005946), Float16(0.2006))":9,"(Float16(0.7607), Float16(0.961))":20,"(Float16(0.4678), Float16(0.668))":71},"5":{"(Float16(0.457), Float16(0.657))":35,"(Float16(0.2046), Float16(0.4045))":2,"(Float16(0.6963), Float16(0.8965))":37,"(Float16(8.273e-5), Float16(0.2001))":26},"31":{"(Float16(0.000394), Float16(0.2004))":47,"(Float16(0.9717), Float16(1.172))":4,"(Float16(0.4175), Float16(0.6177))":20,"(Float16(0.661), Float16(0.8613))":29},"89":{"(Float16(0.42), Float16(0.62))":25,"(Float16(0.833), Float16(1.033))":42,"(Float16(0.000564), Float16(0.2006))":19,"(Float16(0.2091), Float16(0.4092))":14},"62":{"(Float16(0.9785), Float16(1.179))":3,"(Float16(0.000165), Float16(0.2002))":17,"(Float16(0.7485), Float16(0.9487))":23,"(Float16(0.2439), Float16(0.4438))":6,"(Float16(0.5176), Float16(0.718))":51},"43":{"(Float16(0.8594), Float16(1.06))":13,"(Float16(0.438), Float16(0.638))":14,"(Float16(0.0004096), Float16(0.2004))":50,"(Float16(0.653), Float16(0.853))":23},"90":{"(Float16(0.812), Float16(1.012))":24,"(Float16(0.61), Float16(0.81))":16,"(Float16(0.001591), Float16(0.2015))":5,"(Float16(0.3276), Float16(0.528))":55},"39":{"(Float16(0.2019), Float16(0.4019))":21,"(Float16(0.441), Float16(0.641))":9,"(Float16(0.0003161), Float16(0.2003))":24,"(Float16(0.7734), Float16(0.9736))":46},"34":{"(Float16(0.415), Float16(0.615))":13,"(Float16(0.2007), Float16(0.4006))":19,"(Float16(9.567e-5), Float16(0.2001))":23,"(Float16(0.8), Float16(1.0))":45},"44":{"(Float16(0.0002916), Float16(0.2003))":9,"(Float16(0.2627), Float16(0.4626))":48,"(Float16(0.8037), Float16(1.004))":35,"(Float16(0.4907), Float16(0.691))":8},"94":{"(Float16(0.3394), Float16(0.5396))":9,"(Float16(0.0002642), Float16(0.2003))":13,"(Float16(0.671), Float16(0.871))":75,"(Float16(0.949), Float16(1.149))":3},"55":{"(Float16(5.573e-5), Float16(0.2001))":16,"(Float16(0.7354), Float16(0.9355))":62,"(Float16(0.2026), Float16(0.4026))":22},"86":{"(Float16(0.994), Float16(1.194))":2,"(Float16(0.743), Float16(0.9434))":46,"(Float16(0.2029), Float16(0.4028))":23,"(Float16(0.4941), Float16(0.6943))":3,"(Float16(2.55e-5), Float16(0.2001))":26},"17":{"(Float16(0.922), Float16(1.122))":5,"(Float16(0.0002294), Float16(0.2002))":19,"(Float16(0.72), Float16(0.9204))":33,"(Float16(0.4365), Float16(0.6367))":43},"99":{"(Float16(0.2009), Float16(0.401))":4,"(Float16(0.4653), Float16(0.6655))":53,"(Float16(4.1e-6), Float16(0.2))":31,"(Float16(0.859), Float16(1.059))":12},"71":{"(Float16(0.2069), Float16(0.407))":5,"(Float16(6.944e-5), Float16(0.2001))":23,"(Float16(0.4941), Float16(0.6943))":46,"(Float16(0.7925), Float16(0.9927))":26},"37":{"(Float16(0.7666), Float16(0.967))":18,"(Float16(0.0001763), Float16(0.2002))":21,"(Float16(0.985), Float16(1.185))":2,"(Float16(0.4766), Float16(0.677))":59},"47":{"(Float16(0.7646), Float16(0.965))":46,"(Float16(0.4307), Float16(0.631))":13,"(Float16(0.0001531), Float16(0.2002))":22,"(Float16(0.2148), Float16(0.4148))":19},"9":{"(Float16(0.551), Float16(0.751))":27,"(Float16(0.2983), Float16(0.4983))":47,