{"5":{"(Float16(0.88), Float16(1.28))":4,"(Float16(0.437), Float16(0.837))":96},"56":{"(Float16(0.4917), Float16(0.8916))":100},"35":{"(Float16(0.5615), Float16(0.9614))":99,"(Float16(0.12115), Float16(0.521))":1},"55":{"(Float16(0.5176), Float16(0.9175))":100},"60":{"(Float16(0.083), Float16(0.483))":2,"(Float16(0.506), Float16(0.906))":98},"30":{"(Float16(0.4868), Float16(0.8867))":100},"32":{"(Float16(0.495), Float16(0.895))":98,"(Float16(0.9424), Float16(1.343))":2},"6":{"(Float16(0.4805), Float16(0.8804))":100},"67":{"(Float16(0.5176), Float16(0.9175))":99,"(Float16(0.10205), Float16(0.502))":1},"45":{"(Float16(0.481), Float16(0.881))":100},"73":{"(Float16(0.458), Float16(0.858))":100},"64":{"(Float16(0.4756), Float16(0.8755))":99,"(Float16(0.914), Float16(1.314))":1},"90":{"(Float16(0.5107), Float16(0.9106))":100},"4":{"(Float16(0.4941), Float16(0.894))":100},"13":{"(Float16(0.4697), Float16(0.8696))":100},"54":{"(Float16(0.4658), Float16(0.8657))":100},"63":{"(Float16(0.05823), Float16(0.4583))":1,"(Float16(0.5137), Float16(0.9136))":99},"86":{"(Float16(0.961), Float16(1.361))":5,"(Float16(0.4644), Float16(0.8643))":95},"91":{"(Float16(0.533), Float16(0.933))":100},"62":{"(Float16(0.9087), Float16(1.309))":2,"(Float16(0.4458), Float16(0.8457))":98},"58":{"(Float16(0.4724), Float16(0.8726))":100},"52":{"(Float16(0.5254), Float16(0.9253))":100},"12":{"(Float16(0.0802), Float16(0.4802))":1,"(Float16(0.5117), Float16(0.9116))":99},"28":{"(Float16(0.496), Float16(0.896))":99,"(Float16(0.933), Float16(1.333))":1},"75":{"(Float16(0.4941), Float16(0.894))":100},"23":{"(Float16(0.05038), Float16(0.4504))":1,"(Float16(0.4956), Float16(0.8955))":99},"92":{"(Float16(0.007797), Float16(0.4077))":1,"(Float16(0.4912), Float16(0.891))":99},"41":{"(Float16(0.12146), Float16(0.5215))":2,"(Float16(0.5283), Float16(0.928))":98},"43":{"(Float16(0.4788), Float16(0.879))":99,"(Float16(0.9404), Float16(1.341))":1},"11":{"(Float16(0.501), Float16(0.901))":100},"36":{"(Float16(0.4646), Float16(0.8647))":100},"68":{"(Float16(0.502), Float16(0.902))":100},"69":{"(Float16(0.482), Float16(0.882))":100},"98":{"(Float16(0.506), Float16(0.906))":100},"82":{"(Float16(0.4907), Float16(0.8906))":100},"85":{"(Float16(0.4966), Float16(0.8965))":100},"39":{"(Float16(0.5156), Float16(0.9155))":99,"(Float16(0.9824), Float16(1.383))":1},"84":{"(Float16(0.502), Float16(0.902))":100},"77":{"(Float16(0.477), Float16(0.877))":100},"7":{"(Float16(0.02914), Float16(0.4292))":2,"(Float16(0.4746), Float16(0.8745))":96,"(Float16(0.959), Float16(1.359))":2},"25":{"(Float16(0.501), Float16(0.901))":100},"95":{"(Float16(0.4985), Float16(0.8984))":100},"71":{"(Float16(0.5215), Float16(0.9214))":99,"(Float16(0.10046), Float16(0.5005))":1},"66":{"(Float16(0.4963), Float16(0.8965))":100},"76":{"(Float16(0.4944), Float16(0.8945))":100},"34":{"(Float16(0.4995), Float16(0.8994))":100},"50":{"(Float16(0.908), Float16(1.309))":1,"(Float16(0.4424), Float16(0.8423))":99},"59":{"(Float16(0.4917), Float16(0.8916))":100},"93":{"(Float16(0.5537), Float16(0.9536))":100},"2":{"(Float16(0.497), Float16(0.897))":100},"10":{"(Float16(0.004406), Float16(0.4043))":1,"(Float16(0.498), Float16(0.898))":99},"18":{"(Float16(0.497), Float16(0.897))":99,"(Float16(0.962), Float16(1.362))":1},"26":{"(Float16(0.0787), Float16(0.4788))":1,"(Float16(0.5166), Float16(0.9165))":99},"27":{"(Float16(0.5225), Float16(0.9224))":98,"(Float16(0.07446), Float16(0.4744))":2},"42":{"(Float16(0.457), Float16(0.857))":99,"(Float16(0.948), Float16(1.349))":1},"87":{"(Float16(0.4727), Float16(0.8726))":98,"(Float16(0.9727), Float16(1.373))":2},"100":{"(Float16(0.534), Float16(0.934))":100},"79":{"(Float16(0.4502), Float16(0.85))":100},"16":{"(Float16(0.995), Float16(1.3955))":1,"(Float16(0.4976), Float16(0.8975))":98,"(Float16(0.0159), Float16(0.416))":1},"20":{"(Float16(0.03375), Float16(0.4338))":2,"(Float16(0.4773), Float16(0.8774))":98},"81":{"(Float16(0.5083), Float16(0.908))":100},"19":{"(Float16(0.4739), Float16(0.874))":99,"(Float16(0.04172), Float16(0.4417))":1},"49":{"(Float16(0.4907), Float16(0.8906))":100},"44":{"(Float16(0.4768), Float16(0.877))":100},"9":{"(Float16(0.942), Float16(1.342))":1,"(Float16(0.4731), Float16(0.873))":99},"31":{"(Float16(0.4985), Float16(0.8984))":100},"74":{"(Float16(0.4795), Float16(0.8794))":100},"61":{"(Float16(0.9673), Float16(1.367))":2,"(Float16(0.4849), Float16(0.885))":98},"29":{"(Float16(0.4697), Float16(0.8696))":100},"94":{"(Float16(0.4722), Float16(0.872))":100},"46":{"(Float16(0.5156), Float16(0.9155))":100},"57":{"(Float16(0.5117), Float16(0.9116))":100},"70":{"(Float16(0.5557), Float16(0.9556))":100},"21":{"(Float16(0.05716), Float16(0.4573))":2,"(Float16(0.532), Float16(0.932))":98},"38":{"(Float16(0.5254), Float16(0.9253))":100},"88":{"(Float16(0.953), Float16(1.354))":1,"(Float16(0.4595), Float16(0.8594))":99},"78":{"(Float16(0.4922), Float16(0.892))":100},"72":{"(Float16(0.5293), Float16(0.929))":98,"(Float16(0.05795), Float16(0.458))":2},"24":{"(Float16(0.462), Float16(0.862))":99,"(Float16(0.9414), Float16(1.342))":1},"8":{"(Float16(0.9204), Float16(1.32))":4,"(Float16(0.4316), Float16(0.8315))":96},"17":{"(Float16(0.5205), Float16(0.9204))":100},"37":{"(Float16(0.908), Float16(1.309))":1,"(Float16(0.463), Float16(0.863))":99},"1":{"(Float16(0.5283), Float16(0.928))":100},"53":{"(Float16(0.4424), Float16(0.8423))":99,"(Float16(0.919), Float16(1.319))":1},"22":{"(Float16(0.5166), Float16(0.9165))":99,"(Float16(0.01132), Float16(0.4114))":1},"47":{"(Float16(0.4883), Float16(0.888))":100},"83":{"(Float16(0.488), Float16(0.888))":99,"(Float16(0.02948), Float16(0.4294))":1},"99":{"(Float16(0.497), Float16(0.897))":100},"89":{"(Float16(0.5303), Float16(0.93))":100},"14":{"(Float16(0.4639), Float16(0.864))":100},"3":{"(Float16(0.505), Float16(0.905))":100},"80":{"(Float16(0.4597), Float16(0.86))":100},"96":{"(Float16(0.0763), Float16(0.4763))":3,"(Float16(0.54), Float16(0.94))":97},"51":{"(Float16(0.496), Float16(0.896))":100},"33":{"(Float16(0.4702), Float16(0.87))":100},"40":{"(Float16(0.4521), Float16(0.852))":100},"48":{"(Float16(0.503), Float16(0.903))":100},"15":{"(Float16(0.4756), Float16(0.8755))":100},"65":{"(Float16(0.54), Float16(0.94))":100},"97":{"(Float16(0.5166), Float16(0.9165))":100}}