{"5":[0.788,0.787,0.787,0.787,0.787,0.787,3.6e-7,4.97e-5,5.6e-6,0.3525,0.2114,0.787,0.5273,0.787,0.5493,0.787,0.787,0.7876,0.7886,0.789,0.789,0.3467,0.7896,0.79,6.8e-6,0.7905,0.791,0.4814,3.34e-6,3.64e-6,2.5e-6,0.5547,0.7915,1.1e-6,7.5e-6,0.792,0.5493,0.2808,0.7925,6.1e-6,0.793,0.507,0.3467,0.5273,6.6e-7,0.793,6.6e-7,0.4814,0.287,0.287,0.793,0.793,0.2114,0.793,6.1e-6,2.5e-6,0.793,0.5547,0.3188,0.793,0.7935,0.794,0.3525,2.486e-5,0.2808,3.93e-6,0.794,0.794,5.4e-7,0.311,0.794,0.794,0.379,7.5e-6,0.7935,0.793,1.67e-6,0.7925,0.507,0.792,0.7915,0.791,0.791,0.7905,4.3e-6,0.79,0.79,0.79,0.79,0.3188,0.7896,0.789,0.789,4.3e-6,0.7886,0.7886,0.311,0.2114,0.379,0.788],"4":[0.783,0.3076,0.4995,0.2708,0.784,0.0001585,0.001203,0.4995,0.2205,0.784,0.7847,0.2751,0.3032,0.3174,0.2205,0.00119,0.2708,0.785,0.785,0.2074,0.3174,0.3032,1.72e-5,0.785,0.785,0.7856,0.786,0.449,0.786,0.7866,0.3647,0.787,1.72e-5,0.4465,0.4497,0.4678,0.4924,0.0001023,0.787,0.787,0.2205,0.787,0.237,0.0002477,0.00119,0.2751,0.7866,0.333,0.001188,5.114e-5,0.449,0.4678,0.0002747,0.786,0.0001023,0.7856,0.4924,0.2074,0.3647,0.785,0.0002747,0.237,0.4814,0.0003452,0.785,0.785,0.785,0.3748,0.3833,0.4465,0.7847,0.3748,0.784,0.784,0.7837,0.783,0.4497,0.7827,0.782,0.782,0.333,0.782,0.782,0.4336,0.4336,0.782,0.0001585,0.782,0.0001886,0.782,0.3833,0.001188,0.782,0.0001886,0.3076,0.782,0.782,0.7827,0.783,0.4814],"6":[0.4746,0.475,5.0e-7,1.0e-7,0.8496,0.4756,0.4756,0.816,0.4746,5.0e-7,0.828,0.8135,0.4758,0.476,0.476,0.4758,0.476,0.8496,5.0e-7,0.476,0.8027,0.476,4.0e-7,0.7754,0.476,0.476,0.4756,0.823,0.476,0.4758,0.8135,0.4756,0.4756,0.4753,0.475,0.475,0.4749,0.474,0.789,1.0e-7,0.4746,0.7725,0.8447,0.7725,1.0e-7,0.474,1.0e-7,0.474,0.4736,0.4734,0.798,0.8174,0.4731,0.4722,0.4724,1.0e-7,0.8027,0.823,0.816,2.0e-7,5.0e-7,0.4722,0.8477,0.4722,0.472,0.4717,0.4717,2.4e-7,1.0e-7,0.472,0.798,0.4722,0.868,0.4734,0.4727,0.4731,0.4731,0.4731,0.868,9.0e-7,0.828,0.8174,0.828,0.789,0.4731,0.7754,5.0e-7,0.4734,0.8135,2.4e-7,0.4736,0.8135,0.4736,0.474,0.4744,0.4746,0.4746,0.8447,2.4e-7,0.8477],"7":[0.6885,8.2e-6,0.6885,0.6885,5.6e-6,0.3716,0.6885,0.6885,0.6885,8.2e-6,0.6885,0.6885,5.0e-7,0.6885,0.688,0.6875,0.6875,0.6875,0.6875,3.6e-7,0.687,2.4e-7,0.6865,0.3716,5.25e-6,0.686,0.6855,0.6855,2.86e-6,0.6855,0.6855,0.6855,0.6855,1.2e-6,5.6e-6,3.6e-7,2.5e-6,0.6855,0.685,0.6846,0.6846,0.6846,0.6846,0.684,0.6836,0.6836,5.0e-7,0.6836,0.684,1.0e-7,2.56e-6,0.2424,5.0e-7,5.36e-6,0.6846,0.6846,0.2615,0.6846,0.6846,0.6846,2.0e-7,0.6846,0.6846,1.3e-6,0.2942,0.685,0.6855,0.686,0.6865,0.6865,1.2e-6,0.687,0.6875,0.2615,0.689,0.6895,0.6895,0.69,0.6904,5.36e-6,0.6904,9.5e-7,0.3716,0.9487,0.6904,0.2424,0.6904,0.6904,0.69,0.6895,0.6885,0.9487,0.6885,0.6885,1.43e-6,1.25e-6,0.6885,2.0e-7,9.5e-7,0.2942],"2":[0.6616,0.6626,0.663,0.663,2.587e-5,0.663,0.6626,0.3,0.3135,0.662,0.6616,0.984,3.505e-5,4.06e-5,4.1e-5,7.87e-6,0.317,3.916e-5,0.661,4.72e-5,0.3123,0.6606,0.66,0.984,0.659,0.659,0.659,0.659,0.659,0.6587,0.658,0.6577,0.3838,4.72e-5,0.964,0.3555,0.657,0.3838,4.1e-5,0.4001,0.657,0.3174,0.3,0.9575,0.6567,0.6562,8.1e-6,0.656,0.3784,2.414e-5,0.6553,0.6553,0.657,4.9e-6,0.3135,0.3389,0.317,4.05e-6,0.656,0.3662,0.3784,0.6553,0.6553,5.84e-6,0.6553,0.3784,0.6553,0.6553,0.3784,0.656,0.6562,0.3662,0.6567,1.466e-5,0.4001,0.964,0.657,0.9575,0.657,0.657,0.6577,0.3174,0.658,1.466e-5,3.93e-6,0.6587,0.659,0.657,0.6597,0.66,0.3555,0.3123,0.66,0.3389,0.66,0.6606,0.661,3.505e-5,0.6616,4.9e-6],"10":[0.79,3.195e-5,0.3884,0.2646,0.79,0.4844,0.7905,0.456,0.791,2.97e-5,0.4114,0.4114,0.3823,0.7915,0.792,0.793,0.3945,0.4905,0.4458,0.4844,5.36e-6,0.7935,6.133e-5,0.4905,0.4458,2.91e-5,7.8e-6,0.794,0.794,0.794,0.7935,0.2646,1.156e-5,0.3945,0.0001254,6.7e-5,1.043e-5,0.3823,0.793,0.456,0.793,0.793,0.793,3.35e-5,0.793,0.793,1.49e-5,0.793,0.793,0.4844,0.7935,1.67e-5,0.794,2.97e-5,6.133e-5,0.794,0.7935,0.794,1.62e-5,0.794,1.67e-5,0.794,8.1e-6,0.794,0.794,0.2158,3.207e-5,0.794,0.794,0.7935,0.793,0.791,1.043e-5,0.7925,0.2158,0.792,0.7915,0.2646,0.791,0.7905,0.79,0.79,0.7896,0.789,0.789,0.789,0.789,0.789,2.91e-5,0.789,0.789,0.2158,0.79,0.3884,0.0001254,0.7896,0.3823,0.7896,0.79,1.603e-5],"9":[0.5127,6.0e-8,0.885,0.5117,0.0,0.5117,0.0,0.792,0.5117,0.5117,0.511,0.5107,0.8066,0.5107,0.879,0.879,0.2866,0.0,0.5107,6.0e-8,0.5107,0.5107,0.5107,0.5107,0.5107,0.5107,0.0,0.5107,0.5107,0.0,0.511,1.0e-7,0.5117,0.879,0.512,0.9546,0.5127,0.5127,0.5127,0.513,0.0,0.0,0.5137,0.514,0.8047,0.8047,6.0e-8,0.0,0.0,0.0,0.5146,0.0,0.5146,0.9404,0.5146,0.8066,0.515,0.885,0.0,1.0e-7,0.5156,0.5156,0.5156,0.515,0.0,0.0,0.5146,0.792,1.0e-7,0.5146,1.0e-7,0.5146,0.514,0.5137,0.5137,0.5137,0.5137,0.5137,0.0,0.0,0.5137,0.5137,0.9546,0.5137,0.514,0.5137,0.5137,6.0e-8,0.5137,0.5137,1.0e-7,0.0,0.5137,0.9404,6.0e-8,0.513,6.0e-8,0.5127,6.0e-8,0.5127],"8":[0.341,0.7266,0.6836,0.732,0.7495,0.798,0.3408,0.3408,0.3408,0.3408,0.7666,0.7676,0.3408,0.7676,0.3406,0.3406,0.758,0.3403,0.3403,0.000927,0.79,0.3403,0.3403,0.758,0.3403,0.752,0.783,0.758,0.3403,0.3406,0.3403,0.831,0.7627,0.001138,0.3403,0.74,0.3418,0.785,0.3408,0.3413,0.3416,0.8164,0.79,0.793,0.7676,0.752,0.3418,0.7744,0.3418,0.793,0.7266,0.3423,0.3425,0.74,0.6836,0.3428,0.001138,0.831,0.7666,0.3428,0.343,0.3418,0.8164,0.3428,0.783,0.7676,0.7666,0.3428,0.7363,0.788,0.732,0.3428,0.3425,0.3423,0.0008698,0.3423,0.79,0.798,0.7495,0.0007715,0.7363,0.758,0.831,0.7627,0.7744,0.3423,0.3423,0.342,0.3418,0.3418,0.3418,0.785,0.3416,0.788,0.3413,0.3413,0.74,0.341,0.0007715,0.7363],"3":[0.8115,0.2269,0.2222,5.865e-5,0.4287,0.4336,0.537,0.3945,0.3955,0.3425,0.0001822,0.501,0.4336,0.8115,5.865e-5,0.000301,0.4014,0.5186,0.5186,0.000475,0.812,0.2222,0.8125,0.0002354,0.4287,0.332,0.8125,0.8135,0.813,0.000301,0.8135,0.8135,0.8135,0.501,0.4014,0.0001179,0.8135,0.4014,0.0002042,0.0001006,0.4014,0.358,0.549,0.3486,0.8135,0.8115,0.000475,0.8135,0.00010705,0.0002068,3.86e-5,0.501,0.4429,0.0002141,0.8135,0.8135,0.8135,0.4207,0.3733,0.3955,0.8135,0.000414,0.0002141,0.0001822,0.8135,0.0001177,0.549,0.8125,0.8125,0.4207,0.2269,0.3486,0.332,0.0001006,0.00010705,0.332,0.8125,0.332,0.3425,0.8115,0.000414,0.811,0.8105,0.8105,0.811,0.8115,0.4014,0.8105,0.8105,0.3733,0.3945,0.8105,0.8105,0.4429,0.537,0.8105,0.811,0.8115,0.358,0.0002068],"1":[0.0007157,0.000692,0.907,0.0003653,0.0003443,0.907,0.4482,0.000988,0.001318,0.698,0.001318,0.8325,0.839,0.548,0.4482,0.000618,0.842,0.861,0.001396,0.698,0.842,0.0003748,0.0008855,0.000575,0.861,0.8086,0.548,0.7817,0.0001676,0.5283,0.698,0.0004377,0.001242,0.0001395,0.6147,0.0004518,0.876,0.8086,0.839,0.8306,0.5283,0.0006285,0.5283,0.5415,0.0006075,0.0004518,0.6147,0.4246,0.000575,0.584,0.8013,0.000758,0.000454,0.7817,0.515,0.584,0.000548,0.5415,0.4246,0.001693,0.001583,0.000574,0.9688,0.9023,0.000699,0.548,0.000991,0.663,0.8325,0.000765,0.8945,0.8945,0.0008073,0.839,0.0002773,0.000227,0.0003853,0.0005884,0.907,0.9688,0.685,0.000698,0.876,0.000454,0.000971,0.000624,0.515,0.8306,0.8013,0.0006075,0.000758,0.0004427,0.584,0.000548,0.663,0.4482,0.9023,0.0007157,0.000699,0.685]}