{"5":{"(Float16(0.0504), 0.0604150390625)":63,"(Float16(0.949), 0.95921875)":37},"56":{"(Float16(0.9487), 0.95873046875)":43,"(Float16(0.0501), 0.06010986328125)":57},"35":{"(Float16(0.05032), 0.060323486328125)":60,"(Float16(0.949), 0.95921875)":40},"55":{"(Float16(0.949), 0.95921875)":53,"(Float16(0.05014), 0.060140380859375)":47},"60":{"(Float16(0.0501), 0.06010986328125)":35,"(Float16(0.948), 0.9582421875)":65},"30":{"(Float16(0.948), 0.9582421875)":50,"(Float16(0.05023), 0.06023193359375)":50},"32":{"(Float16(0.0502), 0.060201416015625)":37,"(Float16(0.949), 0.95921875)":63},"6":{"(Float16(0.9487), 0.95873046875)":71,"(Float16(0.05014), 0.060140380859375)":29},"67":{"(Float16(0.9487), 0.95873046875)":47,"(Float16(0.05035), 0.06035400390625)":53},"45":{"(Float16(0.9487), 0.95873046875)":45,"(Float16(0.05023), 0.06023193359375)":55},"73":{"(Float16(0.949), 0.95921875)":47,"(Float16(0.05023), 0.06023193359375)":53},"64":{"(Float16(0.05017), 0.0601708984375)":38,"(Float16(0.948), 0.9582421875)":62},"90":{"(Float16(0.05038), 0.060384521484375)":60,"(Float16(0.948), 0.9582421875)":40},"4":{"(Float16(0.484), 0.49388671875)":2,"(Float16(0.949), 0.95921875)":47,"(Float16(0.05038), 0.060384521484375)":51},"13":{"(Float16(0.05035), 0.06035400390625)":64,"(Float16(0.949), 0.95921875)":36},"54":{"(Float16(0.05017), 0.0601708984375)":60,"(Float16(0.949), 0.95921875)":40},"63":{"(Float16(0.0502), 0.060201416015625)":50,"(Float16(0.948), 0.9582421875)":50},"86":{"(Float16(0.05035), 0.06035400390625)":69,"(Float16(0.949), 0.95921875)":31},"91":{"(Float16(0.9487), 0.95873046875)":63,"(Float16(0.05005), 0.060048828125)":37},"62":{"(Float16(0.0501), 0.06010986328125)":47,"(Float16(0.949), 0.95921875)":53},"58":{"(Float16(0.0501), 0.06010986328125)":45,"(Float16(0.949), 0.95921875)":55},"52":{"(Float16(0.05008), 0.060079345703125)":37,"(Float16(0.4685), 0.478505859375)":1,"(Float16(0.9473), 0.957265625)":62},"12":{"(Float16(0.05008), 0.060079345703125)":39,"(Float16(0.948), 0.9582421875)":61},"28":{"(Float16(0.948), 0.9582421875)":52,"(Float16(0.05023), 0.06023193359375)":48},"75":{"(Float16(0.9487), 0.95873046875)":46,"(Float16(0.05026), 0.060262451171875)":54},"23":{"(Float16(0.5347), 0.54466796875)":2,"(Float16(0.948), 0.9582421875)":38,"(Float16(0.05023), 0.06023193359375)":60},"92":{"(Float16(0.4355), 0.445546875)":1,"(Float16(0.0502), 0.060201416015625)":22,"(Float16(0.9478), 0.95775390625)":77},"41":{"(Float16(0.05002), 0.060018310546875)":23,"(Float16(0.949), 0.95921875)":77},"43":{"(Float16(0.949), 0.95921875)":25,"(Float16(0.05014), 0.060140380859375)":75},"11":{"(Float16(0.9487), 0.95873046875)":55,"(Float16(0.0501), 0.06010986328125)":45},"36":{"(Float16(0.05002), 0.060018310546875)":39,"(Float16(0.948), 0.9582421875)":61},"68":{"(Float16(0.05026), 0.060262451171875)":56,"(Float16(0.948), 0.9582421875)":43,"(Float16(0.4988), 0.508779296875)":1},"69":{"(Float16(0.9487), 0.95873046875)":51,"(Float16(0.05035), 0.06035400390625)":49},"98":{"(Float16(0.05026), 0.060262451171875)":40,"(Float16(0.948), 0.9582421875)":60},"82":{"(Float16(0.0501), 0.06010986328125)":47,"(Float16(0.9473), 0.957265625)":53},"85":{"(Float16(0.9478), 0.95775390625)":40,"(Float16(0.05014), 0.060140380859375)":60},"39":{"(Float16(0.05026), 0.060262451171875)":46,"(Float16(0.9478), 0.95775390625)":54},"84":{"(Float16(0.9487), 0.95873046875)":55,"(Float16(0.05035), 0.06035400390625)":45},"77":{"(Float16(0.949), 0.95921875)":59,"(Float16(0.4875), 0.497548828125)":2,"(Float16(0.05023), 0.06023193359375)":39},"7":{"(Float16(0.05005), 0.060048828125)":40,"(Float16(0.948), 0.9582421875)":60},"25":{"(Float16(0.05008), 0.060079345703125)":55,"(Float16(0.949), 0.95921875)":45},"95":{"(Float16(0.9497), 0.95970703125)":23,"(Float16(0.5703), 0.5803125)":1,"(Float16(0.0505), 0.060506591796875)":76},"71":{"(Float16(0.05035), 0.06035400390625)":49,"(Float16(0.949), 0.95921875)":51},"66":{"(Float16(0.949), 0.95921875)":48,"(Float16(0.05023), 0.06023193359375)":52},"76":{"(Float16(0.4495), 0.459462890625)":2,"(Float16(0.948), 0.9582421875)":56,"(Float16(0.05023), 0.06023193359375)":42},"34":{"(Float16(0.949), 0.95921875)":60,"(Float16(0.05005), 0.060048828125)":40},"50":{"(Float16(0.523), 0.53294921875)":1,"(Float16(0.948), 0.9582421875)":49,"(Float16(0.05023), 0.06023193359375)":50},"59":{"(Float16(0.5195), 0.52953125)":3,"(Float16(0.95), 0.9601953125)":38,"(Float16(0.05), 0.05998779296875)":59},"93":{"(Float16(0.05005), 0.060048828125)":35,"(Float16(0.948), 0.9582421875)":65},"2":{"(Float16(0.05008), 0.060079345703125)":41,"(Float16(0.949), 0.95921875)":55,"(Float16(0.4937), 0.50365234375)":4},"10":{"(Float16(0.05008), 0.060079345703125)":27,"(Float16(0.9473), 0.957265625)":73},"18":{"(Float16(0.0501), 0.06010986328125)":44,"(Float16(0.948), 0.9582421875)":56},"26":{"(Float16(0.05008), 0.060079345703125)":49,"(Float16(0.948), 0.9582421875)":51},"27":{"(Float16(0.05017), 0.0601708984375)":52,"(Float16(0.4883), 0.49828125)":2,"(Float16(0.949), 0.95921875)":46},"42":{"(Float16(0.0503), 0.06029296875)":48,"(Float16(0.949), 0.95921875)":52},"87":{"(Float16(0.05026), 0.060262451171875)":47,"(Float16(0.9478), 0.95775390625)":53},"100":{"(Float16(0.948), 0.9582421875)":54,"(Float16(0.05023), 0.06023193359375)":46},"79":{"(Float16(0.948), 0.9582421875)":66,"(Float16(0.05), 0.05998779296875)":34},"16":{"(Float16(0.0501), 0.06010986328125)":35,"(Float16(0.948), 0.9582421875)":65},"20":{"(Float16(0.495), 0.5051171875)":1,"(Float16(0.05023), 0.06023193359375)":51,"(Float16(0.9473), 0.957265625)":48},"81":{"(Float16(0.0503), 0.06029296875)":59,"(Float16(0.949), 0.95921875)":41},"19":{"(Float16(0.9473), 0.957265625)":56,"(Float16(0.05026), 0.060262451171875)":41,"(Float16(0.509), 0.5187890625)":3},"49":{"(Float16(0.544), 0.5539453125)":3,"(Float16(0.95), 0.9601953125)":37,"(Float16(0.05), 0.05998779296875)":60},"44":{"(Float16(0.5586), 0.56859375)":1,"(Float16(0.05032), 0.060323486328125)":72,"(Float16(0.95), 0.9601953125)":27},"9":{"(Float16(0.949), 0.95921875)":54,"(Float16(0.05005), 0.060048828125)":45,"(Float16(0.4934), 0.503408203125)":1},"31":{"(Float16(0.948), 0.9582421875)":41,"(Float16(0.0505), 0.060506591796875)":59},"74":{"(Float16(0.05035), 0.06035400390625)":55,"(Float16(0.948), 0.9582421875)":45},"61":{"(Float16(0.0501), 0.06010986328125)":46,"(Float16(0.518), 0.52806640625)":1,"(Float16(0.948), 0.9582421875)":53},"29":{"(Float16(0.95), 0.9601953125)":25,"(Float16(0.05023), 0.06023193359375)":75},"94":{"(Float16(0.0501), 0.06010986328125)":34,"(Float16(0.948), 0.9582421875)":66},"46":{"(Float16(0.553), 0.56322265625)":1,"(Float16(0.949), 0.95921875)":32,"(Float16(0.05038), 0.060384521484375)":67},"57":{"(Float16(0.949), 0.95921875)":31,"(Float16(0.05023), 0.06023193359375)":69},"70":{"(Float16(0.0503), 0.06029296875)":55,"(Float16(0.948), 0.9582421875)":45},"21":{"(Float16(0.05017), 0.0601708984375)":47,"(Float16(0.9478), 0.95775390625)":53},"38":{"(Float16(0.949), 0.95921875)":18,"(Float16(0.05023), 0.06023193359375)":82},"88":{"(Float16(0.9487), 0.95873046875)":44,"(Float16(0.05026), 0.060262451171875)":56},"78":{"(Float16(0.527), 0.53685546875)":1,"(Float16(0.05035), 0.06035400390625)":37,"(Float16(0.948), 0.9582421875)":62},"72":{"(Float16(0.0501), 0.06010986328125)":48,"(Float16(0.949), 0.95921875)":51,"(Float16(0.463), 0.472890625)":1},"24":{"(Float16(0.05026), 0.060262451171875)":47,"(Float16(0.948), 0.9582421875)":53},"8":{"(Float16(0.05017), 0.0601708984375)":51,"(Float16(0.948), 0.9582421875)":48,"(Float16(0.4968), 0.506826171875)":1},"17":{"(Float16(0.948), 0.9582421875)":54,"(Float16(0.05014), 0.060140380859375)":46},"37":{"(Float16(0.949), 0.95921875)":51,"(Float16(0.05023), 0.06023193359375)":49},"1":{"(Float16(0.4907), 0.50072265625)":1,"(Float16(0.05035), 0.06035400390625)":62,"(Float16(0.949), 0.95921875)":37},"53":{"(Float16(0.05017), 0.0601708984375)":41,"(Float16(0.5293), 0.539296875)":1,"(Float16(0.949), 0.95921875)":58},"22":{"(Float16(0.9487), 0.95873046875)":47,