{"5":{"(Float16(0.05005), Float16(0.06006))":56,"(Float16(0.948), Float16(0.958))":44},"4":{"(Float16(0.0506), Float16(0.0606))":38,"(Float16(0.5244), Float16(0.534))":39,"(Float16(0.948), Float16(0.958))":23},"6":{"(Float16(0.4683), Float16(0.4783))":46,"(Float16(0.9473), Float16(0.957))":28,"(Float16(0.05026), Float16(0.06027))":26},"7":{"(Float16(0.4736), Float16(0.4836))":48,"(Float16(0.05057), Float16(0.06058))":27,"(Float16(0.949), Float16(0.959))":25},"2":{"(Float16(0.3135), Float16(0.3235))":64,"(Float16(0.9473), Float16(0.957))":36},"10":{"(Float16(0.0506), Float16(0.0606))":19,"(Float16(0.718), Float16(0.7275))":49,"(Float16(0.4087), Float16(0.4187))":32},"9":{"(Float16(0.7285), Float16(0.7383))":51,"(Float16(0.05032), Float16(0.06033))":48,"(Float16(0.95), Float16(0.96))":1},"8":{"(Float16(0.0506), Float16(0.0606))":63,"(Float16(0.949), Float16(0.959))":37},"3":{"(Float16(0.05017), Float16(0.06018))":19,"(Float16(0.948), Float16(0.958))":40,"(Float16(0.3774), Float16(0.3875))":41},"1":{"(Float16(0.05005), Float16(0.06006))":28,"(Float16(0.948), Float16(0.958))":43,"(Float16(0.4043), Float16(0.4143))":29}}