{"5":{"(Float16(0.05), Float16(0.06))":34,"(Float16(0.948), Float16(0.958))":66},"56":{"(Float16(0.0502), Float16(0.0602))":54,"(Float16(0.948), Float16(0.958))":46},"55":{"(Float16(0.05014), Float16(0.06015))":52,"(Float16(0.9487), Float16(0.9585))":48},"35":{"(Float16(0.948), Float16(0.958))":41,"(Float16(0.05008), Float16(0.0601))":59},"60":{"(Float16(0.0502), Float16(0.0602))":51,"(Float16(0.9487), Float16(0.9585))":48,"(Float16(0.5083), Float16(0.518))":1},"30":{"(Float16(0.05), Float16(0.06))":41,"(Float16(0.949), Float16(0.959))":59},"32":{"(Float16(0.05017), Float16(0.06018))":58,"(Float16(0.948), Float16(0.958))":42},"6":{"(Float16(0.05005), Float16(0.06006))":56,"(Float16(0.948), Float16(0.958))":44},"67":{"(Float16(0.05), Float16(0.06))":44,"(Float16(0.949), Float16(0.959))":56},"45":{"(Float16(0.05005), Float16(0.06006))":30,"(Float16(0.503), Float16(0.5127))":2,"(Float16(0.9487), Float16(0.9585))":66,"(Float16(0.533), Float16(0.543))":2},"73":{"(Float16(0.05), Float16(0.06))":29,"(Float16(0.9478), Float16(0.9575))":71},"64":{"(Float16(0.05), Float16(0.06))":37,"(Float16(0.948), Float16(0.958))":63},"90":{"(Float16(0.05), Float16(0.06))":29,"(Float16(0.948), Float16(0.958))":71},"4":{"(Float16(0.05), Float16(0.06))":57,"(Float16(0.949), Float16(0.959))":41,"(Float16(0.4673), Float16(0.4773))":2},"13":{"(Float16(0.05), Float16(0.06))":36,"(Float16(0.948), Float16(0.958))":64},"54":{"(Float16(0.05), Float16(0.06))":53,"(Float16(0.9487), Float16(0.9585))":47},"63":{"(Float16(0.05), Float16(0.06))":48,"(Float16(0.949), Float16(0.959))":52},"86":{"(Float16(0.5205), Float16(0.5303))":1,"(Float16(0.05005), Float16(0.06006))":55,"(Float16(0.948), Float16(0.958))":44},"91":{"(Float16(0.4878), Float16(0.4978))":3,"(Float16(0.05002), Float16(0.06003))":49,"(Float16(0.949), Float16(0.959))":48},"62":{"(Float16(0.05), Float16(0.06))":28,"(Float16(0.948), Float16(0.958))":72},"58":{"(Float16(0.531), Float16(0.5405))":2,"(Float16(0.05005), Float16(0.06006))":53,"(Float16(0.949), Float16(0.959))":45},"52":{"(Float16(0.05005), Float16(0.06006))":53,"(Float16(0.949), Float16(0.959))":47},"12":{"(Float16(0.05), Float16(0.06))":47,"(Float16(0.949), Float16(0.959))":53},"28":{"(Float16(0.05), Float16(0.06))":52,"(Float16(0.949), Float16(0.959))":48},"75":{"(Float16(0.05), Float16(0.06))":34,"(Float16(0.949), Float16(0.959))":66},"23":{"(Float16(0.05), Float16(0.06))":41,"(Float16(0.949), Float16(0.959))":59},"92":{"(Float16(0.05), Float16(0.06))":43,"(Float16(0.948), Float16(0.958))":57},"41":{"(Float16(0.05), Float16(0.06))":33,"(Float16(0.948), Float16(0.958))":67},"43":{"(Float16(0.05005), Float16(0.06006))":44,"(Float16(0.9487), Float16(0.9585))":56},"69":{"(Float16(0.05), Float16(0.06))":51,"(Float16(0.9487), Float16(0.9585))":49},"11":{"(Float16(0.05005), Float16(0.06006))":61,"(Float16(0.535), Float16(0.545))":1,"(Float16(0.948), Float16(0.958))":38},"68":{"(Float16(0.9473), Float16(0.957))":68,"(Float16(0.05005), Float16(0.06006))":32},"98":{"(Float16(0.05), Float16(0.06))":49,"(Float16(0.949), Float16(0.959))":51},"36":{"(Float16(0.948), Float16(0.958))":55,"(Float16(0.05002), Float16(0.06003))":45},"82":{"(Float16(0.05), Float16(0.06))":54,"(Float16(0.949), Float16(0.959))":46},"85":{"(Float16(0.05), Float16(0.06))":49,"(Float16(0.948), Float16(0.958))":51},"39":{"(Float16(0.05), Float16(0.06))":56,"(Float16(0.949), Float16(0.959))":44},"84":{"(Float16(0.05), Float16(0.06))":45,"(Float16(0.949), Float16(0.959))":55},"77":{"(Float16(0.05), Float16(0.06))":43,"(Float16(0.949), Float16(0.959))":57},"7":{"(Float16(0.05), Float16(0.06))":34,"(Float16(0.9478), Float16(0.9575))":66},"25":{"(Float16(0.05005), Float16(0.06006))":52,"(Float16(0.9487), Float16(0.9585))":48},"95":{"(Float16(0.4927), Float16(0.5024))":1,"(Float16(0.05005), Float16(0.06006))":37,"(Float16(0.9487), Float16(0.9585))":62},"71":{"(Float16(0.05023), Float16(0.06024))":57,"(Float16(0.949), Float16(0.959))":43},"66":{"(Float16(0.05017), Float16(0.06018))":62,"(Float16(0.9487), Float16(0.9585))":38},"76":{"(Float16(0.05), Float16(0.06))":62,"(Float16(0.949), Float16(0.959))":38},"93":{"(Float16(0.05), Float16(0.06))":44,"(Float16(0.949), Float16(0.959))":56},"50":{"(Float16(0.05), Float16(0.06))":56,"(Float16(0.949), Float16(0.959))":44},"59":{"(Float16(0.05), Float16(0.06))":46,"(Float16(0.4668), Float16(0.4768))":2,"(Float16(0.949), Float16(0.959))":52},"34":{"(Float16(0.0502), Float16(0.0602))":40,"(Float16(0.9478), Float16(0.9575))":60},"2":{"(Float16(0.05017), Float16(0.06018))":58,"(Float16(0.949), Float16(0.959))":42},"27":{"(Float16(0.05), Float16(0.06))":46,"(Float16(0.949), Float16(0.959))":54},"10":{"(Float16(0.05), Float16(0.06))":60,"(Float16(0.949), Float16(0.959))":40},"26":{"(Float16(0.05005), Float16(0.06006))":61,"(Float16(0.948), Float16(0.958))":39},"18":{"(Float16(0.05005), Float16(0.06006))":46,"(Float16(0.949), Float16(0.959))":54},"42":{"(Float16(0.4634), Float16(0.4734))":2,"(Float16(0.05), Float16(0.06))":58,"(Float16(0.949), Float16(0.959))":40},"87":{"(Float16(0.05002), Float16(0.06003))":40,"(Float16(0.949), Float16(0.959))":60},"100":{"(Float16(0.05), Float16(0.06))":33,"(Float16(0.949), Float16(0.959))":67},"79":{"(Float16(0.05014), Float16(0.06015))":54,"(Float16(0.949), Float16(0.959))":46},"16":{"(Float16(0.948), Float16(0.958))":38,"(Float16(0.0501), Float16(0.06012))":59,"(Float16(0.5146), Float16(0.5244))":3},"81":{"(Float16(0.9497), Float16(0.9595))":40,"(Float16(0.05023), Float16(0.06024))":60},"20":{"(Float16(0.05005), Float16(0.06006))":66,"(Float16(0.949), Float16(0.959))":34},"19":{"(Float16(0.05), Float16(0.06))":56,"(Float16(0.949), Float16(0.959))":44},"49":{"(Float16(0.05005), Float16(0.06006))":50,"(Float16(0.949), Float16(0.959))":50},"44":{"(Float16(0.05), Float16(0.06))":52,"(Float16(0.949), Float16(0.959))":48},"31":{"(Float16(0.05005), Float16(0.06006))":61,"(Float16(0.949), Float16(0.959))":39},"9":{"(Float16(0.95), Float16(0.96))":25,"(Float16(0.0501), Float16(0.06012))":75},"74":{"(Float16(0.05), Float16(0.06))":43,"(Float16(0.949), Float16(0.959))":57},"61":{"(Float16(0.05), Float16(0.06))":46,"(Float16(0.949), Float16(0.959))":54},"29":{"(Float16(0.948), Float16(0.958))":58,"(Float16(0.0501), Float16(0.06012))":42},"94":{"(Float16(0.4622), Float16(0.4722))":2,"(Float16(0.05), Float16(0.06))":51,"(Float16(0.949), Float16(0.959))":47},"46":{"(Float16(0.05), Float16(0.06))":52,"(Float16(0.949), Float16(0.959))":48},"57":{"(Float16(0.05), Float16(0.06))":35,"(Float16(0.948), Float16(0.958))":65},"70":{"(Float16(0.05), Float16(0.06))":35,"(Float16(0.948), Float16(0.958))":65},"21":{"(Float16(0.9497), Float16(0.9595))":41,"(Float16(0.05023), Float16(0.06024))":59},"88":{"(Float16(0.949), Float16(0.959))":39,"(Float16(0.05008), Float16(0.0601))":61},"38":{"(Float16(0.05017), Float16(0.06018))":59,"(Float16(0.9478), Float16(0.9575))":41},"78":{"(Float16(0.05002), Float16(0.06003))":32,"(Float16(0.949), Float16(0.959))":68},"72":{"(Float16(0.05005), Float16(0.06006))":44,"(Float16(0.949), Float16(0.959))":56},"24":{"(Float16(0.05), Float16(0.06))":35,"(Float16(0.949), Float16(0.959))":65},"8":{"(Float16(0.05), Float16(0.06))":52,"(Float16(0.949), Float16(0.959))":48},"17":{"(Float16(0.0501), Float16(0.06012))":64,"(Float16(0.949), Float16(0.959))":36},"37":{"(Float16(0.9487), Float16(0.9585))":44,"(Float16(0.0503), Float16(0.0603))":56},"1":{"(Float16(0.0502), Float16(0.0602))":61,"(Float16(0.948), Float16(0.958))":39},"53":{"(Float16(0.948), Float16(0.958))":55,"(Float16(0.05002), Float16(0.06003))":45},"22":{"(Float16(0.05), Float16(0.06))":42,"(Float16(0.948), Float16(0.958))":58},"47":{"(Float16(0.9487), Float16(0.9585))":59,"(Float16(0.05008), Float16(0.0601))":41},"83":{"(Float16(0.948), Float16(0.958))":56,"(Float16(0.05008), Float16(0.0601))":44},"99":{"(Float16(0.05), Float16(0.06))":31,"(Float16(0.948), Float16(0.958))":69},"89":{"(Float16(0.05), Float16(0.06))":43,"(Float16(0.948), Float16(0.958))":57},