{"4":[0.925,0.5205,0.7715,0.925,0.2017,0.04013,0.2798,0.739,0.773,0.9253,0.926,0.2019,0.926,0.755,0.2312,0.7715,0.776,0.7905,0.3022,0.7866,0.06128,0.926,0.926,0.505,0.12256,0.9253,0.925,0.0567,0.541,0.925,0.628,0.739,0.7935,0.767,0.2383,0.2312,0.4854,0.7734,0.776,0.2145,0.4976,0.925,0.925,0.2312,0.9253,0.926,0.7935,0.07874,0.2319,0.12256,0.2798,0.2383,0.262,0.767,0.926,0.2319,0.2145,0.753,0.586,0.505,0.262,0.9253,0.5073,0.586,0.07874,0.07196,0.7803,0.484,0.3123,0.2283,0.484,0.5073,0.628,0.925,0.2129,0.753,0.755,0.2129,0.7734,0.5205,0.773,0.349,0.2019,0.2017,0.04013,0.2283,0.07196,0.7866,0.925,0.7905,0.4976,0.0567,0.3123,0.06128,0.925,0.7803,0.349,0.3022,0.925,0.541],"1":[0.5693,0.843,0.76,0.1653,0.332,0.1846,0.5684,0.0641,0.3564,0.5684,0.964,0.568,0.758,0.758,0.568,0.2983,0.1678,0.332,0.3066,0.5674,0.438,0.1775,0.7256,0.1439,0.5674,0.1775,0.0641,0.747,0.5674,0.0533,0.875,0.9844,0.02832,0.5674,0.875,0.9536,0.3594,0.5674,0.1653,0.76,0.968,0.02832,0.1439,0.843,0.753,0.5674,0.7754,0.2407,0.3882,0.895,0.3745,0.5674,0.2407,0.5674,0.922,0.5674,0.3066,0.0641,0.142,0.5674,0.895,0.1678,0.5674,0.7754,0.3882,0.5674,0.568,0.9546,0.5684,0.9844,0.1259,0.5684,0.3564,0.922,0.5684,0.1846,0.968,0.747,0.753,0.5684,0.332,0.569,0.2983,0.3745,0.76,0.2727,0.3594,0.142,0.5693,0.3745,0.0533,0.0641,0.2727,0.438,0.7256,0.9546,0.5693,0.964,0.1259,0.5693],"5":[0.8564,0.8564,0.4697,0.2979,0.2595,0.6963,0.8564,0.5757,0.856,0.4146,0.8555,0.174,0.0459,0.174,0.855,0.8545,0.1738,0.399,0.4146,0.5195,0.399,0.7236,0.3325,0.08105,0.5195,0.0682,0.6963,0.675,0.08105,0.8545,0.2979,0.7236,0.3506,0.8545,0.3486,0.3325,0.1724,0.5195,0.1109,0.6494,0.8545,0.6465,0.5757,0.4697,0.8545,0.5684,0.5684,0.675,0.4526,0.855,0.1724,0.0682,0.6465,0.8555,0.6494,0.572,0.1726,0.8555,0.8555,0.3628,0.03024,0.0755,0.5645,0.3506,0.8555,0.8555,0.0755,0.668,0.0459,0.3628,0.8555,0.1654,0.5757,0.03024,0.1116,0.4526,0.4697,0.668,0.1116,0.8555,0.8555,0.8555,0.8555,0.3438,0.5645,0.675,0.0419,0.3486,0.8555,0.856,0.08105,0.8564,0.8564,0.1654,0.2595,0.572,0.3438,0.1726,0.0419,0.1109],"2":[0.284,0.2832,0.2837,0.4277,0.1602,0.56,0.822,0.9795,0.964,0.921,0.9277,0.284,0.08386,0.964,0.4458,0.85,0.582,0.587,0.11646,0.04004,0.08386,0.2842,0.9673,0.8877,0.509,0.689,0.587,0.6475,0.2837,0.833,0.822,0.04694,0.8223,0.1532,0.689,0.82,0.2834,0.4458,0.08386,0.9546,0.2866,0.8877,0.6265,0.9546,0.04004,0.9673,0.2837,0.6436,0.866,0.9795,0.82,0.2832,0.8223,0.6436,0.1532,0.5073,0.582,0.285,0.871,0.2844,0.5073,0.866,0.2842,0.8066,0.56,0.11646,0.657,0.7744,0.2847,0.659,0.0856,0.957,0.1602,0.9277,0.8066,0.4536,0.508,0.4536,0.6265,0.6475,0.509,0.871,0.992,0.957,0.921,0.833,0.7744,0.9546,0.85,0.657,0.4277,0.508,0.285,0.2842,0.992,0.04694,0.921,0.284,0.0856,0.659],"3":[0.5723,0.843,0.05545,0.08777,0.183,0.9355,0.3542,0.3423,0.5723,0.10474,0.7603,0.753,0.573,0.267,0.573,0.185,0.9585,0.3467,0.3467,0.9883,0.7217,0.4028,0.3616,0.1818,0.951,0.912,0.843,0.185,0.9585,0.936,0.5728,0.5723,0.3423,0.5723,0.936,0.1819,0.08765,0.3623,0.5728,0.951,0.3542,0.753,0.3616,0.3599,0.4294,0.185,0.185,0.9844,0.5723,0.5723,0.5723,0.75,0.9355,0.9844,0.08777,0.5723,0.08765,0.331,0.9214,0.5723,0.4294,0.1819,0.843,0.8506,0.267,0.743,0.8047,0.951,0.5723,0.3623,0.912,0.843,0.572,0.5723,0.331,0.9214,0.1818,0.8506,0.5723,0.5723,0.5723,0.743,0.5728,0.573,0.573,0.75,0.05545,0.843,0.8047,0.573,0.4028,0.573,0.5728,0.7603,0.5723,0.7217,0.10474,0.5723,0.3599,0.9883]}