{"1":{"(Float16(0.05002), Float16(0.25))":31,"(Float16(0.9487), Float16(1.148))":31,"(Float16(0.271), Float16(0.471))":1,"(Float16(0.5), Float16(0.7))":37},"2":{"(Float16(0.95), Float16(1.15))":30,"(Float16(0.745), Float16(0.9453))":2,"(Float16(0.05014), Float16(0.2502))":32,"(Float16(0.5), Float16(0.7))":36},"3":{"(Float16(0.5), Float16(0.7))":43,"(Float16(0.713), Float16(0.913))":1,"(Float16(0.9497), Float16(1.149))":19,"(Float16(0.05023), Float16(0.2502))":37}}