{"5":[0.2754,0.3687,0.2803,0.1993,0.274,0.4473,0.1624,0.3262,0.3965,0.2114,0.2083,0.2979,0.2922,0.1846,0.1309,0.1797,0.3906,0.1133,0.3691,0.3435,0.3596,0.3135,0.4556,0.1493,0.3965,0.1173,0.274,0.1659,0.316,0.398,0.1987,0.3748,0.309,0.1609,0.1674,0.3704,0.3704,0.3862,0.4238,0.2444,0.1942,0.2034,0.36,0.2979,0.3032,0.4028,0.2886,0.1721,0.2993,0.2483,0.3394,0.41,0.331,0.1493,0.402,0.3135,0.2277,0.1494,0.1859,0.268,0.1925,0.2861,0.3306,0.2607,0.287,0.1785,0.378,0.4487,0.4,0.3306,0.1461,0.3716,0.3533,0.4487,0.2483,0.309,0.4258,0.4097,0.288,0.2861,0.3164,0.1292,0.1987,0.393,0.3013,0.281,0.1475,0.3518,0.4238,0.2754,0.3687,0.3435,0.268,0.41,0.2607,0.2277,0.225,0.1655,0.3943,0.3557],"4":[0.2001,0.2251,0.2458,0.1445,0.272,0.3784,0.4014,0.3542,0.4033,0.2695,0.1752,0.1527,0.4307,0.1945,0.3315,0.3428,0.3894,0.2334,0.3032,0.2808,0.4004,0.2708,0.391,0.2307,0.3252,0.2256,0.4163,0.1495,0.3708,0.351,0.1794,0.2134,0.297,0.1643,0.1647,0.3496,0.1641,0.313,0.2915,0.3992,0.2634,0.3718,0.2947,0.3752,0.2883,0.3057,0.2969,0.4163,0.335,0.2686,0.298,0.3848,0.2352,0.1794,0.357,0.3867,0.2434,0.1783,0.1613,0.2634,0.2979,0.366,0.345,0.3916,0.2198,0.2312,0.3015,0.1448,0.2764,0.2415,0.1556,0.2708,0.298,0.2686,0.1945,0.177,0.2954,0.2505,0.242,0.1733,0.3984,0.3452,0.148,0.3708,0.10706,0.4507,0.3718,0.123,0.1976,0.1353,0.242,0.2954,0.2932,0.2256,0.1135,0.354,0.4375,0.35,0.2947,0.297],"6":[0.7197,0.705,0.6885,0.663,0.8076,0.6357,0.7046,0.653,0.7935,0.8013,0.764,0.833,0.849,0.8486,0.7656,0.6836,0.846,0.6367,0.6772,0.811,0.6416,0.791,0.8013,0.875,0.747,0.619,0.7935,0.574,0.6094,0.657,0.8916,0.7227,0.746,0.824,0.716,0.876,0.7866,0.8037,0.8613,0.824,0.598,0.6797,0.8145,0.821,0.78,0.647,0.794,0.811,0.794,0.7266,0.6104,0.8633,0.6577,0.6973,0.751,0.6616,0.704,0.8433,0.641,0.747,0.7637,0.7656,0.741,0.84,0.6973,0.8545,0.8135,0.6616,0.7256,0.7627,0.6104,0.716,0.613,0.623,0.762,0.784,0.6025,0.657,0.704,0.555,0.656,0.7188,0.7515,0.7627,0.6357,0.7773,0.7905,0.6577,0.5767,0.793,0.8057,0.867,0.7847,0.793,0.6772,0.835,0.6885,0.7637,0.821,0.746],"7":[0.238,0.1951,0.1824,0.1948,0.2239,0.3762,0.1,0.2365,0.1188,0.2805,0.272,0.1979,0.3926,0.2052,0.4033,0.1672,0.1938,0.3174,0.2944,0.2686,0.2593,0.3481,0.2478,0.401,0.2441,0.3599,0.2329,0.3386,0.3726,0.2133,0.3003,0.2278,0.27,0.411,0.3481,0.1876,0.1798,0.4033,0.1239,0.2241,0.2014,0.221,0.4302,0.1843,0.1809,0.2988,0.2415,0.2578,0.12256,0.1597,0.329,0.2177,0.1694,0.23,0.3125,0.2554,0.1324,0.1567,0.1843,0.1565,0.2131,0.2842,0.2365,0.3586,0.1318,0.2133,0.2374,0.3386,0.2329,0.3237,0.1565,0.2805,0.1836,0.2634,0.11084,0.3174,0.2291,0.3003,0.1567,0.2434,0.2156,0.2422,0.2203,0.339,0.2898,0.3955,0.1948,0.3833,0.4177,0.0912,0.1257,0.263,0.1869,0.1437,0.221,0.2554,0.2898,0.238,0.1489,0.4194],"2":[0.3323,0.1416,0.2896,0.1516,0.35,0.1669,0.1919,0.323,0.2507,0.359,0.294,0.3315,0.2869,0.3154,0.1207,0.2515,0.2463,0.2993,0.1788,0.229,0.261,0.296,0.3855,0.1917,0.2693,0.2253,0.2515,0.1749,0.2178,0.4229,0.1754,0.4,0.3608,0.3076,0.414,0.1355,0.1566,0.1515,0.3828,0.291,0.3127,0.3254,0.2925,0.3901,0.2659,0.2722,0.1954,0.2207,0.3313,0.2507,0.1919,0.2573,0.2262,0.391,0.3813,0.2722,0.2659,0.3381,0.3337,0.2576,0.2925,0.2224,0.2693,0.2695,0.2317,0.3394,0.2354,0.3901,0.3806,0.2974,0.2317,0.1372,0.183,0.3613,0.369,0.4595,0.2473,0.1206,0.2603,0.1506,0.3228,0.3254,0.1589,0.2573,0.1552,0.11365,0.1947,0.4355,0.3997,0.3228,0.3608,0.1865,0.3323,0.1589,0.1144,0.3938,0.3604,0.1487,0.1395,0.2695],"10":[0.2257,0.2947,0.2656,0.1986,0.1384,0.1556,0.3225,0.2983,0.1536,0.3215,0.373,0.2239,0.2416,0.358,0.4414,0.1827,0.3071,0.10925,0.4165,0.1841,0.218,0.209,0.2688,0.3755,0.1199,0.3682,0.3105,0.2725,0.1709,0.2046,0.1855,0.4055,0.3538,0.3267,0.2189,0.2324,0.1841,0.1375,0.3267,0.1512,0.2598,0.1527,0.2161,0.267,0.394,0.298,0.252,0.2573,0.1382,0.1831,0.1594,0.2559,0.2188,0.1294,0.342,0.412,0.2656,0.1461,0.268,0.3066,0.2666,0.2832,0.1344,0.2383,0.238,0.2969,0.3687,0.34,0.306,0.1375,0.1592,0.3086,0.209,0.2856,0.2686,0.2383,0.1357,0.3071,0.3086,0.2637,0.137,0.412,0.266,0.3794,0.3794,0.2216,0.133,0.2024,0.1105,0.4055,0.2588,0.1537,0.1592,0.3794,0.2345,0.1567,0.3992,0.1956,0.2257,0.2688],"9":[0.668,0.689,0.6855,0.807,0.7603,0.793,0.859,0.7466,0.818,0.7446,0.7715,0.8086,0.7266,0.6445,0.754,0.825,0.7373,0.7256,0.769,0.7393,0.619,0.8115,0.729,0.8496,0.8203,0.7007,0.812,0.7544,0.7812,0.7695,0.6274,0.825,0.633,0.6206,0.837,0.7676,0.79,0.785,0.8794,0.663,0.744,0.636,0.7915,0.7393,0.8022,0.6475,0.7764,0.75,0.7617,0.7285,0.7363,0.8403,0.6396,0.63,0.8135,0.8193,0.8623,0.8716,0.67,0.8057,0.7373,0.7646,0.755,0.7227,0.621,0.7393,0.717,0.701,0.7656,0.8076,0.7627,0.8457,0.7876,0.7734,0.8057,0.748,0.877,0.6675,0.8027,0.6665,0.6406,0.7544,0.6533,0.6416,0.744,0.6445,0.874,0.7637,0.7466,0.67,0.645,0.857,0.754,0.7437,0.6064,0.8726,0.615,0.6147,0.668,0.8027],"8":[0.2783,0.09863,0.1057,0.3438,0.2352,0.168,0.2246,0.3367,0.3599,0.3433,0.4495,0.1843,0.3665,0.2837,0.199,0.2478,0.2015,0.2349,0.3171,0.2113,0.2715,0.2136,0.1957,0.3604,0.334,0.2693,0.3772,0.2349,0.253,0.2412,0.3857,0.414,0.2402,0.3838,0.1886,0.1501,0.4067,0.3853,0.32,0.1815,0.3638,0.2021,0.2169,0.316,0.2122,0.3604,0.3677,0.1931,0.1836,0.1624,0.2229,0.2275,0.316,0.1448,0.2314,0.1973,0.1941,0.272,0.1257,0.218,0.3745,0.1713,0.1515,0.3687,0.2402,0.3772,0.3518,0.1671,0.2169,0.0974,0.3105,0.1807,0.3982,0.2356,0.2307,0.1826,0.2168,0.2261,0.168,0.2314,0.3853,0.2356,0.2172,0.23,0.374,0.1484,0.2307,0.1409,0.1395,0.2988,0.2583,0.2441,0.135,0.1713,0.2196,0.3745,0.1348,0.246,0.11926,0.2783],"3":[0.6455,0.8125,0.6187,0.767,0.57,0.7773,0.806,0.8613,0.742,0.598,0.6865,0.6934,0.7334,0.7397,0.595,0.793,0.6084,0.828,0.8486,0.61,0.8096,0.863,0.6943,0.7705,0.7705,0.8,0.7686,0.5947,0.533,0.704,0.8496,0.585,0.7344,0.788,0.6865,0.6455,0.8394,0.615,0.598,0.6255,0.675,0.8335,0.586,0.6006,0.802,0.627,0.632,0.619,0.788,0.8125,0.5894,0.7295,0.6426,0.759,0.65,0.575,0.6865,0.63,0.777,0.6875,0.6016,0.629,0.7686,0.8647,0.792,0.646,0.7314,0.713,0.7056,0.6216,0.59,0.7554,0.7007,0.7705,0.588,0.581,0.664,0.799,0.6484,0.864,0.8125,0.5547,0.8438,0.86,0.722,0.7207,0.77,0.806,0.7056,0.7773,0.613,0.721,0.8335,0.7207,0.574,0.793,0.8047,0.721,0.6455,0.6255],"1":[0.2656,0.1914,0.2472,0.2048,0.2712,0.2377,0.3472,0.1991,0.3865,0.1245,0.3188,0.194,0.2915,0.1561,0.3123,0.3179,0.3813,0.3916,0.15,0.3403,0.3916,0.1962,0.377,0.2559,0.205,0.1825,0.1968,0.3682,0.3845,0.2063,0.1656,0.312,0.2437,0.2898,0.3003,0.3315,0.3499,0.2472,0.364,0.303,0.2795,0.2595,0.24,0.2063,0.1963,0.1986,0.1831,0.1794,0.283,0.3184,0.2128,0.1338,0.3933,0.3484,0.2979,0.3633,0.3906,0.303,0.3247,0.3098,0.3352,0.2825,0.1561,0.1831,0.3975,0.24,0.11743,0.2866,0.2788,0.3003,0.251,0.4023,0.3315,0.308,0.2444,0.2769,0.2402,0.3564,0.3135,0.3499,0.3506,0.1683,0.3098,0.3455,0.1078,0.184,0.347,0.2262,0.1635,0.3481,0.2983,0.4238,0.3306,0.4094,0.1274,0.3123,0.2825,0.2908,0.2656,0.2983]}