{"5":{"(Float16(0.498), Float16(0.798))":100},"56":{"(Float16(0.05072), Float16(0.3508))":63,"(Float16(0.949), Float16(1.249))":37},"35":{"(Float16(0.501), Float16(0.801))":100},"55":{"(Float16(0.05005), Float16(0.35))":53,"(Float16(0.501), Float16(0.801))":47},"60":{"(Float16(0.05054), Float16(0.3506))":47,"(Float16(0.948), Float16(1.248))":53},"30":{"(Float16(0.4983), Float16(0.7983))":100},"32":{"(Float16(0.501), Float16(0.801))":100},"6":{"(Float16(0.498), Float16(0.798))":100},"67":{"(Float16(0.05087), Float16(0.3508))":65,"(Float16(0.949), Float16(1.249))":35},"45":{"(Float16(0.501), Float16(0.801))":100},"73":{"(Float16(0.4973), Float16(0.7974))":100},"64":{"(Float16(0.501), Float16(0.801))":100},"90":{"(Float16(0.5), Float16(0.8))":100},"4":{"(Float16(0.498), Float16(0.798))":100},"13":{"(Float16(0.498), Float16(0.798))":100},"54":{"(Float16(0.4985), Float16(0.7983))":100},"63":{"(Float16(0.498), Float16(0.798))":100},"86":{"(Float16(0.4976), Float16(0.7974))":100},"91":{"(Float16(0.501), Float16(0.801))":100},"62":{"(Float16(0.498), Float16(0.798))":100},"58":{"(Float16(0.501), Float16(0.801))":100},"52":{"(Float16(0.4985), Float16(0.7983))":100},"12":{"(Float16(0.498), Float16(0.798))":100},"28":{"(Float16(0.4978), Float16(0.798))":100},"75":{"(Float16(0.498), Float16(0.798))":100},"23":{"(Float16(0.501), Float16(0.801))":100},"92":{"(Float16(0.4976), Float16(0.7974))":100},"41":{"(Float16(0.4995), Float16(0.7993))":100},"43":{"(Float16(0.498), Float16(0.798))":100},"11":{"(Float16(0.4983), Float16(0.7983))":100},"36":{"(Float16(0.501), Float16(0.801))":100},"68":{"(Float16(0.498), Float16(0.798))":100},"69":{"(Float16(0.501), Float16(0.801))":100},"98":{"(Float16(0.4976), Float16(0.7974))":100},"82":{"(Float16(0.498), Float16(0.798))":100},"85":{"(Float16(0.4983), Float16(0.7983))":100},"39":{"(Float16(0.4976), Float16(0.7974))":100},"84":{"(Float16(0.4976), Float16(0.7974))":100},"77":{"(Float16(0.497), Float16(0.797))":100},"7":{"(Float16(0.4983), Float16(0.7983))":100},"25":{"(Float16(0.498), Float16(0.798))":100},"95":{"(Float16(0.498), Float16(0.798))":73,"(Float16(0.948), Float16(1.248))":27},"71":{"(Float16(0.501), Float16(0.801))":100},"66":{"(Float16(0.4985), Float16(0.7983))":100},"76":{"(Float16(0.501), Float16(0.801))":100},"34":{"(Float16(0.501), Float16(0.801))":100},"50":{"(Float16(0.501), Float16(0.801))":100},"59":{"(Float16(0.501), Float16(0.801))":100},"93":{"(Float16(0.4978), Float16(0.798))":100},"2":{"(Float16(0.501), Float16(0.801))":100},"10":{"(Float16(0.498), Float16(0.798))":100},"18":{"(Float16(0.4976), Float16(0.7974))":100},"26":{"(Float16(0.4976), Float16(0.7974))":100},"27":{"(Float16(0.498), Float16(0.798))":100},"42":{"(Float16(0.5005), Float16(0.8003))":100},"87":{"(Float16(0.501), Float16(0.801))":100},"100":{"(Float16(0.501), Float16(0.801))":100},"79":{"(Float16(0.4983), Float16(0.7983))":100},"16":{"(Float16(0.501), Float16(0.801))":100},"20":{"(Float16(0.501), Float16(0.801))":100},"81":{"(Float16(0.501), Float16(0.801))":100},"19":{"(Float16(0.501), Float16(0.801))":100},"49":{"(Float16(0.498), Float16(0.798))":100},"44":{"(Float16(0.4976), Float16(0.7974))":100},"9":{"(Float16(0.501), Float16(0.801))":100},"31":{"(Float16(0.501), Float16(0.801))":100},"74":{"(Float16(0.498), Float16(0.798))":100},"61":{"(Float16(0.4973), Float16(0.7974))":100},"29":{"(Float16(0.4976), Float16(0.7974))":100},"94":{"(Float16(0.501), Float16(0.801))":100},"46":{"(Float16(0.501), Float16(0.801))":100},"57":{"(Float16(0.501), Float16(0.801))":100},"70":{"(Float16(0.4995), Float16(0.7993))":100},"21":{"(Float16(0.0511), Float16(0.351))":100},"38":{"(Float16(0.05005), Float16(0.35))":35,"(Float16(0.948), Float16(1.248))":65},"88":{"(Float16(0.501), Float16(0.801))":100},"78":{"(Float16(0.501), Float16(0.801))":100},"72":{"(Float16(0.501), Float16(0.801))":100},"24":{"(Float16(0.498), Float16(0.798))":100},"8":{"(Float16(0.0501), Float16(0.35))":38,"(Float16(0.948), Float16(1.248))":62},"17":{"(Float16(0.498), Float16(0.798))":100},"37":{"(Float16(0.4976), Float16(0.7974))":100},"1":{"(Float16(0.498), Float16(0.798))":100},"53":{"(Float16(0.498), Float16(0.798))":100},"22":{"(Float16(0.501), Float16(0.801))":100},"47":{"(Float16(0.501), Float16(0.801))":100},"83":{"(Float16(0.501), Float16(0.801))":100},"99":{"(Float16(0.4978), Float16(0.798))":100},"89":{"(Float16(0.501), Float16(0.801))":100},"14":{"(Float16(0.4976), Float16(0.7974))":100},"3":{"(Float16(0.501), Float16(0.801))":100},"80":{"(Float16(0.498), Float16(0.798))":100},"96":{"(Float16(0.4978), Float16(0.798))":100},"51":{"(Float16(0.501), Float16(0.801))":100},"33":{"(Float16(0.05005), Float16(0.35))":42,"(Float16(0.948), Float16(1.248))":58},"40":{"(Float16(0.4995), Float16(0.7993))":100},"48":{"(Float16(0.4976), Float16(0.7974))":100},"15":{"(Float16(0.501), Float16(0.801))":100},"65":{"(Float16(0.498), Float16(0.798))":86,"(Float16(0.9487), Float16(1.249))":14},"97":{"(Float16(0.501), Float16(0.801))":100}}