{"5":{"(Float16(0.626), Float16(0.6357))":74,"(Float16(5.59e-5), Float16(0.010056))":26},"56":{"(Float16(0.0001824), Float16(0.010185))":100},"35":{"(Float16(0.474), Float16(0.4841))":92,"(Float16(0.0002337), Float16(0.01024))":8},"55":{"(Float16(0.0001585), Float16(0.01016))":12,"(Float16(0.5264), Float16(0.536))":88},"60":{"(Float16(0.764), Float16(0.774))":2,"(Float16(0.7065), Float16(0.7163))":6,"(Float16(0.0002095), Float16(0.01021))":73,"(Float16(0.6313), Float16(0.641))":2,"(Float16(0.7305), Float16(0.74))":2,"(Float16(0.6465), Float16(0.6562))":2,"(Float16(0.7783), Float16(0.788))":2,"(Float16(0.7993), Float16(0.809))":2,"(Float16(0.6816), Float16(0.6914))":2,"(Float16(0.718), Float16(0.7275))":7},"30":{"(Float16(0.0001221), Float16(0.010124))":100},"32":{"(Float16(0.0006456), Float16(0.01065))":9,"(Float16(0.5166), Float16(0.5264))":91},"6":{"(Float16(0.0004053), Float16(0.01041))":31,"(Float16(0.591), Float16(0.6006))":69},"67":{"(Float16(0.0002217), Float16(0.01022))":100},"45":{"(Float16(0.6055), Float16(0.615))":2,"(Float16(0.743), Float16(0.753))":4,"(Float16(0.7275), Float16(0.7373))":7,"(Float16(0.0002295), Float16(0.01023))":77,"(Float16(0.7583), Float16(0.768))":6,"(Float16(0.7695), Float16(0.7793))":2,"(Float16(0.793), Float16(0.8027))":2},"73":{"(Float16(0.627), Float16(0.6367))":67,"(Float16(0.00019), Float16(0.01019))":33},"64":{"(Float16(0.0002406), Float16(0.01025))":35,"(Float16(0.6553), Float16(0.665))":65},"90":{"(Float16(0.657), Float16(0.667))":72,"(Float16(1.43e-5), Float16(0.01002))":28},"4":{"(Float16(0.4614), Float16(0.4714))":97,"(Float16(2.62e-5), Float16(0.010025))":3},"13":{"(Float16(0.00011075), Float16(0.01012))":54,"(Float16(0.698), Float16(0.708))":46},"54":{"(Float16(0.0001596), Float16(0.01016))":100},"63":{"(Float16(5.347e-5), Float16(0.010056))":36,"(Float16(0.622), Float16(0.632))":64},"86":{"(Float16(0.0001807), Float16(0.010185))":100},"91":{"(Float16(0.0002325), Float16(0.01023))":100},"62":{"(Float16(0.0001409), Float16(0.01014))":100},"58":{"(Float16(0.8623), Float16(0.872))":2,"(Float16(0.748), Float16(0.758))":2,"(Float16(0.801), Float16(0.8105))":2,"(Float16(0.0002756), Float16(0.01028))":90,"(Float16(0.6855), Float16(0.6953))":2,"(Float16(0.884), Float16(0.8936))":2},"52":{"(Float16(0.0001817), Float16(0.010185))":98,"(Float16(0.7236), Float16(0.7334))":2},"12":{"(Float16(0.0001565), Float16(0.01016))":98,"(Float16(0.74), Float16(0.75))":2},"28":{"(Float16(0.6826), Float16(0.6924))":63,"(Float16(0.0001857), Float16(0.010185))":37},"75":{"(Float16(0.5557), Float16(0.5654))":76,"(Float16(0.0001607), Float16(0.01016))":24},"23":{"(Float16(0.585), Float16(0.5947))":64,"(Float16(0.0001264), Float16(0.01013))":36},"92":{"(Float16(0.0001998), Float16(0.0102))":36,"(Float16(0.5684), Float16(0.578))":64},"41":{"(Float16(8.476e-5), Float16(0.010086))":40,"(Float16(0.6104), Float16(0.62))":60},"43":{"(Float16(0.0003085), Float16(0.01031))":100},"11":{"(Float16(0.0001644), Float16(0.01017))":99,"(Float16(0.6816), Float16(0.6914))":1},"36":{"(Float16(0.000173), Float16(0.01018))":100},"68":{"(Float16(0.0001094), Float16(0.01011))":44,"(Float16(0.676), Float16(0.6855))":56},"69":{"(Float16(0.000272), Float16(0.01028))":31,"(Float16(0.618), Float16(0.628))":69},"98":{"(Float16(0.575), Float16(0.585))":78,"(Float16(0.00011396), Float16(0.01012))":22},"82":{"(Float16(0.0002124), Float16(0.010216))":24,"(Float16(0.591), Float16(0.6006))":76},"85":{"(Float16(0.0003035), Float16(0.01031))":100},"39":{"(Float16(0.589), Float16(0.5986))":75,"(Float16(5.794e-5), Float16(0.01006))":25},"84":{"(Float16(0.0001354), Float16(0.01014))":59,"(Float16(0.6426), Float16(0.6523))":41},"77":{"(Float16(0.000114), Float16(0.01012))":100},"7":{"(Float16(0.0001631), Float16(0.01016))":33,"(Float16(0.6855), Float16(0.6953))":67},"25":{"(Float16(0.6504), Float16(0.66))":66,"(Float16(0.0), Float16(0.01))":34},"95":{"(Float16(0.827), Float16(0.837))":2,"(Float16(0.0001898), Float16(0.01019))":98},"71":{"(Float16(0.0001826), Float16(0.010185))":100},"66":{"(Float16(0.6807), Float16(0.6904))":69,"(Float16(0.0001996), Float16(0.0102))":31},"76":{"(Float16(0.0001624), Float16(0.01016))":89,"(Float16(0.914), Float16(0.924))":3,"(Float16(0.6895), Float16(0.699))":2,"(Float16(0.7983), Float16(0.808))":4,"(Float16(0.8467), Float16(0.8564))":2},"34":{"(Float16(0.703), Float16(0.713))":56,"(Float16(7.594e-5), Float16(0.01008))":44},"50":{"(Float16(0.549), Float16(0.5586))":76,"(Float16(0.00010264), Float16(0.0101))":24},"59":{"(Float16(0.0001583), Float16(0.01016))":100},"93":{"(Float16(0.0001271), Float16(0.01013))":29,"(Float16(0.6035), Float16(0.6133))":71},"2":{"(Float16(0.589), Float16(0.5986))":72,"(Float16(0.0001801), Float16(0.010185))":28},"10":{"(Float16(0.0001587), Float16(0.01016))":100},"18":{"(Float16(0.0002542), Float16(0.010254))":29,"(Float16(0.6465), Float16(0.6562))":71},"26":{"(Float16(0.000135), Float16(0.01014))":36,"(Float16(0.545), Float16(0.5547))":64},"27":{"(Float16(0.6045), Float16(0.6143))":72,"(Float16(0.0001221), Float16(0.010124))":28},"42":{"(Float16(0.674), Float16(0.6836))":64,"(Float16(0.0001358), Float16(0.01014))":36},"87":{"(Float16(0.000218), Float16(0.01022))":100},"100":{"(Float16(0.677), Float16(0.6865))":60,"(Float16(8.094e-5), Float16(0.010086))":40},"79":{"(Float16(0.0001947), Float16(0.0102))":100},"16":{"(Float16(0.0001059), Float16(0.01011))":100},"20":{"(Float16(0.0002038), Float16(0.01021))":100},"81":{"(Float16(0.0001097), Float16(0.01011))":100},"19":{"(Float16(0.0001612), Float16(0.01016))":32,"(Float16(0.6777), Float16(0.6875))":68},"49":{"(Float16(0.6396), Float16(0.6494))":62,"(Float16(0.0001243), Float16(0.010124))":38},"44":{"(Float16(0.6113), Float16(0.621))":78,"(Float16(0.00036), Float16(0.01036))":22},"9":{"(Float16(0.5586), Float16(0.5684))":64,"(Float16(0.0001992), Float16(0.0102))":36},"31":{"(Float16(0.0002434), Float16(0.01025))":100},"74":{"(Float16(0.0003414), Float16(0.010345))":100},"61":{"(Float16(0.0002003), Float16(0.0102))":22,"(Float16(0.5674), Float16(0.577))":78},"29":{"(Float16(0.664), Float16(0.674))":59,"(Float16(6.25e-5), Float16(0.01006))":41},"94":{"(Float16(6.455e-5), Float16(0.01006))":35,"(Float16(0.625), Float16(0.635))":65},"46":{"(Float16(0.715), Float16(0.7246))":1,"(Float16(0.0001782), Float16(0.01018))":99},"57":{"(Float16(0.534), Float16(0.544))":86,"(Float16(0.000304), Float16(0.01031))":14},"70":{"(Float16(5.66e-5), Float16(0.010056))":100},"21":{"(Float16(0.0002155), Float16(0.010216))":98,"(Float16(0.692), Float16(0.7017))":2},"38":{"(Float16(0.541), Float16(0.551))":66,"(Float16(0.0003858), Float16(0.01039))":34},"88":{"(Float16(0.000145), Float16(0.01015))":100},"78":{"(Float16(0.532), Float16(0.542))":83,"(Float16(2.5e-6), Float16(0.01))":17},"72":{"(Float16(0.0001833), Float16(0.010185))":100},"24":{"(Float16(0.000337), Float16(0.01034))":21,"(Float16(0.5605), Float16(0.5703))":79},"8":{"(Float16(0.0003133), Float16(0.010315))":100},"17":{"(Float16(0.0001819), Float16(0.010185))":26,"(Float16(0.5664), Float16(0.576))":74},"37":{"(Float16(0.0002537), Float16(0.010254))":36,"(Float16(0.6113), Float16(0.621))":64},"1":{"(Float16(0.633), Float16(0.6426))":68,"(Float16(5.91e-5), Float16(0.01006))":32},"53":{"(Float16(0.0002378), Float16(0.01024))":100},"22":{"(Float16(0.0001855), Float16(0.010185))":100},"47":{"(Float16(0.6934), Float16(0.703))":6,"(Float16(0.56), Float16(0.57))":2,"(Float16(0.6553), Float16(0.665))":4,"(Float16(0.618), Float16(0.628))":8,"(Float16(0.6655), Float16(0.6753))":4,"(Float16(0.6045), Float16(0.6143))":2,"(Float16(0.717), Float16(0.7266))":3,"(Float16(0.0002594), Float16(0.01026))":33,"(Float16(0.676), Float16(0.6855))":8,"(Float16(0.533), Float16(0.543))":2,"(Float16(0.629), Float16(0.6387))":14,"(Float16(0.578), Float16(0.588))":2,"(Float16(0.6436), Float16(0.6533))":8,"(Float16(0.7046), Float16(0.7144))":4},"83":{"(Float16(0.6484), Float16(0.658))":5,"(Float16(0.000202), Float16(0.0102))":95},