{"1":{"(Float16(0.5005), Float16(0.7007))":50,"(Float16(0.05005), Float16(0.25))":37,"(Float16(0.949), Float16(1.149))":13},"2":{"(Float16(0.4995), Float16(0.6997))":62,"(Float16(0.9487), Float16(1.148))":22,"(Float16(0.05), Float16(0.25))":16},"3":{"(Float16(0.05008), Float16(0.25))":27,"(Float16(0.949), Float16(1.149))":24,"(Float16(0.5), Float16(0.7))":49}}