{"5":{"(Float16(0.4976), Float16(0.5073))":100},"56":{"(Float16(0.0003881), Float16(0.01039))":100},"35":{"(Float16(0.455), Float16(0.465))":100},"55":{"(Float16(0.4263), Float16(0.4363))":100},"60":{"(Float16(0.000536), Float16(0.01054))":100},"30":{"(Float16(0.000419), Float16(0.01042))":98,"(Float16(0.8936), Float16(0.9033))":2},"32":{"(Float16(0.0002499), Float16(0.010254))":100},"6":{"(Float16(0.503), Float16(0.5127))":100},"67":{"(Float16(0.443), Float16(0.4531))":100},"45":{"(Float16(0.0003047), Float16(0.01031))":18,"(Float16(0.578), Float16(0.588))":82},"73":{"(Float16(0.4854), Float16(0.4954))":100},"64":{"(Float16(0.0005174), Float16(0.01052))":100},"90":{"(Float16(0.4302), Float16(0.4402))":100},"4":{"(Float16(0.438), Float16(0.448))":100},"13":{"(Float16(0.4487), Float16(0.4587))":100},"54":{"(Float16(0.5684), Float16(0.578))":89,"(Float16(0.000467), Float16(0.01047))":11},"63":{"(Float16(0.000629), Float16(0.01063))":95,"(Float16(0.8984), Float16(0.908))":5},"86":{"(Float16(0.000453), Float16(0.01045))":93,"(Float16(0.71), Float16(0.7197))":2,"(Float16(0.773), Float16(0.7827))":2,"(Float16(0.7627), Float16(0.7725))":3},"91":{"(Float16(0.876), Float16(0.8857))":1,"(Float16(0.0006504), Float16(0.01065))":99},"62":{"(Float16(0.4297), Float16(0.4397))":99,"(Float16(0.9697), Float16(0.9795))":1},"58":{"(Float16(0.472), Float16(0.482))":99,"(Float16(0.001053), Float16(0.011055))":1},"52":{"(Float16(0.001326), Float16(0.01133))":2,"(Float16(0.4937), Float16(0.5034))":98},"12":{"(Float16(0.533), Float16(0.543))":94,"(Float16(0.0005116), Float16(0.01051))":6},"28":{"(Float16(0.887), Float16(0.897))":1,"(Float16(0.0004656), Float16(0.01047))":99},"75":{"(Float16(0.5195), Float16(0.5293))":95,"(Float16(0.00095), Float16(0.010956))":5},"23":{"(Float16(0.0004132), Float16(0.010414))":100},"92":{"(Float16(0.4473), Float16(0.4573))":100},"41":{"(Float16(0.0006676), Float16(0.010666))":100},"43":{"(Float16(0.425), Float16(0.435))":100},"11":{"(Float16(0.4858), Float16(0.4958))":100},"36":{"(Float16(0.441), Float16(0.451))":100},"68":{"(Float16(0.4656), Float16(0.4756))":100},"69":{"(Float16(0.495), Float16(0.505))":100},"98":{"(Float16(0.001227), Float16(0.01123))":2,"(Float16(0.483), Float16(0.493))":98},"82":{"(Float16(0.8657), Float16(0.8755))":1,"(Float16(0.000593), Float16(0.0106))":99},"85":{"(Float16(0.00053), Float16(0.01053))":100},"39":{"(Float16(0.0004804), Float16(0.01048))":33,"(Float16(0.6797), Float16(0.6895))":67},"84":{"(Float16(0.4932), Float16(0.503))":100},"77":{"(Float16(0.4292), Float16(0.4392))":100},"7":{"(Float16(0.000559), Float16(0.01056))":100},"25":{"(Float16(0.5215), Float16(0.5312))":100},"95":{"(Float16(0.4644), Float16(0.4744))":100},"71":{"(Float16(0.000534), Float16(0.01054))":98,"(Float16(0.8994), Float16(0.909))":2},"66":{"(Float16(0.0004754), Float16(0.010475))":100},"76":{"(Float16(0.00069), Float16(0.01069))":100},"34":{"(Float16(0.000624), Float16(0.01063))":100},"50":{"(Float16(0.458), Float16(0.468))":100},"59":{"(Float16(0.0004797), Float16(0.01048))":95,"(Float16(0.9097), Float16(0.9194))":2,"(Float16(0.866), Float16(0.876))":3},"93":{"(Float16(0.0005283), Float16(0.01053))":99,"(Float16(0.9067), Float16(0.9165))":1},"2":{"(Float16(0.658), Float16(0.668))":59,"(Float16(0.0001832), Float16(0.010185))":41},"10":{"(Float16(0.4663), Float16(0.4763))":100},"18":{"(Float16(0.4805), Float16(0.4905))":100},"26":{"(Float16(0.0004263), Float16(0.01043))":100},"27":{"(Float16(0.000636), Float16(0.010635))":100},"42":{"(Float16(0.000594), Float16(0.0106))":6,"(Float16(0.508), Float16(0.5176))":94},"87":{"(Float16(0.00064), Float16(0.01064))":100},"100":{"(Float16(0.0005374), Float16(0.01054))":100},"79":{"(Float16(0.506), Float16(0.5156))":99,"(Float16(0.001078), Float16(0.01108))":1},"16":{"(Float16(0.4521), Float16(0.4622))":100},"20":{"(Float16(0.418), Float16(0.428))":99,"(Float16(0.9463), Float16(0.956))":1},"81":{"(Float16(0.001667), Float16(0.01167))":1,"(Float16(0.4878), Float16(0.4978))":99},"19":{"(Float16(0.8613), Float16(0.871))":1,"(Float16(0.000532), Float16(0.01054))":99},"49":{"(Float16(0.9785), Float16(0.9883))":1,"(Float16(0.4717), Float16(0.4817))":99},"44":{"(Float16(0.4497), Float16(0.4597))":100},"9":{"(Float16(0.665), Float16(0.675))":75,"(Float16(0.0004776), Float16(0.01048))":25},"31":{"(Float16(0.4468), Float16(0.4568))":100},"74":{"(Float16(0.0004182), Float16(0.01042))":100},"61":{"(Float16(0.000308), Float16(0.01031))":26,"(Float16(0.6953), Float16(0.705))":74},"29":{"(Float16(0.9214), Float16(0.931))":2,"(Float16(0.000407), Float16(0.01041))":98},"94":{"(Float16(0.456), Float16(0.466))":100},"46":{"(Float16(0.0007534), Float16(0.01076))":5,"(Float16(0.4956), Float16(0.5054))":95},"57":{"(Float16(0.4346), Float16(0.4446))":100},"70":{"(Float16(0.441), Float16(0.451))":100},"21":{"(Float16(0.462), Float16(0.472))":100},"38":{"(Float16(0.4658), Float16(0.4758))":99,"(Float16(0.965), Float16(0.9746))":1},"88":{"(Float16(0.4478), Float16(0.4578))":100},"78":{"(Float16(0.000499), Float16(0.0105))":100},"72":{"(Float16(0.4766), Float16(0.4866))":100},"24":{"(Float16(0.476), Float16(0.486))":100},"8":{"(Float16(0.001081), Float16(0.011086))":3,"(Float16(0.548), Float16(0.5576))":97},"17":{"(Float16(0.543), Float16(0.5527))":97,"(Float16(0.001135), Float16(0.01114))":3},"37":{"(Float16(0.4382), Float16(0.4482))":100},"1":{"(Float16(0.0), Float16(0.01))":6,"(Float16(0.541), Float16(0.551))":94},"53":{"(Float16(0.4458), Float16(0.4558))":100},"22":{"(Float16(0.459), Float16(0.469))":100},"47":{"(Float16(0.506), Float16(0.5156))":100},"83":{"(Float16(0.0002503), Float16(0.010254))":44,"(Float16(0.716), Float16(0.7256))":56},"99":{"(Float16(0.000533), Float16(0.01054))":100},"89":{"(Float16(0.95), Float16(0.96))":2,"(Float16(0.4814), Float16(0.4915))":98},"14":{"(Float16(0.4321), Float16(0.4421))":100},"3":{"(Float16(0.4595), Float16(0.4695))":100},"80":{"(Float16(0.0009756), Float16(0.01098))":2,"(Float16(0.5293), Float16(0.539))":98},"96":{"(Float16(0.5244), Float16(0.534))":95,"(Float16(0.00118), Float16(0.011185))":5},"51":{"(Float16(0.439), Float16(0.449))":99,"(Float16(0.9727), Float16(0.9824))":1},"33":{"(Float16(0.8926), Float16(0.9023))":2,"(Float16(0.958), Float16(0.968))":3,"(Float16(0.000581), Float16(0.01058))":87,"(Float16(0.879), Float16(0.8887))":2,"(Float16(0.838), Float16(0.8477))":4,"(Float16(0.9727), Float16(0.9824))":2},"40":{"(Float16(0.0004816), Float16(0.01048))":100},"48":{"(Float16(0.4617), Float16(0.4717))":100},"15":{"(Float16(0.4546), Float16(0.4646))":100},"65":{"(Float16(0.764), Float16(0.774))":2,"(Float16(0.8525), Float16(0.8623))":2,"(Float16(0.0004601), Float16(0.01046))":96},"97":{"(Float16(0.4346), Float16(0.4446))":100}}