{"5":{"(Float16(0.0008926), Float16(0.401))":49,"(Float16(0.7197), Float16(1.12))":51},"56":{"(Float16(0.000805), Float16(0.401))":100},"35":{"(Float16(0.0008097), Float16(0.401))":100},"55":{"(Float16(0.7314), Float16(1.132))":54,"(Float16(0.001053), Float16(0.4011))":46},"60":{"(Float16(0.0009665), Float16(0.401))":53,"(Float16(0.7236), Float16(1.124))":47},"30":{"(Float16(0.000696), Float16(0.4006))":100},"32":{"(Float16(0.0006847), Float16(0.4006))":100},"6":{"(Float16(0.000721), Float16(0.4006))":100},"67":{"(Float16(0.0006237), Float16(0.4006))":100},"45":{"(Float16(0.000723), Float16(0.4006))":100},"73":{"(Float16(0.6914), Float16(1.092))":49,"(Float16(0.001026), Float16(0.4011))":51},"64":{"(Float16(0.000849), Float16(0.401))":100},"90":{"(Float16(0.7373), Float16(1.138))":55,"(Float16(0.001268), Float16(0.4014))":45},"4":{"(Float16(0.0007677), Float16(0.401))":100},"13":{"(Float16(0.000769), Float16(0.401))":100},"54":{"(Float16(0.000846), Float16(0.401))":100},"63":{"(Float16(0.4688), Float16(0.8687))":100},"86":{"(Float16(0.0009375), Float16(0.401))":100},"91":{"(Float16(0.0006847), Float16(0.4006))":100},"62":{"(Float16(0.711), Float16(1.111))":42,"(Float16(0.000866), Float16(0.401))":58},"58":{"(Float16(0.000765), Float16(0.401))":100},"52":{"(Float16(0.000978), Float16(0.401))":100},"12":{"(Float16(0.0008755), Float16(0.401))":100},"28":{"(Float16(0.0008907), Float16(0.401))":100},"75":{"(Float16(0.4473), Float16(0.847))":100},"23":{"(Float16(0.0007334), Float16(0.4006))":100},"92":{"(Float16(0.000819), Float16(0.401))":100},"41":{"(Float16(0.0007424), Float16(0.4006))":100},"43":{"(Float16(0.000862), Float16(0.401))":100},"11":{"(Float16(0.0007644), Float16(0.401))":100},"36":{"(Float16(0.0006638), Float16(0.4006))":100},"68":{"(Float16(0.0006514), Float16(0.4006))":100},"69":{"(Float16(0.000699), Float16(0.4006))":100},"98":{"(Float16(0.4382), Float16(0.8384))":100},"82":{"(Float16(0.0007315), Float16(0.4006))":100},"85":{"(Float16(0.00071), Float16(0.4006))":100},"39":{"(Float16(0.001025), Float16(0.4011))":100},"84":{"(Float16(0.0007634), Float16(0.401))":100},"77":{"(Float16(0.0006647), Float16(0.4006))":100},"7":{"(Float16(0.7354), Float16(1.136))":53,"(Float16(0.0008416), Float16(0.401))":47},"25":{"(Float16(0.00098), Float16(0.401))":100},"95":{"(Float16(0.0007286), Float16(0.4006))":100},"71":{"(Float16(0.705), Float16(1.105))":49,"(Float16(0.000802), Float16(0.401))":51},"66":{"(Float16(0.0007915), Float16(0.401))":100},"76":{"(Float16(0.000596), Float16(0.4006))":41,"(Float16(0.6475), Float16(1.048))":59},"34":{"(Float16(0.0005074), Float16(0.4004))":100},"50":{"(Float16(0.000846), Float16(0.401))":100},"59":{"(Float16(0.000927), Float16(0.401))":100},"93":{"(Float16(0.4517), Float16(0.8516))":100},"2":{"(Float16(0.000803), Float16(0.401))":100},"10":{"(Float16(0.7197), Float16(1.12))":53,"(Float16(0.001076), Float16(0.4011))":47},"18":{"(Float16(0.000827), Float16(0.401))":100},"26":{"(Float16(0.0008063), Float16(0.401))":100},"27":{"(Float16(0.000797), Float16(0.401))":100},"42":{"(Float16(0.000946), Float16(0.401))":100},"87":{"(Float16(0.6445), Float16(1.045))":61,"(Float16(0.0008016), Float16(0.401))":39},"100":{"(Float16(0.0006113), Float16(0.4006))":100},"79":{"(Float16(0.0008698), Float16(0.401))":100},"16":{"(Float16(0.00068), Float16(0.4006))":100},"20":{"(Float16(0.0007076), Float16(0.4006))":100},"81":{"(Float16(0.000725), Float16(0.4006))":100},"19":{"(Float16(0.001037), Float16(0.4011))":100},"49":{"(Float16(0.000411), Float16(0.4004))":100},"44":{"(Float16(0.0008516), Float16(0.401))":100},"9":{"(Float16(0.0007114), Float16(0.4006))":100},"31":{"(Float16(0.0006304), Float16(0.4006))":100},"74":{"(Float16(0.0008044), Float16(0.401))":100},"61":{"(Float16(0.0008025), Float16(0.401))":100},"29":{"(Float16(0.001135), Float16(0.4011))":38,"(Float16(0.6836), Float16(1.084))":62},"94":{"(Float16(0.7246), Float16(1.125))":49,"(Float16(0.0009375), Float16(0.401))":51},"46":{"(Float16(0.634), Float16(1.034))":56,"(Float16(0.00115), Float16(0.4011))":44},"57":{"(Float16(0.000683), Float16(0.4006))":100},"70":{"(Float16(0.0009027), Float16(0.401))":65,"(Float16(0.7305), Float16(1.131))":35},"21":{"(Float16(0.7705), Float16(1.171))":56,"(Float16(0.000917), Float16(0.401))":44},"38":{"(Float16(0.0008993), Float16(0.401))":100},"88":{"(Float16(0.000785), Float16(0.401))":100},"78":{"(Float16(0.0005994), Float16(0.4006))":100},"72":{"(Float16(0.0004508), Float16(0.4004))":100},"24":{"(Float16(0.000882), Float16(0.401))":100},"8":{"(Float16(0.0007753), Float16(0.401))":100},"17":{"(Float16(0.4316), Float16(0.8315))":100},"37":{"(Float16(0.703), Float16(1.104))":60,"(Float16(0.000786), Float16(0.401))":40},"1":{"(Float16(0.0006866), Float16(0.4006))":100},"53":{"(Float16(0.001001), Float16(0.4011))":100},"22":{"(Float16(0.0007734), Float16(0.401))":100},"47":{"(Float16(0.000986), Float16(0.401))":100},"83":{"(Float16(0.0005774), Float16(0.4006))":100},"99":{"(Float16(0.4556), Float16(0.8555))":100},"89":{"(Float16(0.0005918), Float16(0.4006))":100},"14":{"(Float16(0.0009174), Float16(0.401))":100},"3":{"(Float16(0.000889), Float16(0.401))":100},"80":{"(Float16(0.6963), Float16(1.097))":61,"(Float16(0.001106), Float16(0.4011))":39},"96":{"(Float16(0.0007772), Float16(0.401))":100},"51":{"(Float16(0.0006523), Float16(0.4006))":100},"33":{"(Float16(0.0006995), Float16(0.4006))":100},"40":{"(Float16(0.0008435), Float16(0.401))":100},"48":{"(Float16(0.000679), Float16(0.4006))":100},"15":{"(Float16(0.000791), Float16(0.401))":100},"65":{"(Float16(0.0007668), Float16(0.401))":42,"(Float16(0.6416), Float16(1.042))":58},"97":{"(Float16(0.000653), Float16(0.4006))":100}}