{"1":[0.5,0.5,0.05045,0.05023,0.0506,0.9497,0.5,0.95,0.05017,0.95,0.95,0.5,0.9497,0.5,0.05023,0.05017,0.95,0.0504,0.05026,0.5,0.5,0.05014,0.5,0.95,0.5,0.5,0.0508,0.05026,0.05026,0.05023,0.95,0.5,0.05023,0.95,0.5,0.95,0.5,0.05026,0.05014,0.5,0.95,0.5,0.05093,0.05066,0.5,0.5,0.5,0.5,0.5,0.05017,0.05026,0.05038,0.05038,0.5,0.5,0.5,0.5,0.5,0.05026,0.949,0.95,0.5,0.72,0.0508,0.5,0.9497,0.5,0.05038,0.5,0.5,0.5,0.5,0.05023,0.05002,0.05017,0.5,0.5,0.5,0.5,0.5,0.5,0.95,0.5,0.05008,0.5,0.95,0.5,0.5,0.5,0.05014,0.5,0.9497,0.5,0.05066,0.5,0.5,0.72,0.5,0.95,0.5],"2":[0.949,0.501,0.5,0.9487,0.05054,0.9497,0.9497,0.949,0.9497,0.502,0.5,0.05005,0.9497,0.5005,0.5005,0.5,0.5,0.949,0.949,0.949,0.5,0.9497,0.9497,0.502,0.949,0.5,0.5,0.949,0.9497,0.949,0.9497,0.05133,0.9497,0.9497,0.5,0.9497,0.949,0.501,0.05133,0.949,0.5,0.5,0.9497,0.9497,0.9497,0.05014,0.5,0.05005,0.05142,0.5,0.5,0.05002,0.0503,0.0503,0.5005,0.501,0.501,0.0503,0.5015,0.5,0.0503,0.5,0.5,0.9497,0.5,0.949,0.0501,0.9497,0.5005,0.502,0.5,0.501,0.5,0.5,0.5005,0.501,0.949,0.0501,0.5,0.0501,0.9497,0.9497,0.5,0.9497,0.0501,0.501,0.949,0.5,0.9497,0.05072,0.05005,0.9497,0.05054,0.0501,0.9497,0.5,0.501,0.9497,0.9497,0.501],"3":[0.949,0.0501,0.9497,0.4995,0.9497,0.949,0.949,0.05023,0.4995,0.5,0.05005,0.05017,0.5,0.4995,0.4998,0.05023,0.9497,0.5,0.0504,0.949,0.289,0.05005,0.4995,0.949,0.05048,0.5,0.5,0.9497,0.5,0.949,0.05017,0.5,0.5,0.9497,0.5,0.4998,0.05008,0.9497,0.05005,0.05017,0.05103,0.4995,0.949,0.4998,0.949,0.05005,0.05045,0.5,0.4995,0.4995,0.05,0.0506,0.949,0.0505,0.949,0.05048,0.9497,0.949,0.949,0.5,0.949,0.949,0.949,0.2605,0.05023,0.4995,0.949,0.2605,0.0502,0.5,0.5,0.5,0.4998,0.0503,0.949,0.499,0.5,0.9497,0.05023,0.4995,0.9497,0.9497,0.05005,0.4998,0.949,0.5,0.5,0.0501,0.05023,0.5,0.949,0.5,0.05005,0.9497,0.4998,0.949,0.289,0.949,0.949,0.949]}