{"32":{"(Float16(0.2686), Float16(0.4685))":3,"(Float16(0.498), Float16(0.698))":39,"(Float16(0.0501), Float16(0.25))":20,"(Float16(0.948), Float16(1.148))":38},"29":{"(Float16(0.7246), Float16(0.925))":2,"(Float16(0.948), Float16(1.148))":22,"(Float16(0.4985), Float16(0.6987))":76},"81":{"(Float16(0.05017), Float16(0.2502))":29,"(Float16(0.254), Float16(0.4539))":2,"(Float16(0.949), Float16(1.149))":34,"(Float16(0.4995), Float16(0.6997))":35},"54":{"(Float16(0.2524), Float16(0.4524))":4,"(Float16(0.05017), Float16(0.2502))":16,"(Float16(0.9473), Float16(1.147))":31,"(Float16(0.4995), Float16(0.6997))":49},"78":{"(Float16(0.05002), Float16(0.25))":33,"(Float16(0.949), Float16(1.149))":40,"(Float16(0.4995), Float16(0.6997))":27},"1":{"(Float16(0.949), Float16(1.149))":19,"(Float16(0.05078), Float16(0.2507))":45,"(Float16(0.4985), Float16(0.6987))":36},"2":{"(Float16(0.4978), Float16(0.6978))":35,"(Float16(0.05), Float16(0.25))":29,"(Float16(0.948), Float16(1.148))":34,"(Float16(0.2703), Float16(0.4702))":2},"74":{"(Float16(0.7207), Float16(0.921))":3,"(Float16(0.05045), Float16(0.2505))":29,"(Float16(0.9473), Float16(1.147))":30,"(Float16(0.5), Float16(0.7))":38},"41":{"(Float16(0.2598), Float16(0.4597))":4,"(Float16(0.05005), Float16(0.25))":29,"(Float16(0.949), Float16(1.149))":30,"(Float16(0.4995), Float16(0.6997))":37},"65":{"(Float16(0.0501), Float16(0.25))":37,"(Float16(0.948), Float16(1.148))":20,"(Float16(0.5), Float16(0.7))":43},"53":{"(Float16(0.9487), Float16(1.148))":37,"(Float16(0.05017), Float16(0.2502))":26,"(Float16(0.499), Float16(0.699))":37},"51":{"(Float16(0.05005), Float16(0.25))":25,"(Float16(0.949), Float16(1.149))":16,"(Float16(0.5), Float16(0.7))":59},"27":{"(Float16(0.05005), Float16(0.25))":44,"(Float16(0.949), Float16(1.149))":20,"(Float16(0.5), Float16(0.7))":36},"75":{"(Float16(0.949), Float16(1.149))":16,"(Float16(0.0501), Float16(0.25))":33,"(Float16(0.4995), Float16(0.6997))":51},"42":{"(Float16(0.05005), Float16(0.25))":42,"(Float16(0.948), Float16(1.148))":31,"(Float16(0.4995), Float16(0.6997))":27},"33":{"(Float16(0.746), Float16(0.9463))":2,"(Float16(0.05), Float16(0.25))":20,"(Float16(0.9473), Float16(1.147))":21,"(Float16(0.4995), Float16(0.6997))":57},"28":{"(Float16(0.05002), Float16(0.25))":19,"(Float16(0.949), Float16(1.149))":34,"(Float16(0.4995), Float16(0.6997))":47},"52":{"(Float16(0.498), Float16(0.698))":43,"(Float16(0.949), Float16(1.149))":34,"(Float16(0.0501), Float16(0.25))":23},"50":{"(Float16(0.05005), Float16(0.25))":23,"(Float16(0.266), Float16(0.466))":3,"(Float16(0.5005), Float16(0.7007))":50,"(Float16(0.948), Float16(1.148))":24},"63":{"(Float16(0.05066), Float16(0.2507))":43,"(Float16(0.9487), Float16(1.148))":27,"(Float16(0.5), Float16(0.7))":30},"92":{"(Float16(0.5005), Float16(0.7007))":70,"(Float16(0.0505), Float16(0.2505))":28,"(Float16(0.2874), Float16(0.4873))":2},"88":{"(Float16(0.949), Float16(1.149))":41,"(Float16(0.5), Float16(0.7))":34,"(Float16(0.05035), Float16(0.2502))":25},"93":{"(Float16(0.05008), Float16(0.25))":23,"(Float16(0.7305), Float16(0.9307))":4,"(Float16(0.9497), Float16(1.149))":34,"(Float16(0.4995), Float16(0.6997))":39},"26":{"(Float16(0.732), Float16(0.932))":2,"(Float16(0.05023), Float16(0.2502))":29,"(Float16(0.5), Float16(0.7))":39,"(Float16(0.9473), Float16(1.147))":30},"10":{"(Float16(0.05005), Float16(0.25))":27,"(Float16(0.9487), Float16(1.148))":20,"(Float16(0.499), Float16(0.699))":53},"77":{"(Float16(0.05005), Float16(0.25))":42,"(Float16(0.267), Float16(0.467))":2,"(Float16(0.501), Float16(0.701))":44,"(Float16(0.9497), Float16(1.149))":12},"87":{"(Float16(0.0504), Float16(0.2505))":32,"(Float16(0.499), Float16(0.699))":57,"(Float16(0.949), Float16(1.149))":11},"24":{"(Float16(0.0502), Float16(0.2502))":24,"(Float16(0.5005), Float16(0.7007))":57,"(Float16(0.9473), Float16(1.147))":19},"58":{"(Float16(0.05002), Float16(0.25))":25,"(Float16(0.949), Float16(1.149))":11,"(Float16(0.5), Float16(0.7))":64},"25":{"(Float16(0.05002), Float16(0.25))":31,"(Float16(0.5005), Float16(0.7007))":41,"(Float16(0.948), Float16(1.148))":28},"23":{"(Float16(0.05057), Float16(0.2505))":38,"(Float16(0.948), Float16(1.148))":24,"(Float16(0.5), Float16(0.7))":38},"49":{"(Float16(0.9487), Float16(1.148))":25,"(Float16(0.05023), Float16(0.2502))":31,"(Float16(0.5), Float16(0.7))":44},"59":{"(Float16(0.05005), Float16(0.25))":26,"(Float16(0.948), Float16(1.148))":48,"(Float16(0.5), Float16(0.7))":26},"5":{"(Float16(0.5005), Float16(0.7007))":31,"(Float16(0.949), Float16(1.149))":30,"(Float16(0.05), Float16(0.25))":39},"31":{"(Float16(0.05005), Float16(0.25))":4,"(Float16(0.949), Float16(1.149))":27,"(Float16(0.4976), Float16(0.6978))":69},"89":{"(Float16(0.05005), Float16(0.25))":14,"(Float16(0.949), Float16(1.149))":37,"(Float16(0.4985), Float16(0.6987))":49},"62":{"(Float16(0.05002), Float16(0.25))":25,"(Float16(0.949), Float16(1.149))":22,"(Float16(0.4985), Float16(0.6987))":53},"43":{"(Float16(0.712), Float16(0.912))":4,"(Float16(0.0505), Float16(0.2505))":56,"(Float16(0.9497), Float16(1.149))":22,"(Float16(0.5), Float16(0.7))":18},"90":{"(Float16(0.5005), Float16(0.7007))":54,"(Float16(0.05023), Float16(0.2502))":39,"(Float16(0.95), Float16(1.15))":7},"39":{"(Float16(0.05002), Float16(0.25))":33,"(Float16(0.949), Float16(1.149))":41,"(Float16(0.724), Float16(0.9243))":2,"(Float16(0.5), Float16(0.7))":24},"34":{"(Float16(0.2505), Float16(0.4504))":4,"(Float16(0.0501), Float16(0.25))":30,"(Float16(0.948), Float16(1.148))":37,"(Float16(0.4995), Float16(0.6997))":29},"44":{"(Float16(0.05017), Float16(0.2502))":25,"(Float16(0.949), Float16(1.149))":23,"(Float16(0.4995), Float16(0.6997))":52},"94":{"(Float16(0.05066), Float16(0.2507))":32,"(Float16(0.9497), Float16(1.149))":13,"(Float16(0.5), Float16(0.7))":55},"55":{"(Float16(0.05005), Float16(0.25))":24,"(Float16(0.5005), Float16(0.7007))":61,"(Float16(0.948), Float16(1.148))":15},"86":{"(Float16(0.9478), Float16(1.147))":24,"(Float16(0.05), Float16(0.25))":10,"(Float16(0.4995), Float16(0.6997))":66},"17":{"(Float16(0.05008), Float16(0.25))":28,"(Float16(0.949), Float16(1.149))":44,"(Float16(0.4983), Float16(0.698))":28},"99":{"(Float16(0.949), Float16(1.149))":29,"(Float16(0.0501), Float16(0.25))":30,"(Float16(0.4985), Float16(0.6987))":41},"71":{"(Float16(0.05002), Float16(0.25))":33,"(Float16(0.499), Float16(0.699))":37,"(Float16(0.948), Float16(1.148))":30},"37":{"(Float16(0.948), Float16(1.148))":32,"(Float16(0.4985), Float16(0.6987))":43,"(Float16(0.05035), Float16(0.2502))":25},"47":{"(Float16(0.05005), Float16(0.25))":19,"(Float16(0.498), Float16(0.698))":27,"(Float16(0.2773), Float16(0.4773))":3,"(Float16(0.948), Float16(1.148))":51},"9":{"(Float16(0.4988), Float16(0.6987))":53,"(Float16(0.949), Float16(1.149))":26,"(Float16(0.05), Float16(0.25))":21},"73":{"(Float16(0.05008), Float16(0.25))":32,"(Float16(0.5005), Float16(0.7007))":51,"(Float16(0.948), Float16(1.148))":17},"82":{"(Float16(0.949), Float16(1.149))":30,"(Float16(0.0501), Float16(0.25))":33,"(Float16(0.5), Float16(0.7))":37},"12":{"(Float16(0.05026), Float16(0.2502))":35,"(Float16(0.9497), Float16(1.149))":10,"(Float16(0.4995), Float16(0.6997))":55},"79":{"(Float16(0.703), Float16(0.9033))":63,"(Float16(0.254), Float16(0.4539))":5,"(Float16(0.0501), Float16(0.25))":30,"(Float16(0.4995), Float16(0.6997))":2},"20":{"(Float16(0.05023), Float16(0.2502))":45,"(Float16(0.948), Float16(1.148))":26,"(Float16(0.5), Float16(0.7))":29},"6":{"(Float16(0.05005), Float16(0.25))":28,"(Float16(0.949), Float16(1.149))":27,"(Float16(0.5), Float16(0.7))":45},"84":{"(Float16(0.05005), Float16(0.25))":29,"(Float16(0.501), Float16(0.701))":55,"(Float16(0.2808), Float16(0.4807))":5,"(Float16(0.95), Float16(1.15))":11},"80":{"(Float16(0.05023), Float16(0.2502))":40,"(Float16(0.949), Float16(1.149))":18,"(Float16(0.709), Float16(0.909))":2,"(Float16(0.5), Float16(0.7))":40},"98":{"(Float16(0.05008), Float16(0.25))":29,"(Float16(0.501), Float16(0.701))":63,