{"5":{"(Float16(0.4985), Float16(0.6987))":64,"(Float16(0.9463), Float16(1.146))":36},"56":{"(Float16(0.05157), Float16(0.2515))":40,"(Float16(0.7285), Float16(0.9287))":60},"35":{"(Float16(0.05115), Float16(0.2512))":59,"(Float16(0.9463), Float16(1.146))":41},"55":{"(Float16(0.274), Float16(0.4739))":63,"(Float16(0.9473), Float16(1.147))":37},"60":{"(Float16(0.502), Float16(0.702))":67,"(Float16(0.2632), Float16(0.4631))":33},"30":{"(Float16(0.501), Float16(0.701))":66,"(Float16(0.05148), Float16(0.2515))":34},"32":{"(Float16(0.501), Float16(0.701))":64,"(Float16(0.0511), Float16(0.251))":36},"6":{"(Float16(0.501), Float16(0.701))":59,"(Float16(0.05054), Float16(0.2505))":41},"67":{"(Float16(0.948), Float16(1.148))":27,"(Float16(0.497), Float16(0.6973))":73},"45":{"(Float16(0.9473), Float16(1.147))":39,"(Float16(0.4976), Float16(0.6978))":61},"73":{"(Float16(0.05157), Float16(0.2515))":47,"(Float16(0.7334), Float16(0.9336))":53},"64":{"(Float16(0.293), Float16(0.493))":59,"(Float16(0.9473), Float16(1.147))":41},"90":{"(Float16(0.9463), Float16(1.146))":37,"(Float16(0.4976), Float16(0.6978))":63},"4":{"(Float16(0.498), Float16(0.698))":71,"(Float16(0.9463), Float16(1.146))":29},"13":{"(Float16(0.05048), Float16(0.2505))":46,"(Float16(0.9473), Float16(1.147))":54},"54":{"(Float16(0.948), Float16(1.148))":34,"(Float16(0.4976), Float16(0.6978))":66},"63":{"(Float16(0.501), Float16(0.701))":56,"(Float16(0.05148), Float16(0.2515))":44},"86":{"(Float16(0.2817), Float16(0.4817))":60,"(Float16(0.9463), Float16(1.146))":40},"91":{"(Float16(0.502), Float16(0.702))":66,"(Float16(0.05194), Float16(0.252))":34},"62":{"(Float16(0.948), Float16(1.148))":24,"(Float16(0.497), Float16(0.6973))":76},"58":{"(Float16(0.501), Float16(0.701))":75,"(Float16(0.05093), Float16(0.251))":25},"52":{"(Float16(0.948), Float16(1.148))":26,"(Float16(0.05188), Float16(0.252))":74},"12":{"(Float16(0.948), Float16(1.148))":34,"(Float16(0.497), Float16(0.6973))":66},"28":{"(Float16(0.05133), Float16(0.2512))":59,"(Float16(0.9463), Float16(1.146))":41},"75":{"(Float16(0.948), Float16(1.148))":38,"(Float16(0.4973), Float16(0.6973))":62},"23":{"(Float16(0.948), Float16(1.148))":34,"(Float16(0.497), Float16(0.6973))":66},"92":{"(Float16(0.947), Float16(1.146))":47,"(Float16(0.4985), Float16(0.6987))":53},"41":{"(Float16(0.5015), Float16(0.7017))":49,"(Float16(0.05148), Float16(0.2515))":51},"43":{"(Float16(0.947), Float16(1.146))":60,"(Float16(0.2837), Float16(0.4836))":40},"11":{"(Float16(0.2817), Float16(0.4817))":43,"(Float16(0.9463), Float16(1.146))":57},"36":{"(Float16(0.502), Float16(0.702))":72,"(Float16(0.05057), Float16(0.2505))":28},"68":{"(Float16(0.05164), Float16(0.2517))":60,"(Float16(0.9473), Float16(1.147))":40},"69":{"(Float16(0.05127), Float16(0.2512))":41,"(Float16(0.9473), Float16(1.147))":59},"98":{"(Float16(0.9463), Float16(1.146))":35,"(Float16(0.4976), Float16(0.6978))":65},"82":{"(Float16(0.05157), Float16(0.2515))":49,"(Float16(0.9473), Float16(1.147))":51},"85":{"(Float16(0.05157), Float16(0.2515))":36,"(Float16(0.5015), Float16(0.7017))":64},"39":{"(Float16(0.0514), Float16(0.2515))":51,"(Float16(0.9463), Float16(1.146))":49},"84":{"(Float16(0.05066), Float16(0.2507))":35,"(Float16(0.9473), Float16(1.147))":65},"77":{"(Float16(0.501), Float16(0.701))":66,"(Float16(0.0504), Float16(0.2505))":34},"7":{"(Float16(0.5015), Float16(0.7017))":100},"25":{"(Float16(0.5015), Float16(0.7017))":60,"(Float16(0.05124), Float16(0.2512))":40},"95":{"(Float16(0.497), Float16(0.6973))":76,"(Float16(0.9473), Float16(1.147))":24},"71":{"(Float16(0.0513), Float16(0.2512))":43,"(Float16(0.9478), Float16(1.147))":57},"66":{"(Float16(0.4968), Float16(0.697))":71,"(Float16(0.9473), Float16(1.147))":29},"76":{"(Float16(0.05084), Float16(0.2507))":46,"(Float16(0.9473), Float16(1.147))":54},"34":{"(Float16(0.501), Float16(0.701))":53,"(Float16(0.05078), Float16(0.2507))":47},"50":{"(Float16(0.5015), Float16(0.7017))":68,"(Float16(0.05176), Float16(0.2517))":32},"59":{"(Float16(0.948), Float16(1.148))":46,"(Float16(0.497), Float16(0.6973))":54},"93":{"(Float16(0.497), Float16(0.6973))":53,"(Float16(0.9473), Float16(1.147))":47},"2":{"(Float16(0.2832), Float16(0.4832))":52,"(Float16(0.502), Float16(0.702))":48},"10":{"(Float16(0.05157), Float16(0.2515))":38,"(Float16(0.501), Float16(0.701))":62},"18":{"(Float16(0.948), Float16(1.148))":35,"(Float16(0.05133), Float16(0.2512))":65},"26":{"(Float16(0.9473), Float16(1.147))":55,"(Float16(0.4976), Float16(0.6978))":45},"27":{"(Float16(0.497), Float16(0.6973))":100},"42":{"(Float16(0.05115), Float16(0.2512))":44,"(Float16(0.9463), Float16(1.146))":56},"87":{"(Float16(0.5015), Float16(0.7017))":57,"(Float16(0.051), Float16(0.251))":22,"(Float16(0.9473), Float16(1.147))":21},"100":{"(Float16(0.5015), Float16(0.7017))":65,"(Float16(0.0518), Float16(0.2517))":35},"79":{"(Float16(0.5015), Float16(0.7017))":63,"(Float16(0.0509), Float16(0.251))":37},"16":{"(Float16(0.4966), Float16(0.697))":46,"(Float16(0.9463), Float16(1.146))":54},"20":{"(Float16(0.9473), Float16(1.147))":43,"(Float16(0.05154), Float16(0.2515))":57},"81":{"(Float16(0.5015), Float16(0.7017))":76,"(Float16(0.05133), Float16(0.2512))":24},"19":{"(Float16(0.9463), Float16(1.146))":27,"(Float16(0.2856), Float16(0.4856))":73},"49":{"(Float16(0.948), Float16(1.148))":20,"(Float16(0.497), Float16(0.6973))":80},"44":{"(Float16(0.7334), Float16(0.9336))":55,"(Float16(0.05173), Float16(0.2517))":45},"9":{"(Float16(0.948), Float16(1.148))":38,"(Float16(0.497), Float16(0.6973))":62},"31":{"(Float16(0.05148), Float16(0.2515))":48,"(Float16(0.7207), Float16(0.921))":52},"74":{"(Float16(0.5015), Float16(0.7017))":56,"(Float16(0.05145), Float16(0.2515))":44},"61":{"(Float16(0.948), Float16(1.148))":43,"(Float16(0.4976), Float16(0.6978))":57},"29":{"(Float16(0.502), Float16(0.702))":76,"(Float16(0.05142), Float16(0.2515))":24},"94":{"(Float16(0.502), Float16(0.702))":53,"(Float16(0.0511), Float16(0.251))":47},"46":{"(Float16(0.5015), Float16(0.7017))":64,"(Float16(0.0509), Float16(0.251))":36},"57":{"(Float16(0.2852), Float16(0.485))":54,"(Float16(0.9463), Float16(1.146))":46},"70":{"(Float16(0.501), Float16(0.701))":43,"(Float16(0.0513), Float16(0.2512))":57},"21":{"(Float16(0.497), Float16(0.6973))":63,"(Float16(0.7373), Float16(0.9375))":37},"38":{"(Float16(0.948), Float16(1.148))":50,"(Float16(0.05176), Float16(0.2517))":50},"88":{"(Float16(0.948), Float16(1.148))":24,"(Float16(0.4976), Float16(0.6978))":76},"78":{"(Float16(0.501), Float16(0.701))":29,"(Float16(0.948), Float16(1.148))":22,"(Float16(0.05167), Float16(0.2517))":49},"72":{"(Float16(0.947), Float16(1.146))":40,"(Float16(0.4976), Float16(0.6978))":60},"24":{"(Float16(0.948), Float16(1.148))":48,"(Float16(0.0516), Float16(0.2517))":52},"8":{"(Float16(0.498), Float16(0.698))":43,"(Float16(0.9473), Float16(1.147))":57},"17":{"(Float16(0.5015), Float16(0.7017))":60,"(Float16(0.0503), Float16(0.2502))":40},"37":{"(Float16(0.05157), Float16(0.2515))":38,"(Float16(0.5015), Float16(0.7017))":62},"1":{"(Float16(0.5015), Float16(0.7017))":70,"(Float16(0.05078), Float16(0.2507))":30},"53":{"(Float16(0.716), Float16(0.916))":56,"(Float16(0.4976), Float16(0.6978))":44},"22":{"(Float16(0.05127), Float16(0.2512))":50,"(Float16(0.5015), Float16(0.7017))":50},"47":{"(Float16(0.5015), Float16(0.7017))":83,"(Float16(0.05194), Float16(0.252))":17},"83":{"(Float16(0.9463), Float16(1.146))":24,"(Float16(0.4976), Float16(0.6978))":76},"99":{"(Float16(0.501), Float16(0.701))":67,"(Float16(0.0506), Float16(0.2505))":33},"89":{"(Float16(0.501), Float16(0.701))":67,"(Float16(0.05096), Float16(0.251))":33},"14":{"(Float16(0.948), Float16(1.148))":32,"(Float16(0.4966), Float16(0.697))":68},"3":{"(Float16(0.5015), Float16(0.7017))":70,"(Float16(0.05112), Float16(0.2512))":30},"80":{"(Float16(0.05157), Float16(0.2515))":33,"(Float16(0.502), Float16(0.702))":67},"96":{"(Float16(0.948), Float16(1.148))":31,"(Float16(0.497), Float16(0.6973))":69},