{"5":{"(Float16(0.4985), Float16(0.7983))":79,"(Float16(0.948), Float16(1.248))":21},"56":{"(Float16(0.05014), Float16(0.35))":29,"(Float16(0.501), Float16(0.801))":71},"35":{"(Float16(0.5005), Float16(0.8003))":73,"(Float16(0.05014), Float16(0.35))":13,"(Float16(0.948), Float16(1.248))":14},"55":{"(Float16(0.05133), Float16(0.3513))":3,"(Float16(0.501), Float16(0.801))":97},"60":{"(Float16(0.05), Float16(0.35))":27,"(Float16(0.501), Float16(0.801))":73},"30":{"(Float16(0.949), Float16(1.249))":19,"(Float16(0.4983), Float16(0.7983))":81},"32":{"(Float16(0.9487), Float16(1.249))":52,"(Float16(0.05005), Float16(0.35))":24,"(Float16(0.4985), Float16(0.7983))":24},"6":{"(Float16(0.05066), Float16(0.3506))":16,"(Float16(0.5005), Float16(0.8003))":84},"67":{"(Float16(0.4995), Float16(0.7993))":35,"(Float16(0.949), Float16(1.249))":35,"(Float16(0.05002), Float16(0.35))":30},"45":{"(Float16(0.4978), Float16(0.798))":76,"(Float16(0.95), Float16(1.25))":24},"73":{"(Float16(0.05017), Float16(0.35))":15,"(Float16(0.5005), Float16(0.8003))":75,"(Float16(0.948), Float16(1.248))":10},"64":{"(Float16(0.05), Float16(0.35))":23,"(Float16(0.501), Float16(0.801))":77},"90":{"(Float16(0.05017), Float16(0.35))":12,"(Float16(0.5005), Float16(0.8003))":88},"4":{"(Float16(0.5005), Float16(0.8003))":80,"(Float16(0.0501), Float16(0.35))":20},"13":{"(Float16(0.5005), Float16(0.8003))":70,"(Float16(0.05), Float16(0.35))":30},"54":{"(Float16(0.05017), Float16(0.35))":4,"(Float16(0.5005), Float16(0.8003))":81,"(Float16(0.948), Float16(1.248))":15},"63":{"(Float16(0.498), Float16(0.798))":94,"(Float16(0.05115), Float16(0.351))":3,"(Float16(0.9473), Float16(1.247))":3},"86":{"(Float16(0.051), Float16(0.351))":2,"(Float16(0.498), Float16(0.798))":88,"(Float16(0.9478), Float16(1.248))":10},"91":{"(Float16(0.5005), Float16(0.8003))":79,"(Float16(0.948), Float16(1.248))":3,"(Float16(0.05008), Float16(0.35))":18},"62":{"(Float16(0.9487), Float16(1.249))":15,"(Float16(0.4993), Float16(0.7993))":85},"58":{"(Float16(0.4995), Float16(0.7993))":87,"(Float16(0.9478), Float16(1.248))":13},"52":{"(Float16(0.499), Float16(0.799))":80,"(Float16(0.949), Float16(1.249))":20},"12":{"(Float16(0.05005), Float16(0.35))":18,"(Float16(0.948), Float16(1.248))":12,"(Float16(0.5), Float16(0.8))":70},"28":{"(Float16(0.05054), Float16(0.3506))":4,"(Float16(0.5), Float16(0.8))":96},"75":{"(Float16(0.5005), Float16(0.8003))":69,"(Float16(0.0501), Float16(0.35))":31},"23":{"(Float16(0.5005), Float16(0.8003))":79,"(Float16(0.0501), Float16(0.35))":17,"(Float16(0.95), Float16(1.25))":4},"92":{"(Float16(0.5005), Float16(0.8003))":76,"(Float16(0.05), Float16(0.35))":24},"41":{"(Float16(0.05005), Float16(0.35))":16,"(Float16(0.949), Float16(1.249))":2,"(Float16(0.501), Float16(0.801))":82},"43":{"(Float16(0.5005), Float16(0.8003))":72,"(Float16(0.05005), Float16(0.35))":28},"11":{"(Float16(0.5005), Float16(0.8003))":63,"(Float16(0.05005), Float16(0.35))":37},"36":{"(Float16(0.0513), Float16(0.3513))":3,"(Float16(0.5), Float16(0.8))":97},"68":{"(Float16(0.05005), Float16(0.35))":29,"(Float16(0.501), Float16(0.801))":71},"69":{"(Float16(0.5005), Float16(0.8003))":70,"(Float16(0.05005), Float16(0.35))":30},"98":{"(Float16(0.0499), Float16(0.3499))":2,"(Float16(0.4985), Float16(0.7983))":80,"(Float16(0.948), Float16(1.248))":18},"82":{"(Float16(0.4976), Float16(0.7974))":78,"(Float16(0.949), Float16(1.249))":22},"85":{"(Float16(0.499), Float16(0.799))":93,"(Float16(0.05), Float16(0.35))":1,"(Float16(0.9473), Float16(1.247))":6},"39":{"(Float16(0.05), Float16(0.35))":37,"(Float16(0.9473), Float16(1.247))":63},"84":{"(Float16(0.498), Float16(0.798))":72,"(Float16(0.05133), Float16(0.3513))":2,"(Float16(0.948), Float16(1.248))":26},"77":{"(Float16(0.05063), Float16(0.3506))":8,"(Float16(0.4985), Float16(0.7983))":92},"7":{"(Float16(0.9497), Float16(1.25))":7,"(Float16(0.4976), Float16(0.7974))":91,"(Float16(0.05008), Float16(0.35))":2},"25":{"(Float16(0.499), Float16(0.799))":79,"(Float16(0.948), Float16(1.248))":21},"95":{"(Float16(0.5005), Float16(0.8003))":85,"(Float16(0.0501), Float16(0.35))":11,"(Float16(0.9473), Float16(1.247))":4},"71":{"(Float16(0.5005), Float16(0.8003))":78,"(Float16(0.05002), Float16(0.35))":22},"66":{"(Float16(0.499), Float16(0.799))":69,"(Float16(0.0501), Float16(0.35))":15,"(Float16(0.948), Float16(1.248))":16},"76":{"(Float16(0.05002), Float16(0.35))":21,"(Float16(0.501), Float16(0.801))":79},"34":{"(Float16(0.05002), Float16(0.35))":19,"(Float16(0.501), Float16(0.801))":81},"50":{"(Float16(0.498), Float16(0.798))":77,"(Float16(0.9487), Float16(1.249))":23},"59":{"(Float16(0.05124), Float16(0.3513))":5,"(Float16(0.949), Float16(1.249))":5,"(Float16(0.4983), Float16(0.7983))":90},"93":{"(Float16(0.4985), Float16(0.7983))":81,"(Float16(0.9478), Float16(1.248))":19},"2":{"(Float16(0.5005), Float16(0.8003))":86,"(Float16(0.05023), Float16(0.3503))":14},"10":{"(Float16(0.498), Float16(0.798))":81,"(Float16(0.05017), Float16(0.35))":10,"(Float16(0.9473), Float16(1.247))":9},"18":{"(Float16(0.498), Float16(0.798))":87,"(Float16(0.948), Float16(1.248))":13},"26":{"(Float16(0.05032), Float16(0.3503))":19,"(Float16(0.501), Float16(0.801))":81},"27":{"(Float16(0.9497), Float16(1.25))":5,"(Float16(0.4995), Float16(0.7993))":93,"(Float16(0.05118), Float16(0.351))":2},"42":{"(Float16(0.5005), Float16(0.8003))":83,"(Float16(0.05014), Float16(0.35))":17},"87":{"(Float16(0.499), Float16(0.799))":85,"(Float16(0.05005), Float16(0.35))":2,"(Float16(0.948), Float16(1.248))":13},"100":{"(Float16(0.4995), Float16(0.7993))":88,"(Float16(0.05078), Float16(0.3508))":10,"(Float16(0.949), Float16(1.249))":2},"79":{"(Float16(0.498), Float16(0.798))":87,"(Float16(0.05078), Float16(0.3508))":5,"(Float16(0.948), Float16(1.248))":8},"16":{"(Float16(0.499), Float16(0.799))":93,"(Float16(0.9473), Float16(1.247))":4,"(Float16(0.05164), Float16(0.3516))":3},"20":{"(Float16(0.5005), Float16(0.8003))":86,"(Float16(0.0501), Float16(0.35))":14},"81":{"(Float16(0.9487), Float16(1.249))":4,"(Float16(0.0513), Float16(0.3513))":1,"(Float16(0.4985), Float16(0.7983))":95},"19":{"(Float16(0.5), Float16(0.8))":87,"(Float16(0.9473), Float16(1.247))":8,"(Float16(0.0506), Float16(0.3506))":5},"49":{"(Float16(0.05005), Float16(0.35))":27,"(Float16(0.501), Float16(0.801))":73},"44":{"(Float16(0.5005), Float16(0.8003))":82,"(Float16(0.05005), Float16(0.35))":18},"9":{"(Float16(0.5005), Float16(0.8003))":80,"(Float16(0.05008), Float16(0.35))":20},"31":{"(Float16(0.498), Float16(0.798))":79,"(Float16(0.949), Float16(1.249))":21},"74":{"(Float16(0.4995), Float16(0.7993))":87,"(Float16(0.05084), Float16(0.3508))":4,"(Float16(0.949), Float16(1.249))":9},"61":{"(Float16(0.5005), Float16(0.8003))":72,"(Float16(0.05005), Float16(0.35))":16,"(Float16(0.9478), Float16(1.248))":12},"29":{"(Float16(0.05206), Float16(0.352))":2,"(Float16(0.5005), Float16(0.8003))":98},"94":{"(Float16(0.498), Float16(0.798))":25,"(Float16(0.9487), Float16(1.249))":52,"(Float16(0.05005), Float16(0.35))":23},"46":{"(Float16(0.499), Float16(0.799))":74,"(Float16(0.9478), Float16(1.248))":26},"57":{"(Float16(0.05014), Float16(0.35))":27,"(Float16(0.501), Float16(0.801))":73},"70":{"(Float16(0.5005), Float16(0.8003))":85,"(Float16(0.05026), Float16(0.3503))":15},"21":{"(Float16(0.498), Float16(0.798))":83,"(Float16(0.0501), Float16(0.35))":4,"(Float16(0.9478), Float16(1.248))":13},"38":{"(Float16(0.05106), Float16(0.351))":6,"(Float16(0.499), Float16(0.799))":89,"(Float16(0.9487), Float16(1.249))":5},"88":{"(Float16(0.5005), Float16(0.8003))":68,"(Float16(0.05005), Float16(0.35))":24,"(Float16(0.949), Float16(1.249))":8},"78":{"(Float16(0.05), Float16(0.35))":22,"(Float16(0.949), Float16(1.249))":31,"(Float16(0.4983), Float16(0.7983))":47},"72":{"(Float16(0.498), Float16(0.798))":84,"(Float16(0.9497), Float16(1.25))":12,"(Float16(0.0501), Float16(0.35))":4},"24":{"(Float16(0.498), Float16(0.798))":60,"(Float16(0.948), Float16(1.248))":40},