{"5":{"(Float16(0.0503), 0.06029296875)":71,"(Float16(0.948), 0.9582421875)":29},"56":{"(Float16(0.05008), 0.060079345703125)":65,"(Float16(0.949), 0.95921875)":35},"35":{"(Float16(0.9487), 0.95873046875)":54,"(Float16(0.05), 0.05998779296875)":46},"55":{"(Float16(0.9487), 0.95873046875)":45,"(Float16(0.05017), 0.0601708984375)":55},"60":{"(Float16(0.949), 0.95921875)":40,"(Float16(0.05), 0.05998779296875)":60},"30":{"(Float16(0.948), 0.9582421875)":56,"(Float16(0.05), 0.05998779296875)":44},"32":{"(Float16(0.0501), 0.06010986328125)":42,"(Float16(0.948), 0.9582421875)":58},"6":{"(Float16(0.05005), 0.060048828125)":31,"(Float16(0.4985), 0.50853515625)":2,"(Float16(0.9478), 0.95775390625)":67},"67":{"(Float16(0.948), 0.9582421875)":56,"(Float16(0.05), 0.05998779296875)":44},"45":{"(Float16(0.948), 0.9582421875)":41,"(Float16(0.05), 0.05998779296875)":59},"73":{"(Float16(0.05002), 0.060018310546875)":44,"(Float16(0.948), 0.9582421875)":56},"64":{"(Float16(0.05017), 0.0601708984375)":57,"(Float16(0.9478), 0.95775390625)":43},"90":{"(Float16(0.05017), 0.0601708984375)":47,"(Float16(0.948), 0.9582421875)":53},"4":{"(Float16(0.9487), 0.95873046875)":64,"(Float16(0.05002), 0.060018310546875)":36},"13":{"(Float16(0.05005), 0.060048828125)":32,"(Float16(0.948), 0.9582421875)":68},"54":{"(Float16(0.949), 0.95921875)":60,"(Float16(0.05), 0.05998779296875)":40},"63":{"(Float16(0.05005), 0.060048828125)":34,"(Float16(0.948), 0.9582421875)":66},"86":{"(Float16(0.0502), 0.060201416015625)":60,"(Float16(0.949), 0.95921875)":40},"91":{"(Float16(0.05008), 0.060079345703125)":53,"(Float16(0.949), 0.95921875)":47},"62":{"(Float16(0.948), 0.9582421875)":48,"(Float16(0.05014), 0.060140380859375)":52},"58":{"(Float16(0.05008), 0.060079345703125)":67,"(Float16(0.948), 0.9582421875)":33},"52":{"(Float16(0.949), 0.95921875)":54,"(Float16(0.05), 0.05998779296875)":46},"12":{"(Float16(0.949), 0.95921875)":60,"(Float16(0.05), 0.05998779296875)":40},"28":{"(Float16(0.05002), 0.060018310546875)":37,"(Float16(0.949), 0.95921875)":63},"75":{"(Float16(0.948), 0.9582421875)":47,"(Float16(0.05), 0.05998779296875)":53},"23":{"(Float16(0.05008), 0.060079345703125)":43,"(Float16(0.9473), 0.957265625)":57},"92":{"(Float16(0.949), 0.95921875)":45,"(Float16(0.05), 0.05998779296875)":55},"41":{"(Float16(0.05002), 0.060018310546875)":35,"(Float16(0.949), 0.95921875)":65},"43":{"(Float16(0.05005), 0.060048828125)":56,"(Float16(0.9478), 0.95775390625)":44},"11":{"(Float16(0.9487), 0.95873046875)":59,"(Float16(0.0501), 0.06010986328125)":41},"36":{"(Float16(0.05002), 0.060018310546875)":41,"(Float16(0.948), 0.9582421875)":59},"68":{"(Float16(0.05005), 0.060048828125)":34,"(Float16(0.948), 0.9582421875)":66},"69":{"(Float16(0.948), 0.9582421875)":58,"(Float16(0.05), 0.05998779296875)":42},"98":{"(Float16(0.05002), 0.060018310546875)":40,"(Float16(0.949), 0.95921875)":60},"82":{"(Float16(0.05008), 0.060079345703125)":55,"(Float16(0.948), 0.9582421875)":45},"85":{"(Float16(0.9487), 0.95873046875)":46,"(Float16(0.05008), 0.060079345703125)":54},"39":{"(Float16(0.05005), 0.060048828125)":40,"(Float16(0.948), 0.9582421875)":60},"84":{"(Float16(0.9487), 0.95873046875)":36,"(Float16(0.05008), 0.060079345703125)":64},"77":{"(Float16(0.05002), 0.060018310546875)":58,"(Float16(0.949), 0.95921875)":42},"7":{"(Float16(0.0501), 0.06010986328125)":47,"(Float16(0.949), 0.95921875)":53},"25":{"(Float16(0.0502), 0.060201416015625)":68,"(Float16(0.949), 0.95921875)":32},"95":{"(Float16(0.949), 0.95921875)":49,"(Float16(0.05), 0.05998779296875)":51},"71":{"(Float16(0.949), 0.95921875)":63,"(Float16(0.05005), 0.060048828125)":37},"66":{"(Float16(0.9487), 0.95873046875)":59,"(Float16(0.05), 0.05998779296875)":41},"76":{"(Float16(0.05005), 0.060048828125)":49,"(Float16(0.948), 0.9582421875)":51},"34":{"(Float16(0.05026), 0.060262451171875)":63,"(Float16(0.9473), 0.957265625)":37},"50":{"(Float16(0.9487), 0.95873046875)":66,"(Float16(0.05002), 0.060018310546875)":34},"59":{"(Float16(0.949), 0.95921875)":61,"(Float16(0.05), 0.05998779296875)":39},"93":{"(Float16(0.9478), 0.95775390625)":52,"(Float16(0.05023), 0.06023193359375)":48},"2":{"(Float16(0.949), 0.95921875)":50,"(Float16(0.05), 0.05998779296875)":50},"10":{"(Float16(0.949), 0.95921875)":55,"(Float16(0.05), 0.05998779296875)":45},"18":{"(Float16(0.0503), 0.06029296875)":59,"(Float16(0.949), 0.95921875)":41},"26":{"(Float16(0.0502), 0.060201416015625)":64,"(Float16(0.948), 0.9582421875)":36},"27":{"(Float16(0.05002), 0.060018310546875)":51,"(Float16(0.949), 0.95921875)":49},"42":{"(Float16(0.05002), 0.060018310546875)":33,"(Float16(0.948), 0.9582421875)":67},"87":{"(Float16(0.948), 0.9582421875)":39,"(Float16(0.05014), 0.060140380859375)":61},"100":{"(Float16(0.05005), 0.060048828125)":25,"(Float16(0.948), 0.9582421875)":75},"79":{"(Float16(0.0504), 0.0604150390625)":58,"(Float16(0.948), 0.9582421875)":42},"16":{"(Float16(0.05005), 0.060048828125)":52,"(Float16(0.948), 0.9582421875)":48},"20":{"(Float16(0.949), 0.95921875)":70,"(Float16(0.05), 0.05998779296875)":30},"81":{"(Float16(0.05017), 0.0601708984375)":67,"(Float16(0.948), 0.9582421875)":33},"19":{"(Float16(0.05032), 0.060323486328125)":62,"(Float16(0.948), 0.9582421875)":38},"49":{"(Float16(0.949), 0.95921875)":44,"(Float16(0.05), 0.05998779296875)":56},"44":{"(Float16(0.0502), 0.060201416015625)":43,"(Float16(0.948), 0.9582421875)":57},"9":{"(Float16(0.05002), 0.060018310546875)":49,"(Float16(0.948), 0.9582421875)":51},"31":{"(Float16(0.948), 0.9582421875)":42,"(Float16(0.05023), 0.06023193359375)":58},"74":{"(Float16(0.05005), 0.060048828125)":38,"(Float16(0.948), 0.9582421875)":62},"61":{"(Float16(0.0501), 0.06010986328125)":46,"(Float16(0.949), 0.95921875)":54},"29":{"(Float16(0.05017), 0.0601708984375)":64,"(Float16(0.949), 0.95921875)":36},"94":{"(Float16(0.05026), 0.060262451171875)":59,"(Float16(0.948), 0.9582421875)":41},"46":{"(Float16(0.949), 0.95921875)":55,"(Float16(0.05), 0.05998779296875)":45},"57":{"(Float16(0.05017), 0.0601708984375)":75,"(Float16(0.948), 0.9582421875)":25},"70":{"(Float16(0.05002), 0.060018310546875)":30,"(Float16(0.9478), 0.95775390625)":70},"21":{"(Float16(0.05005), 0.060048828125)":38,"(Float16(0.948), 0.9582421875)":62},"38":{"(Float16(0.949), 0.95921875)":50,"(Float16(0.05), 0.05998779296875)":50},"88":{"(Float16(0.949), 0.95921875)":55,"(Float16(0.05), 0.05998779296875)":45},"78":{"(Float16(0.949), 0.95921875)":58,"(Float16(0.05005), 0.060048828125)":42},"72":{"(Float16(0.949), 0.95921875)":53,"(Float16(0.05), 0.05998779296875)":47},"24":{"(Float16(0.948), 0.9582421875)":78,"(Float16(0.05), 0.05998779296875)":22},"8":{"(Float16(0.9487), 0.95873046875)":56,"(Float16(0.05005), 0.060048828125)":44},"17":{"(Float16(0.9487), 0.95873046875)":52,"(Float16(0.05017), 0.0601708984375)":48},"37":{"(Float16(0.05008), 0.060079345703125)":34,"(Float16(0.948), 0.9582421875)":66},"1":{"(Float16(0.9487), 0.95873046875)":43,"(Float16(0.05005), 0.060048828125)":57},"53":{"(Float16(0.05038), 0.060384521484375)":69,"(Float16(0.948), 0.9582421875)":31},"22":{"(Float16(0.05002), 0.060018310546875)":39,"(Float16(0.949), 0.95921875)":61},"47":{"(Float16(0.949), 0.95921875)":40,"(Float16(0.05014), 0.060140380859375)":60},"83":{"(Float16(0.949), 0.95921875)":38,"(Float16(0.05023), 0.06023193359375)":62},"99":{"(Float16(0.05005), 0.060048828125)":50,"(Float16(0.948), 0.9582421875)":50},"89":{"(Float16(0.0501), 0.06010986328125)":55,"(Float16(0.948), 0.9582421875)":45},"14":{"(Float16(0.949), 0.95921875)":73,"(Float16(0.05005), 0.060048828125)":27},"3":{"(Float16(0.949), 0.95921875)":58,"(Float16(0.05005), 0.060048828125)":42},"80":{"(Float16(0.05002), 0.060018310546875)":43,"(Float16(0.949), 0.95921875)":57},"96":{"(Float16(0.05002), 0.060018310546875)":36,"(Float16(0.948), 0.9582421875)":64},"51":{"(Float16(0.05014), 0.060140380859375)":64,"(Float16(0.9473), 0.957265625)":36},"33":{"(Float16(0.05002), 0.060018310546875)":47,"(Float16(0.949), 0.95921875)":53},