{"5":{"(Float16(0.5107), Float16(0.9106))":98,"(Float16(0.04175), Float16(0.4417))":2},"56":{"(Float16(0.916), Float16(1.316))":1,"(Float16(0.4795), Float16(0.8794))":99},"55":{"(Float16(0.4893), Float16(0.889))":100},"35":{"(Float16(0.5615), Float16(0.9614))":100},"60":{"(Float16(0.507), Float16(0.9067))":100},"30":{"(Float16(0.616), Float16(1.017))":85,"(Float16(0.05078), Float16(0.4507))":15},"32":{"(Float16(0.4976), Float16(0.8975))":100},"6":{"(Float16(0.4832), Float16(0.8833))":100},"67":{"(Float16(0.4556), Float16(0.8555))":100},"45":{"(Float16(0.4404), Float16(0.8403))":98,"(Float16(0.9307), Float16(1.331))":2},"73":{"(Float16(0.4976), Float16(0.8975))":97,"(Float16(0.06104), Float16(0.461))":3},"64":{"(Float16(0.0332), Float16(0.433))":7,"(Float16(0.593), Float16(0.9927))":93},"90":{"(Float16(0.496), Float16(0.896))":100},"4":{"(Float16(0.4702), Float16(0.87))":100},"13":{"(Float16(0.0681), Float16(0.468))":3,"(Float16(0.5234), Float16(0.9233))":97},"54":{"(Float16(0.8965), Float16(1.297))":3,"(Float16(0.4106), Float16(0.8105))":97},"63":{"(Float16(0.893), Float16(1.293))":7,"(Float16(0.4438), Float16(0.8438))":93},"86":{"(Float16(0.477), Float16(0.877))":100},"91":{"(Float16(0.5547), Float16(0.9546))":100},"62":{"(Float16(0.4946), Float16(0.8945))":99,"(Float16(0.03864), Float16(0.4387))":1},"58":{"(Float16(0.9795), Float16(1.38))":2,"(Float16(0.4868), Float16(0.8867))":98},"52":{"(Float16(0.539), Float16(0.939))":98,"(Float16(0.07916), Float16(0.4792))":2},"12":{"(Float16(0.536), Float16(0.936))":100},"28":{"(Float16(0.5664), Float16(0.9663))":93,"(Float16(0.00981), Float16(0.41))":7},"75":{"(Float16(0.4863), Float16(0.886))":100},"23":{"(Float16(0.0648), Float16(0.4648))":2,"(Float16(0.5273), Float16(0.9272))":98},"92":{"(Float16(0.5264), Float16(0.9263))":100},"41":{"(Float16(0.8823), Float16(1.282))":5,"(Float16(0.4583), Float16(0.8584))":95},"43":{"(Float16(0.4487), Float16(0.8486))":100},"69":{"(Float16(0.5684), Float16(0.9683))":94,"(Float16(0.07275), Float16(0.4727))":6},"11":{"(Float16(0.583), Float16(0.983))":100},"68":{"(Float16(0.4946), Float16(0.8945))":100},"98":{"(Float16(0.4878), Float16(0.8877))":100},"36":{"(Float16(0.4546), Float16(0.8545))":100},"82":{"(Float16(0.5186), Float16(0.9185))":100},"85":{"(Float16(0.4927), Float16(0.8926))":98,"(Float16(0.05475), Float16(0.4548))":2},"39":{"(Float16(0.503), Float16(0.903))":99,"(Float16(0.9463), Float16(1.347))":1},"84":{"(Float16(0.5586), Float16(0.9585))":98,"(Float16(0.10187), Float16(0.502))":2},"77":{"(Float16(0.496), Float16(0.896))":97,"(Float16(0.02008), Float16(0.4202))":3},"7":{"(Float16(0.9775), Float16(1.378))":2,"(Float16(0.4395), Float16(0.8394))":98},"25":{"(Float16(0.4736), Float16(0.8735))":99,"(Float16(0.9854), Float16(1.386))":1},"95":{"(Float16(0.0381), Float16(0.438))":2,"(Float16(0.54), Float16(0.94))":98},"71":{"(Float16(0.4956), Float16(0.8955))":100},"66":{"(Float16(0.4487), Float16(0.8486))":94,"(Float16(0.9053), Float16(1.306))":6},"76":{"(Float16(0.9136), Float16(1.313))":2,"(Float16(0.4448), Float16(0.8447))":98},"93":{"(Float16(0.508), Float16(0.9077))":100},"50":{"(Float16(0.51), Float16(0.9097))":100},"59":{"(Float16(0.496), Float16(0.896))":100},"34":{"(Float16(0.02829), Float16(0.4282))":2,"(Float16(0.9565), Float16(1.356))":2,"(Float16(0.4937), Float16(0.8936))":96},"2":{"(Float16(0.954), Float16(1.3545))":3,"(Float16(0.504), Float16(0.904))":97},"27":{"(Float16(0.951), Float16(1.352))":1,"(Float16(0.474), Float16(0.874))":99},"10":{"(Float16(0.4985), Float16(0.8984))":100},"26":{"(Float16(0.501), Float16(0.901))":100},"18":{"(Float16(0.5146), Float16(0.9146))":100},"42":{"(Float16(0.01114), Float16(0.4111))":10,"(Float16(0.583), Float16(0.983))":90},"87":{"(Float16(0.05103), Float16(0.451))":5,"(Float16(0.547), Float16(0.947))":95},"100":{"(Float16(0.958), Float16(1.358))":2,"(Float16(0.4546), Float16(0.8545))":98},"79":{"(Float16(0.5117), Float16(0.9116))":100},"16":{"(Float16(0.5195), Float16(0.9194))":100},"81":{"(Float16(0.5186), Float16(0.9185))":97,"(Float16(0.09546), Float16(0.4954))":3},"20":{"(Float16(0.457), Float16(0.857))":97,"(Float16(0.9023), Float16(1.303))":3},"19":{"(Float16(0.4932), Float16(0.893))":98,"(Float16(0.927), Float16(1.327))":2},"49":{"(Float16(0.5176), Float16(0.9175))":100},"44":{"(Float16(0.08813), Float16(0.488))":3,"(Float16(0.5137), Float16(0.9136))":97},"31":{"(Float16(0.4756), Float16(0.8755))":100},"9":{"(Float16(0.11316), Float16(0.513))":3,"(Float16(0.5625), Float16(0.9624))":97},"74":{"(Float16(0.0214), Float16(0.4214))":2,"(Float16(0.5117), Float16(0.9116))":98},"61":{"(Float16(0.8506), Float16(1.251))":5,"(Float16(0.437), Float16(0.837))":95},"29":{"(Float16(0.533), Float16(0.933))":94,"(Float16(0.07184), Float16(0.472))":6},"94":{"(Float16(0.4883), Float16(0.888))":100},"46":{"(Float16(0.4624), Float16(0.8623))":100},"57":{"(Float16(0.482), Float16(0.882))":100},"70":{"(Float16(0.4502), Float16(0.85))":100},"21":{"(Float16(0.4526), Float16(0.8525))":100},"88":{"(Float16(0.537), Float16(0.937))":98,"(Float16(0.0506), Float16(0.4507))":2},"38":{"(Float16(0.551), Float16(0.9507))":100},"78":{"(Float16(0.4966), Float16(0.8965))":100},"72":{"(Float16(0.5156), Float16(0.9155))":98,"(Float16(0.06058), Float16(0.4607))":2},"24":{"(Float16(0.9004), Float16(1.301))":3,"(Float16(0.4248), Float16(0.8247))":97},"8":{"(Float16(0.951), Float16(1.352))":2,"(Float16(0.4688), Float16(0.8687))":98},"17":{"(Float16(0.4995), Float16(0.8994))":100},"37":{"(Float16(0.4663), Float16(0.866))":100},"1":{"(Float16(0.479), Float16(0.879))":100},"53":{"(Float16(0.502), Float16(0.902))":100},"22":{"(Float16(0.4487), Float16(0.8486))":100},"47":{"(Float16(0.5645), Float16(0.9644))":97,"(Float16(0.121), Float16(0.521))":3},"83":{"(Float16(0.5303), Float16(0.93))":100},"99":{"(Float16(0.4678), Float16(0.8677))":100},"89":{"(Float16(0.9707), Float16(1.371))":2,"(Float16(0.4785), Float16(0.8784))":98},"14":{"(Float16(0.456), Float16(0.856))":100},"80":{"(Float16(0.509), Float16(0.9087))":100},"3":{"(Float16(0.9805), Float16(1.381))":2,"(Float16(0.5166), Float16(0.9165))":93,"(Float16(0.04425), Float16(0.4443))":5},"96":{"(Float16(0.1221), Float16(0.522))":2,"(Float16(0.542), Float16(0.942))":98},"51":{"(Float16(0.543), Float16(0.943))":92,"(Float16(0.09924), Float16(0.4993))":8},"33":{"(Float16(0.5283), Float16(0.928))":100},"40":{"(Float16(0.4263), Float16(0.826))":97,"(Float16(0.917), Float16(1.317))":3},"48":{"(Float16(0.4707), Float16(0.8706))":100},"65":{"(Float16(0.4868), Float16(0.8867))":100},"15":{"(Float16(0.4937), Float16(0.8936))":100},"97":{"(Float16(0.4277), Float16(0.8276))":95,"(Float16(0.927), Float16(1.327))":5}}