{"32":{"(Float16(0.0001196), Float16(0.5))":100},"29":{"(Float16(0.0002694), Float16(0.5005))":100},"1":{"(Float16(0.000195), Float16(0.5))":100},"54":{"(Float16(0.0005484), Float16(0.5005))":100},"78":{"(Float16(0.0004306), Float16(0.5005))":100},"81":{"(Float16(0.0004802), Float16(0.5005))":100},"2":{"(Float16(0.916), Float16(1.416))":3,"(Float16(0.0003314), Float16(0.5005))":97},"74":{"(Float16(0.000341), Float16(0.5005))":100},"41":{"(Float16(0.00011265), Float16(0.5))":100},"65":{"(Float16(0.0004337), Float16(0.5005))":100},"51":{"(Float16(0.0002918), Float16(0.5005))":100},"53":{"(Float16(0.878), Float16(1.378))":2,"(Float16(0.0003138), Float16(0.5005))":98},"27":{"(Float16(0.00028), Float16(0.5005))":100},"75":{"(Float16(0.0004258), Float16(0.5005))":100},"42":{"(Float16(0.000261), Float16(0.5005))":100},"33":{"(Float16(0.0003672), Float16(0.5005))":100},"28":{"(Float16(0.000259), Float16(0.5005))":98,"(Float16(0.911), Float16(1.411))":2},"50":{"(Float16(0.000424), Float16(0.5005))":100},"52":{"(Float16(0.0001717), Float16(0.5))":100},"63":{"(Float16(0.0003242), Float16(0.5005))":100},"92":{"(Float16(0.0002532), Float16(0.5005))":100},"88":{"(Float16(0.0004592), Float16(0.5005))":100},"93":{"(Float16(0.000282), Float16(0.5005))":100},"26":{"(Float16(0.0002644), Float16(0.5005))":100},"10":{"(Float16(0.000286), Float16(0.5005))":100},"77":{"(Float16(0.0004654), Float16(0.5005))":100},"24":{"(Float16(0.0003154), Float16(0.5005))":100},"87":{"(Float16(0.000496), Float16(0.5005))":100},"58":{"(Float16(0.0003228), Float16(0.5005))":100},"25":{"(Float16(0.000289), Float16(0.5005))":100},"23":{"(Float16(0.000391), Float16(0.5005))":100},"49":{"(Float16(0.000539), Float16(0.5005))":100},"59":{"(Float16(0.0002131), Float16(0.5))":100},"5":{"(Float16(0.0003133), Float16(0.5005))":100},"31":{"(Float16(0.955), Float16(1.455))":1,"(Float16(0.0002685), Float16(0.5005))":99},"89":{"(Float16(0.0004215), Float16(0.5005))":100},"62":{"(Float16(0.0002754), Float16(0.5005))":100},"43":{"(Float16(0.0002909), Float16(0.5005))":100},"90":{"(Float16(0.000296), Float16(0.5005))":100},"39":{"(Float16(0.0005527), Float16(0.5005))":100},"34":{"(Float16(0.0003743), Float16(0.5005))":100},"44":{"(Float16(0.0004604), Float16(0.5005))":100},"94":{"(Float16(0.0003033), Float16(0.5005))":100},"55":{"(Float16(0.0002902), Float16(0.5005))":100},"86":{"(Float16(0.0003147), Float16(0.5005))":100},"17":{"(Float16(0.0004616), Float16(0.5005))":100},"99":{"(Float16(0.000273), Float16(0.5005))":100},"71":{"(Float16(0.00041), Float16(0.5005))":100},"37":{"(Float16(0.0004873), Float16(0.5005))":100},"47":{"(Float16(0.000472), Float16(0.5005))":100},"9":{"(Float16(0.000465), Float16(0.5005))":100},"73":{"(Float16(0.000502), Float16(0.5005))":100},"82":{"(Float16(0.0004506), Float16(0.5005))":100},"12":{"(Float16(0.0003893), Float16(0.5005))":100},"79":{"(Float16(0.000452), Float16(0.5005))":100},"20":{"(Float16(0.0002165), Float16(0.5))":100},"6":{"(Float16(0.0002666), Float16(0.5005))":100},"84":{"(Float16(0.0004246), Float16(0.5005))":100},"80":{"(Float16(0.0003386), Float16(0.5005))":100},"98":{"(Float16(0.0004096), Float16(0.5005))":100},"70":{"(Float16(0.0003), Float16(0.5005))":100},"14":{"(Float16(0.000482), Float16(0.5005))":100},"7":{"(Float16(0.0003476), Float16(0.5005))":100},"96":{"(Float16(0.0003214), Float16(0.5005))":100},"57":{"(Float16(0.00035), Float16(0.5005))":100},"8":{"(Float16(0.0003567), Float16(0.5005))":100},"64":{"(Float16(0.000327), Float16(0.5005))":100},"19":{"(Float16(0.0003688), Float16(0.5005))":97,"(Float16(0.959), Float16(1.459))":3},"91":{"(Float16(0.0003293), Float16(0.5005))":100},"69":{"(Float16(0.0003047), Float16(0.5005))":100},"60":{"(Float16(0.0003357), Float16(0.5005))":100},"97":{"(Float16(0.0004191), Float16(0.5005))":100},"4":{"(Float16(0.0003204), Float16(0.5005))":100},"22":{"(Float16(0.0002651), Float16(0.5005))":100},"11":{"(Float16(0.0003853), Float16(0.5005))":100},"35":{"(Float16(0.000259), Float16(0.5005))":100},"13":{"(Float16(0.0003319), Float16(0.5005))":100},"15":{"(Float16(0.0004), Float16(0.5005))":100},"61":{"(Float16(0.000174), Float16(0.5))":100},"67":{"(Float16(0.0003371), Float16(0.5005))":100},"16":{"(Float16(0.0005245), Float16(0.5005))":100},"100":{"(Float16(0.0002406), Float16(0.5))":100},"40":{"(Float16(0.0003479), Float16(0.5005))":100},"21":{"(Float16(0.0003805), Float16(0.5005))":97,"(Float16(0.963), Float16(1.463))":3},"38":{"(Float16(0.0003572), Float16(0.5005))":100},"46":{"(Float16(0.000427), Float16(0.5005))":100},"72":{"(Float16(0.0002778), Float16(0.5005))":100},"83":{"(Float16(0.000467), Float16(0.5005))":100},"45":{"(Float16(0.0002623), Float16(0.5005))":100},"68":{"(Float16(0.0002785), Float16(0.5005))":100},"56":{"(Float16(0.000371), Float16(0.5005))":100},"36":{"(Float16(0.000423), Float16(0.5005))":100},"66":{"(Float16(0.0004592), Float16(0.5005))":100},"76":{"(Float16(0.0003278), Float16(0.5005))":100},"95":{"(Float16(0.0004997), Float16(0.5005))":100},"85":{"(Float16(0.00035), Float16(0.5005))":100},"48":{"(Float16(0.0003939), Float16(0.5005))":100},"18":{"(Float16(0.0001869), Float16(0.5))":98,"(Float16(0.9355), Float16(1.436))":2},"30":{"(Float16(0.0003552), Float16(0.5005))":100},"3":{"(Float16(0.0003686), Float16(0.5005))":100}}