{"5":{"(Float16(0.05008), 0.060079345703125)":8,"(Float16(0.9473), 0.957265625)":92},"56":{"(Float16(0.05008), 0.060079345703125)":5,"(Float16(0.9473), 0.957265625)":95},"35":{"(Float16(0.0506), 0.06059814453125)":96,"(Float16(0.949), 0.95921875)":4},"55":{"(Float16(0.05035), 0.06035400390625)":3,"(Float16(0.9478), 0.95775390625)":97},"60":{"(Float16(0.05072), 0.06072021484375)":100},"30":{"(Float16(0.9478), 0.95775390625)":86,"(Float16(0.05014), 0.060140380859375)":14},"32":{"(Float16(0.05054), 0.060537109375)":100},"6":{"(Float16(0.05054), 0.060537109375)":100},"67":{"(Float16(0.0503), 0.06029296875)":96,"(Float16(0.95), 0.9601953125)":4},"45":{"(Float16(0.95), 0.9601953125)":4,"(Float16(0.0504), 0.0604150390625)":96},"73":{"(Float16(0.95), 0.9601953125)":5,"(Float16(0.0504), 0.0604150390625)":95},"64":{"(Float16(0.948), 0.9582421875)":100},"90":{"(Float16(0.05017), 0.0601708984375)":6,"(Float16(0.9473), 0.957265625)":94},"4":{"(Float16(0.95), 0.9601953125)":8,"(Float16(0.0504), 0.0604150390625)":92},"13":{"(Float16(0.0505), 0.060506591796875)":100},"54":{"(Float16(0.9478), 0.95775390625)":100},"63":{"(Float16(0.05066), 0.0606591796875)":86,"(Float16(0.949), 0.95921875)":14},"86":{"(Float16(0.4922), 0.5021875)":100},"91":{"(Float16(0.05026), 0.060262451171875)":7,"(Float16(0.9473), 0.957265625)":93},"62":{"(Float16(0.05002), 0.060018310546875)":21,"(Float16(0.948), 0.9582421875)":79},"58":{"(Float16(0.9478), 0.95775390625)":100},"52":{"(Float16(0.05066), 0.0606591796875)":89,"(Float16(0.949), 0.95921875)":11},"12":{"(Float16(0.948), 0.9582421875)":93,"(Float16(0.05), 0.05998779296875)":7},"28":{"(Float16(0.482), 0.49193359375)":100},"75":{"(Float16(0.05005), 0.060048828125)":2,"(Float16(0.948), 0.9582421875)":98},"23":{"(Float16(0.05035), 0.06035400390625)":77,"(Float16(0.949), 0.95921875)":23},"92":{"(Float16(0.0501), 0.06010986328125)":7,"(Float16(0.948), 0.9582421875)":93},"41":{"(Float16(0.9473), 0.957265625)":100},"43":{"(Float16(0.05054), 0.060537109375)":100},"11":{"(Float16(0.05005), 0.060048828125)":18,"(Float16(0.9473), 0.957265625)":82},"36":{"(Float16(0.9473), 0.957265625)":100},"68":{"(Float16(0.95), 0.9601953125)":5,"(Float16(0.05057), 0.060567626953125)":95},"69":{"(Float16(0.9473), 0.957265625)":100},"98":{"(Float16(0.05008), 0.060079345703125)":19,"(Float16(0.948), 0.9582421875)":81},"82":{"(Float16(0.05005), 0.060048828125)":5,"(Float16(0.948), 0.9582421875)":95},"85":{"(Float16(0.9473), 0.957265625)":100},"39":{"(Float16(0.948), 0.9582421875)":100},"84":{"(Float16(0.4893), 0.4992578125)":100},"77":{"(Float16(0.0504), 0.0604150390625)":100},"7":{"(Float16(0.05005), 0.060048828125)":8,"(Float16(0.9473), 0.957265625)":92},"25":{"(Float16(0.9473), 0.957265625)":100},"95":{"(Float16(0.05035), 0.06035400390625)":98,"(Float16(0.949), 0.95921875)":2},"71":{"(Float16(0.05005), 0.060048828125)":5,"(Float16(0.9478), 0.95775390625)":95},"66":{"(Float16(0.0504), 0.0604150390625)":91,"(Float16(0.949), 0.95921875)":9},"76":{"(Float16(0.05005), 0.060048828125)":3,"(Float16(0.9478), 0.95775390625)":97},"34":{"(Float16(0.948), 0.9582421875)":100},"50":{"(Float16(0.05005), 0.060048828125)":2,"(Float16(0.948), 0.9582421875)":98},"59":{"(Float16(0.05002), 0.060018310546875)":4,"(Float16(0.948), 0.9582421875)":96},"93":{"(Float16(0.9473), 0.957265625)":100},"2":{"(Float16(0.948), 0.9582421875)":100},"10":{"(Float16(0.948), 0.9582421875)":100},"18":{"(Float16(0.0501), 0.06010986328125)":2,"(Float16(0.9478), 0.95775390625)":98},"26":{"(Float16(0.9473), 0.957265625)":100},"27":{"(Float16(0.948), 0.9582421875)":93,"(Float16(0.05023), 0.06023193359375)":7},"42":{"(Float16(0.0506), 0.06059814453125)":90,"(Float16(0.9497), 0.95970703125)":10},"87":{"(Float16(0.949), 0.95921875)":3,"(Float16(0.05057), 0.060567626953125)":97},"100":{"(Float16(0.05005), 0.060048828125)":2,"(Float16(0.9473), 0.957265625)":98},"79":{"(Float16(0.95), 0.9601953125)":7,"(Float16(0.05045), 0.060445556640625)":93},"16":{"(Float16(0.512), 0.52220703125)":30,"(Float16(0.502), 0.511953125)":70},"20":{"(Float16(0.9473), 0.957265625)":100},"81":{"(Float16(0.95), 0.9601953125)":1,"(Float16(0.05054), 0.060537109375)":99},"19":{"(Float16(0.05005), 0.060048828125)":4,"(Float16(0.9478), 0.95775390625)":96},"49":{"(Float16(0.05005), 0.060048828125)":2,"(Float16(0.9478), 0.95775390625)":98},"44":{"(Float16(0.05048), 0.06047607421875)":99,"(Float16(0.95), 0.9601953125)":1},"9":{"(Float16(0.05032), 0.060323486328125)":100},"31":{"(Float16(0.05054), 0.060537109375)":100},"74":{"(Float16(0.95), 0.9601953125)":5,"(Float16(0.05054), 0.060537109375)":95},"61":{"(Float16(0.05005), 0.060048828125)":4,"(Float16(0.9473), 0.957265625)":96},"29":{"(Float16(0.0504), 0.0604150390625)":98,"(Float16(0.949), 0.95921875)":2},"94":{"(Float16(0.4863), 0.496328125)":100},"46":{"(Float16(0.9473), 0.957265625)":100},"57":{"(Float16(0.05035), 0.06035400390625)":97,"(Float16(0.949), 0.95921875)":3},"70":{"(Float16(0.05035), 0.06035400390625)":2,"(Float16(0.9473), 0.957265625)":98},"21":{"(Float16(0.05005), 0.060048828125)":3,"(Float16(0.948), 0.9582421875)":97},"38":{"(Float16(0.0503), 0.06029296875)":84,"(Float16(0.949), 0.95921875)":16},"88":{"(Float16(0.0501), 0.06010986328125)":24,"(Float16(0.9478), 0.95775390625)":76},"78":{"(Float16(0.948), 0.9582421875)":100},"72":{"(Float16(0.05023), 0.06023193359375)":12,"(Float16(0.9473), 0.957265625)":88},"24":{"(Float16(0.05063), 0.060628662109375)":100},"8":{"(Float16(0.05005), 0.060048828125)":4,"(Float16(0.9478), 0.95775390625)":96},"17":{"(Float16(0.05063), 0.060628662109375)":100},"37":{"(Float16(0.05002), 0.060018310546875)":8,"(Float16(0.9478), 0.95775390625)":92},"1":{"(Float16(0.05005), 0.060048828125)":9,"(Float16(0.9473), 0.957265625)":91},"53":{"(Float16(0.949), 0.95921875)":18,"(Float16(0.05045), 0.060445556640625)":82},"22":{"(Float16(0.05017), 0.0601708984375)":100},"47":{"(Float16(0.05005), 0.060048828125)":8,"(Float16(0.9473), 0.957265625)":92},"83":{"(Float16(0.9497), 0.95970703125)":23,"(Float16(0.05048), 0.06047607421875)":77},"99":{"(Float16(0.05057), 0.060567626953125)":100},"89":{"(Float16(0.05054), 0.060537109375)":100},"14":{"(Float16(0.95), 0.9601953125)":6,"(Float16(0.05045), 0.060445556640625)":94},"3":{"(Float16(0.05005), 0.060048828125)":9,"(Float16(0.948), 0.9582421875)":91},"80":{"(Float16(0.0501), 0.06010986328125)":48,"(Float16(0.948), 0.9582421875)":52},"96":{"(Float16(0.05005), 0.060048828125)":12,"(Float16(0.948), 0.9582421875)":88},"51":{"(Float16(0.0501), 0.06010986328125)":20,"(Float16(0.948), 0.9582421875)":80},"33":{"(Float16(0.0505), 0.060506591796875)":100},"40":{"(Float16(0.949), 0.95921875)":19,"(Float16(0.05054), 0.060537109375)":81},"48":{"(Float16(0.05054), 0.060537109375)":100},"15":{"(Float16(0.9473), 0.957265625)":100},"65":{"(Float16(0.05005), 0.060048828125)":22,"(Float16(0.9478), 0.95775390625)":78},"97":{"(Float16(0.948), 0.9582421875)":100}}