{"5":{"(Float16(0.9497), Float16(0.9595))":19,"(Float16(0.7393), Float16(0.749))":4,"(Float16(0.717), Float16(0.7266))":2,"(Float16(0.0501), Float16(0.06012))":22,"(Float16(0.4993), Float16(0.5093))":53},"56":{"(Float16(0.2527), Float16(0.2627))":2,"(Float16(0.279), Float16(0.289))":6,"(Float16(0.05005), Float16(0.06006))":25,"(Float16(0.5), Float16(0.51))":38,"(Float16(0.949), Float16(0.959))":29},"55":{"(Float16(0.5), Float16(0.51))":36,"(Float16(0.948), Float16(0.958))":31,"(Float16(0.05002), Float16(0.06003))":33},"35":{"(Float16(0.05005), Float16(0.06006))":23,"(Float16(0.949), Float16(0.959))":39,"(Float16(0.296), Float16(0.306))":2,"(Float16(0.4993), Float16(0.5093))":36},"60":{"(Float16(0.9497), Float16(0.9595))":30,"(Float16(0.7246), Float16(0.7344))":2,"(Float16(0.5), Float16(0.51))":38,"(Float16(0.05017), Float16(0.06018))":30},"30":{"(Float16(0.05), Float16(0.06))":22,"(Float16(0.27), Float16(0.28))":3,"(Float16(0.5), Float16(0.51))":51,"(Float16(0.95), Float16(0.96))":23,"(Float16(0.7324), Float16(0.742))":1},"32":{"(Float16(0.05), Float16(0.06))":25,"(Float16(0.719), Float16(0.729))":2,"(Float16(0.4995), Float16(0.5093))":39,"(Float16(0.2812), Float16(0.2913))":5,"(Float16(0.949), Float16(0.959))":29},"6":{"(Float16(0.948), Float16(0.958))":37,"(Float16(0.499), Float16(0.509))":36,"(Float16(0.05002), Float16(0.06003))":27},"67":{"(Float16(0.4985), Float16(0.5083))":37,"(Float16(0.7207), Float16(0.7305))":3,"(Float16(0.0501), Float16(0.06012))":33,"(Float16(0.949), Float16(0.959))":27},"45":{"(Float16(0.7188), Float16(0.7285))":2,"(Float16(0.273), Float16(0.283))":2,"(Float16(0.741), Float16(0.751))":5,"(Float16(0.4995), Float16(0.5093))":39,"(Float16(0.708), Float16(0.718))":2,"(Float16(0.949), Float16(0.959))":25,"(Float16(0.05008), Float16(0.0601))":25},"73":{"(Float16(0.948), Float16(0.958))":25,"(Float16(0.499), Float16(0.509))":38,"(Float16(0.0501), Float16(0.06012))":37},"64":{"(Float16(0.7354), Float16(0.745))":2,"(Float16(0.05), Float16(0.06))":25,"(Float16(0.714), Float16(0.7236))":2,"(Float16(0.266), Float16(0.2761))":1,"(Float16(0.948), Float16(0.958))":37,"(Float16(0.4995), Float16(0.5093))":33},"90":{"(Float16(0.2856), Float16(0.2957))":1,"(Float16(0.714), Float16(0.7236))":3,"(Float16(0.05005), Float16(0.06006))":29,"(Float16(0.4995), Float16(0.5093))":39,"(Float16(0.949), Float16(0.959))":28},"4":{"(Float16(0.05014), Float16(0.06015))":34,"(Float16(0.7417), Float16(0.7515))":4,"(Float16(0.5), Float16(0.51))":41,"(Float16(0.949), Float16(0.959))":21},"13":{"(Float16(0.5), Float16(0.51))":41,"(Float16(0.948), Float16(0.958))":32,"(Float16(0.0501), Float16(0.06012))":27},"54":{"(Float16(0.05), Float16(0.06))":27,"(Float16(0.499), Float16(0.509))":51,"(Float16(0.9487), Float16(0.9585))":22},"63":{"(Float16(0.26), Float16(0.27))":4,"(Float16(0.05005), Float16(0.06006))":28,"(Float16(0.5), Float16(0.51))":43,"(Float16(0.948), Float16(0.958))":23,"(Float16(0.7334), Float16(0.743))":2},"86":{"(Float16(0.4995), Float16(0.5093))":47,"(Float16(0.05002), Float16(0.06003))":28,"(Float16(0.949), Float16(0.959))":22,"(Float16(0.2925), Float16(0.3025))":3},"91":{"(Float16(0.9497), Float16(0.9595))":20,"(Float16(0.05014), Float16(0.06015))":27,"(Float16(0.5), Float16(0.51))":53},"62":{"(Float16(0.5), Float16(0.51))":44,"(Float16(0.05002), Float16(0.06003))":35,"(Float16(0.949), Float16(0.959))":21},"58":{"(Float16(0.05023), Float16(0.06024))":23,"(Float16(0.4988), Float16(0.509))":35,"(Float16(0.7124), Float16(0.722))":4,"(Float16(0.949), Float16(0.959))":38},"52":{"(Float16(0.05005), Float16(0.06006))":29,"(Float16(0.9478), Float16(0.9575))":21,"(Float16(0.5005), Float16(0.5103))":50},"12":{"(Float16(0.05005), Float16(0.06006))":28,"(Float16(0.95), Float16(0.96))":33,"(Float16(0.4995), Float16(0.5093))":39},"28":{"(Float16(0.05), Float16(0.06))":27,"(Float16(0.4988), Float16(0.509))":47,"(Float16(0.949), Float16(0.959))":26},"75":{"(Float16(0.9497), Float16(0.9595))":28,"(Float16(0.747), Float16(0.757))":2,"(Float16(0.05002), Float16(0.06003))":41,"(Float16(0.7324), Float16(0.742))":2,"(Float16(0.5005), Float16(0.5103))":27},"23":{"(Float16(0.05), Float16(0.06))":23,"(Float16(0.948), Float16(0.958))":45,"(Float16(0.4998), Float16(0.51))":32},"92":{"(Float16(0.4985), Float16(0.5083))":47,"(Float16(0.731), Float16(0.7407))":2,"(Float16(0.741), Float16(0.751))":2,"(Float16(0.0501), Float16(0.06012))":20,"(Float16(0.949), Float16(0.959))":27,"(Float16(0.718), Float16(0.7275))":2},"41":{"(Float16(0.7227), Float16(0.7324))":1,"(Float16(0.2708), Float16(0.2808))":2,"(Float16(0.948), Float16(0.958))":20,"(Float16(0.4995), Float16(0.5093))":51,"(Float16(0.0501), Float16(0.06012))":26},"43":{"(Float16(0.05005), Float16(0.06006))":27,"(Float16(0.5), Float16(0.51))":42,"(Float16(0.2913), Float16(0.3013))":2,"(Float16(0.949), Float16(0.959))":29},"69":{"(Float16(0.4995), Float16(0.5093))":49,"(Float16(0.0501), Float16(0.06012))":30,"(Float16(0.949), Float16(0.959))":19,"(Float16(0.7104), Float16(0.72))":2},"11":{"(Float16(0.9497), Float16(0.9595))":25,"(Float16(0.05005), Float16(0.06006))":29,"(Float16(0.5), Float16(0.51))":46},"68":{"(Float16(0.5), Float16(0.51))":49,"(Float16(0.95), Float16(0.96))":23,"(Float16(0.05002), Float16(0.06003))":28},"98":{"(Float16(0.05), Float16(0.06))":30,"(Float16(0.27), Float16(0.28))":2,"(Float16(0.5), Float16(0.51))":26,"(Float16(0.949), Float16(0.959))":40,"(Float16(0.2576), Float16(0.2676))":2},"36":{"(Float16(0.05), Float16(0.06))":25,"(Float16(0.2563), Float16(0.2664))":3,"(Float16(0.5), Float16(0.51))":40,"(Float16(0.949), Float16(0.959))":32},"82":{"(Float16(0.7056), Float16(0.7153))":1,"(Float16(0.499), Float16(0.509))":36,"(Float16(0.05002), Float16(0.06003))":33,"(Float16(0.949), Float16(0.959))":30},"85":{"(Float16(0.2861), Float16(0.2961))":2,"(Float16(0.05), Float16(0.06))":31,"(Float16(0.7344), Float16(0.744))":2,"(Float16(0.4995), Float16(0.5093))":37,"(Float16(0.2585), Float16(0.2686))":2,"(Float16(0.9487), Float16(0.9585))":26},"39":{"(Float16(0.5), Float16(0.51))":39,"(Float16(0.95), Float16(0.96))":26,"(Float16(0.05002), Float16(0.06003))":32,"(Float16(0.276), Float16(0.286))":3},"84":{"(Float16(0.4985), Float16(0.5083))":54,"(Float16(0.7275), Float16(0.7373))":4,"(Float16(0.0501), Float16(0.06012))":21,"(Float16(0.9487), Float16(0.9585))":19,"(Float16(0.7446), Float16(0.7544))":2},"77":{"(Float16(0.05005), Float16(0.06006))":30,"(Float16(0.9487), Float16(0.9585))":19,"(Float16(0.5005), Float16(0.5103))":51},"7":{"(Float16(0.05005), Float16(0.06006))":22,"(Float16(0.5), Float16(0.51))":44,"(Float16(0.949), Float16(0.959))":34},"25":{"(Float16(0.05005), Float16(0.06006))":23,"(Float16(0.2783), Float16(0.2883))":3,"(Float16(0.4998), Float16(0.51))":34,"(Float16(0.949), Float16(0.959))":40},"95":{"(Float16(0.05), Float16(0.06))":26,"(Float16(0.948), Float16(0.958))":23,"(Float16(0.499), Float16(0.509))":47,"(Float16(0.2832), Float16(0.2932))":2,"(Float16(0.7236), Float16(0.7334))":2},"71":{"(Float16(0.5), Float16(0.51))":46,"(Float16(0.05002), Float16(0.06003))":29,"(Float16(0.949), Float16(0.959))":23,"(Float16(0.7236), Float16(0.7334))":2},"66":{"(Float16(0.4983), Float16(0.5083))":42,"(Float16(0.05017), Float16(0.06018))":30,"(Float16(0.7437), Float16(0.7534))":2,"(Float16(0.949), Float16(0.959))":26},"76":{"(Float16(0.9497), Float16(0.9595))":20,"(Float16(0.05002), Float16(0.06003))":31,"(Float16(0.5005), Float16(0.5103))":49},"93":{"(Float16(0.7295), Float16(0.7393))":2,"(Float16(0.05002), Float16(0.06003))":36,"(Float16(0.4998), Float16(0.51))":35,"(Float16(0.9487), Float16(0.9585))":27},"50":{"(Float16(0.7217), Float16(0.7314))":2,"(Float16(0.948), Float16(0.958))":17,"(Float16(0.05002), Float16(0.06003))":22,"(Float16(0.4993), Float16(0.5093))":59},"59":{"(Float16(0.05005), Float16(0.06006))":29,"(Float16(0.2944), Float16(0.3044))":2,"(Float16(0.949), Float16(0.959))":22,"(Float16(0.5005), Float16(0.5103))":47},"34":{"(Float16(0.709), Float16(0.7188))":1,"(Float16(0.5), Float16(0.51))":56,