{"5":{"(Float16(0.0002553), Float16(1.0))":100},"56":{"(Float16(0.0002785), Float16(1.0))":100},"35":{"(Float16(0.000245), Float16(1.0))":100},"55":{"(Float16(0.000227), Float16(1.0))":100},"60":{"(Float16(0.0002584), Float16(1.0))":100},"30":{"(Float16(0.0003738), Float16(1.0))":100},"32":{"(Float16(0.0003228), Float16(1.0))":100},"6":{"(Float16(0.0001824), Float16(1.0))":100},"67":{"(Float16(0.0002856), Float16(1.0))":100},"45":{"(Float16(0.0004735), Float16(1.0))":100},"73":{"(Float16(0.000287), Float16(1.0))":100},"64":{"(Float16(0.0004177), Float16(1.0))":100},"90":{"(Float16(0.0003364), Float16(1.0))":100},"4":{"(Float16(0.0003178), Float16(1.0))":100},"13":{"(Float16(0.0002259), Float16(1.0))":100},"54":{"(Float16(0.0002328), Float16(1.0))":100},"63":{"(Float16(0.0002615), Float16(1.0))":100},"86":{"(Float16(0.0002334), Float16(1.0))":100},"91":{"(Float16(0.0002351), Float16(1.0))":100},"62":{"(Float16(0.0003242), Float16(1.0))":100},"58":{"(Float16(0.0003633), Float16(1.0))":100},"52":{"(Float16(0.0001888), Float16(1.0))":100},"12":{"(Float16(0.0001769), Float16(1.0))":100},"28":{"(Float16(0.0002732), Float16(1.0))":100},"75":{"(Float16(0.0002677), Float16(1.0))":100},"23":{"(Float16(0.0002401), Float16(1.0))":100},"92":{"(Float16(0.0002102), Float16(1.0))":100},"41":{"(Float16(0.0003448), Float16(1.0))":100},"43":{"(Float16(0.000254), Float16(1.0))":100},"11":{"(Float16(0.0003095), Float16(1.0))":100},"36":{"(Float16(0.0003247), Float16(1.0))":100},"68":{"(Float16(0.000364), Float16(1.0))":100},"69":{"(Float16(0.0002422), Float16(1.0))":100},"98":{"(Float16(0.000347), Float16(1.0))":100},"82":{"(Float16(0.0002468), Float16(1.0))":100},"85":{"(Float16(0.0002034), Float16(1.0))":100},"39":{"(Float16(0.0003014), Float16(1.0))":100},"84":{"(Float16(0.0002081), Float16(1.0))":100},"77":{"(Float16(0.0002933), Float16(1.0))":100},"7":{"(Float16(0.0004258), Float16(1.0))":100},"25":{"(Float16(0.0002782), Float16(1.0))":100},"95":{"(Float16(0.0001843), Float16(1.0))":100},"71":{"(Float16(0.0003073), Float16(1.0))":100},"66":{"(Float16(0.00027), Float16(1.0))":100},"76":{"(Float16(0.0002121), Float16(1.0))":100},"34":{"(Float16(0.0002728), Float16(1.0))":100},"50":{"(Float16(0.0001793), Float16(1.0))":100},"59":{"(Float16(0.0002806), Float16(1.0))":100},"93":{"(Float16(0.0003133), Float16(1.0))":100},"2":{"(Float16(0.0003185), Float16(1.0))":100},"10":{"(Float16(0.0003023), Float16(1.0))":100},"18":{"(Float16(0.000257), Float16(1.0))":100},"26":{"(Float16(0.000298), Float16(1.0))":100},"27":{"(Float16(0.0002251), Float16(1.0))":100},"42":{"(Float16(0.0001122), Float16(1.0))":100},"87":{"(Float16(0.0002097), Float16(1.0))":100},"100":{"(Float16(0.0003352), Float16(1.0))":100},"79":{"(Float16(0.000241), Float16(1.0))":100},"16":{"(Float16(0.0002025), Float16(1.0))":100},"20":{"(Float16(0.0002766), Float16(1.0))":100},"81":{"(Float16(0.0003862), Float16(1.0))":100},"19":{"(Float16(0.0002491), Float16(1.0))":100},"49":{"(Float16(0.0002089), Float16(1.0))":100},"44":{"(Float16(0.000174), Float16(1.0))":100},"9":{"(Float16(0.000278), Float16(1.0))":100},"31":{"(Float16(0.0003295), Float16(1.0))":100},"74":{"(Float16(0.0002785), Float16(1.0))":100},"61":{"(Float16(0.000319), Float16(1.0))":100},"29":{"(Float16(0.0003848), Float16(1.0))":100},"94":{"(Float16(0.0004263), Float16(1.0))":100},"46":{"(Float16(0.0003853), Float16(1.0))":100},"57":{"(Float16(0.0003624), Float16(1.0))":100},"70":{"(Float16(0.0002718), Float16(1.0))":100},"21":{"(Float16(0.0003037), Float16(1.0))":100},"38":{"(Float16(0.0003169), Float16(1.0))":100},"88":{"(Float16(0.0002987), Float16(1.0))":100},"78":{"(Float16(0.0004246), Float16(1.0))":100},"72":{"(Float16(0.0002067), Float16(1.0))":100},"24":{"(Float16(0.0003495), Float16(1.0))":100},"8":{"(Float16(0.0002444), Float16(1.0))":100},"17":{"(Float16(0.0004616), Float16(1.0))":100},"37":{"(Float16(0.0002627), Float16(1.0))":100},"1":{"(Float16(0.0002565), Float16(1.0))":100},"53":{"(Float16(0.00033), Float16(1.0))":100},"22":{"(Float16(0.000215), Float16(1.0))":100},"47":{"(Float16(0.000315), Float16(1.0))":100},"83":{"(Float16(0.0004191), Float16(1.0))":100},"99":{"(Float16(0.0002918), Float16(1.0))":100},"89":{"(Float16(0.0004354), Float16(1.0))":100},"14":{"(Float16(0.0002828), Float16(1.0))":100},"3":{"(Float16(0.0001998), Float16(1.0))":100},"80":{"(Float16(0.0003), Float16(1.0))":100},"96":{"(Float16(0.0001876), Float16(1.0))":100},"51":{"(Float16(0.0002995), Float16(1.0))":100},"33":{"(Float16(0.000283), Float16(1.0))":100},"40":{"(Float16(0.0002), Float16(1.0))":100},"48":{"(Float16(0.0001943), Float16(1.0))":100},"15":{"(Float16(0.0003824), Float16(1.0))":100},"65":{"(Float16(0.000281), Float16(1.0))":100},"97":{"(Float16(0.000215), Float16(1.0))":100}}