{"5":{"(Float16(0.05005), Float16(0.06006))":45,"(Float16(0.949), Float16(0.959))":55},"56":{"(Float16(0.05), Float16(0.06))":68,"(Float16(0.949), Float16(0.959))":32},"35":{"(Float16(0.05014), Float16(0.06015))":35,"(Float16(0.948), Float16(0.958))":65},"55":{"(Float16(0.05005), Float16(0.06006))":40,"(Float16(0.9487), Float16(0.9585))":60},"60":{"(Float16(0.05005), Float16(0.06006))":38,"(Float16(0.948), Float16(0.958))":62},"30":{"(Float16(0.05017), Float16(0.06018))":65,"(Float16(0.949), Float16(0.959))":35},"32":{"(Float16(0.948), Float16(0.958))":58,"(Float16(0.05008), Float16(0.0601))":42},"6":{"(Float16(0.9487), Float16(0.9585))":44,"(Float16(0.05008), Float16(0.0601))":56},"67":{"(Float16(0.05002), Float16(0.06003))":44,"(Float16(0.949), Float16(0.959))":56},"45":{"(Float16(0.948), Float16(0.958))":53,"(Float16(0.0501), Float16(0.06012))":47},"73":{"(Float16(0.05005), Float16(0.06006))":42,"(Float16(0.9487), Float16(0.9585))":58},"64":{"(Float16(0.0501), Float16(0.06012))":45,"(Float16(0.9487), Float16(0.9585))":55},"90":{"(Float16(0.05005), Float16(0.06006))":35,"(Float16(0.9487), Float16(0.9585))":65},"4":{"(Float16(0.0502), Float16(0.0602))":71,"(Float16(0.949), Float16(0.959))":29},"13":{"(Float16(0.05014), Float16(0.06015))":56,"(Float16(0.948), Float16(0.958))":44},"54":{"(Float16(0.0502), Float16(0.0602))":58,"(Float16(0.948), Float16(0.958))":42},"63":{"(Float16(0.0501), Float16(0.06012))":50,"(Float16(0.949), Float16(0.959))":50},"86":{"(Float16(0.9478), Float16(0.9575))":69,"(Float16(0.0501), Float16(0.06012))":31},"91":{"(Float16(0.05005), Float16(0.06006))":53,"(Float16(0.948), Float16(0.958))":47},"62":{"(Float16(0.05008), Float16(0.0601))":54,"(Float16(0.949), Float16(0.959))":46},"58":{"(Float16(0.05002), Float16(0.06003))":60,"(Float16(0.949), Float16(0.959))":40},"52":{"(Float16(0.948), Float16(0.958))":47,"(Float16(0.0501), Float16(0.06012))":53},"12":{"(Float16(0.05005), Float16(0.06006))":52,"(Float16(0.949), Float16(0.959))":48},"28":{"(Float16(0.0501), Float16(0.06012))":40,"(Float16(0.949), Float16(0.959))":60},"75":{"(Float16(0.05014), Float16(0.06015))":59,"(Float16(0.949), Float16(0.959))":41},"23":{"(Float16(0.05002), Float16(0.06003))":40,"(Float16(0.949), Float16(0.959))":60},"92":{"(Float16(0.05002), Float16(0.06003))":42,"(Float16(0.949), Float16(0.959))":58},"41":{"(Float16(0.0502), Float16(0.0602))":55,"(Float16(0.9487), Float16(0.9585))":45},"43":{"(Float16(0.0502), Float16(0.0602))":44,"(Float16(0.949), Float16(0.959))":56},"11":{"(Float16(0.05017), Float16(0.06018))":67,"(Float16(0.949), Float16(0.959))":33},"36":{"(Float16(0.9478), Float16(0.9575))":60,"(Float16(0.05002), Float16(0.06003))":40},"68":{"(Float16(0.95), Float16(0.96))":23,"(Float16(0.0501), Float16(0.06012))":77},"69":{"(Float16(0.9487), Float16(0.9585))":50,"(Float16(0.05008), Float16(0.0601))":50},"98":{"(Float16(0.0503), Float16(0.0603))":57,"(Float16(0.949), Float16(0.959))":43},"82":{"(Float16(0.05), Float16(0.06))":41,"(Float16(0.949), Float16(0.959))":59},"85":{"(Float16(0.05), Float16(0.06))":46,"(Float16(0.949), Float16(0.959))":54},"39":{"(Float16(0.05017), Float16(0.06018))":49,"(Float16(0.948), Float16(0.958))":51},"84":{"(Float16(0.05005), Float16(0.06006))":46,"(Float16(0.9487), Float16(0.9585))":54},"77":{"(Float16(0.05005), Float16(0.06006))":60,"(Float16(0.949), Float16(0.959))":40},"7":{"(Float16(0.05005), Float16(0.06006))":41,"(Float16(0.949), Float16(0.959))":59},"25":{"(Float16(0.05017), Float16(0.06018))":51,"(Float16(0.948), Float16(0.958))":49},"95":{"(Float16(0.9473), Float16(0.957))":72,"(Float16(0.05005), Float16(0.06006))":28},"71":{"(Float16(0.05005), Float16(0.06006))":36,"(Float16(0.948), Float16(0.958))":64},"66":{"(Float16(0.05005), Float16(0.06006))":49,"(Float16(0.948), Float16(0.958))":51},"76":{"(Float16(0.05), Float16(0.06))":30,"(Float16(0.948), Float16(0.958))":70},"34":{"(Float16(0.05023), Float16(0.06024))":63,"(Float16(0.9487), Float16(0.9585))":37},"50":{"(Float16(0.948), Float16(0.958))":56,"(Float16(0.05002), Float16(0.06003))":44},"59":{"(Float16(0.05005), Float16(0.06006))":63,"(Float16(0.949), Float16(0.959))":37},"93":{"(Float16(0.05002), Float16(0.06003))":59,"(Float16(0.949), Float16(0.959))":41},"2":{"(Float16(0.05002), Float16(0.06003))":51,"(Float16(0.949), Float16(0.959))":49},"10":{"(Float16(0.948), Float16(0.958))":60,"(Float16(0.05002), Float16(0.06003))":40},"18":{"(Float16(0.05005), Float16(0.06006))":50,"(Float16(0.949), Float16(0.959))":50},"26":{"(Float16(0.05), Float16(0.06))":46,"(Float16(0.949), Float16(0.959))":54},"27":{"(Float16(0.05005), Float16(0.06006))":58,"(Float16(0.949), Float16(0.959))":42},"42":{"(Float16(0.05002), Float16(0.06003))":51,"(Float16(0.949), Float16(0.959))":49},"87":{"(Float16(0.0502), Float16(0.0602))":59,"(Float16(0.9487), Float16(0.9585))":41},"100":{"(Float16(0.05005), Float16(0.06006))":38,"(Float16(0.9487), Float16(0.9585))":62},"79":{"(Float16(0.05005), Float16(0.06006))":36,"(Float16(0.949), Float16(0.959))":64},"16":{"(Float16(0.05023), Float16(0.06024))":64,"(Float16(0.949), Float16(0.959))":36},"20":{"(Float16(0.948), Float16(0.958))":35,"(Float16(0.0501), Float16(0.06012))":65},"81":{"(Float16(0.05002), Float16(0.06003))":50,"(Float16(0.949), Float16(0.959))":50},"19":{"(Float16(0.05002), Float16(0.06003))":51,"(Float16(0.949), Float16(0.959))":49},"49":{"(Float16(0.05005), Float16(0.06006))":30,"(Float16(0.949), Float16(0.959))":70},"44":{"(Float16(0.948), Float16(0.958))":58,"(Float16(0.05002), Float16(0.06003))":42},"9":{"(Float16(0.948), Float16(0.958))":63,"(Float16(0.05002), Float16(0.06003))":37},"31":{"(Float16(0.05017), Float16(0.06018))":52,"(Float16(0.948), Float16(0.958))":48},"74":{"(Float16(0.05005), Float16(0.06006))":47,"(Float16(0.948), Float16(0.958))":53},"61":{"(Float16(0.05005), Float16(0.06006))":42,"(Float16(0.948), Float16(0.958))":58},"29":{"(Float16(0.0502), Float16(0.0602))":45,"(Float16(0.9487), Float16(0.9585))":55},"94":{"(Float16(0.9487), Float16(0.9585))":73,"(Float16(0.05008), Float16(0.0601))":27},"46":{"(Float16(0.05005), Float16(0.06006))":52,"(Float16(0.948), Float16(0.958))":48},"57":{"(Float16(0.05017), Float16(0.06018))":56,"(Float16(0.948), Float16(0.958))":44},"70":{"(Float16(0.05005), Float16(0.06006))":40,"(Float16(0.948), Float16(0.958))":60},"21":{"(Float16(0.0502), Float16(0.0602))":61,"(Float16(0.949), Float16(0.959))":39},"38":{"(Float16(0.05), Float16(0.06))":45,"(Float16(0.949), Float16(0.959))":55},"88":{"(Float16(0.05005), Float16(0.06006))":53,"(Float16(0.949), Float16(0.959))":47},"78":{"(Float16(0.05014), Float16(0.06015))":53,"(Float16(0.949), Float16(0.959))":47},"72":{"(Float16(0.05005), Float16(0.06006))":34,"(Float16(0.948), Float16(0.958))":66},"24":{"(Float16(0.05023), Float16(0.06024))":65,"(Float16(0.949), Float16(0.959))":35},"8":{"(Float16(0.05005), Float16(0.06006))":47,"(Float16(0.9487), Float16(0.9585))":53},"17":{"(Float16(0.0501), Float16(0.06012))":54,"(Float16(0.949), Float16(0.959))":46},"37":{"(Float16(0.05005), Float16(0.06006))":44,"(Float16(0.949), Float16(0.959))":56},"1":{"(Float16(0.05), Float16(0.06))":40,"(Float16(0.949), Float16(0.959))":60},"53":{"(Float16(0.05017), Float16(0.06018))":73,"(Float16(0.949), Float16(0.959))":27},"22":{"(Float16(0.05014), Float16(0.06015))":54,"(Float16(0.9487), Float16(0.9585))":46},"47":{"(Float16(0.05005), Float16(0.06006))":40,"(Float16(0.949), Float16(0.959))":60},"83":{"(Float16(0.05014), Float16(0.06015))":42,"(Float16(0.949), Float16(0.959))":58},"99":{"(Float16(0.05002), Float16(0.06003))":47,"(Float16(0.949), Float16(0.959))":53},"89":{"(Float16(0.05005), Float16(0.06006))":56,"(Float16(0.9487), Float16(0.9585))":44},"14":{"(Float16(0.948), Float16(0.958))":50,"(Float16(0.0501), Float16(0.06012))":50},"3":{"(Float16(0.05005), Float16(0.06006))":60,"(Float16(0.949), Float16(0.959))":40},"80":{"(Float16(0.05002), Float16(0.06003))":53,"(Float16(0.949), Float16(0.959))":47},