{"5":{"(Float16(0.05002), 0.060018310546875)":2,"(Float16(0.948), 0.9582421875)":98},"56":{"(Float16(0.95), 0.9601953125)":1,"(Float16(0.05026), 0.060262451171875)":99},"35":{"(Float16(0.95), 0.9601953125)":5,"(Float16(0.05026), 0.060262451171875)":95},"55":{"(Float16(0.95), 0.9601953125)":2,"(Float16(0.05023), 0.06023193359375)":98},"60":{"(Float16(0.95), 0.9601953125)":3,"(Float16(0.05023), 0.06023193359375)":97},"30":{"(Float16(0.05005), 0.060048828125)":1,"(Float16(0.9473), 0.957265625)":99},"32":{"(Float16(0.95), 0.9601953125)":3,"(Float16(0.05023), 0.06023193359375)":97},"6":{"(Float16(0.05017), 0.0601708984375)":97,"(Float16(0.95), 0.9601953125)":3},"67":{"(Float16(0.948), 0.9582421875)":99,"(Float16(0.05), 0.05998779296875)":1},"45":{"(Float16(0.05038), 0.060384521484375)":3,"(Float16(0.9478), 0.95775390625)":97},"73":{"(Float16(0.948), 0.9582421875)":96,"(Float16(0.05023), 0.06023193359375)":4},"64":{"(Float16(0.05023), 0.06023193359375)":100},"90":{"(Float16(0.0502), 0.060201416015625)":3,"(Float16(0.948), 0.9582421875)":97},"4":{"(Float16(0.05005), 0.060048828125)":3,"(Float16(0.948), 0.9582421875)":97},"13":{"(Float16(0.05017), 0.0601708984375)":99,"(Float16(0.95), 0.9601953125)":1},"54":{"(Float16(0.05026), 0.060262451171875)":12,"(Float16(0.948), 0.9582421875)":88},"63":{"(Float16(0.949), 0.95921875)":1,"(Float16(0.05023), 0.06023193359375)":99},"86":{"(Float16(0.0503), 0.06029296875)":97,"(Float16(0.95), 0.9601953125)":3},"91":{"(Float16(0.05002), 0.060018310546875)":96,"(Float16(0.949), 0.95921875)":4},"62":{"(Float16(0.05017), 0.0601708984375)":99,"(Float16(0.95), 0.9601953125)":1},"58":{"(Float16(0.0501), 0.06010986328125)":2,"(Float16(0.948), 0.9582421875)":98},"52":{"(Float16(0.0514), 0.0613916015625)":1,"(Float16(0.948), 0.9582421875)":99},"12":{"(Float16(0.05023), 0.06023193359375)":100},"28":{"(Float16(0.0503), 0.06029296875)":96,"(Float16(0.95), 0.9601953125)":4},"75":{"(Float16(0.948), 0.9582421875)":98,"(Float16(0.05023), 0.06023193359375)":2},"23":{"(Float16(0.949), 0.95921875)":1,"(Float16(0.05023), 0.06023193359375)":99},"92":{"(Float16(0.05005), 0.060048828125)":3,"(Float16(0.948), 0.9582421875)":97},"41":{"(Float16(0.95), 0.9601953125)":3,"(Float16(0.05023), 0.06023193359375)":97},"43":{"(Float16(0.05032), 0.060323486328125)":97,"(Float16(0.949), 0.95921875)":3},"11":{"(Float16(0.9478), 0.95775390625)":99,"(Float16(0.05), 0.05998779296875)":1},"36":{"(Float16(0.0503), 0.06029296875)":99,"(Float16(0.95), 0.9601953125)":1},"68":{"(Float16(0.0503), 0.06029296875)":95,"(Float16(0.95), 0.9601953125)":5},"69":{"(Float16(0.05002), 0.060018310546875)":36,"(Float16(0.949), 0.95921875)":64},"98":{"(Float16(0.948), 0.9582421875)":99,"(Float16(0.05), 0.05998779296875)":1},"82":{"(Float16(0.0501), 0.06010986328125)":16,"(Float16(0.948), 0.9582421875)":84},"85":{"(Float16(0.949), 0.95921875)":3,"(Float16(0.05023), 0.06023193359375)":97},"39":{"(Float16(0.948), 0.9582421875)":80,"(Float16(0.05), 0.05998779296875)":20},"84":{"(Float16(0.05023), 0.06023193359375)":100},"77":{"(Float16(0.05002), 0.060018310546875)":4,"(Float16(0.948), 0.9582421875)":96},"7":{"(Float16(0.05008), 0.060079345703125)":7,"(Float16(0.948), 0.9582421875)":93},"25":{"(Float16(0.0502), 0.060201416015625)":4,"(Float16(0.948), 0.9582421875)":96},"95":{"(Float16(0.05005), 0.060048828125)":17,"(Float16(0.9478), 0.95775390625)":83},"71":{"(Float16(0.05008), 0.060079345703125)":3,"(Float16(0.9478), 0.95775390625)":97},"66":{"(Float16(0.0501), 0.06010986328125)":15,"(Float16(0.948), 0.9582421875)":85},"76":{"(Float16(0.9497), 0.95970703125)":9,"(Float16(0.05026), 0.060262451171875)":91},"34":{"(Float16(0.9497), 0.95970703125)":1,"(Float16(0.05023), 0.06023193359375)":99},"50":{"(Float16(0.95), 0.9601953125)":1,"(Float16(0.05023), 0.06023193359375)":99},"59":{"(Float16(0.9487), 0.95873046875)":98,"(Float16(0.05002), 0.060018310546875)":2},"93":{"(Float16(0.0502), 0.060201416015625)":99,"(Float16(0.95), 0.9601953125)":1},"2":{"(Float16(0.0512), 0.06120849609375)":4,"(Float16(0.9473), 0.957265625)":96},"10":{"(Float16(0.05008), 0.060079345703125)":4,"(Float16(0.9478), 0.95775390625)":96},"18":{"(Float16(0.948), 0.9582421875)":100},"26":{"(Float16(0.0503), 0.06029296875)":1,"(Float16(0.948), 0.9582421875)":99},"27":{"(Float16(0.95), 0.9601953125)":2,"(Float16(0.05023), 0.06023193359375)":98},"42":{"(Float16(0.0501), 0.06010986328125)":7,"(Float16(0.9478), 0.95775390625)":93},"87":{"(Float16(0.05005), 0.060048828125)":4,"(Float16(0.948), 0.9582421875)":96},"100":{"(Float16(0.948), 0.9582421875)":100},"79":{"(Float16(0.948), 0.9582421875)":94,"(Float16(0.05023), 0.06023193359375)":6},"16":{"(Float16(0.05017), 0.0601708984375)":1,"(Float16(0.948), 0.9582421875)":99},"20":{"(Float16(0.0501), 0.06010986328125)":5,"(Float16(0.948), 0.9582421875)":95},"81":{"(Float16(0.05084), 0.06084228515625)":3,"(Float16(0.948), 0.9582421875)":97},"19":{"(Float16(0.0502), 0.060201416015625)":98,"(Float16(0.95), 0.9601953125)":2},"49":{"(Float16(0.95), 0.9601953125)":1,"(Float16(0.05023), 0.06023193359375)":99},"44":{"(Float16(0.05017), 0.0601708984375)":99,"(Float16(0.95), 0.9601953125)":1},"9":{"(Float16(0.9487), 0.95873046875)":4,"(Float16(0.05023), 0.06023193359375)":96},"31":{"(Float16(0.948), 0.9582421875)":100},"74":{"(Float16(0.05035), 0.06035400390625)":100},"61":{"(Float16(0.95), 0.9601953125)":2,"(Float16(0.05023), 0.06023193359375)":98},"29":{"(Float16(0.05008), 0.060079345703125)":13,"(Float16(0.948), 0.9582421875)":87},"94":{"(Float16(0.949), 0.95921875)":98,"(Float16(0.05054), 0.060537109375)":2},"46":{"(Float16(0.95), 0.9601953125)":1,"(Float16(0.05023), 0.06023193359375)":99},"57":{"(Float16(0.05026), 0.060262451171875)":100},"70":{"(Float16(0.0501), 0.06010986328125)":8,"(Float16(0.9478), 0.95775390625)":92},"21":{"(Float16(0.0502), 0.060201416015625)":99,"(Float16(0.95), 0.9601953125)":1},"38":{"(Float16(0.05026), 0.060262451171875)":89,"(Float16(0.949), 0.95921875)":11},"88":{"(Float16(0.0502), 0.060201416015625)":100},"78":{"(Float16(0.0502), 0.060201416015625)":100},"72":{"(Float16(0.948), 0.9582421875)":99,"(Float16(0.05), 0.05998779296875)":1},"24":{"(Float16(0.05005), 0.060048828125)":3,"(Float16(0.9478), 0.95775390625)":97},"8":{"(Float16(0.05032), 0.060323486328125)":100},"17":{"(Float16(0.05017), 0.0601708984375)":3,"(Float16(0.948), 0.9582421875)":97},"37":{"(Float16(0.0501), 0.06010986328125)":1,"(Float16(0.9473), 0.957265625)":99},"1":{"(Float16(0.05023), 0.06023193359375)":100},"53":{"(Float16(0.05026), 0.060262451171875)":100},"22":{"(Float16(0.05017), 0.0601708984375)":97,"(Float16(0.95), 0.9601953125)":3},"47":{"(Float16(0.0502), 0.060201416015625)":96,"(Float16(0.95), 0.9601953125)":4},"83":{"(Float16(0.9487), 0.95873046875)":99,"(Float16(0.05), 0.05998779296875)":1},"99":{"(Float16(0.05017), 0.0601708984375)":99,"(Float16(0.95), 0.9601953125)":1},"89":{"(Float16(0.05023), 0.06023193359375)":100},"14":{"(Float16(0.0503), 0.06029296875)":99,"(Float16(0.9497), 0.95970703125)":1},"3":{"(Float16(0.95), 0.9601953125)":4,"(Float16(0.05026), 0.060262451171875)":96},"80":{"(Float16(0.05002), 0.060018310546875)":2,"(Float16(0.948), 0.9582421875)":98},"96":{"(Float16(0.9478), 0.95775390625)":100},"51":{"(Float16(0.05002), 0.060018310546875)":7,"(Float16(0.948), 0.9582421875)":93},"33":{"(Float16(0.948), 0.9582421875)":100},"40":{"(Float16(0.9487), 0.95873046875)":100},"48":{"(Float16(0.05005), 0.060048828125)":2,"(Float16(0.948), 0.9582421875)":98},"15":{"(Float16(0.05017), 0.0601708984375)":25,"(Float16(0.948), 0.9582421875)":75},"65":{"(Float16(0.05032), 0.060323486328125)":7,"(Float16(0.949), 0.95921875)":93},"97":{"(Float16(0.0503), 0.06029296875)":100}}