{"4":[0.4995,0.1978,0.95,0.3687,0.9497,0.4998,0.6895,0.4995,0.05072,0.4998,0.2815,0.4995,0.05225,0.782,0.0507,0.4995,0.4995,0.4995,0.8086,0.95,0.0501,0.4998,0.794,0.9497,0.4995,0.95,0.154,0.1785,0.4995,0.1815,0.6387,0.95,0.2954,0.4995,0.4995,0.3125,0.4995,0.6895,0.1815,0.289,0.4995,0.05017,0.4995,0.4995,0.4995,0.7783,0.4998,0.95,0.4998,0.05035,0.154,0.9497,0.7305,0.336,0.289,0.949,0.834,0.05054,0.233,0.7305,0.677,0.1653,0.7783,0.4995,0.1978,0.6816,0.05054,0.9497,0.4995,0.677,0.7783,0.05035,0.3687,0.1653,0.794,0.05054,0.05112,0.834,0.05023,0.6387,0.8086,0.4995,0.4995,0.4995,0.2954,0.336,0.05023,0.7305,0.949,0.6816,0.746,0.3125,0.6895,0.1785,0.9497,0.677,0.2815,0.233,0.746,0.782],"1":[0.696,0.948,0.95,0.949,0.4998,0.6963,0.05002,0.6963,0.397,0.2783,0.397,0.949,0.6963,0.5,0.2148,0.6963,0.05005,0.3948,0.95,0.9497,0.4985,0.05023,0.6963,0.05005,0.2083,0.5,0.8223,0.367,0.6963,0.697,0.05014,0.2148,0.05005,0.9497,0.6973,0.95,0.5,0.95,0.3726,0.05005,0.5,0.4998,0.05002,0.3662,0.9497,0.3013,0.6973,0.4993,0.6973,0.9497,0.05005,0.833,0.697,0.05005,0.948,0.6963,0.3948,0.6963,0.2083,0.6963,0.05008,0.3013,0.6963,0.2783,0.5,0.696,0.5,0.05023,0.4995,0.154,0.4998,0.6953,0.4995,0.05005,0.833,0.5,0.8223,0.154,0.948,0.6953,0.3662,0.6953,0.95,0.5,0.6953,0.5,0.367,0.6953,0.6953,0.2148,0.05017,0.95,0.3726,0.696,0.949,0.5,0.5,0.4998,0.05017,0.5],"5":[0.734,0.5,0.7334,0.0511,0.3271,0.1781,0.1907,0.5,0.5,0.5,0.5,0.1503,0.5,0.0501,0.7334,0.5,0.7334,0.7334,0.1816,0.5,0.5,0.7334,0.734,0.0506,0.7344,0.95,0.95,0.95,0.7344,0.2754,0.3994,0.1781,0.5,0.7344,0.0501,0.5,0.05054,0.95,0.05008,0.1694,0.334,0.7344,0.5,0.5,0.95,0.3638,0.05017,0.0518,0.2737,0.1907,0.7344,0.2754,0.5,0.735,0.2737,0.9497,0.7354,0.7354,0.5,0.7354,0.251,0.334,0.7354,0.7354,0.0511,0.05188,0.7354,0.95,0.735,0.7344,0.3638,0.7344,0.7344,0.9497,0.0503,0.5,0.5,0.7344,0.5,0.3271,0.05017,0.5,0.1503,0.7344,0.1694,0.3994,0.7344,0.1816,0.5,0.05093,0.7344,0.7344,0.7344,0.5,0.2754,0.734,0.3867,0.3867,0.251,0.05054],"2":[0.05063,0.627,0.3125,0.05078,0.499,0.633,0.4995,0.8027,0.5,0.3184,0.0506,0.4995,0.7095,0.949,0.05072,0.95,0.9497,0.2876,0.3008,0.633,0.677,0.3125,0.7676,0.05035,0.95,0.4985,0.5,0.5015,0.95,0.8105,0.95,0.501,0.2822,0.05066,0.2637,0.4993,0.267,0.4985,0.95,0.05032,0.95,0.2585,0.661,0.661,0.949,0.95,0.5,0.8027,0.0505,0.3184,0.677,0.95,0.8105,0.0502,0.95,0.95,0.05054,0.3008,0.2822,0.2637,0.3618,0.2822,0.4995,0.499,0.627,0.5,0.4998,0.95,0.4998,0.05072,0.5,0.267,0.05078,0.4985,0.7095,0.05038,0.2585,0.2334,0.95,0.4985,0.2334,0.05035,0.95,0.05054,0.5015,0.3618,0.05035,0.7676,0.95,0.05054,0.501,0.5,0.2876,0.8027,0.4985,0.5,0.05063,0.9497,0.05035,0.5],"3":[0.949,0.2058,0.3027,0.05017,0.664,0.05243,0.2036,0.2058,0.949,0.0505,0.6104,0.3027,0.5,0.323,0.5005,0.9497,0.166,0.9497,0.5,0.7344,0.949,0.5,0.7344,0.3335,0.4995,0.5,0.5,0.949,0.166,0.5,0.949,0.949,0.9497,0.309,0.9497,0.801,0.949,0.6104,0.5005,0.949,0.38,0.05063,0.949,0.6514,0.323,0.05008,0.05032,0.5,0.5,0.2079,0.4998,0.2058,0.4993,0.824,0.5,0.664,0.949,0.2852,0.5,0.9497,0.2393,0.05032,0.4993,0.1805,0.1805,0.38,0.5,0.7344,0.2852,0.2079,0.05005,0.5,0.5005,0.05072,0.05063,0.05017,0.0512,0.3335,0.4998,0.6514,0.2986,0.5,0.4998,0.824,0.05017,0.9497,0.05023,0.309,0.05157,0.6104,0.5,0.2036,0.4998,0.2393,0.3027,0.2986,0.949,0.05157,0.801,0.4995]}