{"5":{"(Float16(0.0004034), Float16(0.5005))":100},"56":{"(Float16(0.0004997), Float16(0.5005))":100},"35":{"(Float16(0.0002632), Float16(0.5005))":100},"55":{"(Float16(0.000433), Float16(0.5005))":100},"60":{"(Float16(0.0002265), Float16(0.5))":100},"30":{"(Float16(0.0002837), Float16(0.5005))":100},"32":{"(Float16(0.0005302), Float16(0.5005))":100},"6":{"(Float16(0.0004177), Float16(0.5005))":100},"67":{"(Float16(0.000392), Float16(0.5005))":100},"45":{"(Float16(0.0004437), Float16(0.5005))":100},"73":{"(Float16(0.0004776), Float16(0.5005))":100},"64":{"(Float16(0.0002804), Float16(0.5005))":100},"90":{"(Float16(0.0002751), Float16(0.5005))":100},"4":{"(Float16(0.0003877), Float16(0.5005))":100},"13":{"(Float16(0.0004716), Float16(0.5005))":100},"54":{"(Float16(0.0001674), Float16(0.5))":100},"63":{"(Float16(0.0003738), Float16(0.5005))":100},"86":{"(Float16(0.0003161), Float16(0.5005))":100},"91":{"(Float16(0.0003295), Float16(0.5005))":100},"62":{"(Float16(0.0003374), Float16(0.5005))":100},"58":{"(Float16(0.000412), Float16(0.5005))":100},"52":{"(Float16(0.9863), Float16(1.486))":2,"(Float16(0.000328), Float16(0.5005))":98},"12":{"(Float16(0.000389), Float16(0.5005))":100},"28":{"(Float16(0.00041), Float16(0.5005))":100},"75":{"(Float16(0.0003061), Float16(0.5005))":100},"23":{"(Float16(0.00032), Float16(0.5005))":100},"92":{"(Float16(0.0004535), Float16(0.5005))":100},"41":{"(Float16(0.0005345), Float16(0.5005))":100},"43":{"(Float16(0.0003781), Float16(0.5005))":100},"11":{"(Float16(0.00048), Float16(0.5005))":100},"36":{"(Float16(0.0004776), Float16(0.5005))":100},"68":{"(Float16(0.0003734), Float16(0.5005))":100},"69":{"(Float16(0.0005784), Float16(0.5005))":100},"98":{"(Float16(0.0003986), Float16(0.5005))":100},"82":{"(Float16(0.0003555), Float16(0.5005))":100},"85":{"(Float16(0.000355), Float16(0.5005))":100},"39":{"(Float16(0.0004444), Float16(0.5005))":100},"84":{"(Float16(0.0004067), Float16(0.5005))":100},"77":{"(Float16(0.000433), Float16(0.5005))":100},"7":{"(Float16(0.0002546), Float16(0.5005))":100},"25":{"(Float16(0.9785), Float16(1.479))":2,"(Float16(0.000495), Float16(0.5005))":98},"95":{"(Float16(0.0003572), Float16(0.5005))":100},"71":{"(Float16(0.0004015), Float16(0.5005))":100},"66":{"(Float16(0.0006347), Float16(0.5005))":100},"76":{"(Float16(0.0002416), Float16(0.5))":100},"34":{"(Float16(0.0002818), Float16(0.5005))":100},"50":{"(Float16(0.0004191), Float16(0.5005))":100},"59":{"(Float16(0.0004945), Float16(0.5005))":100},"93":{"(Float16(0.0003383), Float16(0.5005))":100},"2":{"(Float16(0.0002856), Float16(0.5005))":100},"10":{"(Float16(0.0003), Float16(0.5005))":100},"18":{"(Float16(0.0003757), Float16(0.5005))":100},"26":{"(Float16(0.0003507), Float16(0.5005))":100},"27":{"(Float16(0.0002307), Float16(0.5))":100},"42":{"(Float16(0.000392), Float16(0.5005))":100},"87":{"(Float16(0.0004258), Float16(0.5005))":100},"100":{"(Float16(0.0005503), Float16(0.5005))":100},"79":{"(Float16(0.0006332), Float16(0.5005))":100},"16":{"(Float16(0.000494), Float16(0.5005))":100},"20":{"(Float16(0.000343), Float16(0.5005))":100},"81":{"(Float16(0.913), Float16(1.413))":2,"(Float16(0.0003126), Float16(0.5005))":98},"19":{"(Float16(0.000451), Float16(0.5005))":100},"49":{"(Float16(0.0004768), Float16(0.5005))":100},"44":{"(Float16(0.0004811), Float16(0.5005))":100},"9":{"(Float16(0.0003047), Float16(0.5005))":100},"31":{"(Float16(0.0003638), Float16(0.5005))":100},"74":{"(Float16(0.00035), Float16(0.5005))":100},"61":{"(Float16(0.0003395), Float16(0.5005))":100},"29":{"(Float16(0.0005045), Float16(0.5005))":100},"94":{"(Float16(0.000323), Float16(0.5005))":100},"46":{"(Float16(0.000313), Float16(0.5005))":100},"57":{"(Float16(0.000554), Float16(0.5005))":100},"70":{"(Float16(0.000288), Float16(0.5005))":100},"21":{"(Float16(0.0004396), Float16(0.5005))":100},"38":{"(Float16(0.000392), Float16(0.5005))":100},"88":{"(Float16(0.0003443), Float16(0.5005))":100},"78":{"(Float16(0.0003824), Float16(0.5005))":100},"72":{"(Float16(0.0003057), Float16(0.5005))":100},"24":{"(Float16(0.0004716), Float16(0.5005))":100},"8":{"(Float16(0.0003743), Float16(0.5005))":100},"17":{"(Float16(0.0003915), Float16(0.5005))":100},"37":{"(Float16(0.000596), Float16(0.5005))":100},"1":{"(Float16(0.0003257), Float16(0.5005))":100},"53":{"(Float16(0.0003443), Float16(0.5005))":100},"22":{"(Float16(0.0003614), Float16(0.5005))":100},"47":{"(Float16(0.0002154), Float16(0.5))":100},"83":{"(Float16(0.0003664), Float16(0.5005))":100},"99":{"(Float16(0.0003939), Float16(0.5005))":100},"89":{"(Float16(0.9473), Float16(1.447))":3,"(Float16(0.0002494), Float16(0.5005))":97},"14":{"(Float16(0.0003157), Float16(0.5005))":100},"3":{"(Float16(0.0003552), Float16(0.5005))":100},"80":{"(Float16(0.000392), Float16(0.5005))":100},"96":{"(Float16(0.000341), Float16(0.5005))":100},"51":{"(Float16(0.000388), Float16(0.5005))":100},"33":{"(Float16(0.000265), Float16(0.5005))":100},"40":{"(Float16(0.0004673), Float16(0.5005))":100},"48":{"(Float16(0.0004735), Float16(0.5005))":100},"15":{"(Float16(0.0004847), Float16(0.5005))":100},"65":{"(Float16(0.0003066), Float16(0.5005))":98,"(Float16(0.9897), Float16(1.49))":2},"97":{"(Float16(0.000402), Float16(0.5005))":100}}