{"5":{"(Float16(0.2258), Float16(0.4258))":24,"(Float16(0.4622), Float16(0.662))":22,"(Float16(0.0001872), Float16(0.2002))":14,"(Float16(0.79), Float16(0.99))":40},"56":{"(Float16(8.16e-5), Float16(0.2001))":18,"(Float16(0.2004), Float16(0.4004))":22,"(Float16(0.8057), Float16(1.006))":43,"(Float16(0.438), Float16(0.638))":17},"35":{"(Float16(0.2017), Float16(0.4016))":12,"(Float16(0.784), Float16(0.9844))":43,"(Float16(0.000444), Float16(0.2004))":22,"(Float16(0.4097), Float16(0.61))":23},"55":{"(Float16(0.0002728), Float16(0.2003))":23,"(Float16(0.784), Float16(0.9844))":59,"(Float16(0.4717), Float16(0.672))":3,"(Float16(0.2373), Float16(0.4373))":15},"60":{"(Float16(0.962), Float16(1.162))":2,"(Float16(0.715), Float16(0.915))":42,"(Float16(0.2104), Float16(0.4104))":27,"(Float16(0.0002432), Float16(0.2002))":21,"(Float16(0.416), Float16(0.616))":8},"30":{"(Float16(0.3882), Float16(0.5884))":55,"(Float16(0.000574), Float16(0.2006))":15,"(Float16(0.7783), Float16(0.9785))":30},"32":{"(Float16(9.98e-5), Float16(0.2001))":25,"(Float16(0.7764), Float16(0.9766))":16,"(Float16(0.5117), Float16(0.712))":59},"6":{"(Float16(0.543), Float16(0.743))":15,"(Float16(0.292), Float16(0.492))":61,"(Float16(0.756), Float16(0.956))":24},"67":{"(Float16(0.62), Float16(0.8203))":44,"(Float16(0.3896), Float16(0.59))":35,"(Float16(0.0004778), Float16(0.2004))":21},"45":{"(Float16(0.634), Float16(0.834))":21,"(Float16(0.836), Float16(1.036))":16,"(Float16(0.3735), Float16(0.5737))":51,"(Float16(0.000499), Float16(0.2004))":12},"73":{"(Float16(0.603), Float16(0.803))":29,"(Float16(0.816), Float16(1.016))":16,"(Float16(0.0004435), Float16(0.2004))":17,"(Float16(0.372), Float16(0.5723))":38},"64":{"(Float16(0.0002763), Float16(0.2003))":22,"(Float16(0.2314), Float16(0.4314))":21,"(Float16(0.709), Float16(0.909))":57},"90":{"(Float16(0.0006223), Float16(0.2006))":16,"(Float16(0.33), Float16(0.5303))":28,"(Float16(0.7), Float16(0.9004))":56},"4":{"(Float16(0.719), Float16(0.9194))":23,"(Float16(0.0003035), Float16(0.2003))":36,"(Float16(0.4993), Float16(0.699))":21,"(Float16(0.2847), Float16(0.4846))":10,"(Float16(0.9233), Float16(1.123))":10},"13":{"(Float16(0.87), Float16(1.07))":32,"(Float16(0.0002546), Float16(0.2002))":17,"(Float16(0.6445), Float16(0.8447))":2,"(Float16(0.2115), Float16(0.4116))":26,"(Float16(0.439), Float16(0.639))":23},"54":{"(Float16(0.0001581), Float16(0.2002))":22,"(Float16(0.2205), Float16(0.4204))":26,"(Float16(0.6953), Float16(0.8955))":52},"63":{"(Float16(0.4136), Float16(0.614))":20,"(Float16(0.2083), Float16(0.4082))":31,"(Float16(0.8906), Float16(1.091))":32,"(Float16(0.0007215), Float16(0.2007))":10,"(Float16(0.618), Float16(0.8184))":7},"86":{"(Float16(0.2363), Float16(0.4363))":32,"(Float16(0.7344), Float16(0.9346))":43,"(Float16(0.000324), Float16(0.2003))":11,"(Float16(0.4387), Float16(0.6387))":14},"91":{"(Float16(0.7295), Float16(0.9297))":47,"(Float16(0.0002787), Float16(0.2003))":13,"(Float16(0.968), Float16(1.168))":1,"(Float16(0.2268), Float16(0.4268))":35,"(Float16(0.4763), Float16(0.6763))":4},"62":{"(Float16(0.0005856), Float16(0.2006))":39,"(Float16(0.4116), Float16(0.612))":20,"(Float16(0.82), Float16(1.02))":22,"(Float16(0.6133), Float16(0.8135))":19},"58":{"(Float16(0.9453), Float16(1.1455))":3,"(Float16(0.000692), Float16(0.2007))":41,"(Float16(0.744), Float16(0.9443))":15,"(Float16(0.541), Float16(0.741))":41},"52":{"(Float16(0.2177), Float16(0.4177))":16,"(Float16(0.743), Float16(0.9434))":50,"(Float16(0.0002351), Float16(0.2002))":18,"(Float16(0.4294), Float16(0.6294))":16},"12":{"(Float16(0.2405), Float16(0.4404))":20,"(Float16(0.0001297), Float16(0.2001))":20,"(Float16(0.4548), Float16(0.655))":4,"(Float16(0.783), Float16(0.9834))":56},"28":{"(Float16(0.0001494), Float16(0.2002))":27,"(Float16(0.7197), Float16(0.92))":29,"(Float16(0.4302), Float16(0.6304))":44},"75":{"(Float16(0.3643), Float16(0.5645))":34,"(Float16(0.5684), Float16(0.7686))":16,"(Float16(0.8086), Float16(1.009))":23,"(Float16(0.0005083), Float16(0.2006))":27},"23":{"(Float16(0.5996), Float16(0.8))":25,"(Float16(0.3105), Float16(0.5107))":46,"(Float16(0.0005827), Float16(0.2006))":6,"(Float16(0.8086), Float16(1.009))":23},"92":{"(Float16(0.864), Float16(1.063))":11,"(Float16(0.4204), Float16(0.6206))":20,"(Float16(0.624), Float16(0.824))":28,"(Float16(0.0003495), Float16(0.2003))":41},"41":{"(Float16(0.443), Float16(0.643))":2,"(Float16(0.0003452), Float16(0.2003))":22,"(Float16(0.2289), Float16(0.429))":22,"(Float16(0.7373), Float16(0.9375))":54},"43":{"(Float16(0.0002472), Float16(0.2002))":19,"(Float16(0.4346), Float16(0.635))":17,"(Float16(0.2037), Float16(0.4038))":23,"(Float16(0.8193), Float16(1.02))":41},"11":{"(Float16(0.4878), Float16(0.688))":5,"(Float16(0.245), Float16(0.445))":27,"(Float16(0.743), Float16(0.9434))":50,"(Float16(0.0002234), Float16(0.2002))":18},"36":{"(Float16(0.3718), Float16(0.572))":20,"(Float16(0.00066), Float16(0.2007))":32,"(Float16(0.8076), Float16(1.008))":22,"(Float16(0.5815), Float16(0.7817))":26},"68":{"(Float16(0.7666), Float16(0.967))":41,"(Float16(0.0003023), Float16(0.2003))":16,"(Float16(0.4365), Float16(0.6367))":12,"(Float16(0.2131), Float16(0.413))":31},"69":{"(Float16(0.409), Float16(0.609))":41,"(Float16(0.8438), Float16(1.044))":31,"(Float16(0.0001976), Float16(0.2002))":15,"(Float16(0.2085), Float16(0.4084))":13},"98":{"(Float16(0.0001708), Float16(0.2002))":14,"(Float16(0.7266), Float16(0.927))":53,"(Float16(0.226), Float16(0.426))":27,"(Float16(0.4302), Float16(0.6304))":6},"82":{"(Float16(0.4502), Float16(0.6504))":30,"(Float16(0.2493), Float16(0.4492))":8,"(Float16(0.0001465), Float16(0.2002))":23,"(Float16(0.8115), Float16(1.012))":39},"85":{"(Float16(0.0004263), Float16(0.2004))":47,"(Float16(0.704), Float16(0.9043))":33,"(Float16(0.4644), Float16(0.6646))":20},"39":{"(Float16(0.793), Float16(0.993))":22,"(Float16(0.3184), Float16(0.5186))":55,"(Float16(0.577), Float16(0.7773))":21,"(Float16(0.001202), Float16(0.2012))":2},"84":{"(Float16(7.12e-5), Float16(0.2001))":21,"(Float16(0.802), Float16(1.002))":51,"(Float16(0.4375), Float16(0.6377))":13,"(Float16(0.2373), Float16(0.4373))":15},"77":{"(Float16(0.0002913), Float16(0.2003))":13,"(Float16(0.5938), Float16(0.794))":77,"(Float16(0.317), Float16(0.517))":10},"7":{"(Float16(0.4277), Float16(0.628))":58,"(Float16(0.0003424), Float16(0.2003))":9,"(Float16(0.6826), Float16(0.883))":33},"25":{"(Float16(0.875), Float16(1.075))":13,"(Float16(0.000188), Float16(0.2002))":22,"(Float16(0.615), Float16(0.8154))":51,"(Float16(0.207), Float16(0.407))":14},"95":{"(Float16(0.3857), Float16(0.586))":45,"(Float16(0.0001698), Float16(0.2002))":18,"(Float16(0.7183), Float16(0.9185))":37},"71":{"(Float16(0.0001926), Float16(0.2002))":14,"(Float16(0.3423), Float16(0.5425))":43,"(Float16(0.5996), Float16(0.8))":25,"(Float16(0.814), Float16(1.014))":18},"66":{"(Float16(0.0004394), Float16(0.2004))":15,"(Float16(0.3965), Float16(0.5967))":50,"(Float16(0.6787), Float16(0.879))":26,"(Float16(0.9062), Float16(1.106))":9},"76":{"(Float16(0.0005684), Float16(0.2006))":11,"(Float16(0.37), Float16(0.5703))":45,"(Float16(0.6094), Float16(0.8096))":18,"(Float16(0.8467), Float16(1.047))":26},"34":{"(Float16(0.3872), Float16(0.5874))":23,"(Float16(0.832), Float16(1.032))":10,"(Float16(0.0004764), Float16(0.2004))":38,"(Float16(0.6045), Float16(0.8047))":29},"50":{"(Float16(4.816e-5), Float16(0.2001))":19,"(Float16(0.7607), Float16(0.961))":17,"(Float16(0.9736), Float16(1.174))":3,"(Float16(0.4658), Float16(0.666))":61},"59":{"(Float16(0.921), Float16(1.121))":8,"(Float16(0.2239), Float16(0.4238))":5,"(Float16(0.0001547), Float16(0.2002))":21,"(Float16(0.545), Float16(0.745))":66},"93":{"(Float16(0.8623), Float16(1.0625))":4,"(Float16(0.6074), Float16(0.8076))":60,"(Float16(0.2063), Float16(0.4062))":23,"(Float16(0.0002333), Float16(0.2002))":13},"2":{"(Float16(0.501), Float16(0.701))":33,"(Float16(0.2102), Float16(0.4102))":4,"(Float16(0.7324), Float16(0.9326))":35,