{"5":{"(Float16(0.523), 0.53294921875)":100},"56":{"(Float16(0.4722), 0.48216796875)":100},"35":{"(Float16(0.05072), 0.06072021484375)":99,"(Float16(0.95), 0.9601953125)":1},"55":{"(Float16(0.5195), 0.52953125)":100},"60":{"(Float16(0.5137), 0.523671875)":100},"30":{"(Float16(0.948), 0.9582421875)":96,"(Float16(0.05), 0.05998779296875)":4},"32":{"(Float16(0.05045), 0.060445556640625)":100},"6":{"(Float16(0.948), 0.9582421875)":100},"67":{"(Float16(0.948), 0.9582421875)":99,"(Float16(0.05), 0.05998779296875)":1},"45":{"(Float16(0.0506), 0.06059814453125)":100},"73":{"(Float16(0.95), 0.9601953125)":1,"(Float16(0.05057), 0.060567626953125)":99},"64":{"(Float16(0.4934), 0.503408203125)":100},"90":{"(Float16(0.498), 0.508046875)":100},"4":{"(Float16(0.948), 0.9582421875)":99,"(Float16(0.05), 0.05998779296875)":1},"13":{"(Float16(0.4756), 0.4855859375)":100},"54":{"(Float16(0.948), 0.9582421875)":100},"63":{"(Float16(0.0506), 0.06059814453125)":98,"(Float16(0.95), 0.9601953125)":2},"86":{"(Float16(0.515), 0.52513671875)":100},"91":{"(Float16(0.948), 0.9582421875)":100},"62":{"(Float16(0.05026), 0.060262451171875)":10,"(Float16(0.948), 0.9582421875)":90},"58":{"(Float16(0.5156), 0.525625)":100},"52":{"(Float16(0.948), 0.9582421875)":97,"(Float16(0.05), 0.05998779296875)":3},"12":{"(Float16(0.95), 0.9601953125)":1,"(Float16(0.05054), 0.060537109375)":99},"28":{"(Float16(0.5273), 0.53734375)":100},"75":{"(Float16(0.05072), 0.06072021484375)":100},"23":{"(Float16(0.4805), 0.49046875)":100},"92":{"(Float16(0.948), 0.9582421875)":100},"41":{"(Float16(0.95), 0.9601953125)":3,"(Float16(0.05045), 0.060445556640625)":97},"43":{"(Float16(0.948), 0.9582421875)":96,"(Float16(0.05), 0.05998779296875)":4},"11":{"(Float16(0.948), 0.9582421875)":100},"36":{"(Float16(0.948), 0.9582421875)":99,"(Float16(0.05), 0.05998779296875)":1},"68":{"(Float16(0.05054), 0.060537109375)":100},"69":{"(Float16(0.948), 0.9582421875)":100},"98":{"(Float16(0.05075), 0.060750732421875)":100},"82":{"(Float16(0.4966), 0.50658203125)":100},"85":{"(Float16(0.4683), 0.47826171875)":100},"39":{"(Float16(0.95), 0.9601953125)":2,"(Float16(0.05057), 0.060567626953125)":98},"84":{"(Float16(0.948), 0.9582421875)":100},"77":{"(Float16(0.05045), 0.060445556640625)":100},"7":{"(Float16(0.9497), 0.95970703125)":8,"(Float16(0.05078), 0.06078125)":92},"25":{"(Float16(0.948), 0.9582421875)":99,"(Float16(0.05), 0.05998779296875)":1},"95":{"(Float16(0.9487), 0.95873046875)":55,"(Float16(0.0505), 0.060506591796875)":45},"71":{"(Float16(0.95), 0.9601953125)":4,"(Float16(0.05066), 0.0606591796875)":96},"66":{"(Float16(0.948), 0.9582421875)":98,"(Float16(0.05), 0.05998779296875)":2},"76":{"(Float16(0.948), 0.9582421875)":100},"34":{"(Float16(0.493), 0.502919921875)":100},"50":{"(Float16(0.948), 0.9582421875)":100},"59":{"(Float16(0.948), 0.9582421875)":100},"93":{"(Float16(0.948), 0.9582421875)":95,"(Float16(0.05), 0.05998779296875)":5},"2":{"(Float16(0.948), 0.9582421875)":100},"10":{"(Float16(0.948), 0.9582421875)":96,"(Float16(0.05), 0.05998779296875)":4},"18":{"(Float16(0.05063), 0.060628662109375)":100},"26":{"(Float16(0.948), 0.9582421875)":100},"27":{"(Float16(0.5137), 0.523671875)":100},"42":{"(Float16(0.0507), 0.060689697265625)":99,"(Float16(0.95), 0.9601953125)":1},"87":{"(Float16(0.95), 0.9601953125)":1,"(Float16(0.05066), 0.0606591796875)":99},"100":{"(Float16(0.948), 0.9582421875)":96,"(Float16(0.05), 0.05998779296875)":4},"79":{"(Float16(0.948), 0.9582421875)":99,"(Float16(0.05), 0.05998779296875)":1},"16":{"(Float16(0.948), 0.9582421875)":100},"20":{"(Float16(0.948), 0.9582421875)":97,"(Float16(0.05), 0.05998779296875)":3},"81":{"(Float16(0.5146), 0.5246484375)":100},"19":{"(Float16(0.5044), 0.51439453125)":100},"49":{"(Float16(0.48), 0.48998046875)":100},"44":{"(Float16(0.05072), 0.06072021484375)":100},"9":{"(Float16(0.948), 0.9582421875)":99,"(Float16(0.05), 0.05998779296875)":1},"31":{"(Float16(0.05063), 0.060628662109375)":100},"74":{"(Float16(0.488), 0.498037109375)":100},"61":{"(Float16(0.948), 0.9582421875)":97,"(Float16(0.05), 0.05998779296875)":3},"29":{"(Float16(0.0506), 0.06059814453125)":99,"(Float16(0.95), 0.9601953125)":1},"94":{"(Float16(0.05075), 0.060750732421875)":99,"(Float16(0.95), 0.9601953125)":1},"46":{"(Float16(0.948), 0.9582421875)":100},"57":{"(Float16(0.948), 0.9582421875)":97,"(Float16(0.05), 0.05998779296875)":3},"70":{"(Float16(0.05063), 0.060628662109375)":100},"21":{"(Float16(0.948), 0.9582421875)":100},"38":{"(Float16(0.05063), 0.060628662109375)":100},"88":{"(Float16(0.0506), 0.06059814453125)":100},"78":{"(Float16(0.05057), 0.060567626953125)":100},"72":{"(Float16(0.948), 0.9582421875)":100},"24":{"(Float16(0.948), 0.9582421875)":99,"(Float16(0.05), 0.05998779296875)":1},"8":{"(Float16(0.948), 0.9582421875)":100},"17":{"(Float16(0.0503), 0.06029296875)":47,"(Float16(0.948), 0.9582421875)":53},"37":{"(Float16(0.05063), 0.060628662109375)":99,"(Float16(0.9497), 0.95970703125)":1},"1":{"(Float16(0.4763), 0.486318359375)":100},"53":{"(Float16(0.05063), 0.060628662109375)":100},"22":{"(Float16(0.948), 0.9582421875)":98,"(Float16(0.05), 0.05998779296875)":2},"47":{"(Float16(0.5137), 0.523671875)":100},"83":{"(Float16(0.05075), 0.060750732421875)":100},"99":{"(Float16(0.4683), 0.47826171875)":99,"(Float16(0.948), 0.9582421875)":1},"89":{"(Float16(0.0504), 0.0604150390625)":100},"14":{"(Float16(0.05002), 0.060018310546875)":11,"(Float16(0.948), 0.9582421875)":89},"3":{"(Float16(0.949), 0.95921875)":55,"(Float16(0.05054), 0.060537109375)":45},"80":{"(Float16(0.0506), 0.06059814453125)":100},"96":{"(Float16(0.0506), 0.06059814453125)":100},"51":{"(Float16(0.5137), 0.523671875)":100},"33":{"(Float16(0.51), 0.519765625)":100},"40":{"(Float16(0.9487), 0.95873046875)":100},"48":{"(Float16(0.948), 0.9582421875)":98,"(Float16(0.05), 0.05998779296875)":2},"15":{"(Float16(0.948), 0.9582421875)":100},"65":{"(Float16(0.507), 0.5168359375)":100},"97":{"(Float16(0.5225), 0.5324609375)":100}}