{"1":[0.949,0.5005,0.4998,0.0518,0.9497,0.501,0.4998,0.949,0.5005,0.9487,0.949,0.501,0.5,0.05005,0.949,0.949,0.05002,0.9497,0.501,0.501,0.949,0.5,0.4995,0.4998,0.9487,0.05054,0.4993,0.05017,0.0501,0.0504,0.9487,0.949,0.5,0.5,0.5,0.9487,0.0501,0.9487,0.4995,0.5,0.4998,0.5,0.9497,0.9497,0.949,0.9487,0.5,0.4995,0.05005,0.5005,0.5005,0.949,0.0508,0.5,0.5,0.5,0.5,0.948,0.05017,0.5,0.05054,0.948,0.9487,0.0504,0.05005,0.5,0.9497,0.5,0.9487,0.5,0.948,0.4993,0.4995,0.4998,0.5,0.05194,0.501,0.5,0.5,0.5,0.948,0.9487,0.5,0.949,0.949,0.5,0.501,0.949,0.9487,0.5,0.5,0.5005,0.0501,0.5,0.9497,0.9487,0.0518,0.949,0.949,0.949],"2":[0.4995,0.4995,0.4998,0.948,0.4995,0.4995,0.4995,0.4995,0.95,0.948,0.4995,0.4998,0.4995,0.4995,0.95,0.4995,0.4995,0.95,0.9487,0.4995,0.4995,0.4995,0.4995,0.05023,0.4998,0.4998,0.4995,0.4998,0.4995,0.4995,0.4995,0.949,0.95,0.95,0.4995,0.9487,0.05014,0.4995,0.4995,0.95,0.4995,0.4998,0.05023,0.4995,0.05008,0.4998,0.4998,0.05008,0.4995,0.4995,0.4995,0.4995,0.05005,0.95,0.4995,0.4995,0.95,0.4995,0.9478,0.4995,0.95,0.05005,0.4995,0.4998,0.4995,0.949,0.95,0.4995,0.4995,0.05023,0.95,0.05014,0.4995,0.05005,0.4995,0.9497,0.05008,0.4995,0.95,0.4995,0.4995,0.95,0.9497,0.4998,0.4998,0.4995,0.4995,0.4995,0.4998,0.4995,0.4995,0.4995,0.4995,0.95,0.4998,0.4995,0.4995,0.4995,0.95,0.4998],"3":[0.502,0.5015,0.95,0.0503,0.05078,0.501,0.949,0.5005,0.501,0.501,0.502,0.05035,0.502,0.949,0.05002,0.0503,0.5015,0.502,0.949,0.502,0.05014,0.95,0.502,0.501,0.949,0.501,0.05035,0.9497,0.05,0.05164,0.05017,0.05,0.501,0.5005,0.5015,0.502,0.9497,0.502,0.502,0.502,0.05005,0.05078,0.502,0.502,0.501,0.502,0.501,0.501,0.502,0.502,0.502,0.05,0.502,0.502,0.5015,0.9497,0.5005,0.501,0.501,0.9497,0.501,0.95,0.05164,0.501,0.95,0.501,0.5005,0.05005,0.0503,0.501,0.502,0.501,0.502,0.0503,0.05078,0.5015,0.501,0.05048,0.501,0.501,0.501,0.5005,0.5015,0.502,0.502,0.05048,0.0501,0.5024,0.0501,0.502,0.501,0.502,0.5015,0.05048,0.05014,0.05017,0.05048,0.05002,0.5024,0.502]}