{"1":{"(Float16(0.04996), Float16(0.3499))":2,"(Float16(0.4978), Float16(0.798))":75,"(Float16(0.948), Float16(1.248))":23},"2":{"(Float16(0.498), Float16(0.798))":75,"(Float16(0.9487), Float16(1.249))":24,"(Float16(0.05023), Float16(0.3503))":1},"3":{"(Float16(0.0502), Float16(0.35))":1,"(Float16(0.948), Float16(1.248))":28,"(Float16(0.4983), Float16(0.7983))":71}}