{"5":{"(Float16(0.0001864), Float16(1.0))":100},"56":{"(Float16(0.0001705), Float16(1.0))":100},"35":{"(Float16(0.0001614), Float16(1.0))":100},"55":{"(Float16(0.000124), Float16(1.0))":100},"60":{"(Float16(0.0001098), Float16(1.0))":100},"30":{"(Float16(0.00010914), Float16(1.0))":100},"32":{"(Float16(9.245e-5), Float16(1.0))":100},"6":{"(Float16(0.0001448), Float16(1.0))":100},"67":{"(Float16(0.0001312), Float16(1.0))":100},"45":{"(Float16(0.0001237), Float16(1.0))":100},"73":{"(Float16(0.0001347), Float16(1.0))":100},"64":{"(Float16(9.805e-5), Float16(1.0))":100},"90":{"(Float16(0.0001098), Float16(1.0))":100},"4":{"(Float16(0.0001292), Float16(1.0))":100},"13":{"(Float16(0.0001066), Float16(1.0))":100},"54":{"(Float16(6.45e-5), Float16(1.0))":100},"63":{"(Float16(0.00011665), Float16(1.0))":100},"86":{"(Float16(0.0001078), Float16(1.0))":100},"91":{"(Float16(0.0001352), Float16(1.0))":100},"62":{"(Float16(0.0001099), Float16(1.0))":100},"58":{"(Float16(0.0001435), Float16(1.0))":100},"52":{"(Float16(0.0001333), Float16(1.0))":100},"12":{"(Float16(0.0002446), Float16(1.0))":100},"28":{"(Float16(0.00012064), Float16(1.0))":100},"75":{"(Float16(0.0001565), Float16(1.0))":100},"23":{"(Float16(9.5e-5), Float16(1.0))":100},"92":{"(Float16(0.0001302), Float16(1.0))":100},"41":{"(Float16(0.0001134), Float16(1.0))":100},"43":{"(Float16(0.0001564), Float16(1.0))":100},"11":{"(Float16(0.0001733), Float16(1.0))":100},"36":{"(Float16(0.00011694), Float16(1.0))":100},"68":{"(Float16(0.0001775), Float16(1.0))":100},"69":{"(Float16(9.686e-5), Float16(1.0))":100},"98":{"(Float16(0.0001519), Float16(1.0))":100},"82":{"(Float16(0.0002126), Float16(1.0))":100},"85":{"(Float16(0.000125), Float16(1.0))":100},"39":{"(Float16(0.0001711), Float16(1.0))":100},"84":{"(Float16(0.0002049), Float16(1.0))":100},"77":{"(Float16(0.0001801), Float16(1.0))":100},"7":{"(Float16(0.0001869), Float16(1.0))":100},"25":{"(Float16(0.0001426), Float16(1.0))":100},"95":{"(Float16(0.0001764), Float16(1.0))":100},"71":{"(Float16(0.0003397), Float16(1.0))":100},"66":{"(Float16(0.000155), Float16(1.0))":100},"76":{"(Float16(0.0001743), Float16(1.0))":100},"34":{"(Float16(0.0001333), Float16(1.0))":100},"50":{"(Float16(0.0001128), Float16(1.0))":100},"59":{"(Float16(9.36e-5), Float16(1.0))":100},"93":{"(Float16(0.0001667), Float16(1.0))":100},"2":{"(Float16(0.0002321), Float16(1.0))":100},"10":{"(Float16(0.0002166), Float16(1.0))":100},"18":{"(Float16(8.714e-5), Float16(1.0))":100},"26":{"(Float16(0.0001825), Float16(1.0))":100},"27":{"(Float16(0.0002513), Float16(1.0))":100},"42":{"(Float16(0.0001497), Float16(1.0))":100},"87":{"(Float16(0.0001454), Float16(1.0))":100},"100":{"(Float16(9.644e-5), Float16(1.0))":100},"79":{"(Float16(0.0001602), Float16(1.0))":100},"16":{"(Float16(0.0001881), Float16(1.0))":100},"20":{"(Float16(0.0001657), Float16(1.0))":100},"81":{"(Float16(0.0001751), Float16(1.0))":100},"19":{"(Float16(7.89e-5), Float16(1.0))":100},"49":{"(Float16(0.000279), Float16(1.0))":100},"44":{"(Float16(0.0001155), Float16(1.0))":100},"9":{"(Float16(8.79e-5), Float16(1.0))":100},"31":{"(Float16(0.000144), Float16(1.0))":100},"74":{"(Float16(0.0001148), Float16(1.0))":100},"61":{"(Float16(0.0001909), Float16(1.0))":100},"29":{"(Float16(0.0001545), Float16(1.0))":100},"94":{"(Float16(0.0002187), Float16(1.0))":100},"46":{"(Float16(0.0001495), Float16(1.0))":100},"57":{"(Float16(0.000144), Float16(1.0))":100},"70":{"(Float16(0.0002007), Float16(1.0))":100},"21":{"(Float16(9.63e-5), Float16(1.0))":100},"38":{"(Float16(0.0001798), Float16(1.0))":100},"88":{"(Float16(0.0002117), Float16(1.0))":100},"78":{"(Float16(0.000176), Float16(1.0))":100},"72":{"(Float16(0.0001085), Float16(1.0))":100},"24":{"(Float16(0.000202), Float16(1.0))":100},"8":{"(Float16(0.00014), Float16(1.0))":100},"17":{"(Float16(0.0001017), Float16(1.0))":100},"37":{"(Float16(0.0001379), Float16(1.0))":100},"1":{"(Float16(0.000129), Float16(1.0))":100},"53":{"(Float16(0.0002034), Float16(1.0))":100},"22":{"(Float16(0.0001984), Float16(1.0))":100},"47":{"(Float16(9.584e-5), Float16(1.0))":100},"83":{"(Float16(0.0001345), Float16(1.0))":100},"99":{"(Float16(0.000206), Float16(1.0))":100},"89":{"(Float16(0.0001712), Float16(1.0))":100},"14":{"(Float16(0.0001403), Float16(1.0))":100},"3":{"(Float16(0.0001696), Float16(1.0))":100},"80":{"(Float16(8.27e-5), Float16(1.0))":100},"96":{"(Float16(7.08e-5), Float16(1.0))":100},"51":{"(Float16(0.00010216), Float16(1.0))":100},"33":{"(Float16(0.0001487), Float16(1.0))":100},"40":{"(Float16(0.0001473), Float16(1.0))":100},"48":{"(Float16(9.79e-5), Float16(1.0))":100},"15":{"(Float16(0.00010914), Float16(1.0))":100},"65":{"(Float16(0.0001053), Float16(1.0))":100},"97":{"(Float16(0.0001111), Float16(1.0))":100}}