{"5":{"(Float16(0.4937), Float16(0.5034))":100},"56":{"(Float16(0.4658), Float16(0.4758))":100},"35":{"(Float16(0.505), Float16(0.5146))":100},"55":{"(Float16(0.496), Float16(0.506))":100},"60":{"(Float16(0.5156), Float16(0.5254))":100},"30":{"(Float16(0.541), Float16(0.551))":94,"(Float16(0.10706), Float16(0.11707))":2,"(Float16(0.0611), Float16(0.0711))":2,"(Float16(0.1282), Float16(0.1382))":2},"32":{"(Float16(0.9297), Float16(0.9395))":2,"(Float16(0.4517), Float16(0.4617))":98},"6":{"(Float16(0.4858), Float16(0.4958))":100},"67":{"(Float16(0.4907), Float16(0.5005))":100},"45":{"(Float16(0.498), Float16(0.508))":100},"73":{"(Float16(0.5283), Float16(0.538))":100},"64":{"(Float16(0.12305), Float16(0.133))":2,"(Float16(0.55), Float16(0.5596))":98},"90":{"(Float16(0.9463), Float16(0.956))":3,"(Float16(0.4312), Float16(0.4412))":97},"4":{"(Float16(0.51), Float16(0.5195))":100},"13":{"(Float16(0.9336), Float16(0.9434))":1,"(Float16(0.4902), Float16(0.5))":99},"54":{"(Float16(0.498), Float16(0.508))":100},"63":{"(Float16(0.539), Float16(0.549))":100},"86":{"(Float16(0.5), Float16(0.51))":100},"91":{"(Float16(0.9175), Float16(0.9272))":1,"(Float16(0.4683), Float16(0.4783))":99},"62":{"(Float16(0.4778), Float16(0.4878))":100},"58":{"(Float16(0.9883), Float16(0.998))":2,"(Float16(0.4873), Float16(0.4973))":98},"52":{"(Float16(0.1173), Float16(0.1273))":3,"(Float16(0.0789), Float16(0.0889))":2,"(Float16(0.591), Float16(0.6006))":95},"12":{"(Float16(0.08527), Float16(0.0953))":2,"(Float16(0.5205), Float16(0.5303))":98},"28":{"(Float16(0.5264), Float16(0.536))":100},"75":{"(Float16(0.5044), Float16(0.514))":100},"23":{"(Float16(0.4927), Float16(0.5024))":100},"92":{"(Float16(0.503), Float16(0.5127))":100},"41":{"(Float16(0.481), Float16(0.491))":98,"(Float16(0.9536), Float16(0.9634))":2},"43":{"(Float16(0.4624), Float16(0.4724))":100},"11":{"(Float16(0.4927), Float16(0.5024))":100},"36":{"(Float16(0.5195), Float16(0.5293))":100},"68":{"(Float16(0.506), Float16(0.5156))":100},"69":{"(Float16(0.5146), Float16(0.5244))":100},"98":{"(Float16(0.48), Float16(0.49))":100},"82":{"(Float16(0.5146), Float16(0.5244))":100},"85":{"(Float16(0.4897), Float16(0.4998))":100},"39":{"(Float16(0.4927), Float16(0.5024))":100},"84":{"(Float16(0.967), Float16(0.9766))":1,"(Float16(0.501), Float16(0.5107))":99},"77":{"(Float16(0.551), Float16(0.5605))":97,"(Float16(0.04614), Float16(0.05615))":3},"7":{"(Float16(0.5176), Float16(0.5273))":95,"(Float16(0.955), Float16(0.965))":2,"(Float16(0.06052), Float16(0.0705))":3},"25":{"(Float16(0.5117), Float16(0.5215))":99,"(Float16(0.009125), Float16(0.01913))":1},"95":{"(Float16(0.4958), Float16(0.506))":100},"71":{"(Float16(0.4976), Float16(0.5073))":100},"66":{"(Float16(0.506), Float16(0.5156))":100},"76":{"(Float16(0.5186), Float16(0.5283))":98,"(Float16(0.01929), Float16(0.0293))":2},"34":{"(Float16(0.4385), Float16(0.4485))":100},"50":{"(Float16(0.4766), Float16(0.4866))":100},"59":{"(Float16(0.463), Float16(0.473))":98,"(Float16(0.8936), Float16(0.9033))":2},"93":{"(Float16(0.916), Float16(0.926))":2,"(Float16(0.4492), Float16(0.4592))":98},"2":{"(Float16(0.4841), Float16(0.4941))":100},"10":{"(Float16(0.496), Float16(0.506))":100},"18":{"(Float16(0.5127), Float16(0.5225))":100},"26":{"(Float16(0.509), Float16(0.5186))":100},"27":{"(Float16(0.02068), Float16(0.03067))":1,"(Float16(0.481), Float16(0.491))":99},"42":{"(Float16(0.49), Float16(0.5))":99,"(Float16(0.932), Float16(0.942))":1},"87":{"(Float16(0.5146), Float16(0.5244))":100},"100":{"(Float16(0.468), Float16(0.478))":100},"79":{"(Float16(0.4907), Float16(0.5005))":100},"16":{"(Float16(0.508), Float16(0.5176))":100},"20":{"(Float16(0.04276), Float16(0.05276))":2,"(Float16(0.06506), Float16(0.0751))":2,"(Float16(0.533), Float16(0.543))":96},"81":{"(Float16(0.4736), Float16(0.4836))":100},"19":{"(Float16(0.5205), Float16(0.5303))":98,"(Float16(0.9375), Float16(0.9473))":2},"49":{"(Float16(0.4863), Float16(0.4963))":100},"44":{"(Float16(0.4678), Float16(0.4778))":100},"9":{"(Float16(0.5156), Float16(0.5254))":100},"31":{"(Float16(0.542), Float16(0.552))":100},"74":{"(Float16(0.497), Float16(0.507))":100},"61":{"(Float16(0.4849), Float16(0.4949))":100},"29":{"(Float16(0.0323), Float16(0.0423))":2,"(Float16(0.5146), Float16(0.5244))":98},"94":{"(Float16(0.4946), Float16(0.5044))":100},"46":{"(Float16(0.456), Float16(0.466))":100},"57":{"(Float16(0.532), Float16(0.542))":98,"(Float16(0.06494), Float16(0.07495))":2},"70":{"(Float16(0.455), Float16(0.465))":98,"(Float16(0.8735), Float16(0.8833))":2},"21":{"(Float16(0.9463), Float16(0.956))":2,"(Float16(0.4922), Float16(0.502))":98},"38":{"(Float16(0.525), Float16(0.5347))":100},"88":{"(Float16(0.5146), Float16(0.5244))":100},"78":{"(Float16(0.4795), Float16(0.4895))":100},"72":{"(Float16(0.4565), Float16(0.4666))":99,"(Float16(0.9004), Float16(0.91))":1},"24":{"(Float16(0.4712), Float16(0.4812))":100},"8":{"(Float16(0.504), Float16(0.5137))":100},"17":{"(Float16(0.5693), Float16(0.579))":96,"(Float16(0.1173), Float16(0.1273))":2,"(Float16(0.06097), Float16(0.071))":2},"37":{"(Float16(0.532), Float16(0.542))":98,"(Float16(0.0836), Float16(0.0936))":2},"1":{"(Float16(0.4937), Float16(0.5034))":100},"53":{"(Float16(0.4414), Float16(0.4514))":98,"(Float16(0.972), Float16(0.982))":2},"22":{"(Float16(0.439), Float16(0.449))":100},"47":{"(Float16(0.4692), Float16(0.4792))":100},"83":{"(Float16(0.5127), Float16(0.5225))":100},"99":{"(Float16(0.5293), Float16(0.539))":100},"89":{"(Float16(0.4946), Float16(0.5044))":100},"14":{"(Float16(0.498), Float16(0.508))":99,"(Float16(0.9487), Float16(0.9585))":1},"3":{"(Float16(0.5405), Float16(0.5503))":100},"80":{"(Float16(0.4424), Float16(0.4524))":93,"(Float16(0.865), Float16(0.875))":2,"(Float16(0.949), Float16(0.959))":3,"(Float16(0.9033), Float16(0.913))":2},"96":{"(Float16(0.495), Float16(0.505))":100},"51":{"(Float16(0.0613), Float16(0.0713))":1,"(Float16(0.5225), Float16(0.532))":99},"33":{"(Float16(0.463), Float16(0.473))":99,"(Float16(0.9043), Float16(0.914))":1},"40":{"(Float16(0.503), Float16(0.5127))":99,"(Float16(0.994), Float16(1.004))":1},"48":{"(Float16(0.4365), Float16(0.4465))":98,"(Float16(0.874), Float16(0.884))":2},"15":{"(Float16(0.51), Float16(0.5195))":100},"65":{"(Float16(0.01949), Float16(0.02948))":2,"(Float16(0.5225), Float16(0.532))":98},"97":{"(Float16(0.506), Float16(0.5156))":100}}