{"4":[0.501,0.501,0.05038,0.5005,0.501,0.05078,0.501,0.5015,0.501,0.5005,0.05145,0.5015,0.05145,0.501,0.502,0.5015,0.501,0.501,0.501,0.501,0.501,0.501,0.501,0.501,0.5015,0.501,0.501,0.501,0.5005,0.501,0.501,0.0504,0.501,0.5005,0.05072,0.5015,0.05182,0.5015,0.501,0.05176,0.501,0.501,0.501,0.501,0.05084,0.501,0.5015,0.502,0.501,0.502,0.502,0.05038,0.502,0.5015,0.502,0.502,0.502,0.502,0.501,0.5015,0.501,0.502,0.05145,0.5015,0.05032,0.502,0.502,0.502,0.502,0.5015,0.5005,0.501,0.05112,0.05038,0.501,0.501,0.501,0.501,0.5015,0.502,0.502,0.05112,0.502,0.5015,0.501,0.501,0.5005,0.501,0.05093,0.501,0.05145,0.502,0.5015,0.501,0.501,0.05032,0.501,0.05084,0.05093,0.5005],"1":[0.502,0.502,0.502,0.5015,0.501,0.501,0.501,0.05005,0.501,0.501,0.5015,0.502,0.502,0.05014,0.501,0.502,0.501,0.05023,0.501,0.502,0.05035,0.502,0.502,0.502,0.5015,0.05005,0.502,0.501,0.5024,0.0501,0.5024,0.501,0.502,0.5024,0.5024,0.501,0.502,0.5024,0.5024,0.502,0.05035,0.502,0.502,0.501,0.501,0.501,0.501,0.502,0.502,0.501,0.501,0.502,0.5015,0.0501,0.502,0.05026,0.502,0.502,0.502,0.05005,0.05026,0.05005,0.501,0.502,0.501,0.502,0.501,0.05026,0.502,0.502,0.5015,0.5015,0.05002,0.501,0.501,0.05023,0.502,0.05014,0.502,0.502,0.502,0.502,0.5005,0.5015,0.501,0.501,0.501,0.501,0.501,0.501,0.5015,0.502,0.0501,0.05005,0.05005,0.501,0.0501,0.5015,0.502,0.501],"5":[0.502,0.0509,0.05032,0.501,0.05072,0.501,0.501,0.05084,0.5015,0.05048,0.501,0.5015,0.05038,0.501,0.501,0.0503,0.5015,0.5005,0.501,0.501,0.05078,0.501,0.501,0.501,0.5005,0.05066,0.05054,0.501,0.501,0.501,0.501,0.05054,0.501,0.501,0.05133,0.5015,0.502,0.5015,0.05133,0.0503,0.501,0.05017,0.05084,0.05054,0.501,0.05045,0.05048,0.5015,0.501,0.501,0.502,0.502,0.502,0.501,0.502,0.5024,0.5015,0.5015,0.501,0.05084,0.501,0.501,0.501,0.501,0.05048,0.05048,0.5015,0.502,0.501,0.502,0.5024,0.5015,0.05078,0.502,0.5024,0.05035,0.502,0.502,0.05066,0.502,0.502,0.05017,0.501,0.502,0.502,0.502,0.05035,0.05072,0.5015,0.05066,0.5015,0.502,0.501,0.502,0.05026,0.05038,0.502,0.501,0.05072,0.05038],"2":[0.501,0.5005,0.5005,0.501,0.501,0.949,0.05072,0.501,0.501,0.501,0.0506,0.501,0.501,0.501,0.501,0.501,0.05133,0.501,0.0514,0.501,0.05032,0.5005,0.501,0.501,0.0525,0.501,0.05072,0.501,0.5005,0.949,0.0503,0.501,0.9497,0.5005,0.95,0.501,0.501,0.501,0.5005,0.501,0.501,0.501,0.501,0.501,0.5005,0.501,0.501,0.501,0.05124,0.501,0.501,0.501,0.501,0.501,0.9497,0.501,0.5005,0.501,0.501,0.501,0.501,0.0514,0.501,0.95,0.949,0.501,0.9497,0.501,0.05072,0.501,0.501,0.05084,0.501,0.501,0.0514,0.5015,0.502,0.502,0.502,0.502,0.502,0.0514,0.502,0.502,0.502,0.501,0.502,0.05084,0.501,0.502,0.502,0.502,0.502,0.502,0.502,0.5015,0.501,0.501,0.501,0.0517],"3":[0.502,0.05106,0.501,0.5015,0.502,0.0512,0.501,0.502,0.05103,0.502,0.502,0.502,0.502,0.05078,0.5015,0.05066,0.501,0.501,0.5005,0.5015,0.501,0.0512,0.5015,0.501,0.502,0.501,0.5015,0.501,0.5005,0.501,0.501,0.501,0.05078,0.501,0.501,0.501,0.501,0.501,0.5015,0.5015,0.501,0.501,0.501,0.502,0.5005,0.501,0.501,0.5015,0.501,0.502,0.05072,0.05045,0.05054,0.502,0.5015,0.5005,0.501,0.501,0.502,0.05145,0.501,0.5024,0.503,0.503,0.502,0.502,0.5015,0.501,0.501,0.502,0.5015,0.05182,0.501,0.502,0.502,0.0505,0.501,0.502,0.502,0.502,0.502,0.5015,0.501,0.501,0.05038,0.501,0.501,0.5005,0.501,0.501,0.501,0.501,0.501,0.501,0.501,0.501,0.5015,0.05026,0.502,0.05145]}