{"5":{"(Float16(0.5005), Float16(0.9004))":99,"(Float16(0.05), Float16(0.45))":1},"56":{"(Float16(0.6084), Float16(1.009))":100},"35":{"(Float16(0.5005), Float16(0.9004))":100},"55":{"(Float16(0.5005), Float16(0.9004))":100},"60":{"(Float16(0.1407), Float16(0.5405))":98,"(Float16(0.95), Float16(1.351))":2},"30":{"(Float16(0.4976), Float16(0.8975))":98,"(Float16(0.95), Float16(1.351))":2},"32":{"(Float16(0.5005), Float16(0.9004))":100},"6":{"(Float16(0.4976), Float16(0.8975))":100},"67":{"(Float16(0.5005), Float16(0.9004))":95,"(Float16(0.05014), Float16(0.4502))":5},"45":{"(Float16(0.498), Float16(0.898))":100},"73":{"(Float16(0.4976), Float16(0.8975))":100},"64":{"(Float16(0.0504), Float16(0.4504))":1,"(Float16(0.5005), Float16(0.9004))":99},"90":{"(Float16(0.498), Float16(0.898))":100},"4":{"(Float16(0.4976), Float16(0.8975))":100},"13":{"(Float16(0.501), Float16(0.901))":98,"(Float16(0.05005), Float16(0.45))":2},"54":{"(Float16(0.6055), Float16(1.006))":100},"63":{"(Float16(0.4976), Float16(0.8975))":100},"86":{"(Float16(0.498), Float16(0.898))":100},"91":{"(Float16(0.05), Float16(0.45))":3,"(Float16(0.6055), Float16(1.006))":97},"62":{"(Float16(0.9487), Float16(1.349))":2,"(Float16(0.499), Float16(0.899))":98},"58":{"(Float16(0.4978), Float16(0.898))":100},"52":{"(Float16(0.4995), Float16(0.8994))":100},"12":{"(Float16(0.501), Float16(0.901))":99,"(Float16(0.05005), Float16(0.45))":1},"28":{"(Float16(0.05), Float16(0.45))":2,"(Float16(0.6064), Float16(1.007))":98},"75":{"(Float16(0.501), Float16(0.901))":100},"23":{"(Float16(0.5986), Float16(0.9985))":96,"(Float16(0.05), Float16(0.45))":4},"92":{"(Float16(0.05), Float16(0.45))":7,"(Float16(0.605), Float16(1.005))":93},"41":{"(Float16(0.1696), Float16(0.5693))":99,"(Float16(0.95), Float16(1.351))":1},"43":{"(Float16(0.4976), Float16(0.8975))":100},"11":{"(Float16(0.4985), Float16(0.8984))":100},"36":{"(Float16(0.498), Float16(0.898))":99,"(Float16(0.948), Float16(1.349))":1},"68":{"(Float16(0.5005), Float16(0.9004))":100},"69":{"(Float16(0.4976), Float16(0.8975))":99,"(Float16(0.95), Float16(1.351))":1},"98":{"(Float16(0.5005), Float16(0.9004))":100},"82":{"(Float16(0.5005), Float16(0.9004))":100},"85":{"(Float16(0.4976), Float16(0.8975))":100},"39":{"(Float16(0.5005), Float16(0.9004))":100},"84":{"(Float16(0.4976), Float16(0.8975))":100},"77":{"(Float16(0.95), Float16(1.351))":3,"(Float16(0.1404), Float16(0.5405))":97},"7":{"(Float16(0.501), Float16(0.901))":100},"25":{"(Float16(0.501), Float16(0.901))":100},"95":{"(Float16(0.4978), Float16(0.898))":100},"71":{"(Float16(0.501), Float16(0.901))":100},"66":{"(Float16(0.4995), Float16(0.8994))":99,"(Float16(0.949), Float16(1.35))":1},"76":{"(Float16(0.498), Float16(0.898))":98,"(Float16(0.95), Float16(1.351))":2},"34":{"(Float16(0.6133), Float16(1.014))":97,"(Float16(0.05), Float16(0.45))":3},"50":{"(Float16(0.4978), Float16(0.898))":100},"59":{"(Float16(0.05), Float16(0.45))":6,"(Float16(0.598), Float16(0.998))":94},"93":{"(Float16(0.95), Float16(1.351))":4,"(Float16(0.1339), Float16(0.5337))":96},"2":{"(Float16(0.5005), Float16(0.9004))":100},"10":{"(Float16(0.498), Float16(0.898))":100},"18":{"(Float16(0.498), Float16(0.898))":100},"26":{"(Float16(0.498), Float16(0.898))":100},"27":{"(Float16(0.95), Float16(1.351))":4,"(Float16(0.0895), Float16(0.4895))":96},"42":{"(Float16(0.498), Float16(0.898))":100},"87":{"(Float16(0.4976), Float16(0.8975))":100},"100":{"(Float16(0.6025), Float16(1.003))":96,"(Float16(0.05), Float16(0.45))":4},"79":{"(Float16(0.05), Float16(0.45))":3,"(Float16(0.597), Float16(0.997))":97},"16":{"(Float16(0.498), Float16(0.898))":100},"20":{"(Float16(0.4978), Float16(0.898))":100},"81":{"(Float16(0.5005), Float16(0.9004))":100},"19":{"(Float16(0.5005), Float16(0.9004))":100},"49":{"(Float16(0.498), Float16(0.898))":100},"44":{"(Float16(0.5005), Float16(0.9004))":100},"9":{"(Float16(0.498), Float16(0.898))":96,"(Float16(0.95), Float16(1.351))":4},"31":{"(Float16(0.499), Float16(0.899))":98,"(Float16(0.948), Float16(1.349))":2},"74":{"(Float16(0.4983), Float16(0.8984))":100},"61":{"(Float16(0.5005), Float16(0.9004))":100},"29":{"(Float16(0.585), Float16(0.985))":98,"(Float16(0.05), Float16(0.45))":2},"94":{"(Float16(0.4978), Float16(0.898))":100},"46":{"(Float16(0.617), Float16(1.018))":99,"(Float16(0.05), Float16(0.45))":1},"57":{"(Float16(0.142), Float16(0.542))":99,"(Float16(0.95), Float16(1.351))":1},"70":{"(Float16(0.5005), Float16(0.9004))":100},"21":{"(Float16(0.05118), Float16(0.4512))":2,"(Float16(0.4976), Float16(0.8975))":97,"(Float16(0.95), Float16(1.351))":1},"38":{"(Float16(0.5005), Float16(0.9004))":100},"88":{"(Float16(0.601), Float16(1.001))":94,"(Float16(0.05), Float16(0.45))":6},"78":{"(Float16(0.501), Float16(0.901))":100},"72":{"(Float16(0.5005), Float16(0.9004))":100},"24":{"(Float16(0.04987), Float16(0.45))":1,"(Float16(0.5005), Float16(0.9004))":99},"8":{"(Float16(0.501), Float16(0.901))":98,"(Float16(0.9487), Float16(1.349))":2},"17":{"(Float16(0.498), Float16(0.898))":99,"(Float16(0.949), Float16(1.35))":1},"37":{"(Float16(0.1683), Float16(0.5684))":98,"(Float16(0.95), Float16(1.351))":2},"1":{"(Float16(0.501), Float16(0.901))":100},"53":{"(Float16(0.5005), Float16(0.9004))":100},"22":{"(Float16(0.5005), Float16(0.9004))":100},"47":{"(Float16(0.5), Float16(0.9))":100},"83":{"(Float16(0.4983), Float16(0.8984))":100},"99":{"(Float16(0.501), Float16(0.901))":100},"89":{"(Float16(0.4985), Float16(0.8984))":100},"14":{"(Float16(0.5005), Float16(0.9004))":99,"(Float16(0.05017), Float16(0.4502))":1},"3":{"(Float16(0.4976), Float16(0.8975))":99,"(Float16(0.95), Float16(1.351))":1},"80":{"(Float16(0.498), Float16(0.898))":100},"96":{"(Float16(0.5005), Float16(0.9004))":100},"51":{"(Float16(0.5005), Float16(0.9004))":100},"33":{"(Float16(0.501), Float16(0.901))":100},"40":{"(Float16(0.5005), Float16(0.9004))":96,"(Float16(0.05087), Float16(0.451))":4},"48":{"(Float16(0.1715), Float16(0.5713))":100},"15":{"(Float16(0.4976), Float16(0.8975))":100},"65":{"(Float16(0.5005), Float16(0.9004))":100},"97":{"(Float16(0.1731), Float16(0.573))":100}}