{"1":[0.502,0.501,0.501,0.502,0.502,0.05002,0.5005,0.5005,0.5015,0.501,0.05054,0.5015,0.5005,0.05026,0.05005,0.502,0.05005,0.05026,0.501,0.501,0.502,0.502,0.5015,0.5015,0.501,0.501,0.5005,0.501,0.501,0.501,0.501,0.502,0.501,0.5015,0.5005,0.5005,0.501,0.501,0.5005,0.5005,0.501,0.501,0.501,0.501,0.5005,0.501,0.501,0.501,0.5005,0.5005,0.501,0.05023,0.501,0.501,0.5005,0.501,0.05054,0.501,0.05002,0.05008,0.5005,0.05026,0.05054,0.501,0.502,0.5015,0.501,0.501,0.502,0.501,0.501,0.502,0.05008,0.5015,0.502,0.502,0.502,0.05023,0.502,0.05054,0.502,0.502,0.5015,0.501,0.501,0.502,0.5015,0.501,0.501,0.5005,0.5005,0.501,0.501,0.501,0.502,0.5005,0.501,0.5015,0.501,0.502],"2":[0.501,0.5005,0.5005,0.501,0.5005,0.502,0.501,0.501,0.501,0.5005,0.5005,0.501,0.5005,0.501,0.501,0.501,0.5015,0.5015,0.501,0.501,0.501,0.501,0.501,0.5005,0.05078,0.501,0.501,0.502,0.502,0.501,0.502,0.501,0.5005,0.501,0.501,0.05115,0.501,0.501,0.501,0.501,0.501,0.501,0.501,0.5015,0.5015,0.502,0.502,0.502,0.502,0.502,0.502,0.501,0.501,0.501,0.5005,0.501,0.501,0.5015,0.502,0.502,0.502,0.502,0.502,0.502,0.502,0.05078,0.5015,0.501,0.501,0.5005,0.501,0.501,0.501,0.502,0.5015,0.5015,0.05023,0.5005,0.501,0.501,0.501,0.5005,0.5005,0.501,0.501,0.501,0.05115,0.501,0.501,0.501,0.501,0.501,0.5005,0.5005,0.501,0.05023,0.501,0.501,0.501,0.501],"3":[0.501,0.501,0.501,0.5005,0.501,0.501,0.501,0.5015,0.05002,0.05,0.501,0.501,0.5005,0.501,0.5005,0.501,0.501,0.05,0.501,0.5005,0.501,0.501,0.501,0.5015,0.05,0.05005,0.5005,0.501,0.501,0.501,0.501,0.5015,0.501,0.502,0.5015,0.502,0.502,0.502,0.501,0.05,0.501,0.501,0.502,0.5015,0.502,0.502,0.502,0.501,0.502,0.5015,0.501,0.502,0.5015,0.05,0.502,0.502,0.5015,0.501,0.501,0.502,0.501,0.05,0.05,0.502,0.5015,0.501,0.501,0.501,0.5005,0.501,0.5005,0.501,0.501,0.5005,0.05005,0.05,0.501,0.5005,0.5005,0.501,0.05,0.501,0.501,0.05002,0.501,0.5005,0.501,0.5015,0.502,0.502,0.5015,0.502,0.05,0.502,0.502,0.5015,0.501,0.05,0.501,0.501]}