{"5":{"(Float16(5.81e-5), Float16(0.5))":94,"(Float16(0.583), Float16(1.083))":6},"56":{"(Float16(0.7334), Float16(1.233))":49,"(Float16(1.1e-6), Float16(0.5))":51},"35":{"(Float16(0.565), Float16(1.064))":4,"(Float16(7.963e-5), Float16(0.5))":96},"55":{"(Float16(5.9e-5), Float16(0.5))":100},"60":{"(Float16(0.6826), Float16(1.183))":53,"(Float16(2.43e-5), Float16(0.5))":47},"30":{"(Float16(0.58), Float16(1.08))":14,"(Float16(0.0001276), Float16(0.5))":86},"32":{"(Float16(0.628), Float16(1.128))":7,"(Float16(7.415e-5), Float16(0.5))":93},"6":{"(Float16(0.579), Float16(1.079))":3,"(Float16(6.9e-5), Float16(0.5))":97},"67":{"(Float16(0.591), Float16(1.091))":9,"(Float16(5.47e-5), Float16(0.5))":91},"45":{"(Float16(3.59e-5), Float16(0.5))":100},"73":{"(Float16(3.6e-6), Float16(0.5))":51,"(Float16(0.711), Float16(1.211))":49},"64":{"(Float16(0.617), Float16(1.117))":5,"(Float16(5.35e-5), Float16(0.5))":95},"90":{"(Float16(5.4e-7), Float16(0.5))":42,"(Float16(0.7), Float16(1.2))":58},"4":{"(Float16(0.64), Float16(1.141))":2,"(Float16(0.0001318), Float16(0.5))":98},"13":{"(Float16(0.000146), Float16(0.5))":100},"54":{"(Float16(4.04e-5), Float16(0.5))":92,"(Float16(0.588), Float16(1.088))":8},"63":{"(Float16(0.6357), Float16(1.136))":3,"(Float16(8.45e-5), Float16(0.5))":97},"86":{"(Float16(3.14e-5), Float16(0.5))":84,"(Float16(0.5684), Float16(1.068))":16},"91":{"(Float16(0.668), Float16(1.168))":45,"(Float16(1.25e-6), Float16(0.5))":55},"62":{"(Float16(0.6367), Float16(1.137))":9,"(Float16(5.26e-5), Float16(0.5))":91},"58":{"(Float16(4.643e-5), Float16(0.5))":98,"(Float16(0.7), Float16(1.2))":2},"52":{"(Float16(7.13e-5), Float16(0.5))":100},"12":{"(Float16(0.619), Float16(1.119))":7,"(Float16(4.65e-5), Float16(0.5))":93},"28":{"(Float16(0.7056), Float16(1.205))":61,"(Float16(3.05e-5), Float16(0.5))":39},"75":{"(Float16(3.433e-5), Float16(0.5))":100},"23":{"(Float16(5.71e-5), Float16(0.5))":95,"(Float16(0.579), Float16(1.079))":5},"92":{"(Float16(0.669), Float16(1.169))":48,"(Float16(6.0e-8), Float16(0.5))":52},"41":{"(Float16(6.1e-5), Float16(0.5))":92,"(Float16(0.6367), Float16(1.137))":8},"43":{"(Float16(5.14e-5), Float16(0.5))":100},"11":{"(Float16(5.41e-5), Float16(0.5))":99,"(Float16(0.5767), Float16(1.076))":1},"36":{"(Float16(0.0), Float16(0.5))":46,"(Float16(0.629), Float16(1.129))":54},"68":{"(Float16(0.5547), Float16(1.055))":5,"(Float16(7.76e-5), Float16(0.5))":95},"69":{"(Float16(8.714e-5), Float16(0.5))":90,"(Float16(0.6875), Float16(1.1875))":10},"98":{"(Float16(0.592), Float16(1.092))":35,"(Float16(8.667e-5), Float16(0.5))":65},"82":{"(Float16(0.578), Float16(1.078))":2,"(Float16(6.88e-5), Float16(0.5))":98},"85":{"(Float16(3.57e-5), Float16(0.5))":97,"(Float16(0.657), Float16(1.157))":3},"39":{"(Float16(0.576), Float16(1.076))":3,"(Float16(9.12e-5), Float16(0.5))":97},"84":{"(Float16(0.6035), Float16(1.104))":7,"(Float16(5.853e-5), Float16(0.5))":93},"77":{"(Float16(0.626), Float16(1.126))":54,"(Float16(1.13e-5), Float16(0.5))":46},"7":{"(Float16(3.04e-6), Float16(0.5))":47,"(Float16(0.672), Float16(1.172))":53},"25":{"(Float16(0.627), Float16(1.127))":3,"(Float16(6.187e-5), Float16(0.5))":97},"95":{"(Float16(4.65e-6), Float16(0.5))":61,"(Float16(0.6973), Float16(1.197))":39},"71":{"(Float16(3.14e-5), Float16(0.5))":100},"66":{"(Float16(0.0), Float16(0.5))":49,"(Float16(0.697), Float16(1.197))":51},"76":{"(Float16(3.2e-5), Float16(0.5))":99,"(Float16(0.595), Float16(1.096))":1},"34":{"(Float16(0.658), Float16(1.158))":49,"(Float16(1.0e-7), Float16(0.5))":51},"50":{"(Float16(2.4e-7), Float16(0.5))":39,"(Float16(0.662), Float16(1.162))":61},"59":{"(Float16(4.935e-5), Float16(0.5))":100},"93":{"(Float16(4.864e-5), Float16(0.5))":99,"(Float16(0.5684), Float16(1.068))":1},"2":{"(Float16(3.71e-5), Float16(0.5))":98,"(Float16(0.6475), Float16(1.147))":2},"10":{"(Float16(3.05e-5), Float16(0.5))":98,"(Float16(0.6123), Float16(1.112))":2},"18":{"(Float16(3.29e-5), Float16(0.5))":97,"(Float16(0.666), Float16(1.166))":3},"26":{"(Float16(4.98e-5), Float16(0.5))":100},"27":{"(Float16(0.6006), Float16(1.101))":32,"(Float16(4.53e-5), Float16(0.5))":68},"42":{"(Float16(1.746e-5), Float16(0.5))":100},"87":{"(Float16(0.0), Float16(0.5))":39,"(Float16(0.6465), Float16(1.146))":61},"100":{"(Float16(6.0e-8), Float16(0.5))":40,"(Float16(0.6416), Float16(1.142))":60},"79":{"(Float16(4.76e-5), Float16(0.5))":94,"(Float16(0.6113), Float16(1.111))":6},"16":{"(Float16(0.5728), Float16(1.072))":4,"(Float16(4.524e-5), Float16(0.5))":96},"20":{"(Float16(0.6377), Float16(1.138))":3,"(Float16(8.476e-5), Float16(0.5))":97},"81":{"(Float16(0.6006), Float16(1.101))":3,"(Float16(2.54e-5), Float16(0.5))":97},"19":{"(Float16(0.643), Float16(1.143))":1,"(Float16(2.16e-5), Float16(0.5))":99},"49":{"(Float16(4.77e-5), Float16(0.5))":96,"(Float16(0.665), Float16(1.165))":4},"44":{"(Float16(0.0), Float16(0.5))":52,"(Float16(0.67), Float16(1.17))":48},"9":{"(Float16(3.79e-5), Float16(0.5))":97,"(Float16(0.623), Float16(1.123))":3},"31":{"(Float16(0.6494), Float16(1.149))":50,"(Float16(1.025e-5), Float16(0.5))":50},"74":{"(Float16(0.6064), Float16(1.106))":7,"(Float16(4.303e-5), Float16(0.5))":93},"61":{"(Float16(4.3e-5), Float16(0.5))":100},"29":{"(Float16(0.714), Float16(1.214))":36,"(Float16(8.3e-6), Float16(0.5))":64},"94":{"(Float16(2.646e-5), Float16(0.5))":100},"46":{"(Float16(7.05e-5), Float16(0.5))":98,"(Float16(0.6816), Float16(1.182))":2},"57":{"(Float16(7.147e-5), Float16(0.5))":99,"(Float16(0.6016), Float16(1.102))":1},"70":{"(Float16(4.8e-6), Float16(0.5))":62,"(Float16(0.6787), Float16(1.179))":38},"21":{"(Float16(3.7e-5), Float16(0.5))":96,"(Float16(0.6406), Float16(1.141))":4},"38":{"(Float16(0.0), Float16(0.5))":37,"(Float16(0.672), Float16(1.172))":63},"88":{"(Float16(0.606), Float16(1.105))":5,"(Float16(1.717e-5), Float16(0.5))":95},"78":{"(Float16(2.7e-5), Float16(0.5))":100},"72":{"(Float16(1.293e-5), Float16(0.5))":95,"(Float16(0.619), Float16(1.119))":5},"24":{"(Float16(4.62e-5), Float16(0.5))":96,"(Float16(0.6284), Float16(1.129))":4},"8":{"(Float16(0.657), Float16(1.157))":53,"(Float16(1.1e-6), Float16(0.5))":47},"17":{"(Float16(0.6177), Float16(1.117))":4,"(Float16(4.244e-5), Float16(0.5))":96},"37":{"(Float16(5.22e-5), Float16(0.5))":98,"(Float16(0.671), Float16(1.171))":2},"1":{"(Float16(9.9e-6), Float16(0.5))":59,"(Float16(0.6787), Float16(1.179))":41},"53":{"(Float16(6.0e-8), Float16(0.5))":44,"(Float16(0.715), Float16(1.215))":56},"22":{"(Float16(5.543e-5), Float16(0.5))":100},"47":{"(Float16(0.602), Float16(1.102))":2,"(Float16(7.37e-5), Float16(0.5))":98},"83":{"(Float16(1.67e-5), Float16(0.5))":100},"99":{"(Float16(7.05e-5), Float16(0.5))":99,"(Float16(0.5767), Float16(1.076))":1},"89":{"(Float16(0.000141), Float16(0.5))":95,"(Float16(0.5977), Float16(1.098))":5},"14":{"(Float16(0.0001037), Float16(0.5))":94,"(Float16(0.588), Float16(1.088))":6},"3":{"(Float16(6.28e-5), Float16(0.5))":100},"80":{"(Float16(7.19e-5), Float16(0.5))":95,"(Float16(0.6963), Float16(1.196))":5},"96":{"(Float16(5.484e-5), Float16(0.5))":94,"(Float16(0.579), Float16(1.079))":6},"51":{"(Float16(0.657), Float16(1.157))":62,"(Float16(1.0e-7), Float16(0.5))":38},"33":{"(Float16(2.73e-5), Float16(0.5))":100},"40":{"(Float16(4.01e-5), Float16(0.5))":94,"(Float16(0.6196), Float16(1.119))":6},"48":{"(Float16(3.17e-5), Float16(0.5))":100},"15":{"(Float16(6.38e-5), Float16(0.5))":71,"(Float16(0.5957), Float16(1.096))":29},"65":{"(Float16(1.33e-5), Float16(0.5))":58,"(Float16(0.64), Float16(1.141))":42},"97":{"(Float16(3.535e-5), Float16(0.5))":100}}