{"5":{"(Float16(0.949), 0.95921875)":37,"(Float16(0.05005), 0.060048828125)":63},"56":{"(Float16(0.9487), 0.95873046875)":37,"(Float16(0.05005), 0.060048828125)":63},"35":{"(Float16(0.05002), 0.060018310546875)":28,"(Float16(0.948), 0.9582421875)":72},"55":{"(Float16(0.05008), 0.060079345703125)":55,"(Float16(0.949), 0.95921875)":45},"60":{"(Float16(0.9487), 0.95873046875)":52,"(Float16(0.0501), 0.06010986328125)":48},"30":{"(Float16(0.9487), 0.95873046875)":65,"(Float16(0.05005), 0.060048828125)":35},"32":{"(Float16(0.05002), 0.060018310546875)":42,"(Float16(0.949), 0.95921875)":58},"6":{"(Float16(0.05008), 0.060079345703125)":53,"(Float16(0.948), 0.9582421875)":47},"67":{"(Float16(0.0503), 0.06029296875)":68,"(Float16(0.9497), 0.95970703125)":32},"45":{"(Float16(0.05005), 0.060048828125)":32,"(Float16(0.948), 0.9582421875)":68},"73":{"(Float16(0.949), 0.95921875)":26,"(Float16(0.05), 0.05998779296875)":74},"64":{"(Float16(0.05005), 0.060048828125)":44,"(Float16(0.948), 0.9582421875)":56},"90":{"(Float16(0.05017), 0.0601708984375)":55,"(Float16(0.948), 0.9582421875)":45},"4":{"(Float16(0.949), 0.95921875)":41,"(Float16(0.05), 0.05998779296875)":59},"13":{"(Float16(0.05008), 0.060079345703125)":38,"(Float16(0.949), 0.95921875)":62},"54":{"(Float16(0.05005), 0.060048828125)":38,"(Float16(0.948), 0.9582421875)":62},"63":{"(Float16(0.0501), 0.06010986328125)":48,"(Float16(0.948), 0.9582421875)":52},"86":{"(Float16(0.05002), 0.060018310546875)":51,"(Float16(0.949), 0.95921875)":49},"91":{"(Float16(0.949), 0.95921875)":51,"(Float16(0.05014), 0.060140380859375)":49},"62":{"(Float16(0.05002), 0.060018310546875)":65,"(Float16(0.949), 0.95921875)":35},"58":{"(Float16(0.949), 0.95921875)":60,"(Float16(0.05), 0.05998779296875)":40},"52":{"(Float16(0.949), 0.95921875)":56,"(Float16(0.05), 0.05998779296875)":44},"12":{"(Float16(0.9487), 0.95873046875)":45,"(Float16(0.0502), 0.060201416015625)":55},"28":{"(Float16(0.948), 0.9582421875)":63,"(Float16(0.05), 0.05998779296875)":37},"75":{"(Float16(0.05005), 0.060048828125)":37,"(Float16(0.948), 0.9582421875)":63},"23":{"(Float16(0.9487), 0.95873046875)":36,"(Float16(0.0502), 0.060201416015625)":64},"92":{"(Float16(0.05005), 0.060048828125)":41,"(Float16(0.948), 0.9582421875)":59},"41":{"(Float16(0.05005), 0.060048828125)":22,"(Float16(0.948), 0.9582421875)":78},"43":{"(Float16(0.05002), 0.060018310546875)":31,"(Float16(0.948), 0.9582421875)":69},"11":{"(Float16(0.0503), 0.06029296875)":73,"(Float16(0.9473), 0.957265625)":27},"36":{"(Float16(0.05017), 0.0601708984375)":60,"(Float16(0.948), 0.9582421875)":40},"68":{"(Float16(0.9487), 0.95873046875)":40,"(Float16(0.0502), 0.060201416015625)":60},"69":{"(Float16(0.05002), 0.060018310546875)":55,"(Float16(0.949), 0.95921875)":45},"98":{"(Float16(0.05005), 0.060048828125)":43,"(Float16(0.948), 0.9582421875)":57},"82":{"(Float16(0.05005), 0.060048828125)":35,"(Float16(0.948), 0.9582421875)":65},"85":{"(Float16(0.05008), 0.060079345703125)":61,"(Float16(0.949), 0.95921875)":39},"39":{"(Float16(0.9487), 0.95873046875)":37,"(Float16(0.05017), 0.0601708984375)":63},"84":{"(Float16(0.949), 0.95921875)":50,"(Float16(0.05005), 0.060048828125)":50},"77":{"(Float16(0.05017), 0.0601708984375)":75,"(Float16(0.949), 0.95921875)":25},"7":{"(Float16(0.948), 0.9582421875)":46,"(Float16(0.05), 0.05998779296875)":54},"25":{"(Float16(0.0502), 0.060201416015625)":70,"(Float16(0.948), 0.9582421875)":30},"95":{"(Float16(0.949), 0.95921875)":30,"(Float16(0.05005), 0.060048828125)":70},"71":{"(Float16(0.9487), 0.95873046875)":55,"(Float16(0.05), 0.05998779296875)":45},"66":{"(Float16(0.05017), 0.0601708984375)":72,"(Float16(0.9497), 0.95970703125)":28},"76":{"(Float16(0.9487), 0.95873046875)":52,"(Float16(0.05005), 0.060048828125)":48},"34":{"(Float16(0.05017), 0.0601708984375)":64,"(Float16(0.948), 0.9582421875)":36},"50":{"(Float16(0.05005), 0.060048828125)":33,"(Float16(0.948), 0.9582421875)":67},"59":{"(Float16(0.0502), 0.060201416015625)":54,"(Float16(0.948), 0.9582421875)":46},"93":{"(Float16(0.949), 0.95921875)":47,"(Float16(0.05), 0.05998779296875)":53},"2":{"(Float16(0.05002), 0.060018310546875)":48,"(Float16(0.948), 0.9582421875)":52},"10":{"(Float16(0.05005), 0.060048828125)":31,"(Float16(0.948), 0.9582421875)":69},"18":{"(Float16(0.949), 0.95921875)":62,"(Float16(0.05005), 0.060048828125)":38},"26":{"(Float16(0.948), 0.9582421875)":42,"(Float16(0.05023), 0.06023193359375)":58},"27":{"(Float16(0.05002), 0.060018310546875)":60,"(Float16(0.949), 0.95921875)":40},"42":{"(Float16(0.05002), 0.060018310546875)":43,"(Float16(0.949), 0.95921875)":57},"87":{"(Float16(0.9487), 0.95873046875)":57,"(Float16(0.05005), 0.060048828125)":43},"100":{"(Float16(0.949), 0.95921875)":57,"(Float16(0.05005), 0.060048828125)":43},"79":{"(Float16(0.05008), 0.060079345703125)":39,"(Float16(0.948), 0.9582421875)":61},"16":{"(Float16(0.949), 0.95921875)":50,"(Float16(0.05005), 0.060048828125)":50},"20":{"(Float16(0.9487), 0.95873046875)":41,"(Float16(0.05023), 0.06023193359375)":59},"81":{"(Float16(0.948), 0.9582421875)":68,"(Float16(0.05), 0.05998779296875)":32},"19":{"(Float16(0.05005), 0.060048828125)":29,"(Float16(0.948), 0.9582421875)":71},"49":{"(Float16(0.05035), 0.06035400390625)":68,"(Float16(0.948), 0.9582421875)":32},"44":{"(Float16(0.949), 0.95921875)":69,"(Float16(0.05), 0.05998779296875)":31},"9":{"(Float16(0.05002), 0.060018310546875)":54,"(Float16(0.949), 0.95921875)":46},"31":{"(Float16(0.9487), 0.95873046875)":42,"(Float16(0.05017), 0.0601708984375)":58},"74":{"(Float16(0.05008), 0.060079345703125)":40,"(Float16(0.948), 0.9582421875)":60},"61":{"(Float16(0.05005), 0.060048828125)":37,"(Float16(0.948), 0.9582421875)":63},"29":{"(Float16(0.949), 0.95921875)":57,"(Float16(0.05), 0.05998779296875)":43},"94":{"(Float16(0.05002), 0.060018310546875)":51,"(Float16(0.949), 0.95921875)":49},"46":{"(Float16(0.9487), 0.95873046875)":42,"(Float16(0.0501), 0.06010986328125)":58},"57":{"(Float16(0.9487), 0.95873046875)":54,"(Float16(0.05008), 0.060079345703125)":46},"70":{"(Float16(0.05002), 0.060018310546875)":51,"(Float16(0.948), 0.9582421875)":49},"21":{"(Float16(0.05005), 0.060048828125)":39,"(Float16(0.948), 0.9582421875)":61},"38":{"(Float16(0.0501), 0.06010986328125)":25,"(Float16(0.948), 0.9582421875)":75},"88":{"(Float16(0.05008), 0.060079345703125)":54,"(Float16(0.948), 0.9582421875)":46},"78":{"(Float16(0.05005), 0.060048828125)":36,"(Float16(0.948), 0.9582421875)":64},"72":{"(Float16(0.949), 0.95921875)":57,"(Float16(0.05005), 0.060048828125)":43},"24":{"(Float16(0.0501), 0.06010986328125)":32,"(Float16(0.948), 0.9582421875)":68},"8":{"(Float16(0.05005), 0.060048828125)":35,"(Float16(0.948), 0.9582421875)":65},"17":{"(Float16(0.0501), 0.06010986328125)":50,"(Float16(0.949), 0.95921875)":50},"37":{"(Float16(0.949), 0.95921875)":54,"(Float16(0.05005), 0.060048828125)":46},"1":{"(Float16(0.948), 0.9582421875)":47,"(Float16(0.05023), 0.06023193359375)":53},"53":{"(Float16(0.05002), 0.060018310546875)":22,"(Float16(0.9478), 0.95775390625)":78},"22":{"(Float16(0.05008), 0.060079345703125)":45,"(Float16(0.948), 0.9582421875)":55},"47":{"(Float16(0.0501), 0.06010986328125)":52,"(Float16(0.948), 0.9582421875)":48},"83":{"(Float16(0.05008), 0.060079345703125)":44,"(Float16(0.949), 0.95921875)":56},"99":{"(Float16(0.05005), 0.060048828125)":31,"(Float16(0.948), 0.9582421875)":69},"89":{"(Float16(0.05005), 0.060048828125)":28,"(Float16(0.948), 0.9582421875)":72},"14":{"(Float16(0.9487), 0.95873046875)":49,"(Float16(0.05008), 0.060079345703125)":51},"3":{"(Float16(0.05005), 0.060048828125)":55,"(Float16(0.948), 0.9582421875)":45},"80":{"(Float16(0.9487), 0.95873046875)":56,"(Float16(0.05005), 0.060048828125)":44},"96":{"(Float16(0.9487), 0.95873046875)":48,"(Float16(0.05017), 0.0601708984375)":52},"51":{"(Float16(0.05014), 0.060140380859375)":46,"(Float16(0.9473), 0.957265625)":54},"33":{"(Float16(0.0501), 0.06010986328125)":40,"(Float16(0.948), 0.9582421875)":60},"40":{"(Float16(0.9487), 0.95873046875)":41,