{"5":{"(Float16(0.709), Float16(1.109))":41,"(Float16(0.0005913), Float16(0.4006))":59},"56":{"(Float16(0.0006104), Float16(0.4006))":57,"(Float16(0.756), Float16(1.156))":43},"35":{"(Float16(0.000554), Float16(0.4006))":100},"55":{"(Float16(0.616), Float16(1.017))":52,"(Float16(0.0006833), Float16(0.4006))":48},"60":{"(Float16(0.000469), Float16(0.4004))":100},"30":{"(Float16(0.591), Float16(0.9907))":48,"(Float16(0.000677), Float16(0.4006))":52},"32":{"(Float16(0.000622), Float16(0.4006))":100},"6":{"(Float16(0.0005503), Float16(0.4006))":49,"(Float16(0.7197), Float16(1.12))":51},"67":{"(Float16(0.717), Float16(1.117))":54,"(Float16(0.0004935), Float16(0.4004))":46},"45":{"(Float16(0.662), Float16(1.0625))":49,"(Float16(0.0004334), Float16(0.4004))":51},"73":{"(Float16(0.717), Float16(1.117))":59,"(Float16(0.0008645), Float16(0.401))":41},"64":{"(Float16(0.714), Float16(1.114))":45,"(Float16(0.000698), Float16(0.4006))":55},"90":{"(Float16(0.0005836), Float16(0.4006))":100},"4":{"(Float16(0.0005965), Float16(0.4006))":100},"13":{"(Float16(0.0006895), Float16(0.4006))":49,"(Float16(0.7266), Float16(1.127))":51},"54":{"(Float16(0.000363), Float16(0.4004))":100},"63":{"(Float16(0.0005503), Float16(0.4006))":100},"86":{"(Float16(0.00056), Float16(0.4006))":63,"(Float16(0.749), Float16(1.149))":37},"91":{"(Float16(0.000465), Float16(0.4004))":100},"62":{"(Float16(0.6367), Float16(1.037))":56,"(Float16(0.000765), Float16(0.401))":44},"58":{"(Float16(0.0006933), Float16(0.4006))":45,"(Float16(0.698), Float16(1.099))":55},"52":{"(Float16(0.0007133), Float16(0.4006))":49,"(Float16(0.75), Float16(1.15))":51},"12":{"(Float16(0.6875), Float16(1.088))":47,"(Float16(0.000675), Float16(0.4006))":53},"28":{"(Float16(0.0004556), Float16(0.4004))":100},"75":{"(Float16(0.0006456), Float16(0.4006))":48,"(Float16(0.631), Float16(1.031))":52},"23":{"(Float16(0.0003705), Float16(0.4004))":45,"(Float16(0.6475), Float16(1.048))":55},"92":{"(Float16(0.6025), Float16(1.003))":65,"(Float16(0.0007234), Float16(0.4006))":35},"41":{"(Float16(0.71), Float16(1.11))":39,"(Float16(0.0005484), Float16(0.4006))":61},"43":{"(Float16(0.0005245), Float16(0.4006))":100},"11":{"(Float16(0.627), Float16(1.027))":52,"(Float16(0.000504), Float16(0.4004))":48},"36":{"(Float16(0.000551), Float16(0.4006))":43,"(Float16(0.675), Float16(1.075))":57},"68":{"(Float16(0.667), Float16(1.067))":62,"(Float16(0.0006742), Float16(0.4006))":38},"69":{"(Float16(0.701), Float16(1.102))":58,"(Float16(0.000705), Float16(0.4006))":42},"98":{"(Float16(0.0004323), Float16(0.4004))":100},"82":{"(Float16(0.0005865), Float16(0.4006))":100},"85":{"(Float16(0.000716), Float16(0.4006))":32,"(Float16(0.6895), Float16(1.09))":68},"39":{"(Float16(0.000556), Float16(0.4006))":100},"84":{"(Float16(0.659), Float16(1.06))":60,"(Float16(0.0006614), Float16(0.4006))":40},"77":{"(Float16(0.7), Float16(1.101))":62,"(Float16(0.0007725), Float16(0.401))":38},"7":{"(Float16(0.702), Float16(1.103))":51,"(Float16(0.0005627), Float16(0.4006))":49},"25":{"(Float16(0.0007563), Float16(0.4006))":33,"(Float16(0.6836), Float16(1.084))":67},"95":{"(Float16(0.0003672), Float16(0.4004))":100},"71":{"(Float16(0.000747), Float16(0.4006))":35,"(Float16(0.66), Float16(1.061))":65},"66":{"(Float16(0.6953), Float16(1.096))":48,"(Float16(0.000686), Float16(0.4006))":52},"76":{"(Float16(0.000602), Float16(0.4006))":39,"(Float16(0.6416), Float16(1.042))":61},"34":{"(Float16(0.0004666), Float16(0.4004))":51,"(Float16(0.6035), Float16(1.004))":49},"50":{"(Float16(0.0004535), Float16(0.4004))":100},"59":{"(Float16(0.0003722), Float16(0.4004))":100},"93":{"(Float16(0.0007544), Float16(0.4006))":100},"2":{"(Float16(0.7207), Float16(1.121))":49,"(Float16(0.000666), Float16(0.4006))":51},"10":{"(Float16(0.000912), Float16(0.401))":51,"(Float16(0.6523), Float16(1.053))":49},"18":{"(Float16(0.000718), Float16(0.4006))":100},"26":{"(Float16(0.000549), Float16(0.4006))":51,"(Float16(0.6895), Float16(1.09))":49},"27":{"(Float16(0.000504), Float16(0.4004))":100},"42":{"(Float16(0.000575), Float16(0.4006))":100},"87":{"(Float16(0.7363), Float16(1.137))":44,"(Float16(0.0005183), Float16(0.4006))":56},"100":{"(Float16(0.0007133), Float16(0.4006))":40,"(Float16(0.7197), Float16(1.12))":60},"79":{"(Float16(0.0004997), Float16(0.4004))":100},"16":{"(Float16(0.592), Float16(0.9917))":58,"(Float16(0.000779), Float16(0.401))":42},"20":{"(Float16(0.6543), Float16(1.055))":56,"(Float16(0.0006175), Float16(0.4006))":44},"81":{"(Float16(0.6943), Float16(1.095))":48,"(Float16(0.0006337), Float16(0.4006))":52},"19":{"(Float16(0.000689), Float16(0.4006))":100},"49":{"(Float16(0.000535), Float16(0.4006))":100},"44":{"(Float16(0.000536), Float16(0.4006))":38,"(Float16(0.746), Float16(1.146))":62},"9":{"(Float16(0.7334), Float16(1.134))":50,"(Float16(0.0004814), Float16(0.4004))":50},"31":{"(Float16(0.000963), Float16(0.401))":38,"(Float16(0.6504), Float16(1.051))":62},"74":{"(Float16(0.0005794), Float16(0.4006))":45,"(Float16(0.6807), Float16(1.081))":55},"61":{"(Float16(0.7246), Float16(1.125))":56,"(Float16(0.0004675), Float16(0.4004))":44},"29":{"(Float16(0.0009227), Float16(0.401))":43,"(Float16(0.7275), Float16(1.128))":57},"94":{"(Float16(0.713), Float16(1.113))":52,"(Float16(0.0006685), Float16(0.4006))":48},"46":{"(Float16(0.0007143), Float16(0.4006))":42,"(Float16(0.668), Float16(1.068))":58},"57":{"(Float16(0.000637), Float16(0.4006))":46,"(Float16(0.6504), Float16(1.051))":54},"70":{"(Float16(0.0006723), Float16(0.4006))":38,"(Float16(0.658), Float16(1.059))":62},"21":{"(Float16(0.000523), Float16(0.4006))":100},"38":{"(Float16(0.0009336), Float16(0.401))":52,"(Float16(0.676), Float16(1.076))":48},"88":{"(Float16(0.715), Float16(1.115))":56,"(Float16(0.0004115), Float16(0.4004))":44},"78":{"(Float16(0.625), Float16(1.025))":64,"(Float16(0.0009737), Float16(0.401))":36},"72":{"(Float16(0.0005913), Float16(0.4006))":100},"24":{"(Float16(0.000621), Float16(0.4006))":45,"(Float16(0.6523), Float16(1.053))":55},"8":{"(Float16(0.616), Float16(1.017))":62,"(Float16(0.000857), Float16(0.401))":38},"17":{"(Float16(0.0007977), Float16(0.401))":57,"(Float16(0.712), Float16(1.112))":43},"37":{"(Float16(0.0008745), Float16(0.401))":40,"(Float16(0.675), Float16(1.075))":60},"1":{"(Float16(0.000774), Float16(0.401))":100},"53":{"(Float16(0.708), Float16(1.108))":47,"(Float16(0.000643), Float16(0.4006))":53},"22":{"(Float16(0.7246), Float16(1.125))":62,"(Float16(0.0007095), Float16(0.4006))":38},"47":{"(Float16(0.000664), Float16(0.4006))":41,"(Float16(0.663), Float16(1.063))":59},"83":{"(Float16(0.000559), Float16(0.4006))":50,"(Float16(0.717), Float16(1.117))":50},"99":{"(Float16(0.000571), Float16(0.4006))":100},"89":{"(Float16(0.66), Float16(1.061))":53,"(Float16(0.0005293), Float16(0.4006))":47},"14":{"(Float16(0.6123), Float16(1.013))":56,"(Float16(0.0006742), Float16(0.4006))":44},"3":{"(Float16(0.000509), Float16(0.4004))":100},"80":{"(Float16(0.0006475), Float16(0.4006))":40,"(Float16(0.668), Float16(1.068))":60},"96":{"(Float16(0.000704), Float16(0.4006))":35,"(Float16(0.6934), Float16(1.094))":65},"51":{"(Float16(0.000506), Float16(0.4004))":100},"33":{"(Float16(0.0006485), Float16(0.4006))":47,"(Float16(0.6943), Float16(1.095))":53},"40":{"(Float16(0.0008373), Float16(0.401))":47,"(Float16(0.672), Float16(1.072))":53},"48":{"(Float16(0.0005417), Float16(0.4006))":55,"(Float16(0.6963), Float16(1.097))":45},"15":{"(Float16(0.000495), Float16(0.4004))":53,"(Float16(0.741), Float16(1.142))":47},"65":{"(Float16(0.665), Float16(1.065))":60,"(Float16(0.000865), Float16(0.401))":40},"97":{"(Float16(0.000738), Float16(0.4006))":39,"(Float16(0.619), Float16(1.02))":61}}