{"4":{"(Float16(0.05002), Float16(0.35))":20,"(Float16(0.949), Float16(1.249))":2,"(Float16(0.5005), Float16(0.8003))":78},"1":{"(Float16(0.948), Float16(1.248))":6,"(Float16(0.05008), Float16(0.35))":20,"(Float16(0.5005), Float16(0.8003))":74},"5":{"(Float16(0.5005), Float16(0.8003))":77,"(Float16(0.05), Float16(0.35))":23},"2":{"(Float16(0.948), Float16(1.248))":25,"(Float16(0.05005), Float16(0.35))":10,"(Float16(0.4985), Float16(0.7983))":65},"3":{"(Float16(0.95), Float16(1.25))":20,"(Float16(0.498), Float16(0.798))":80}}