{"1":{"(Float16(0.336), Float16(0.436))":6,"(Float16(0.6), Float16(0.7))":10,"(Float16(0.05), Float16(0.15))":13,"(Float16(0.4995), Float16(0.5996))":13,"(Float16(0.829), Float16(0.929))":5,"(Float16(0.949), Float16(1.049))":14,"(Float16(0.7236), Float16(0.8237))":12,"(Float16(0.2078), Float16(0.3079))":27},"2":{"(Float16(0.04993), Float16(0.1499))":17,"(Float16(0.4993), Float16(0.599))":19,"(Float16(0.271), Float16(0.371))":17,"(Float16(0.1603), Float16(0.2603))":17,"(Float16(0.3838), Float16(0.484))":2,"(Float16(0.7773), Float16(0.8774))":17,"(Float16(0.949), Float16(1.049))":11},"3":{"(Float16(0.6064), Float16(0.7065))":10,"(Float16(0.04993), Float16(0.1499))":8,"(Float16(0.1501), Float16(0.2502))":10,"(Float16(0.714), Float16(0.814))":13,"(Float16(0.8193), Float16(0.9194))":2,"(Float16(0.2998), Float16(0.4))":23,"(Float16(0.5), Float16(0.6))":18,"(Float16(0.948), Float16(1.048))":16}}