{"32":{"(Float16(0.000555), Float16(0.5005))":100},"29":{"(Float16(0.0005307), Float16(0.5005))":100},"1":{"(Float16(0.963), Float16(1.463))":1,"(Float16(0.0006933), Float16(0.5005))":99},"54":{"(Float16(0.000524), Float16(0.5005))":100},"78":{"(Float16(0.000445), Float16(0.5005))":100},"81":{"(Float16(0.000632), Float16(0.5005))":100},"2":{"(Float16(0.0003226), Float16(0.5005))":100},"74":{"(Float16(0.00064), Float16(0.5005))":100},"41":{"(Float16(0.0003479), Float16(0.5005))":100},"65":{"(Float16(0.0003529), Float16(0.5005))":100},"51":{"(Float16(0.0004282), Float16(0.5005))":100},"53":{"(Float16(0.000574), Float16(0.5005))":100},"27":{"(Float16(0.0004144), Float16(0.5005))":100},"75":{"(Float16(0.0003662), Float16(0.5005))":100},"42":{"(Float16(0.000634), Float16(0.5005))":100},"33":{"(Float16(0.000596), Float16(0.5005))":100},"28":{"(Float16(0.0005236), Float16(0.5005))":100},"50":{"(Float16(0.000491), Float16(0.5005))":100},"52":{"(Float16(0.0002518), Float16(0.5005))":100},"63":{"(Float16(0.000493), Float16(0.5005))":100},"92":{"(Float16(0.000662), Float16(0.5005))":100},"88":{"(Float16(0.000518), Float16(0.5005))":100},"93":{"(Float16(0.0006566), Float16(0.5005))":100},"26":{"(Float16(0.000513), Float16(0.5005))":100},"10":{"(Float16(0.0002412), Float16(0.5))":100},"77":{"(Float16(0.000557), Float16(0.5005))":100},"24":{"(Float16(0.0003595), Float16(0.5005))":100},"87":{"(Float16(0.000618), Float16(0.5005))":100},"58":{"(Float16(0.0007), Float16(0.5005))":100},"25":{"(Float16(0.0004392), Float16(0.5005))":100},"23":{"(Float16(0.0005646), Float16(0.5005))":100},"49":{"(Float16(0.0006313), Float16(0.5005))":100},"59":{"(Float16(0.000556), Float16(0.5005))":100},"5":{"(Float16(0.0004816), Float16(0.5005))":100},"31":{"(Float16(0.000561), Float16(0.5005))":100},"89":{"(Float16(0.0004582), Float16(0.5005))":100},"62":{"(Float16(0.000646), Float16(0.5005))":100},"43":{"(Float16(0.00048), Float16(0.5005))":100},"90":{"(Float16(0.0004532), Float16(0.5005))":100},"39":{"(Float16(0.8936), Float16(1.394))":1,"(Float16(0.000663), Float16(0.5005))":99},"34":{"(Float16(0.0006003), Float16(0.5005))":100},"44":{"(Float16(0.0004463), Float16(0.5005))":100},"94":{"(Float16(0.0003638), Float16(0.5005))":100},"55":{"(Float16(0.0005875), Float16(0.5005))":100},"86":{"(Float16(0.000328), Float16(0.5005))":100},"17":{"(Float16(0.000707), Float16(0.5005))":100},"99":{"(Float16(0.0004165), Float16(0.5005))":100},"71":{"(Float16(0.000328), Float16(0.5005))":100},"37":{"(Float16(0.0006795), Float16(0.5005))":100},"47":{"(Float16(0.0003488), Float16(0.5005))":100},"9":{"(Float16(0.0004392), Float16(0.5005))":100},"73":{"(Float16(0.000593), Float16(0.5005))":100},"82":{"(Float16(0.00037), Float16(0.5005))":100},"12":{"(Float16(0.000692), Float16(0.5005))":100},"79":{"(Float16(0.0006275), Float16(0.5005))":100},"20":{"(Float16(0.00052), Float16(0.5005))":100},"6":{"(Float16(0.000745), Float16(0.501))":100},"84":{"(Float16(0.0006113), Float16(0.5005))":100},"80":{"(Float16(0.0006905), Float16(0.5005))":100},"98":{"(Float16(0.000692), Float16(0.5005))":100},"70":{"(Float16(0.000588), Float16(0.5005))":100},"14":{"(Float16(0.0005817), Float16(0.5005))":100},"7":{"(Float16(0.000304), Float16(0.5005))":100},"96":{"(Float16(0.0003383), Float16(0.5005))":100},"57":{"(Float16(0.897), Float16(1.396))":1,"(Float16(0.000524), Float16(0.5005))":99},"8":{"(Float16(0.000619), Float16(0.5005))":100},"64":{"(Float16(0.000535), Float16(0.5005))":100},"19":{"(Float16(0.0007), Float16(0.5005))":100},"91":{"(Float16(0.000621), Float16(0.5005))":100},"69":{"(Float16(0.000389), Float16(0.5005))":100},"60":{"(Float16(0.000748), Float16(0.501))":100},"97":{"(Float16(0.000395), Float16(0.5005))":100},"4":{"(Float16(0.0005665), Float16(0.5005))":100},"22":{"(Float16(0.000581), Float16(0.5005))":100},"11":{"(Float16(0.0005293), Float16(0.5005))":100},"35":{"(Float16(0.0004835), Float16(0.5005))":100},"13":{"(Float16(0.00051), Float16(0.5005))":100},"15":{"(Float16(0.0006914), Float16(0.5005))":100},"61":{"(Float16(0.000653), Float16(0.5005))":100},"67":{"(Float16(0.000404), Float16(0.5005))":100},"16":{"(Float16(0.0003822), Float16(0.5005))":100},"100":{"(Float16(0.0004764), Float16(0.5005))":100},"40":{"(Float16(0.000658), Float16(0.5005))":100},"21":{"(Float16(0.0005455), Float16(0.5005))":100},"38":{"(Float16(0.0003097), Float16(0.5005))":100},"46":{"(Float16(0.0004811), Float16(0.5005))":100},"72":{"(Float16(0.000717), Float16(0.5005))":100},"83":{"(Float16(0.0007477), Float16(0.501))":100},"45":{"(Float16(0.0006046), Float16(0.5005))":100},"68":{"(Float16(0.000562), Float16(0.5005))":100},"56":{"(Float16(0.0005593), Float16(0.5005))":100},"36":{"(Float16(0.0005836), Float16(0.5005))":100},"66":{"(Float16(0.000684), Float16(0.5005))":100},"76":{"(Float16(0.0003886), Float16(0.5005))":100},"95":{"(Float16(0.000372), Float16(0.5005))":100},"85":{"(Float16(0.000556), Float16(0.5005))":100},"48":{"(Float16(0.0004253), Float16(0.5005))":100},"18":{"(Float16(0.000497), Float16(0.5005))":100},"30":{"(Float16(0.00066), Float16(0.5005))":100},"3":{"(Float16(0.000499), Float16(0.5005))":100}}