{"5":{"(Float16(0.0004282), Float16(0.5005))":100},"56":{"(Float16(0.0004013), Float16(0.5005))":100},"35":{"(Float16(0.0005474), Float16(0.5005))":100},"55":{"(Float16(0.0003562), Float16(0.5005))":100},"60":{"(Float16(0.0003123), Float16(0.5005))":100},"30":{"(Float16(0.0003197), Float16(0.5005))":100},"32":{"(Float16(0.0003798), Float16(0.5005))":100},"6":{"(Float16(0.000255), Float16(0.5005))":100},"67":{"(Float16(0.0004644), Float16(0.5005))":100},"45":{"(Float16(0.0003905), Float16(0.5005))":100},"73":{"(Float16(0.0004282), Float16(0.5005))":100},"64":{"(Float16(3.654e-5), Float16(0.5))":47,"(Float16(0.6904), Float16(1.19))":53},"90":{"(Float16(0.0004992), Float16(0.5005))":100},"4":{"(Float16(0.0003767), Float16(0.5005))":100},"13":{"(Float16(0.0003405), Float16(0.5005))":100},"54":{"(Float16(0.0002909), Float16(0.5005))":100},"63":{"(Float16(0.0003695), Float16(0.5005))":100},"86":{"(Float16(0.0003886), Float16(0.5005))":100},"91":{"(Float16(0.00029), Float16(0.5005))":100},"62":{"(Float16(0.0003738), Float16(0.5005))":100},"58":{"(Float16(0.0003657), Float16(0.5005))":100},"52":{"(Float16(0.0003822), Float16(0.5005))":100},"12":{"(Float16(0.0003629), Float16(0.5005))":100},"28":{"(Float16(0.000295), Float16(0.5005))":100},"75":{"(Float16(0.000386), Float16(0.5005))":100},"23":{"(Float16(0.0003023), Float16(0.5005))":100},"92":{"(Float16(0.0003767), Float16(0.5005))":100},"41":{"(Float16(0.000363), Float16(0.5005))":100},"43":{"(Float16(0.0005074), Float16(0.5005))":100},"11":{"(Float16(0.0003867), Float16(0.5005))":100},"36":{"(Float16(0.0003068), Float16(0.5005))":100},"68":{"(Float16(0.0003912), Float16(0.5005))":100},"69":{"(Float16(0.000312), Float16(0.5005))":100},"98":{"(Float16(0.00041), Float16(0.5005))":100},"82":{"(Float16(0.000476), Float16(0.5005))":100},"85":{"(Float16(0.0003638), Float16(0.5005))":100},"39":{"(Float16(0.0003266), Float16(0.5005))":100},"84":{"(Float16(0.0003245), Float16(0.5005))":100},"77":{"(Float16(0.000368), Float16(0.5005))":100},"7":{"(Float16(0.0003085), Float16(0.5005))":100},"25":{"(Float16(0.000362), Float16(0.5005))":100},"95":{"(Float16(0.0004578), Float16(0.5005))":100},"71":{"(Float16(0.0003655), Float16(0.5005))":100},"66":{"(Float16(0.0003803), Float16(0.5005))":100},"76":{"(Float16(0.000533), Float16(0.5005))":100},"34":{"(Float16(0.0003903), Float16(0.5005))":100},"50":{"(Float16(0.0002496), Float16(0.5005))":100},"59":{"(Float16(0.0004401), Float16(0.5005))":100},"93":{"(Float16(0.0002966), Float16(0.5005))":100},"2":{"(Float16(0.000509), Float16(0.5005))":100},"10":{"(Float16(0.0002878), Float16(0.5005))":100},"18":{"(Float16(0.0002754), Float16(0.5005))":100},"26":{"(Float16(0.0002973), Float16(0.5005))":100},"27":{"(Float16(0.0004377), Float16(0.5005))":100},"42":{"(Float16(0.0004172), Float16(0.5005))":100},"87":{"(Float16(0.0004678), Float16(0.5005))":100},"100":{"(Float16(0.000275), Float16(0.5005))":100},"79":{"(Float16(0.0003984), Float16(0.5005))":100},"16":{"(Float16(0.0002875), Float16(0.5005))":100},"20":{"(Float16(0.0004363), Float16(0.5005))":100},"81":{"(Float16(0.0004067), Float16(0.5005))":100},"19":{"(Float16(0.0004234), Float16(0.5005))":100},"49":{"(Float16(0.0003276), Float16(0.5005))":100},"44":{"(Float16(0.000449), Float16(0.5005))":100},"9":{"(Float16(0.0002251), Float16(0.5))":100},"31":{"(Float16(0.0003784), Float16(0.5005))":100},"74":{"(Float16(0.0003803), Float16(0.5005))":100},"61":{"(Float16(0.000458), Float16(0.5005))":100},"29":{"(Float16(0.0002794), Float16(0.5005))":100},"94":{"(Float16(0.000502), Float16(0.5005))":100},"46":{"(Float16(0.000489), Float16(0.5005))":100},"57":{"(Float16(0.0002656), Float16(0.5005))":100},"70":{"(Float16(0.0003922), Float16(0.5005))":100},"21":{"(Float16(0.0003219), Float16(0.5005))":100},"38":{"(Float16(0.0004532), Float16(0.5005))":100},"88":{"(Float16(0.000387), Float16(0.5005))":41,"(Float16(0.6807), Float16(1.181))":59},"78":{"(Float16(0.0003839), Float16(0.5005))":100},"72":{"(Float16(0.0003045), Float16(0.5005))":100},"24":{"(Float16(0.0002435), Float16(0.5))":100},"8":{"(Float16(0.0003746), Float16(0.5005))":100},"17":{"(Float16(0.0002232), Float16(0.5))":100},"37":{"(Float16(0.0004215), Float16(0.5005))":100},"1":{"(Float16(0.0004244), Float16(0.5005))":100},"53":{"(Float16(0.000331), Float16(0.5005))":100},"22":{"(Float16(0.7715), Float16(1.271))":10,"(Float16(0.00039), Float16(0.5005))":90},"47":{"(Float16(0.0004115), Float16(0.5005))":100},"83":{"(Float16(0.0002992), Float16(0.5005))":100},"99":{"(Float16(0.0003667), Float16(0.5005))":100},"89":{"(Float16(0.0004022), Float16(0.5005))":100},"14":{"(Float16(0.0003586), Float16(0.5005))":100},"3":{"(Float16(0.0002694), Float16(0.5005))":100},"80":{"(Float16(0.000381), Float16(0.5005))":100},"96":{"(Float16(0.0002713), Float16(0.5005))":100},"51":{"(Float16(0.000379), Float16(0.5005))":100},"33":{"(Float16(0.0003724), Float16(0.5005))":100},"40":{"(Float16(0.0004687), Float16(0.5005))":100},"48":{"(Float16(0.000407), Float16(0.5005))":100},"15":{"(Float16(0.0003443), Float16(0.5005))":100},"65":{"(Float16(0.0003242), Float16(0.5005))":100},"97":{"(Float16(0.0004034), Float16(0.5005))":100}}