{"5":{"(Float16(0.0004432), Float16(1.0))":100},"56":{"(Float16(0.0003664), Float16(1.0))":100},"35":{"(Float16(0.0004053), Float16(1.0))":100},"55":{"(Float16(0.0004268), Float16(1.0))":100},"60":{"(Float16(0.0005713), Float16(1.001))":100},"30":{"(Float16(0.0005674), Float16(1.001))":100},"32":{"(Float16(0.0003488), Float16(1.0))":100},"6":{"(Float16(0.000269), Float16(1.0))":100},"67":{"(Float16(0.0004745), Float16(1.0))":100},"45":{"(Float16(0.0003972), Float16(1.0))":100},"73":{"(Float16(0.000332), Float16(1.0))":100},"64":{"(Float16(0.0003204), Float16(1.0))":100},"90":{"(Float16(0.0004373), Float16(1.0))":100},"4":{"(Float16(0.0004528), Float16(1.0))":100},"13":{"(Float16(0.0006695), Float16(1.001))":100},"54":{"(Float16(0.0003219), Float16(1.0))":100},"63":{"(Float16(0.0002756), Float16(1.0))":100},"86":{"(Float16(0.0004063), Float16(1.0))":100},"91":{"(Float16(0.0003185), Float16(1.0))":100},"62":{"(Float16(0.0003023), Float16(1.0))":100},"58":{"(Float16(0.0003583), Float16(1.0))":100},"52":{"(Float16(0.0005174), Float16(1.001))":100},"12":{"(Float16(0.0002954), Float16(1.0))":100},"28":{"(Float16(0.0003903), Float16(1.0))":100},"75":{"(Float16(0.0003562), Float16(1.0))":100},"23":{"(Float16(0.000454), Float16(1.0))":100},"92":{"(Float16(0.0003936), Float16(1.0))":100},"41":{"(Float16(0.0003877), Float16(1.0))":100},"43":{"(Float16(0.000383), Float16(1.0))":100},"11":{"(Float16(0.0004137), Float16(1.0))":100},"36":{"(Float16(0.0003245), Float16(1.0))":100},"68":{"(Float16(0.0004814), Float16(1.0))":100},"69":{"(Float16(0.000338), Float16(1.0))":100},"98":{"(Float16(0.0004866), Float16(1.0))":100},"82":{"(Float16(0.0003471), Float16(1.0))":100},"85":{"(Float16(0.0003362), Float16(1.0))":100},"39":{"(Float16(0.0002161), Float16(1.0))":100},"84":{"(Float16(0.0002894), Float16(1.0))":100},"77":{"(Float16(0.000497), Float16(1.001))":100},"7":{"(Float16(0.0004082), Float16(1.0))":100},"25":{"(Float16(0.0003397), Float16(1.0))":100},"95":{"(Float16(0.0004983), Float16(1.001))":100},"71":{"(Float16(0.0004125), Float16(1.0))":100},"66":{"(Float16(0.0003834), Float16(1.0))":100},"76":{"(Float16(0.0004334), Float16(1.0))":100},"34":{"(Float16(0.0004356), Float16(1.0))":100},"50":{"(Float16(0.0003712), Float16(1.0))":100},"59":{"(Float16(0.0004058), Float16(1.0))":100},"93":{"(Float16(0.0003293), Float16(1.0))":100},"2":{"(Float16(0.000304), Float16(1.0))":100},"10":{"(Float16(0.0004008), Float16(1.0))":100},"18":{"(Float16(0.000555), Float16(1.001))":100},"26":{"(Float16(0.0003705), Float16(1.0))":100},"27":{"(Float16(0.0005755), Float16(1.001))":100},"42":{"(Float16(0.000513), Float16(1.001))":100},"87":{"(Float16(0.000522), Float16(1.001))":100},"100":{"(Float16(0.0005436), Float16(1.001))":100},"79":{"(Float16(0.0004263), Float16(1.0))":100},"16":{"(Float16(0.00033), Float16(1.0))":100},"20":{"(Float16(0.0005193), Float16(1.001))":100},"81":{"(Float16(0.0003695), Float16(1.0))":100},"19":{"(Float16(0.0003867), Float16(1.0))":100},"49":{"(Float16(0.0004196), Float16(1.0))":100},"44":{"(Float16(0.0002732), Float16(1.0))":100},"9":{"(Float16(0.0004883), Float16(1.0))":100},"31":{"(Float16(0.0003545), Float16(1.0))":100},"74":{"(Float16(0.0004373), Float16(1.0))":100},"61":{"(Float16(0.0003123), Float16(1.0))":100},"29":{"(Float16(0.0003302), Float16(1.0))":100},"94":{"(Float16(0.0004027), Float16(1.0))":100},"46":{"(Float16(0.0004053), Float16(1.0))":100},"57":{"(Float16(0.000502), Float16(1.001))":100},"70":{"(Float16(0.0003214), Float16(1.0))":100},"21":{"(Float16(0.0005035), Float16(1.001))":100},"38":{"(Float16(0.0004148), Float16(1.0))":100},"88":{"(Float16(0.0003533), Float16(1.0))":100},"78":{"(Float16(0.0004249), Float16(1.0))":100},"72":{"(Float16(0.0004234), Float16(1.0))":100},"24":{"(Float16(0.0003967), Float16(1.0))":100},"8":{"(Float16(0.0004997), Float16(1.001))":100},"17":{"(Float16(0.000288), Float16(1.0))":100},"37":{"(Float16(0.0004148), Float16(1.0))":100},"1":{"(Float16(0.0003927), Float16(1.0))":100},"53":{"(Float16(0.0004392), Float16(1.0))":100},"22":{"(Float16(0.0003195), Float16(1.0))":100},"47":{"(Float16(0.0004644), Float16(1.0))":100},"83":{"(Float16(0.000411), Float16(1.0))":100},"99":{"(Float16(0.0004375), Float16(1.0))":100},"89":{"(Float16(0.0004835), Float16(1.0))":100},"14":{"(Float16(0.0003946), Float16(1.0))":100},"3":{"(Float16(0.0004756), Float16(1.0))":100},"80":{"(Float16(0.0004497), Float16(1.0))":100},"96":{"(Float16(0.000462), Float16(1.0))":100},"51":{"(Float16(0.000372), Float16(1.0))":100},"33":{"(Float16(0.0004544), Float16(1.0))":100},"40":{"(Float16(0.0004797), Float16(1.0))":100},"48":{"(Float16(0.000278), Float16(1.0))":100},"15":{"(Float16(0.000311), Float16(1.0))":100},"65":{"(Float16(0.0006056), Float16(1.001))":100},"97":{"(Float16(0.000454), Float16(1.0))":100}}