{"4":[0.2622,0.5234,0.6514,0.783,0.6475,0.836,0.4995,0.2622,0.2622,0.525,0.013275,0.2622,0.912,0.2622,0.4292,0.6514,0.07153,0.2622,0.2625,0.2627,0.4265,0.912,0.2627,0.095,0.2627,0.9565,0.914,0.02985,0.263,0.525,0.9297,0.02563,0.5312,0.8076,0.10864,0.5376,0.2632,0.2632,0.4292,0.747,0.899,0.665,0.7305,0.836,0.2632,0.2632,0.636,0.665,0.401,0.2632,0.263,0.7793,0.2627,0.2627,0.5513,0.7793,0.1387,0.6875,0.095,0.636,0.2627,0.9565,0.2627,0.6475,0.2627,0.783,0.4265,0.7305,0.5376,0.914,0.8076,0.7666,0.401,0.2627,0.013275,0.441,0.747,0.10864,0.755,0.5234,0.755,0.5312,0.2625,0.2622,0.02563,0.1387,0.2622,0.5234,0.7666,0.899,0.574,0.441,0.6875,0.02985,0.07153,0.2622,0.5513,0.9297,0.4995,0.574],"1":[0.3936,0.63,0.7783,0.3936,0.931,0.1505,0.10376,0.931,0.8315,0.1002,0.752,0.801,0.08374,0.7793,0.585,0.11255,0.583,0.12256,0.7246,0.801,0.907,0.922,0.6187,0.0838,0.752,0.08374,0.953,0.263,0.63,0.3936,0.1172,0.743,0.3933,0.0838,0.0969,0.393,0.393,0.907,0.8955,0.0454,0.1002,0.393,0.953,0.393,0.752,0.1265,0.626,0.393,0.8315,0.922,0.12256,0.08575,0.8555,0.11255,0.7783,0.7793,0.393,0.393,0.10376,0.393,0.1172,0.969,0.698,0.0969,0.933,0.743,0.6255,0.2632,0.393,0.619,0.1265,0.08575,0.393,0.393,0.7715,0.969,0.393,0.7246,0.8955,0.393,0.393,0.698,0.583,0.8555,0.0454,0.6187,0.619,0.933,0.1505,0.393,0.393,0.1471,0.393,0.585,0.3933,0.1471,0.7715,0.626,0.3936,0.2632],"5":[0.6455,0.9385,0.9385,0.9014,0.421,0.434,0.836,0.6455,0.852,0.2725,0.308,0.421,0.6455,0.95,0.6455,0.3994,0.0478,0.419,0.9365,0.06445,0.836,0.6455,0.1713,0.6455,0.6455,0.9316,0.4326,0.6455,0.1713,0.2432,0.434,0.944,0.6455,0.5107,0.07947,0.944,0.5107,0.03998,0.6455,0.1862,0.6455,0.4617,0.646,0.6465,0.3994,0.2432,0.2034,0.6465,0.6465,0.4617,0.03998,0.6465,0.1862,0.1864,0.2583,0.6465,0.6465,0.882,0.4326,0.8975,0.646,0.6455,0.1176,0.6455,0.06445,0.882,0.08997,0.852,0.6455,0.6455,0.912,0.9316,0.2583,0.9014,0.03998,0.1176,0.07947,0.912,0.1864,0.419,0.421,0.9365,0.8975,0.95,0.6455,0.6455,0.6455,0.6455,0.6455,0.42,0.0478,0.9365,0.42,0.08997,0.2725,0.2034,0.6455,0.6455,0.308,0.6455],"2":[0.867,0.1338,0.867,0.4727,0.6494,0.1571,0.1589,0.6055,0.867,0.867,0.4727,0.1489,0.4585,0.867,0.1431,0.1359,0.867,0.867,0.3425,0.867,0.03857,0.617,0.867,0.1318,0.4585,0.867,0.867,0.1589,0.03857,0.867,0.1489,0.1461,0.3562,0.867,0.1571,0.867,0.3425,0.591,0.6055,0.648,0.1785,0.4192,0.4192,0.867,0.1338,0.1978,0.867,0.867,0.867,0.867,0.3486,0.3486,0.3604,0.3599,0.867,0.3645,0.1489,0.2688,0.867,0.591,0.3538,0.4072,0.3599,0.3604,0.617,0.867,0.5996,0.867,0.867,0.0956,0.2688,0.4902,0.867,0.867,0.4072,0.6523,0.1318,0.1978,0.6523,0.3562,0.0956,0.6494,0.434,0.5967,0.3645,0.4258,0.5967,0.1461,0.4902,0.434,0.1359,0.3538,0.867,0.615,0.1431,0.615,0.1785,0.5996,0.4258,0.648],"3":[0.2249,0.2251,0.2251,0.8623,0.2251,0.8945,0.412,0.4204,0.4844,0.4355,0.05295,0.2251,0.2251,0.2251,0.8223,0.705,0.4526,0.8623,0.6743,0.2251,0.4927,0.4526,0.2251,0.2251,0.05295,0.2251,0.58,0.884,0.762,0.2251,0.2251,0.827,0.573,0.2251,0.572,0.815,0.07153,0.539,0.6934,0.6934,0.2251,0.4927,0.5806,0.412,0.2251,0.0702,0.922,0.923,0.762,0.2251,0.755,0.572,0.07196,0.6157,0.755,0.6694,0.815,0.2251,0.07153,0.2251,0.573,0.225,0.6934,0.2249,0.7783,0.4844,0.827,0.4204,0.823,0.0702,0.941,0.823,0.539,0.4204,0.2247,0.2246,0.6694,0.4204,0.941,0.6743,0.923,0.2246,0.705,0.8354,0.4355,0.8394,0.922,0.884,0.7783,0.8945,0.2246,0.8394,0.58,0.8223,0.8354,0.6157,0.2247,0.2249,0.5806,0.2249]}