{"5":{"(Float16(9.37e-5), Float16(0.01009))":35,"(Float16(0.6846), Float16(0.6943))":65},"56":{"(Float16(3.04e-6), Float16(0.01))":26,"(Float16(0.618), Float16(0.628))":74},"55":{"(Float16(0.0), Float16(0.01))":34,"(Float16(0.59), Float16(0.5996))":66},"35":{"(Float16(0.7705), Float16(0.7803))":3,"(Float16(0.0001533), Float16(0.010155))":97},"60":{"(Float16(0.0001051), Float16(0.01011))":30,"(Float16(0.5967), Float16(0.6064))":70},"30":{"(Float16(0.627), Float16(0.6367))":48,"(Float16(3.576e-5), Float16(0.01004))":52},"32":{"(Float16(0.581), Float16(0.591))":3,"(Float16(0.748), Float16(0.758))":3,"(Float16(0.7188), Float16(0.7285))":2,"(Float16(0.5547), Float16(0.5645))":2,"(Float16(0.0003257), Float16(0.01033))":48,"(Float16(0.798), Float16(0.8076))":6,"(Float16(0.516), Float16(0.526))":2,"(Float16(0.8086), Float16(0.8184))":2,"(Float16(0.839), Float16(0.8486))":3,"(Float16(0.7373), Float16(0.747))":2,"(Float16(0.649), Float16(0.6587))":2,"(Float16(0.826), Float16(0.836))":2,"(Float16(0.7764), Float16(0.786))":3,"(Float16(0.6924), Float16(0.702))":6,"(Float16(0.705), Float16(0.715))":6,"(Float16(0.677), Float16(0.6865))":2,"(Float16(0.637), Float16(0.647))":4,"(Float16(0.5664), Float16(0.576))":2},"6":{"(Float16(3.004e-5), Float16(0.01003))":34,"(Float16(0.6553), Float16(0.665))":66},"67":{"(Float16(0.63), Float16(0.6396))":75,"(Float16(4.35e-6), Float16(0.01001))":25},"45":{"(Float16(3.8e-6), Float16(0.01001))":30,"(Float16(0.6445), Float16(0.6543))":70},"73":{"(Float16(0.6465), Float16(0.6562))":65,"(Float16(2.134e-5), Float16(0.010025))":35},"64":{"(Float16(0.6064), Float16(0.616))":2,"(Float16(0.877), Float16(0.8867))":4,"(Float16(9.36e-5), Float16(0.01009))":74,"(Float16(0.799), Float16(0.8086))":2,"(Float16(0.617), Float16(0.627))":4,"(Float16(0.7676), Float16(0.7773))":2,"(Float16(0.6626), Float16(0.6724))":2,"(Float16(0.6787), Float16(0.6885))":2,"(Float16(0.503), Float16(0.5127))":2,"(Float16(0.783), Float16(0.793))":2,"(Float16(0.757), Float16(0.7666))":2,"(Float16(0.745), Float16(0.755))":2},"90":{"(Float16(5.47e-5), Float16(0.010056))":49,"(Float16(0.707), Float16(0.717))":51},"4":{"(Float16(0.5938), Float16(0.6035))":58,"(Float16(3.85e-5), Float16(0.01004))":42},"13":{"(Float16(0.6523), Float16(0.662))":71,"(Float16(4.166e-5), Float16(0.01004))":29},"54":{"(Float16(0.702), Float16(0.712))":49,"(Float16(4.95e-5), Float16(0.01005))":51},"63":{"(Float16(3.445e-5), Float16(0.01004))":100},"86":{"(Float16(0.582), Float16(0.592))":69,"(Float16(0.0001145), Float16(0.01012))":31},"91":{"(Float16(0.587), Float16(0.5967))":71,"(Float16(2.15e-6), Float16(0.01))":29},"62":{"(Float16(0.6484), Float16(0.658))":58,"(Float16(1.5e-5), Float16(0.01002))":42},"58":{"(Float16(0.6016), Float16(0.6113))":64,"(Float16(4.554e-5), Float16(0.01005))":36},"52":{"(Float16(3.785e-5), Float16(0.01004))":42,"(Float16(0.669), Float16(0.6787))":58},"12":{"(Float16(0.00010043), Float16(0.0101))":100},"28":{"(Float16(0.0001354), Float16(0.01014))":48,"(Float16(0.6475), Float16(0.657))":52},"75":{"(Float16(9.847e-5), Float16(0.0101))":36,"(Float16(0.586), Float16(0.5957))":64},"23":{"(Float16(0.657), Float16(0.667))":3,"(Float16(0.571), Float16(0.5806))":2,"(Float16(0.6807), Float16(0.6904))":2,"(Float16(0.5273), Float16(0.537))":2,"(Float16(0.00012136), Float16(0.010124))":91},"92":{"(Float16(1.2e-6), Float16(0.01))":22,"(Float16(0.629), Float16(0.6387))":78},"41":{"(Float16(0.0), Float16(0.01))":23,"(Float16(0.669), Float16(0.6787))":77},"43":{"(Float16(0.675), Float16(0.6846))":68,"(Float16(5.7e-6), Float16(0.01001))":32},"69":{"(Float16(6.866e-5), Float16(0.01007))":99,"(Float16(0.5205), Float16(0.5303))":1},"11":{"(Float16(6.557e-5), Float16(0.01007))":58,"(Float16(0.6777), Float16(0.6875))":42},"68":{"(Float16(0.0001452), Float16(0.01015))":32,"(Float16(0.6006), Float16(0.6104))":68},"98":{"(Float16(0.6055), Float16(0.615))":78,"(Float16(0.0), Float16(0.01))":22},"36":{"(Float16(0.0001135), Float16(0.01012))":35,"(Float16(0.6475), Float16(0.657))":65},"82":{"(Float16(7.457e-5), Float16(0.01008))":44,"(Float16(0.627), Float16(0.6367))":56},"85":{"(Float16(0.00010777), Float16(0.01011))":34,"(Float16(0.6816), Float16(0.6914))":66},"39":{"(Float16(3.28e-5), Float16(0.01003))":40,"(Float16(0.5986), Float16(0.6084))":60},"84":{"(Float16(1.25e-6), Float16(0.01))":27,"(Float16(0.6094), Float16(0.619))":73},"77":{"(Float16(0.6006), Float16(0.6104))":74,"(Float16(4.125e-5), Float16(0.01004))":26},"7":{"(Float16(0.632), Float16(0.6416))":72,"(Float16(3.606e-5), Float16(0.01004))":28},"25":{"(Float16(0.668), Float16(0.6777))":53,"(Float16(1.8e-6), Float16(0.01))":47},"95":{"(Float16(3.284e-5), Float16(0.01003))":31,"(Float16(0.672), Float16(0.6816))":69},"71":{"(Float16(0.0001122), Float16(0.01012))":51,"(Float16(0.6016), Float16(0.6113))":49},"66":{"(Float16(1.43e-6), Float16(0.01))":34,"(Float16(0.587), Float16(0.5967))":66},"76":{"(Float16(0.6123), Float16(0.622))":75,"(Float16(1.25e-5), Float16(0.01002))":25},"93":{"(Float16(0.0001256), Float16(0.010124))":35,"(Float16(0.674), Float16(0.6836))":65},"50":{"(Float16(0.544), Float16(0.5537))":61,"(Float16(2.2e-6), Float16(0.01))":39},"59":{"(Float16(0.7217), Float16(0.7314))":52,"(Float16(0.0001035), Float16(0.01011))":48},"34":{"(Float16(9.5e-7), Float16(0.01))":34,"(Float16(0.6553), Float16(0.665))":66},"2":{"(Float16(0.000115), Float16(0.01012))":42,"(Float16(0.7), Float16(0.71))":58},"27":{"(Float16(1.13e-6), Float16(0.01))":35,"(Float16(0.6025), Float16(0.6123))":65},"10":{"(Float16(0.632), Float16(0.6416))":66,"(Float16(1.0e-7), Float16(0.01))":34},"26":{"(Float16(9.227e-5), Float16(0.01009))":30,"(Float16(0.6562), Float16(0.666))":70},"18":{"(Float16(3.9e-6), Float16(0.01001))":45,"(Float16(0.623), Float16(0.633))":55},"42":{"(Float16(0.0), Float16(0.01))":38,"(Float16(0.661), Float16(0.671))":62},"87":{"(Float16(0.7256), Float16(0.7354))":60,"(Float16(5.275e-5), Float16(0.010056))":40},"100":{"(Float16(3.47e-5), Float16(0.01004))":40,"(Float16(0.6006), Float16(0.6104))":60},"79":{"(Float16(3.26e-5), Float16(0.01003))":24,"(Float16(0.635), Float16(0.6445))":76},"16":{"(Float16(4.02e-5), Float16(0.01004))":26,"(Float16(0.676), Float16(0.6855))":74},"81":{"(Float16(3.76e-6), Float16(0.01))":33,"(Float16(0.5986), Float16(0.6084))":67},"20":{"(Float16(0.6357), Float16(0.6455))":72,"(Float16(6.71e-5), Float16(0.01007))":28},"19":{"(Float16(0.674), Float16(0.6836))":60,"(Float16(0.0001354), Float16(0.01014))":40},"49":{"(Float16(0.0001752), Float16(0.01018))":24,"(Float16(0.5635), Float16(0.573))":76},"44":{"(Float16(0.632), Float16(0.6416))":68,"(Float16(0.0), Float16(0.01))":32},"31":{"(Float16(0.58), Float16(0.59))":66,"(Float16(7.4e-6), Float16(0.01001))":34},"9":{"(Float16(7.5e-6), Float16(0.01001))":31,"(Float16(0.6626), Float16(0.6724))":69},"74":{"(Float16(7.94e-5), Float16(0.01008))":33,"(Float16(0.676), Float16(0.6855))":67},"61":{"(Float16(0.502), Float16(0.5117))":2,"(Float16(5.686e-5), Float16(0.010056))":98},"29":{"(Float16(2.4e-7), Float16(0.01))":17,"(Float16(0.6777), Float16(0.6875))":83},"94":{"(Float16(9.5e-7), Float16(0.01))":40,"(Float16(0.6426), Float16(0.6523))":60},"46":{"(Float16(0.0001721), Float16(0.01018))":35,"(Float16(0.615), Float16(0.625))":65},"57":{"(Float16(4.0e-6), Float16(0.01001))":39,"(Float16(0.615), Float16(0.625))":61},"70":{"(Float16(0.688), Float16(0.6978))":75,"(Float16(0.000135), Float16(0.01014))":25},"21":{"(Float16(0.0001767), Float16(0.01018))":28,"(Float16(0.672), Float16(0.6816))":72},"88":{"(Float16(5.16e-5), Float16(0.010056))":32,"(Float16(0.624), Float16(0.634))":68},"38":{"(Float16(9.15e-5), Float16(0.01009))":31,"(Float16(0.6196), Float16(0.6294))":69},"78":{"(Float16(9.19e-5), Float16(0.01009))":36,"(Float16(0.631), Float16(0.6406))":64},"72":{"(Float16(0.6504), Float16(0.66))":67,"(Float16(8.976e-5), Float16(0.01009))":33},"24":{"(Float16(0.0), Float16(0.01))":33,"(Float16(0.592), Float16(0.6016))":67},"8":{"(Float16(2.18e-5), Float16(0.010025))":53,