{"5":{"(Float16(0.02843), Float16(0.5283))":2,"(Float16(0.55), Float16(1.05))":98},"56":{"(Float16(0.4683), Float16(0.9683))":100},"35":{"(Float16(0.536), Float16(1.036))":100},"55":{"(Float16(0.4668), Float16(0.967))":100},"60":{"(Float16(0.5127), Float16(1.013))":100},"30":{"(Float16(0.4722), Float16(0.972))":100},"32":{"(Float16(0.04364), Float16(0.5435))":3,"(Float16(0.585), Float16(1.085))":97},"6":{"(Float16(0.5), Float16(1.0))":100},"67":{"(Float16(0.505), Float16(1.005))":100},"45":{"(Float16(0.48), Float16(0.98))":100},"73":{"(Float16(0.4883), Float16(0.9883))":100},"64":{"(Float16(0.538), Float16(1.038))":100},"90":{"(Float16(0.4697), Float16(0.9697))":100},"4":{"(Float16(0.5635), Float16(1.063))":100},"13":{"(Float16(0.4985), Float16(0.9985))":100},"54":{"(Float16(0.481), Float16(0.981))":100},"63":{"(Float16(0.505), Float16(1.005))":100},"86":{"(Float16(0.503), Float16(1.003))":100},"91":{"(Float16(0.5146), Float16(1.015))":100},"62":{"(Float16(0.4697), Float16(0.9697))":100},"58":{"(Float16(0.4639), Float16(0.964))":100},"52":{"(Float16(0.4795), Float16(0.9795))":100},"12":{"(Float16(0.475), Float16(0.975))":100},"28":{"(Float16(0.4475), Float16(0.9473))":100},"75":{"(Float16(0.504), Float16(1.004))":100},"23":{"(Float16(0.451), Float16(0.951))":100},"92":{"(Float16(0.4658), Float16(0.966))":100},"41":{"(Float16(0.498), Float16(0.998))":100},"43":{"(Float16(0.5176), Float16(1.018))":100},"11":{"(Float16(0.5215), Float16(1.021))":100},"36":{"(Float16(0.507), Float16(1.007))":100},"68":{"(Float16(0.4556), Float16(0.9556))":100},"69":{"(Float16(0.4922), Float16(0.992))":100},"98":{"(Float16(0.5444), Float16(1.045))":98,"(Float16(0.0409), Float16(0.541))":2},"82":{"(Float16(0.505), Float16(1.005))":100},"85":{"(Float16(0.4746), Float16(0.9746))":100},"39":{"(Float16(0.5254), Float16(1.025))":100},"84":{"(Float16(0.956), Float16(1.456))":3,"(Float16(0.4185), Float16(0.9185))":97},"77":{"(Float16(0.5356), Float16(1.035))":100},"7":{"(Float16(0.4424), Float16(0.9424))":100},"25":{"(Float16(0.508), Float16(1.008))":100},"95":{"(Float16(0.5117), Float16(1.012))":100},"71":{"(Float16(0.5547), Float16(1.055))":100},"66":{"(Float16(0.4658), Float16(0.966))":100},"76":{"(Float16(0.4985), Float16(0.9985))":100},"34":{"(Float16(0.506), Float16(1.006))":100},"50":{"(Float16(0.4932), Float16(0.993))":100},"59":{"(Float16(0.4727), Float16(0.9727))":100},"93":{"(Float16(0.4707), Float16(0.9707))":100},"2":{"(Float16(0.506), Float16(1.006))":100},"10":{"(Float16(0.502), Float16(1.002))":100},"18":{"(Float16(0.5117), Float16(1.012))":100},"26":{"(Float16(0.4858), Float16(0.986))":100},"27":{"(Float16(0.438), Float16(0.938))":100},"42":{"(Float16(0.4895), Float16(0.9893))":100},"87":{"(Float16(0.5), Float16(1.0))":100},"100":{"(Float16(0.504), Float16(1.004))":100},"79":{"(Float16(0.477), Float16(0.977))":100},"16":{"(Float16(0.4922), Float16(0.992))":100},"20":{"(Float16(0.4834), Float16(0.9834))":100},"81":{"(Float16(0.4985), Float16(0.9985))":100},"19":{"(Float16(0.5244), Float16(1.024))":100},"49":{"(Float16(0.4995), Float16(0.9995))":100},"44":{"(Float16(0.499), Float16(0.999))":100},"9":{"(Float16(0.479), Float16(0.979))":100},"31":{"(Float16(0.4917), Float16(0.9917))":100},"74":{"(Float16(0.4473), Float16(0.9473))":100},"61":{"(Float16(0.4434), Float16(0.9434))":100},"29":{"(Float16(0.4707), Float16(0.9707))":100},"94":{"(Float16(0.497), Float16(0.997))":100},"46":{"(Float16(0.4927), Float16(0.9927))":100},"57":{"(Float16(0.4817), Float16(0.9814))":100},"70":{"(Float16(0.504), Float16(1.004))":100},"21":{"(Float16(0.504), Float16(1.004))":100},"38":{"(Float16(0.4692), Float16(0.969))":100},"88":{"(Float16(0.4966), Float16(0.9966))":100},"78":{"(Float16(0.5225), Float16(1.022))":100},"72":{"(Float16(0.508), Float16(1.008))":100},"24":{"(Float16(0.497), Float16(0.997))":100},"8":{"(Float16(0.4727), Float16(0.9727))":100},"17":{"(Float16(0.479), Float16(0.979))":100},"37":{"(Float16(0.5244), Float16(1.024))":100},"1":{"(Float16(0.4824), Float16(0.9824))":100},"53":{"(Float16(0.4702), Float16(0.97))":100},"22":{"(Float16(0.461), Float16(0.961))":100},"47":{"(Float16(0.509), Float16(1.009))":100},"83":{"(Float16(0.537), Float16(1.037))":100},"99":{"(Float16(0.4795), Float16(0.9795))":100},"89":{"(Float16(0.5186), Float16(1.019))":100},"14":{"(Float16(0.4521), Float16(0.952))":100},"3":{"(Float16(0.438), Float16(0.938))":100},"80":{"(Float16(0.501), Float16(1.001))":100},"96":{"(Float16(0.505), Float16(1.005))":100},"51":{"(Float16(0.5156), Float16(1.016))":100},"33":{"(Float16(0.483), Float16(0.983))":100},"40":{"(Float16(0.4492), Float16(0.949))":100},"48":{"(Float16(0.4663), Float16(0.9663))":100},"15":{"(Float16(0.456), Float16(0.956))":100},"65":{"(Float16(0.4912), Float16(0.991))":100},"97":{"(Float16(0.4668), Float16(0.967))":100}}