{"4":{"(Float16(0.3179), Float16(0.6177))":64,"(Float16(0.004765), Float16(0.3047))":1,"(Float16(0.802), Float16(1.102))":35},"1":{"(Float16(0.8506), Float16(1.15))":4,"(Float16(0.4453), Float16(0.745))":96},"5":{"(Float16(0.6934), Float16(0.993))":61,"(Float16(0.358), Float16(0.6577))":2,"(Float16(0.05548), Float16(0.3555))":37},"2":{"(Float16(0.7607), Float16(1.061))":40,"(Float16(0.3716), Float16(0.6714))":60},"3":{"(Float16(0.02176), Float16(0.3218))":1,"(Float16(0.3643), Float16(0.664))":78,"(Float16(0.839), Float16(1.139))":21}}