{"5":{"(Float16(0.9497), Float16(1.35))":2,"(Float16(0.498), Float16(0.898))":98},"56":{"(Float16(0.498), Float16(0.898))":99,"(Float16(0.948), Float16(1.349))":1},"35":{"(Float16(0.616), Float16(1.017))":99,"(Float16(0.05), Float16(0.45))":1},"55":{"(Float16(0.4976), Float16(0.8975))":100},"60":{"(Float16(0.498), Float16(0.898))":98,"(Float16(0.95), Float16(1.351))":2},"30":{"(Float16(0.1527), Float16(0.5527))":96,"(Float16(0.95), Float16(1.351))":4},"32":{"(Float16(0.5), Float16(0.9))":99,"(Float16(0.0483), Float16(0.4482))":1},"6":{"(Float16(0.498), Float16(0.898))":100},"67":{"(Float16(0.5005), Float16(0.9004))":100},"45":{"(Float16(0.498), Float16(0.898))":99,"(Float16(0.95), Float16(1.351))":1},"73":{"(Float16(0.4976), Float16(0.8975))":99,"(Float16(0.95), Float16(1.351))":1},"64":{"(Float16(0.498), Float16(0.898))":99,"(Float16(0.95), Float16(1.351))":1},"90":{"(Float16(0.1427), Float16(0.5425))":99,"(Float16(0.95), Float16(1.351))":1},"4":{"(Float16(0.6045), Float16(1.005))":93,"(Float16(0.05), Float16(0.45))":7},"13":{"(Float16(0.1647), Float16(0.5645))":98,"(Float16(0.95), Float16(1.351))":2},"54":{"(Float16(0.501), Float16(0.901))":99,"(Float16(0.05), Float16(0.45))":1},"63":{"(Float16(0.4978), Float16(0.898))":100},"86":{"(Float16(0.501), Float16(0.901))":95,"(Float16(0.04996), Float16(0.45))":5},"91":{"(Float16(0.4985), Float16(0.8984))":100},"62":{"(Float16(0.154), Float16(0.554))":100},"58":{"(Float16(0.5005), Float16(0.9004))":99,"(Float16(0.05124), Float16(0.4512))":1},"52":{"(Float16(0.501), Float16(0.901))":100},"12":{"(Float16(0.5), Float16(0.9))":100},"28":{"(Float16(0.4978), Float16(0.898))":100},"75":{"(Float16(0.498), Float16(0.898))":100},"23":{"(Float16(0.4988), Float16(0.899))":100},"92":{"(Float16(0.4978), Float16(0.898))":100},"41":{"(Float16(0.498), Float16(0.898))":100},"43":{"(Float16(0.498), Float16(0.898))":100},"11":{"(Float16(0.498), Float16(0.898))":100},"36":{"(Float16(0.5005), Float16(0.9004))":98,"(Float16(0.05023), Float16(0.4502))":2},"68":{"(Float16(0.9497), Float16(1.35))":2,"(Float16(0.4978), Float16(0.898))":98},"69":{"(Float16(0.1416), Float16(0.5415))":97,"(Float16(0.95), Float16(1.351))":3},"98":{"(Float16(0.5005), Float16(0.9004))":96,"(Float16(0.05005), Float16(0.45))":4},"82":{"(Float16(0.04855), Float16(0.4485))":1,"(Float16(0.499), Float16(0.899))":97,"(Float16(0.95), Float16(1.351))":2},"85":{"(Float16(0.4978), Float16(0.898))":100},"39":{"(Float16(0.5005), Float16(0.9004))":100},"84":{"(Float16(0.498), Float16(0.898))":100},"77":{"(Float16(0.5005), Float16(0.9004))":100},"7":{"(Float16(0.4978), Float16(0.898))":99,"(Float16(0.05045), Float16(0.4504))":1},"25":{"(Float16(0.501), Float16(0.901))":100},"95":{"(Float16(0.498), Float16(0.898))":99,"(Float16(0.95), Float16(1.351))":1},"71":{"(Float16(0.501), Float16(0.901))":99,"(Float16(0.05032), Float16(0.4504))":1},"66":{"(Float16(0.498), Float16(0.898))":98,"(Float16(0.949), Float16(1.35))":2},"76":{"(Float16(0.4983), Float16(0.8984))":99,"(Float16(0.95), Float16(1.351))":1},"34":{"(Float16(0.4985), Float16(0.8984))":99,"(Float16(0.9487), Float16(1.349))":1},"50":{"(Float16(0.6094), Float16(1.01))":99,"(Float16(0.05), Float16(0.45))":1},"59":{"(Float16(0.498), Float16(0.898))":98,"(Float16(0.9517), Float16(1.352))":2},"93":{"(Float16(0.4976), Float16(0.8975))":100},"2":{"(Float16(0.5005), Float16(0.9004))":100},"10":{"(Float16(0.0511), Float16(0.4512))":3,"(Float16(0.501), Float16(0.901))":97},"18":{"(Float16(0.501), Float16(0.901))":100},"26":{"(Float16(0.501), Float16(0.901))":100},"27":{"(Float16(0.501), Float16(0.901))":100},"42":{"(Float16(0.4976), Float16(0.8975))":100},"87":{"(Float16(0.501), Float16(0.901))":98,"(Float16(0.9487), Float16(1.349))":2},"100":{"(Float16(0.5947), Float16(0.9946))":100},"79":{"(Float16(0.4983), Float16(0.8984))":98,"(Float16(0.95), Float16(1.351))":2},"16":{"(Float16(0.501), Float16(0.901))":98,"(Float16(0.05173), Float16(0.4517))":2},"20":{"(Float16(0.4976), Float16(0.8975))":100},"81":{"(Float16(0.62), Float16(1.0205))":100},"19":{"(Float16(0.05), Float16(0.45))":1,"(Float16(0.6084), Float16(1.009))":99},"49":{"(Float16(0.4995), Float16(0.8994))":100},"44":{"(Float16(0.501), Float16(0.901))":100},"9":{"(Float16(0.4985), Float16(0.8984))":99,"(Float16(0.952), Float16(1.353))":1},"31":{"(Float16(0.4995), Float16(0.8994))":99,"(Float16(0.9517), Float16(1.352))":1},"74":{"(Float16(0.498), Float16(0.898))":99,"(Float16(0.95), Float16(1.351))":1},"61":{"(Float16(0.5005), Float16(0.9004))":100},"29":{"(Float16(0.5005), Float16(0.9004))":100},"94":{"(Float16(0.4983), Float16(0.8984))":100},"46":{"(Float16(0.4988), Float16(0.899))":100},"57":{"(Float16(0.4978), Float16(0.898))":100},"70":{"(Float16(0.5), Float16(0.9))":99,"(Float16(0.05115), Float16(0.4512))":1},"21":{"(Float16(0.1628), Float16(0.563))":100},"38":{"(Float16(0.05), Float16(0.45))":9,"(Float16(0.5947), Float16(0.9946))":91},"88":{"(Float16(0.5), Float16(0.9))":100},"78":{"(Float16(0.498), Float16(0.898))":99,"(Float16(0.95), Float16(1.351))":1},"72":{"(Float16(0.617), Float16(1.018))":92,"(Float16(0.05), Float16(0.45))":8},"24":{"(Float16(0.4978), Float16(0.898))":100},"8":{"(Float16(0.498), Float16(0.898))":100},"17":{"(Float16(0.1466), Float16(0.5464))":100},"37":{"(Float16(0.161), Float16(0.561))":96,"(Float16(0.95), Float16(1.351))":4},"1":{"(Float16(0.1595), Float16(0.5596))":93,"(Float16(0.95), Float16(1.351))":7},"53":{"(Float16(0.501), Float16(0.901))":100},"22":{"(Float16(0.4976), Float16(0.8975))":100},"47":{"(Float16(0.1613), Float16(0.561))":97,"(Float16(0.95), Float16(1.351))":3},"83":{"(Float16(0.499), Float16(0.899))":99,"(Float16(0.9517), Float16(1.352))":1},"99":{"(Float16(0.5005), Float16(0.9004))":98,"(Float16(0.0501), Float16(0.4502))":2},"89":{"(Float16(0.4976), Float16(0.8975))":99,"(Float16(0.952), Float16(1.353))":1},"14":{"(Float16(0.4983), Float16(0.8984))":100},"3":{"(Float16(0.501), Float16(0.901))":100},"80":{"(Float16(0.5005), Float16(0.9004))":99,"(Float16(0.04865), Float16(0.4487))":1},"96":{"(Float16(0.5957), Float16(0.9956))":100},"51":{"(Float16(0.501), Float16(0.901))":100},"33":{"(Float16(0.5005), Float16(0.9004))":97,"(Float16(0.0517), Float16(0.4517))":2,"(Float16(0.95), Float16(1.351))":1},"40":{"(Float16(0.501), Float16(0.901))":100},"48":{"(Float16(0.5), Float16(0.9))":99,"(Float16(0.04837), Float16(0.4485))":1},"15":{"(Float16(0.05), Float16(0.45))":4,"(Float16(0.6074), Float16(1.008))":96},"65":{"(Float16(0.4976), Float16(0.8975))":97,"(Float16(0.95), Float16(1.351))":3},"97":{"(Float16(0.498), Float16(0.898))":100}}