{"5":{"(Float16(0.0003307), Float16(0.5005))":100},"4":{"(Float16(0.0002344), Float16(0.5))":100},"6":{"(Float16(0.0002904), Float16(0.5005))":100},"7":{"(Float16(0.0002842), Float16(0.5005))":100},"2":{"(Float16(0.000196), Float16(0.5))":100},"10":{"(Float16(0.838), Float16(1.338))":1,"(Float16(0.0003068), Float16(0.5005))":99},"9":{"(Float16(0.000184), Float16(0.5))":100},"8":{"(Float16(0.0003757), Float16(0.5005))":100},"3":{"(Float16(0.0003393), Float16(0.5005))":99,"(Float16(0.9233), Float16(1.424))":1},"1":{"(Float16(0.0002658), Float16(0.5005))":100}}