{"5":{"(Float16(0.0001178), Float16(0.5))":89,"(Float16(0.619), Float16(1.119))":11},"56":{"(Float16(0.7153), Float16(1.215))":5,"(Float16(0.000138), Float16(0.5))":95},"35":{"(Float16(0.0001304), Float16(0.5))":100},"55":{"(Float16(0.7676), Float16(1.268))":3,"(Float16(9.53e-5), Float16(0.5))":97},"60":{"(Float16(8.583e-5), Float16(0.5))":100},"30":{"(Float16(8.786e-5), Float16(0.5))":100},"32":{"(Float16(7.14e-5), Float16(0.5))":100},"6":{"(Float16(0.0001705), Float16(0.5))":100},"67":{"(Float16(0.0001276), Float16(0.5))":100},"45":{"(Float16(0.000122), Float16(0.5))":100},"73":{"(Float16(0.00010204), Float16(0.5))":100},"64":{"(Float16(8.273e-5), Float16(0.5))":100},"90":{"(Float16(0.0001868), Float16(0.5))":100},"4":{"(Float16(0.00010765), Float16(0.5))":100},"13":{"(Float16(0.00010705), Float16(0.5))":100},"54":{"(Float16(6.855e-5), Float16(0.5))":100},"63":{"(Float16(0.0001631), Float16(0.5))":98,"(Float16(0.9375), Float16(1.4375))":2},"86":{"(Float16(0.0001287), Float16(0.5))":100},"91":{"(Float16(9.19e-5), Float16(0.5))":100},"62":{"(Float16(8.5e-5), Float16(0.5))":100},"58":{"(Float16(9.704e-5), Float16(0.5))":100},"52":{"(Float16(9.26e-5), Float16(0.5))":100},"12":{"(Float16(6.45e-5), Float16(0.5))":100},"28":{"(Float16(8.994e-5), Float16(0.5))":100},"75":{"(Float16(8.74e-5), Float16(0.5))":93,"(Float16(0.7627), Float16(1.263))":7},"23":{"(Float16(7.63e-5), Float16(0.5))":100},"92":{"(Float16(0.0001376), Float16(0.5))":100},"41":{"(Float16(5.186e-5), Float16(0.5))":100},"43":{"(Float16(9.406e-5), Float16(0.5))":100},"11":{"(Float16(0.9746), Float16(1.475))":2,"(Float16(0.0001247), Float16(0.5))":98},"36":{"(Float16(0.0001676), Float16(0.5))":100},"68":{"(Float16(0.0001659), Float16(0.5))":100},"69":{"(Float16(5.877e-5), Float16(0.5))":100},"98":{"(Float16(5.4e-5), Float16(0.5))":100},"82":{"(Float16(0.0002348), Float16(0.5))":100},"85":{"(Float16(0.0001452), Float16(0.5))":100},"39":{"(Float16(4.643e-5), Float16(0.5))":98,"(Float16(0.879), Float16(1.379))":2},"84":{"(Float16(8.58e-5), Float16(0.5))":100},"77":{"(Float16(8.684e-5), Float16(0.5))":98,"(Float16(0.624), Float16(1.124))":2},"7":{"(Float16(9.69e-5), Float16(0.5))":100},"25":{"(Float16(9.245e-5), Float16(0.5))":100},"95":{"(Float16(0.0001326), Float16(0.5))":100},"71":{"(Float16(0.0001013), Float16(0.5))":100},"66":{"(Float16(8.24e-5), Float16(0.5))":100},"76":{"(Float16(7.284e-5), Float16(0.5))":100},"34":{"(Float16(9.227e-5), Float16(0.5))":100},"50":{"(Float16(0.0001571), Float16(0.5))":100},"59":{"(Float16(0.0001194), Float16(0.5))":100},"93":{"(Float16(0.0001055), Float16(0.5))":97,"(Float16(0.786), Float16(1.286))":3},"2":{"(Float16(0.00010383), Float16(0.5))":100},"10":{"(Float16(0.00010824), Float16(0.5))":100},"18":{"(Float16(0.0001311), Float16(0.5))":100},"26":{"(Float16(8.23e-5), Float16(0.5))":100},"27":{"(Float16(6.27e-5), Float16(0.5))":100},"42":{"(Float16(0.0001503), Float16(0.5))":100},"87":{"(Float16(0.0001405), Float16(0.5))":100},"100":{"(Float16(0.752), Float16(1.252))":5,"(Float16(0.000124), Float16(0.5))":95},"79":{"(Float16(0.0002081), Float16(0.5))":100},"16":{"(Float16(0.0001714), Float16(0.5))":100},"20":{"(Float16(0.0001745), Float16(0.5))":100},"81":{"(Float16(0.0001363), Float16(0.5))":100},"19":{"(Float16(0.0001613), Float16(0.5))":100},"49":{"(Float16(4.524e-5), Float16(0.5))":99,"(Float16(0.76), Float16(1.26))":1},"44":{"(Float16(0.0001061), Float16(0.5))":100},"9":{"(Float16(7.16e-5), Float16(0.5))":100},"31":{"(Float16(8.13e-5), Float16(0.5))":100},"74":{"(Float16(0.0002112), Float16(0.5))":100},"61":{"(Float16(0.0001924), Float16(0.5))":96,"(Float16(0.742), Float16(1.242))":4},"29":{"(Float16(0.0001116), Float16(0.5))":100},"94":{"(Float16(9.423e-5), Float16(0.5))":99,"(Float16(0.7744), Float16(1.274))":1},"46":{"(Float16(0.00010943), Float16(0.5))":100},"57":{"(Float16(0.0001557), Float16(0.5))":100},"70":{"(Float16(0.0001795), Float16(0.5))":100},"21":{"(Float16(0.0001237), Float16(0.5))":100},"38":{"(Float16(0.0001082), Float16(0.5))":100},"88":{"(Float16(3.934e-5), Float16(0.5))":100},"78":{"(Float16(6.26e-5), Float16(0.5))":100},"72":{"(Float16(0.0001357), Float16(0.5))":100},"24":{"(Float16(8.5e-6), Float16(0.5))":37,"(Float16(0.701), Float16(1.201))":63},"8":{"(Float16(0.0001214), Float16(0.5))":100},"17":{"(Float16(0.0001278), Float16(0.5))":100},"37":{"(Float16(0.739), Float16(1.238))":2,"(Float16(0.0001397), Float16(0.5))":98},"1":{"(Float16(9.16e-5), Float16(0.5))":100},"53":{"(Float16(0.0001931), Float16(0.5))":100},"22":{"(Float16(0.0001835), Float16(0.5))":100},"47":{"(Float16(0.0001539), Float16(0.5))":100},"83":{"(Float16(7.59e-5), Float16(0.5))":100},"99":{"(Float16(0.0001323), Float16(0.5))":100},"89":{"(Float16(0.000121), Float16(0.5))":100},"14":{"(Float16(6.59e-5), Float16(0.5))":100},"3":{"(Float16(0.00011903), Float16(0.5))":100},"80":{"(Float16(0.0001624), Float16(0.5))":91,"(Float16(0.8213), Float16(1.321))":9},"96":{"(Float16(9.0e-5), Float16(0.5))":100},"51":{"(Float16(0.0001022), Float16(0.5))":100},"33":{"(Float16(9.07e-5), Float16(0.5))":100},"40":{"(Float16(8.7e-5), Float16(0.5))":100},"48":{"(Float16(0.0001097), Float16(0.5))":100},"15":{"(Float16(0.00011075), Float16(0.5))":100},"65":{"(Float16(0.876), Float16(1.376))":1,"(Float16(7.13e-5), Float16(0.5))":99},"97":{"(Float16(0.754), Float16(1.254))":1,"(Float16(6.34e-5), Float16(0.5))":99}}