{"1":[0.501,0.5005,0.05032,0.501,0.5005,0.95,0.05023,0.501,0.95,0.5005,0.95,0.9497,0.9497,0.05008,0.95,0.05017,0.95,0.501,0.0513,0.05005,0.05032,0.0503,0.95,0.5005,0.0515,0.9497,0.5005,0.501,0.05005,0.5005,0.5005,0.501,0.95,0.501,0.95,0.95,0.0501,0.501,0.501,0.05054,0.501,0.05023,0.501,0.5005,0.05005,0.5005,0.05057,0.05066,0.95,0.95,0.05054,0.95,0.501,0.0506,0.95,0.95,0.501,0.95,0.5005,0.501,0.5005,0.501,0.95,0.5005,0.501,0.5005,0.5005,0.501,0.9497,0.05032,0.501,0.501,0.0501,0.501,0.05026,0.05063,0.501,0.05008,0.5005,0.05023,0.501,0.501,0.0506,0.5005,0.5005,0.0512,0.05075,0.5005,0.501,0.0501,0.9497,0.05017,0.05054,0.0512,0.5005,0.501,0.95,0.05066,0.5005,0.5005],"2":[0.05023,0.95,0.5,0.95,0.05038,0.4995,0.499,0.499,0.0503,0.05017,0.5,0.95,0.4988,0.95,0.05017,0.9497,0.05038,0.95,0.5,0.5,0.4985,0.05054,0.5,0.05023,0.4998,0.4995,0.4988,0.05038,0.4995,0.4995,0.95,0.95,0.95,0.4995,0.95,0.5,0.4995,0.95,0.5,0.05035,0.5,0.5,0.05026,0.5,0.05014,0.05017,0.949,0.95,0.9497,0.5,0.4993,0.4993,0.95,0.9497,0.9497,0.05017,0.5,0.5,0.0503,0.5,0.05023,0.5,0.5,0.05035,0.499,0.95,0.05023,0.95,0.5,0.9497,0.4998,0.5,0.05023,0.05035,0.5,0.95,0.9497,0.5,0.5,0.4995,0.95,0.5,0.5,0.95,0.05008,0.4998,0.4993,0.4993,0.0501,0.5,0.5,0.05026,0.05023,0.5,0.95,0.4998,0.5,0.5,0.4998,0.95],"3":[0.0504,0.05035,0.95,0.5,0.5,0.5,0.4988,0.95,0.5,0.05093,0.95,0.05045,0.95,0.5,0.4995,0.5,0.5,0.05035,0.05026,0.05048,0.5,0.4998,0.05072,0.95,0.499,0.5,0.9497,0.0504,0.5,0.4998,0.5,0.4998,0.4998,0.0506,0.4988,0.5,0.5,0.4995,0.5,0.499,0.5,0.5,0.949,0.95,0.95,0.0511,0.5,0.05093,0.5,0.95,0.5,0.5,0.5,0.949,0.5,0.4998,0.5,0.4998,0.05066,0.5,0.5,0.4998,0.05045,0.5,0.05035,0.05038,0.5,0.5,0.5,0.05063,0.05038,0.4998,0.05048,0.5,0.949,0.5,0.5,0.5,0.5,0.5,0.05054,0.5,0.05054,0.5,0.5,0.05035,0.05038,0.05048,0.949,0.0504,0.5,0.05066,0.5,0.5,0.5,0.9497,0.05026,0.5,0.05023,0.0502]}