{"4":[0.791,0.791,0.791,0.509,0.2457,0.509,0.2246,0.08545,0.2432,0.4912,0.27,0.1719,0.2257,0.791,0.201,0.12024,0.0959,0.791,0.791,0.791,0.5674,0.1477,0.1993,0.791,0.2303,0.791,0.7915,0.2126,0.792,0.7925,0.1776,0.793,0.793,0.1477,0.563,0.2246,0.4678,0.793,0.793,0.793,0.793,0.4912,0.1702,0.7925,0.792,0.792,0.1776,0.792,0.792,0.792,0.3047,0.792,0.2303,0.792,0.2126,0.792,0.7915,0.791,0.509,0.2257,0.791,0.791,0.7915,0.1702,0.792,0.792,0.792,0.792,0.792,0.4678,0.533,0.463,0.201,0.792,0.792,0.0959,0.792,0.792,0.563,0.12024,0.463,0.792,0.3047,0.533,0.792,0.792,0.792,0.08545,0.792,0.7915,0.2457,0.27,0.1993,0.791,0.5674,0.791,0.791,0.791,0.1719,0.2432],"1":[0.3774,0.3777,0.378,0.378,0.7437,0.378,0.378,0.841,0.832,0.04895,0.378,0.04852,0.378,0.832,0.728,0.378,0.378,0.3777,0.7197,0.3774,0.3774,0.3777,0.787,0.7695,0.7896,0.7876,0.05807,0.04538,0.378,0.378,0.378,0.7734,0.05157,0.3777,0.7896,0.04895,0.3774,0.3774,0.801,0.786,0.04803,0.7695,0.7705,0.1122,0.7817,0.3774,0.3777,0.7705,0.786,0.7197,0.378,0.378,0.378,0.378,0.378,0.378,0.841,0.378,0.7817,0.3777,0.3774,0.3772,0.377,0.377,0.377,0.3772,0.3774,0.3777,0.04803,0.378,0.378,0.378,0.7437,0.378,0.05807,0.378,0.04538,0.378,0.378,0.378,0.378,0.378,0.378,0.378,0.7876,0.801,0.378,0.05157,0.04852,0.787,0.7734,0.728,0.378,0.1122,0.378,0.7734,0.3777,0.3774,0.3774,0.3774],"5":[0.6836,0.05133,0.6846,0.199,0.1606,0.6846,0.2615,0.6846,0.6846,0.6846,0.685,0.073,0.6846,0.1606,0.1818,0.684,0.6836,0.6836,0.2678,0.6836,0.6836,0.6836,0.6836,0.6836,0.6836,0.6836,0.2883,0.2883,0.2832,0.683,0.6826,0.6816,0.01369,0.681,0.6807,0.6807,0.6807,0.681,0.6816,0.6826,0.6836,0.6846,0.04034,0.2615,0.199,0.685,0.6855,0.6855,0.685,0.2283,0.6846,0.6846,0.685,0.685,0.6855,0.2832,0.02924,0.2678,0.05133,0.6855,0.6846,0.6855,0.6855,0.02924,0.6855,0.2173,0.685,0.6846,0.684,0.6836,0.683,0.6826,0.682,0.2883,0.6816,0.6816,0.2703,0.6816,0.2283,0.682,0.6826,0.2703,0.6826,0.683,0.6836,0.684,0.6846,0.1606,0.6846,0.1818,0.2173,0.6846,0.684,0.01369,0.6846,0.684,0.073,0.6836,0.04034,0.6836],"2":[0.2852,0.2854,0.2856,0.2856,0.2856,0.8574,0.2854,0.7354,0.2847,0.2852,0.784,0.5986,0.75,0.882,0.285,0.2847,0.8535,0.2844,0.2842,0.2842,0.2842,0.658,0.8584,0.2842,0.8584,0.7383,0.2842,0.635,0.2842,0.2847,0.2847,0.784,0.75,0.866,0.2844,0.7495,0.668,0.866,0.2847,0.2844,0.2842,0.2842,0.2842,0.843,0.7324,0.7354,0.2844,0.2847,0.285,0.2852,0.7256,0.5986,0.843,0.745,0.8535,0.865,0.668,0.285,0.8574,0.2847,0.2852,0.7495,0.856,0.2854,0.2856,0.2856,0.5254,0.658,0.2856,0.856,0.2856,0.2856,0.635,0.286,0.2861,0.2861,0.2861,0.2861,0.2861,0.286,0.2861,0.2861,0.286,0.745,0.7236,0.7383,0.882,0.2856,0.2856,0.865,0.2856,0.2854,0.5254,0.2852,0.2852,0.7256,0.7236,0.2852,0.7324,0.2852],"3":[0.759,0.2,0.2366,0.759,0.759,0.1726,0.196,0.2725,0.759,0.759,0.2458,0.2395,0.759,0.759,0.2458,0.3057,0.759,0.7593,0.76,0.2395,0.76,0.2235,0.3442,0.2366,0.7603,0.7607,0.1858,0.2386,0.1926,0.7607,0.7607,0.7607,0.1926,0.2395,0.761,0.3018,0.7603,0.2725,0.761,0.1858,0.3442,0.7607,0.7607,0.7603,0.46,0.2386,0.76,0.76,0.2397,0.2397,0.76,0.759,0.2235,0.7583,0.2435,0.758,0.1819,0.758,0.2,0.2435,0.758,0.758,0.7573,0.2568,0.757,0.2354,0.757,0.757,0.196,0.757,0.757,0.2756,0.757,0.757,0.757,0.757,0.3057,0.757,0.4475,0.757,0.7573,0.758,0.2568,0.758,0.2354,0.758,0.1726,0.4475,0.46,0.7583,0.759,0.759,0.1819,0.3115,0.3018,0.759,0.759,0.3115,0.759,0.2756]}