{"5":{"(Float16(0.05), Float16(0.06))":23,"(Float16(0.4988), Float16(0.509))":49,"(Float16(0.2578), Float16(0.2678))":4,"(Float16(0.949), Float16(0.959))":24},"56":{"(Float16(0.05), Float16(0.06))":28,"(Float16(0.7314), Float16(0.741))":3,"(Float16(0.2644), Float16(0.2744))":2,"(Float16(0.949), Float16(0.959))":20,"(Float16(0.5005), Float16(0.5103))":45,"(Float16(0.2922), Float16(0.3022))":2},"55":{"(Float16(0.7227), Float16(0.7324))":2,"(Float16(0.05005), Float16(0.06006))":30,"(Float16(0.2883), Float16(0.2983))":2,"(Float16(0.4998), Float16(0.51))":45,"(Float16(0.949), Float16(0.959))":21},"35":{"(Float16(0.2642), Float16(0.2742))":4,"(Float16(0.05), Float16(0.06))":19,"(Float16(0.709), Float16(0.7188))":2,"(Float16(0.4998), Float16(0.51))":39,"(Float16(0.949), Float16(0.959))":36},"60":{"(Float16(0.2695), Float16(0.2795))":3,"(Float16(0.05005), Float16(0.06006))":26,"(Float16(0.499), Float16(0.509))":37,"(Float16(0.949), Float16(0.959))":34},"30":{"(Float16(0.05), Float16(0.06))":20,"(Float16(0.2563), Float16(0.2664))":2,"(Float16(0.948), Float16(0.958))":37,"(Float16(0.499), Float16(0.509))":39,"(Float16(0.269), Float16(0.279))":2},"32":{"(Float16(0.9497), Float16(0.9595))":23,"(Float16(0.71), Float16(0.7197))":3,"(Float16(0.05), Float16(0.06))":23,"(Float16(0.747), Float16(0.757))":2,"(Float16(0.4993), Float16(0.5093))":49},"6":{"(Float16(0.05), Float16(0.06))":21,"(Float16(0.2559), Float16(0.2659))":4,"(Float16(0.4995), Float16(0.5093))":48,"(Float16(0.9487), Float16(0.9585))":27},"67":{"(Float16(0.05005), Float16(0.06006))":21,"(Float16(0.948), Float16(0.958))":34,"(Float16(0.2598), Float16(0.2698))":2,"(Float16(0.4995), Float16(0.5093))":37,"(Float16(0.2812), Float16(0.2913))":2,"(Float16(0.293), Float16(0.303))":4},"45":{"(Float16(0.05005), Float16(0.06006))":24,"(Float16(0.2666), Float16(0.2766))":4,"(Float16(0.948), Float16(0.958))":30,"(Float16(0.4995), Float16(0.5093))":42},"73":{"(Float16(0.9497), Float16(0.9595))":25,"(Float16(0.05), Float16(0.06))":26,"(Float16(0.4995), Float16(0.5093))":41,"(Float16(0.276), Float16(0.286))":2,"(Float16(0.708), Float16(0.718))":3,"(Float16(0.2651), Float16(0.2751))":3},"64":{"(Float16(0.5), Float16(0.51))":49,"(Float16(0.95), Float16(0.96))":20,"(Float16(0.05008), Float16(0.0601))":29,"(Float16(0.2827), Float16(0.2927))":2},"90":{"(Float16(0.4985), Float16(0.5083))":33,"(Float16(0.2795), Float16(0.2896))":2,"(Float16(0.266), Float16(0.2761))":4,"(Float16(0.254), Float16(0.264))":2,"(Float16(0.05005), Float16(0.06006))":23,"(Float16(0.948), Float16(0.958))":35,"(Float16(0.718), Float16(0.7275))":1},"4":{"(Float16(0.05005), Float16(0.06006))":27,"(Float16(0.4995), Float16(0.5093))":44,"(Float16(0.949), Float16(0.959))":29},"13":{"(Float16(0.05), Float16(0.06))":26,"(Float16(0.2893), Float16(0.2993))":4,"(Float16(0.9487), Float16(0.9585))":21,"(Float16(0.251), Float16(0.261))":4,"(Float16(0.5005), Float16(0.5103))":45},"54":{"(Float16(0.9497), Float16(0.9595))":31,"(Float16(0.4998), Float16(0.51))":46,"(Float16(0.05008), Float16(0.0601))":23},"63":{"(Float16(0.05), Float16(0.06))":30,"(Float16(0.4998), Float16(0.51))":38,"(Float16(0.949), Float16(0.959))":30,"(Float16(0.7085), Float16(0.7183))":2},"86":{"(Float16(0.05005), Float16(0.06006))":30,"(Float16(0.4998), Float16(0.51))":34,"(Float16(0.9487), Float16(0.9585))":33,"(Float16(0.742), Float16(0.752))":3},"91":{"(Float16(0.724), Float16(0.734))":1,"(Float16(0.948), Float16(0.958))":34,"(Float16(0.05002), Float16(0.06003))":28,"(Float16(0.4993), Float16(0.5093))":37},"62":{"(Float16(0.4985), Float16(0.5083))":50,"(Float16(0.05), Float16(0.06))":25,"(Float16(0.949), Float16(0.959))":22,"(Float16(0.2827), Float16(0.2927))":3},"58":{"(Float16(0.05017), Float16(0.06018))":36,"(Float16(0.948), Float16(0.958))":26,"(Float16(0.499), Float16(0.509))":35,"(Float16(0.744), Float16(0.754))":3},"52":{"(Float16(0.05), Float16(0.06))":23,"(Float16(0.4998), Float16(0.51))":31,"(Float16(0.949), Float16(0.959))":43,"(Float16(0.2603), Float16(0.2703))":3},"12":{"(Float16(0.05017), Float16(0.06018))":32,"(Float16(0.705), Float16(0.715))":4,"(Float16(0.499), Float16(0.509))":43,"(Float16(0.949), Float16(0.959))":21},"28":{"(Float16(0.703), Float16(0.713))":5,"(Float16(0.5), Float16(0.51))":37,"(Float16(0.05017), Float16(0.06018))":34,"(Float16(0.95), Float16(0.96))":20,"(Float16(0.7324), Float16(0.742))":4},"75":{"(Float16(0.9497), Float16(0.9595))":18,"(Float16(0.2612), Float16(0.2712))":3,"(Float16(0.05), Float16(0.06))":36,"(Float16(0.5), Float16(0.51))":43},"23":{"(Float16(0.95), Float16(0.96))":24,"(Float16(0.741), Float16(0.751))":3,"(Float16(0.05002), Float16(0.06003))":36,"(Float16(0.7), Float16(0.71))":3,"(Float16(0.4998), Float16(0.51))":34},"92":{"(Float16(0.9497), Float16(0.9595))":31,"(Float16(0.5), Float16(0.51))":42,"(Float16(0.05002), Float16(0.06003))":27},"41":{"(Float16(0.286), Float16(0.296))":2,"(Float16(0.5), Float16(0.51))":51,"(Float16(0.9487), Float16(0.9585))":26,"(Float16(0.05008), Float16(0.0601))":21},"43":{"(Float16(0.05005), Float16(0.06006))":31,"(Float16(0.5), Float16(0.51))":44,"(Float16(0.949), Float16(0.959))":25},"69":{"(Float16(0.05), Float16(0.06))":30,"(Float16(0.29), Float16(0.3))":3,"(Float16(0.4998), Float16(0.51))":43,"(Float16(0.949), Float16(0.959))":24},"11":{"(Float16(0.05), Float16(0.06))":25,"(Float16(0.5), Float16(0.51))":31,"(Float16(0.949), Float16(0.959))":40,"(Float16(0.2822), Float16(0.2922))":4},"68":{"(Float16(0.05017), Float16(0.06018))":32,"(Float16(0.948), Float16(0.958))":33,"(Float16(0.4995), Float16(0.5093))":35},"98":{"(Float16(0.05), Float16(0.06))":25,"(Float16(0.2847), Float16(0.2947))":3,"(Float16(0.5), Float16(0.51))":48,"(Float16(0.948), Float16(0.958))":24},"36":{"(Float16(0.71), Float16(0.7197))":1,"(Float16(0.948), Float16(0.958))":30,"(Float16(0.4995), Float16(0.5093))":47,"(Float16(0.05002), Float16(0.06003))":22},"82":{"(Float16(0.9497), Float16(0.9595))":21,"(Float16(0.05014), Float16(0.06015))":31,"(Float16(0.7207), Float16(0.7305))":5,"(Float16(0.7334), Float16(0.743))":4,"(Float16(0.4993), Float16(0.5093))":39},"85":{"(Float16(0.2964), Float16(0.3064))":3,"(Float16(0.7075), Float16(0.7173))":1,"(Float16(0.05), Float16(0.06))":25,"(Float16(0.5), Float16(0.51))":46,"(Float16(0.949), Float16(0.959))":25},"39":{"(Float16(0.7065), Float16(0.7163))":4,"(Float16(0.4995), Float16(0.5093))":35,"(Float16(0.9487), Float16(0.9585))":27,"(Float16(0.0503), Float16(0.0603))":32,"(Float16(0.7236), Float16(0.7334))":2},"84":{"(Float16(0.4985), Float16(0.5083))":37,"(Float16(0.05), Float16(0.06))":26,"(Float16(0.276), Float16(0.286))":5,"(Float16(0.949), Float16(0.959))":32},"77":{"(Float16(0.05), Float16(0.06))":28,"(Float16(0.5), Float16(0.51))":35,"(Float16(0.272), Float16(0.282))":2,"(Float16(0.949), Float16(0.959))":33,"(Float16(0.2832), Float16(0.2932))":2},"7":{"(Float16(0.714), Float16(0.7236))":4,"(Float16(0.725), Float16(0.735))":2,"(Float16(0.05017), Float16(0.06018))":34,"(Float16(0.948), Float16(0.958))":24,"(Float16(0.4995), Float16(0.5093))":36},"25":{"(Float16(0.05014), Float16(0.06015))":41,"(Float16(0.4998), Float16(0.51))":39,"(Float16(0.949), Float16(0.959))":20},"95":{"(Float16(0.4985), Float16(0.5083))":33,"(Float16(0.05), Float16(0.06))":20,"(Float16(0.2915), Float16(0.3015))":2,"(Float16(0.2656), Float16(0.2756))":2,"(Float16(0.949), Float16(0.959))":43},"71":{"(Float16(0.05), Float16(0.06))":31,"(Float16(0.7295), Float16(0.7393))":2,"(Float16(0.5), Float16(0.51))":43,"(Float16(0.949), Float16(0.959))":24},"66":{"(Float16(0.05), Float16(0.06))":33,"(Float16(0.4998), Float16(0.51))":31,"(Float16(0.949), Float16(0.959))":36},"76":{"(Float16(0.05), Float16(0.06))":23,"(Float16(0.2622), Float16(0.2722))":2,"(Float16(0.5), Float16(0.51))":30,"(Float16(0.949), Float16(0.959))":38,"(Float16(0.274), Float16(0.284))":7},"93":{"(Float16(0.7266), Float16(0.7363))":4,"(Float16(0.05), Float16(0.06))":24,"(Float16(0.5), Float16(0.51))":47,"(Float16(0.95), Float16(0.96))":25},