{"5":{"(Float16(0.00011986), Float16(0.2001))":26,"(Float16(0.799), Float16(0.999))":47,"(Float16(0.3794), Float16(0.5796))":27},"56":{"(Float16(0.573), Float16(0.7734))":77,"(Float16(0.9756), Float16(1.176))":3,"(Float16(2.36e-5), Float16(0.2001))":20},"35":{"(Float16(0.784), Float16(0.9844))":57,"(Float16(0.0004687), Float16(0.2004))":39,"(Float16(0.4194), Float16(0.6196))":4},"55":{"(Float16(0.8057), Float16(1.006))":43,"(Float16(0.001101), Float16(0.201))":5,"(Float16(0.2776), Float16(0.4775))":51,"(Float16(0.583), Float16(0.783))":1},"60":{"(Float16(0.3882), Float16(0.5884))":1,"(Float16(0.6934), Float16(0.8936))":55,"(Float16(0.000415), Float16(0.2004))":44},"30":{"(Float16(0.2913), Float16(0.4912))":31,"(Float16(0.0003662), Float16(0.2003))":14,"(Float16(0.7334), Float16(0.9336))":55},"32":{"(Float16(0.0002785), Float16(0.2003))":26,"(Float16(0.4614), Float16(0.6616))":42,"(Float16(0.8477), Float16(1.048))":32},"6":{"(Float16(0.0003333), Float16(0.2003))":50,"(Float16(0.7783), Float16(0.9785))":49,"(Float16(0.5225), Float16(0.7227))":1},"67":{"(Float16(0.0002983), Float16(0.2003))":26,"(Float16(0.4666), Float16(0.6665))":37,"(Float16(0.8145), Float16(1.015))":37},"45":{"(Float16(0.5996), Float16(0.8))":80,"(Float16(0.00010693), Float16(0.2001))":20},"73":{"(Float16(0.3447), Float16(0.545))":40,"(Float16(0.9927), Float16(1.192))":1,"(Float16(3.49e-5), Float16(0.2001))":6,"(Float16(0.742), Float16(0.9424))":53},"64":{"(Float16(0.76), Float16(0.96))":55,"(Float16(4.02e-5), Float16(0.2001))":8,"(Float16(0.3374), Float16(0.5376))":37},"90":{"(Float16(0.3442), Float16(0.5444))":14,"(Float16(1.1e-5), Float16(0.2))":30,"(Float16(0.747), Float16(0.9473))":56},"4":{"(Float16(0.4453), Float16(0.6455))":16,"(Float16(0.8057), Float16(1.006))":37,"(Float16(0.0002165), Float16(0.2002))":47},"13":{"(Float16(0.3481), Float16(0.5483))":1,"(Float16(0.0002518), Float16(0.2002))":42,"(Float16(0.7227), Float16(0.923))":57},"54":{"(Float16(0.374), Float16(0.574))":33,"(Float16(0.0002071), Float16(0.2002))":22,"(Float16(0.7812), Float16(0.9814))":45},"63":{"(Float16(0.0002375), Float16(0.2002))":30,"(Float16(0.4346), Float16(0.635))":46,"(Float16(0.855), Float16(1.055))":24},"86":{"(Float16(0.0001339), Float16(0.2001))":22,"(Float16(0.8447), Float16(1.045))":24,"(Float16(0.437), Float16(0.637))":54},"91":{"(Float16(0.0003161), Float16(0.2003))":30,"(Float16(0.6377), Float16(0.838))":70},"62":{"(Float16(0.000256), Float16(0.2002))":51,"(Float16(0.7715), Float16(0.9717))":49},"58":{"(Float16(0.8457), Float16(1.046))":25,"(Float16(0.0001681), Float16(0.2002))":25,"(Float16(0.463), Float16(0.663))":50},"52":{"(Float16(4.04e-5), Float16(0.2001))":17,"(Float16(0.713), Float16(0.913))":67,"(Float16(0.4314), Float16(0.6313))":16},"12":{"(Float16(0.331), Float16(0.5312))":1,"(Float16(0.0003316), Float16(0.2003))":43,"(Float16(0.709), Float16(0.909))":56},"28":{"(Float16(0.000553), Float16(0.2006))":23,"(Float16(0.788), Float16(0.9883))":41,"(Float16(0.433), Float16(0.6333))":36},"75":{"(Float16(0.0002913), Float16(0.2003))":52,"(Float16(0.7764), Float16(0.9766))":48},"23":{"(Float16(6.51e-5), Float16(0.2001))":34,"(Float16(0.7725), Float16(0.9727))":52,"(Float16(0.4905), Float16(0.6904))":14},"92":{"(Float16(0.3857), Float16(0.586))":31,"(Float16(0.0002062), Float16(0.2002))":13,"(Float16(0.7783), Float16(0.9785))":56},"41":{"(Float16(0.6514), Float16(0.8516))":76,"(Float16(0.0001628), Float16(0.2002))":23,"(Float16(0.9575), Float16(1.157))":1},"43":{"(Float16(6.56e-6), Float16(0.2))":35,"(Float16(0.414), Float16(0.6143))":10,"(Float16(0.7695), Float16(0.9697))":55},"11":{"(Float16(0.0001899), Float16(0.2002))":30,"(Float16(0.4116), Float16(0.612))":38,"(Float16(0.7812), Float16(0.9814))":32},"36":{"(Float16(0.3184), Float16(0.5186))":34,"(Float16(0.0002162), Float16(0.2002))":18,"(Float16(0.714), Float16(0.914))":48},"68":{"(Float16(0.374), Float16(0.574))":11,"(Float16(8.917e-5), Float16(0.2001))":35,"(Float16(0.9473), Float16(1.147))":1,"(Float16(0.7227), Float16(0.923))":53},"69":{"(Float16(0.828), Float16(1.028))":29,"(Float16(0.2952), Float16(0.495))":4,"(Float16(0.5537), Float16(0.754))":44,"(Float16(0.0), Float16(0.2))":23},"98":{"(Float16(0.3948), Float16(0.5947))":2,"(Float16(0.0001376), Float16(0.2002))":21,"(Float16(0.6377), Float16(0.838))":77},"82":{"(Float16(0.6494), Float16(0.8496))":67,"(Float16(0.0003781), Float16(0.2003))":33},"85":{"(Float16(0.5137), Float16(0.714))":40,"(Float16(0.8574), Float16(1.058))":35,"(Float16(0.000455), Float16(0.2004))":25},"39":{"(Float16(0.0002742), Float16(0.2003))":43,"(Float16(0.919), Float16(1.119))":7,"(Float16(0.673), Float16(0.873))":50},"84":{"(Float16(0.0002916), Float16(0.2003))":33,"(Float16(0.551), Float16(0.751))":42,"(Float16(0.876), Float16(1.076))":25},"77":{"(Float16(5.16e-5), Float16(0.2001))":21,"(Float16(0.833), Float16(1.033))":39,"(Float16(0.4253), Float16(0.6255))":40},"7":{"(Float16(0.00036), Float16(0.2003))":30,"(Float16(0.3967), Float16(0.5967))":22,"(Float16(0.753), Float16(0.953))":48},"25":{"(Float16(0.0002141), Float16(0.2002))":25,"(Float16(0.8027), Float16(1.003))":50,"(Float16(0.545), Float16(0.745))":25},"95":{"(Float16(0.2832), Float16(0.4832))":52,"(Float16(0.7646), Float16(0.965))":45,"(Float16(0.0004973), Float16(0.2004))":3},"71":{"(Float16(0.6973), Float16(0.8975))":54,"(Float16(0.928), Float16(1.128))":3,"(Float16(2.4e-7), Float16(0.2))":43},"66":{"(Float16(0.3296), Float16(0.53))":33,"(Float16(0.000488), Float16(0.2004))":18,"(Float16(0.7627), Float16(0.963))":49},"76":{"(Float16(0.0001476), Float16(0.2002))":27,"(Float16(0.4438), Float16(0.644))":33,"(Float16(0.8164), Float16(1.017))":40},"34":{"(Float16(0.0001469), Float16(0.2002))":26,"(Float16(0.587), Float16(0.787))":74},"50":{"(Float16(0.915), Float16(1.115))":1,"(Float16(0.000444), Float16(0.2004))":37,"(Float16(0.6885), Float16(0.8887))":62},"59":{"(Float16(0.314), Float16(0.514))":36,"(Float16(7.844e-5), Float16(0.2001))":16,"(Float16(0.742), Float16(0.9424))":48},"93":{"(Float16(0.0005207), Float16(0.2006))":45,"(Float16(0.714), Float16(0.914))":55},"2":{"(Float16(2.4e-7), Float16(0.2))":33,"(Float16(0.317), Float16(0.517))":5,"(Float16(0.673), Float16(0.873))":62},"10":{"(Float16(0.3137), Float16(0.5137))":1,"(Float16(0.579), Float16(0.7793))":53,"(Float16(0.8486), Float16(1.049))":19,"(Float16(3.91e-5), Float16(0.2001))":27},"18":{"(Float16(0.3796), Float16(0.5796))":16,"(Float16(0.7803), Float16(0.9805))":54,"(Float16(3.8e-5), Float16(0.2001))":30},"26":{"(Float16(0.623), Float16(0.823))":70,"(Float16(0.0003796), Float16(0.2004))":29,"(Float16(0.3901), Float16(0.5903))":1},"27":{"(Float16(0.8184), Float16(1.019))":33,"(Float16(0.4097), Float16(0.61))":41,"(Float16(0.00039), Float16(0.2004))":26},"42":{"(Float16(0.0003264), Float16(0.2003))":24,"(Float16(0.7363), Float16(0.9365))":52,"(Float16(0.3564), Float16(0.5566))":24},"87":{"(Float16(0.7686), Float16(0.9688))":42,"(Float16(0.000484), Float16(0.2004))":32,"(Float16(0.4214), Float16(0.6216))":26},"100":{"(Float16(0.0005236), Float16(0.2006))":41,"(Float16(0.3584), Float16(0.5586))":2,"(Float16(0.674), Float16(0.874))":57},"79":{"(Float16(0.0001459), Float16(0.2002))":12,"(Float16(0.3542), Float16(0.554))":39,"(Float16(0.786), Float16(0.9863))":49},"16":{"(Float16(0.4153), Float16(0.615))":3,"(Float16(2.4e-7), Float16(0.2))":40,"(Float16(0.984), Float16(1.184))":1,"(Float16(0.702), Float16(0.9023))":56},"20":{"(Float16(0.454), Float16(0.6543))":39,"(Float16(0.7803), Float16(0.9805))":40,"(Float16(0.0002012), Float16(0.2002))":21},"81":{"(Float16(0.3696), Float16(0.57))":32,"(Float16(0.0001575), Float16(0.2002))":19,"(Float16(0.7656), Float16(0.966))":49},"19":{"(Float16(0.00054), Float16(0.2006))":57,"(Float16(0.575), Float16(0.7754))":1,"(Float16(0.795), Float16(0.995))":42},"49":{"(Float16(0.841), Float16(1.041))":25,"(Float16(0.0003395), Float16(0.2003))":31,"(Float16(0.5117), Float16(0.712))":44},"44":{"(Float16(0.6387), Float16(0.839))":68,