{"4":{"(Float16(0.9487), Float16(1.249))":31,"(Float16(0.05005), Float16(0.35))":22,"(Float16(0.5), Float16(0.8))":47},"1":{"(Float16(0.5005), Float16(0.8003))":74,"(Float16(0.05005), Float16(0.35))":26},"5":{"(Float16(0.498), Float16(0.798))":86,"(Float16(0.95), Float16(1.25))":14},"2":{"(Float16(0.0511), Float16(0.351))":1,"(Float16(0.4978), Float16(0.798))":86,"(Float16(0.948), Float16(1.248))":13},"3":{"(Float16(0.5005), Float16(0.8003))":72,"(Float16(0.0501), Float16(0.35))":21,"(Float16(0.949), Float16(1.249))":7}}