{"5":{"(Float16(0.4697), Float16(0.8696))":100},"56":{"(Float16(0.506), Float16(0.906))":100},"35":{"(Float16(0.4941), Float16(0.894))":100},"55":{"(Float16(0.5166), Float16(0.9165))":100},"60":{"(Float16(0.4463), Float16(0.846))":100},"30":{"(Float16(0.474), Float16(0.874))":100},"32":{"(Float16(0.4575), Float16(0.8574))":100},"6":{"(Float16(0.4805), Float16(0.8804))":100},"67":{"(Float16(0.417), Float16(0.817))":100},"45":{"(Float16(0.5195), Float16(0.9194))":100},"73":{"(Float16(0.452), Float16(0.852))":100},"64":{"(Float16(0.436), Float16(0.836))":100},"90":{"(Float16(0.477), Float16(0.877))":100},"4":{"(Float16(0.536), Float16(0.936))":100},"13":{"(Float16(0.4194), Float16(0.8193))":100},"54":{"(Float16(0.001135), Float16(0.4011))":100},"63":{"(Float16(0.4146), Float16(0.8145))":100},"86":{"(Float16(0.4258), Float16(0.8257))":100},"91":{"(Float16(0.4958), Float16(0.896))":100},"62":{"(Float16(0.4841), Float16(0.8843))":100},"58":{"(Float16(0.4473), Float16(0.847))":100},"52":{"(Float16(0.503), Float16(0.903))":100},"12":{"(Float16(0.536), Float16(0.936))":100},"28":{"(Float16(0.4888), Float16(0.8887))":100},"75":{"(Float16(0.001091), Float16(0.4011))":100},"23":{"(Float16(0.4448), Float16(0.8447))":100},"92":{"(Float16(0.4824), Float16(0.8823))":100},"41":{"(Float16(0.001272), Float16(0.4014))":100},"43":{"(Float16(0.4683), Float16(0.868))":100},"11":{"(Float16(0.5117), Float16(0.9116))":100},"36":{"(Float16(0.4624), Float16(0.8623))":100},"68":{"(Float16(0.4429), Float16(0.843))":100},"69":{"(Float16(0.001042), Float16(0.4011))":100},"98":{"(Float16(0.001486), Float16(0.4014))":100},"82":{"(Float16(0.5107), Float16(0.9106))":100},"85":{"(Float16(0.507), Float16(0.9067))":100},"39":{"(Float16(0.4526), Float16(0.8525))":100},"84":{"(Float16(0.505), Float16(0.905))":100},"77":{"(Float16(0.46), Float16(0.86))":100},"7":{"(Float16(0.75), Float16(1.15))":43,"(Float16(0.0012665), Float16(0.4014))":57},"25":{"(Float16(0.4492), Float16(0.849))":100},"95":{"(Float16(0.4233), Float16(0.823))":100},"71":{"(Float16(0.532), Float16(0.932))":100},"66":{"(Float16(0.4958), Float16(0.896))":100},"76":{"(Float16(0.4229), Float16(0.8228))":100},"34":{"(Float16(0.536), Float16(0.936))":100},"50":{"(Float16(0.4343), Float16(0.8345))":100},"59":{"(Float16(0.4634), Float16(0.8633))":100},"93":{"(Float16(0.456), Float16(0.856))":100},"2":{"(Float16(0.748), Float16(1.148))":17,"(Float16(0.00131), Float16(0.4014))":83},"10":{"(Float16(0.5103), Float16(0.91))":100},"18":{"(Float16(0.5303), Float16(0.93))":100},"26":{"(Float16(0.42), Float16(0.82))":100},"27":{"(Float16(0.503), Float16(0.903))":100},"42":{"(Float16(0.492), Float16(0.892))":100},"87":{"(Float16(0.478), Float16(0.878))":100},"100":{"(Float16(0.4563), Float16(0.8564))":100},"79":{"(Float16(0.4988), Float16(0.899))":100},"16":{"(Float16(0.001303), Float16(0.4014))":100},"20":{"(Float16(0.436), Float16(0.836))":100},"81":{"(Float16(0.502), Float16(0.902))":100},"19":{"(Float16(0.001047), Float16(0.4011))":100},"49":{"(Float16(0.4985), Float16(0.8984))":100},"44":{"(Float16(0.503), Float16(0.903))":100},"9":{"(Float16(0.4678), Float16(0.8677))":100},"31":{"(Float16(0.468), Float16(0.868))":100},"74":{"(Float16(0.484), Float16(0.884))":100},"61":{"(Float16(0.456), Float16(0.856))":100},"29":{"(Float16(0.5684), Float16(0.9683))":100},"94":{"(Float16(0.001016), Float16(0.4011))":100},"46":{"(Float16(0.001392), Float16(0.4014))":100},"57":{"(Float16(0.458), Float16(0.858))":100},"70":{"(Float16(0.432), Float16(0.832))":100},"21":{"(Float16(0.00126), Float16(0.4014))":100},"38":{"(Float16(0.001076), Float16(0.4011))":100},"88":{"(Float16(0.434), Float16(0.834))":100},"78":{"(Float16(0.459), Float16(0.859))":100},"72":{"(Float16(0.482), Float16(0.882))":100},"24":{"(Float16(0.4727), Float16(0.8726))":100},"8":{"(Float16(0.437), Float16(0.837))":100},"17":{"(Float16(0.4932), Float16(0.893))":100},"37":{"(Float16(0.5107), Float16(0.9106))":100},"1":{"(Float16(0.00122), Float16(0.4011))":100},"53":{"(Float16(0.479), Float16(0.879))":100},"22":{"(Float16(0.4243), Float16(0.824))":100},"47":{"(Float16(0.4758), Float16(0.876))":100},"83":{"(Float16(0.447), Float16(0.847))":100},"99":{"(Float16(0.0012665), Float16(0.4014))":100},"89":{"(Float16(0.4617), Float16(0.862))":100},"14":{"(Float16(0.4731), Float16(0.873))":100},"3":{"(Float16(0.4844), Float16(0.8843))":100},"80":{"(Float16(0.446), Float16(0.846))":100},"96":{"(Float16(0.5176), Float16(0.9175))":100},"51":{"(Float16(0.4482), Float16(0.848))":100},"33":{"(Float16(0.001226), Float16(0.4011))":100},"40":{"(Float16(0.4407), Float16(0.841))":100},"48":{"(Float16(0.546), Float16(0.946))":100},"15":{"(Float16(0.4893), Float16(0.889))":100},"65":{"(Float16(0.4626), Float16(0.863))":100},"97":{"(Float16(0.5166), Float16(0.9165))":100}}