{"1":[0.501,0.05084,0.501,0.501,0.5005,0.5005,0.501,0.5005,0.95,0.05148,0.5005,0.95,0.05112,0.5005,0.5005,0.0501,0.05188,0.05087,0.5005,0.95,0.501,0.501,0.0501,0.95,0.501,0.05188,0.05127,0.5005,0.501,0.501,0.501,0.501,0.501,0.9497,0.5005,0.0517,0.501,0.05164,0.5005,0.5005,0.501,0.5005,0.0508,0.501,0.05023,0.95,0.95,0.5005,0.501,0.501,0.501,0.05078,0.501,0.05023,0.5005,0.05063,0.501,0.95,0.501,0.501,0.5005,0.501,0.5005,0.501,0.05157,0.05072,0.501,0.0504,0.95,0.5005,0.501,0.501,0.0513,0.5005,0.501,0.05023,0.05127,0.501,0.949,0.501,0.501,0.501,0.5005,0.501,0.501,0.05078,0.05112,0.501,0.9497,0.0503,0.5005,0.9497,0.5005,0.501,0.501,0.949,0.501,0.95,0.0503,0.5005],"2":[0.5,0.5,0.0504,0.948,0.5,0.5,0.5,0.5,0.5,0.5,0.948,0.5,0.5,0.5,0.5,0.5,0.5,0.5,0.9478,0.5,0.5,0.05048,0.5,0.949,0.5,0.95,0.5,0.5,0.949,0.5,0.5,0.5,0.5,0.4998,0.949,0.0502,0.5,0.95,0.949,0.4998,0.4998,0.0505,0.4998,0.4998,0.4998,0.95,0.949,0.4995,0.949,0.4995,0.949,0.05066,0.4995,0.4998,0.051,0.0502,0.4998,0.9497,0.05072,0.4995,0.949,0.051,0.4998,0.4995,0.4995,0.4995,0.05023,0.4995,0.4995,0.4998,0.4995,0.4995,0.4995,0.4995,0.949,0.4998,0.4998,0.05072,0.4995,0.4995,0.0502,0.4995,0.4995,0.4995,0.949,0.4995,0.4995,0.9497,0.95,0.4995,0.4995,0.4998,0.95,0.4998,0.4998,0.4998,0.5,0.05032,0.5,0.5],"3":[0.949,0.05096,0.05115,0.949,0.4998,0.4988,0.5,0.5,0.4995,0.949,0.0504,0.9497,0.05084,0.5,0.949,0.5,0.05017,0.05078,0.4993,0.949,0.5,0.05084,0.5,0.4985,0.4995,0.5,0.9497,0.5,0.949,0.4985,0.5,0.05084,0.05115,0.949,0.0501,0.9497,0.5,0.5,0.499,0.4995,0.05035,0.5,0.0501,0.5,0.4995,0.4995,0.499,0.949,0.5,0.05066,0.5,0.949,0.9497,0.949,0.5,0.4995,0.5,0.5,0.9497,0.4985,0.949,0.05005,0.9497,0.05048,0.05072,0.949,0.5,0.949,0.4985,0.949,0.05035,0.949,0.4988,0.9497,0.5,0.05118,0.949,0.4998,0.949,0.4988,0.5,0.0506,0.949,0.949,0.949,0.949,0.4998,0.5,0.4998,0.05017,0.4998,0.05084,0.4998,0.9497,0.4985,0.4993,0.4985,0.5,0.4993,0.5]}