{"5":{"(Float16(0.4927), Float16(0.8926))":100},"56":{"(Float16(0.498), Float16(0.898))":100},"35":{"(Float16(0.4683), Float16(0.868))":100},"55":{"(Float16(0.508), Float16(0.9077))":100},"60":{"(Float16(0.497), Float16(0.897))":100},"30":{"(Float16(0.4443), Float16(0.844))":100},"32":{"(Float16(0.4832), Float16(0.8833))":100},"6":{"(Float16(0.4653), Float16(0.865))":100},"67":{"(Float16(0.501), Float16(0.901))":100},"45":{"(Float16(0.534), Float16(0.934))":96,"(Float16(0.04984), Float16(0.45))":4},"73":{"(Float16(0.5107), Float16(0.9106))":99,"(Float16(0.03336), Float16(0.4333))":1},"64":{"(Float16(0.8564), Float16(1.257))":1,"(Float16(0.4253), Float16(0.825))":99},"90":{"(Float16(0.5215), Float16(0.9214))":100},"4":{"(Float16(0.4453), Float16(0.845))":97,"(Float16(0.927), Float16(1.327))":3},"13":{"(Float16(0.4917), Float16(0.8916))":100},"54":{"(Float16(0.0743), Float16(0.4744))":6,"(Float16(0.537), Float16(0.937))":94},"63":{"(Float16(0.4517), Float16(0.8516))":99,"(Float16(0.867), Float16(1.268))":1},"86":{"(Float16(0.01201), Float16(0.412))":4,"(Float16(0.548), Float16(0.9478))":96},"91":{"(Float16(0.518), Float16(0.918))":100},"62":{"(Float16(0.4658), Float16(0.8657))":99,"(Float16(0.04968), Float16(0.4497))":1},"58":{"(Float16(0.8467), Float16(1.247))":14,"(Float16(0.3906), Float16(0.7905))":86},"52":{"(Float16(0.543), Float16(0.943))":100},"12":{"(Float16(0.4927), Float16(0.8926))":100},"28":{"(Float16(0.0758), Float16(0.4758))":2,"(Float16(0.5566), Float16(0.9565))":98},"75":{"(Float16(0.501), Float16(0.901))":100},"23":{"(Float16(0.4673), Float16(0.867))":100},"92":{"(Float16(0.04462), Float16(0.4446))":1,"(Float16(0.5566), Float16(0.9565))":99},"41":{"(Float16(0.4966), Float16(0.8965))":100},"43":{"(Float16(0.507), Float16(0.9067))":100},"11":{"(Float16(0.4985), Float16(0.8984))":96,"(Float16(0.961), Float16(1.361))":4},"36":{"(Float16(0.4785), Float16(0.8784))":100},"68":{"(Float16(0.48), Float16(0.88))":100},"69":{"(Float16(0.395), Float16(0.795))":96,"(Float16(0.896), Float16(1.296))":4},"98":{"(Float16(0.4946), Float16(0.8945))":100},"82":{"(Float16(0.4673), Float16(0.867))":100},"85":{"(Float16(0.4866), Float16(0.8867))":100},"39":{"(Float16(0.4722), Float16(0.872))":100},"84":{"(Float16(0.4897), Float16(0.8896))":100},"77":{"(Float16(0.1159), Float16(0.516))":1,"(Float16(0.55), Float16(0.9497))":99},"7":{"(Float16(0.914), Float16(1.314))":2,"(Float16(0.482), Float16(0.882))":98},"25":{"(Float16(0.4834), Float16(0.8833))":100},"95":{"(Float16(0.494), Float16(0.894))":100},"71":{"(Float16(0.504), Float16(0.904))":100},"66":{"(Float16(0.479), Float16(0.879))":100},"76":{"(Float16(0.5107), Float16(0.9106))":99,"(Float16(0.03784), Float16(0.4377))":1},"34":{"(Float16(0.956), Float16(1.356))":4,"(Float16(0.4614), Float16(0.8613))":96},"50":{"(Float16(0.505), Float16(0.905))":100},"59":{"(Float16(0.5107), Float16(0.9106))":100},"93":{"(Float16(0.9194), Float16(1.319))":10,"(Float16(0.4204), Float16(0.8203))":90},"2":{"(Float16(0.474), Float16(0.874))":100},"10":{"(Float16(0.4897), Float16(0.8896))":100},"18":{"(Float16(0.5254), Float16(0.9253))":100},"26":{"(Float16(0.481), Float16(0.881))":100},"27":{"(Float16(0.532), Float16(0.932))":100},"42":{"(Float16(0.5166), Float16(0.9165))":100},"87":{"(Float16(0.5127), Float16(0.9126))":100},"100":{"(Float16(0.507), Float16(0.9067))":100},"79":{"(Float16(0.5264), Float16(0.9263))":100},"16":{"(Float16(0.4917), Float16(0.8916))":99,"(Float16(0.9844), Float16(1.385))":1},"20":{"(Float16(0.484), Float16(0.884))":100},"81":{"(Float16(0.455), Float16(0.855))":99,"(Float16(0.9043), Float16(1.305))":1},"19":{"(Float16(0.5186), Float16(0.9185))":100},"49":{"(Float16(0.5107), Float16(0.9106))":100},"44":{"(Float16(0.5137), Float16(0.9136))":100},"9":{"(Float16(0.498), Float16(0.898))":100},"31":{"(Float16(0.5117), Float16(0.9116))":100},"74":{"(Float16(0.501), Float16(0.901))":100},"61":{"(Float16(0.0562), Float16(0.4563))":4,"(Float16(0.545), Float16(0.945))":96},"29":{"(Float16(0.5312), Float16(0.931))":100},"94":{"(Float16(0.55), Float16(0.9497))":98,"(Float16(0.05655), Float16(0.4565))":2},"46":{"(Float16(0.504), Float16(0.904))":100},"57":{"(Float16(0.4692), Float16(0.869))":100},"70":{"(Float16(0.5303), Float16(0.93))":100},"21":{"(Float16(0.5186), Float16(0.9185))":100},"38":{"(Float16(0.4766), Float16(0.8765))":97,"(Float16(0.03625), Float16(0.4363))":3},"88":{"(Float16(0.5), Float16(0.9))":100},"78":{"(Float16(0.08936), Float16(0.4893))":2,"(Float16(0.586), Float16(0.986))":98},"72":{"(Float16(0.457), Float16(0.857))":100},"24":{"(Float16(0.4712), Float16(0.871))":100},"8":{"(Float16(0.506), Float16(0.906))":100},"17":{"(Float16(0.4673), Float16(0.867))":99,"(Float16(0.9824), Float16(1.383))":1},"37":{"(Float16(0.5283), Float16(0.928))":100},"1":{"(Float16(0.5234), Float16(0.9233))":100},"53":{"(Float16(0.5186), Float16(0.9185))":100},"22":{"(Float16(0.4614), Float16(0.8613))":100},"47":{"(Float16(0.5586), Float16(0.9585))":99,"(Float16(0.01685), Float16(0.4167))":1},"83":{"(Float16(0.00898), Float16(0.409))":1,"(Float16(0.546), Float16(0.946))":99},"99":{"(Float16(0.4678), Float16(0.8677))":100},"89":{"(Float16(0.4585), Float16(0.8584))":98,"(Float16(0.976), Float16(1.376))":2},"14":{"(Float16(0.05316), Float16(0.4531))":2,"(Float16(0.507), Float16(0.9067))":98},"3":{"(Float16(0.496), Float16(0.896))":97,"(Float16(0.0278), Float16(0.4277))":3},"80":{"(Float16(0.496), Float16(0.896))":100},"96":{"(Float16(0.525), Float16(0.925))":100},"51":{"(Float16(0.4602), Float16(0.8604))":100},"33":{"(Float16(0.538), Float16(0.938))":98,"(Float16(0.0418), Float16(0.442))":2},"40":{"(Float16(0.957), Float16(1.357))":2,"(Float16(0.4587), Float16(0.859))":98},"48":{"(Float16(0.0646), Float16(0.4646))":2,"(Float16(0.5264), Float16(0.9263))":98},"15":{"(Float16(0.474), Float16(0.874))":100},"65":{"(Float16(0.4937), Float16(0.8936))":100},"97":{"(Float16(0.509), Float16(0.9087))":100}}