{"5":{"(Float16(7.904e-5), Float16(1.0))":100},"56":{"(Float16(0.00011307), Float16(1.0))":100},"35":{"(Float16(7.39e-5), Float16(1.0))":100},"55":{"(Float16(8.893e-5), Float16(1.0))":100},"60":{"(Float16(6.09e-5), Float16(1.0))":100},"30":{"(Float16(0.0001328), Float16(1.0))":100},"32":{"(Float16(0.0001299), Float16(1.0))":100},"6":{"(Float16(0.0001404), Float16(1.0))":100},"67":{"(Float16(0.00010157), Float16(1.0))":100},"45":{"(Float16(0.0001034), Float16(1.0))":100},"73":{"(Float16(0.0001787), Float16(1.0))":100},"64":{"(Float16(9.75e-5), Float16(1.0))":100},"90":{"(Float16(0.0001466), Float16(1.0))":100},"4":{"(Float16(0.0001317), Float16(1.0))":100},"13":{"(Float16(9.876e-5), Float16(1.0))":100},"54":{"(Float16(0.0001436), Float16(1.0))":100},"63":{"(Float16(0.000179), Float16(1.0))":100},"86":{"(Float16(0.0001552), Float16(1.0))":100},"91":{"(Float16(0.0001032), Float16(1.0))":100},"62":{"(Float16(0.0001514), Float16(1.0))":100},"58":{"(Float16(6.366e-5), Float16(1.0))":100},"52":{"(Float16(2.66e-5), Float16(1.0))":100},"12":{"(Float16(9.48e-5), Float16(1.0))":100},"28":{"(Float16(5.47e-5), Float16(1.0))":100},"75":{"(Float16(0.0001574), Float16(1.0))":100},"23":{"(Float16(0.0001659), Float16(1.0))":100},"92":{"(Float16(9.15e-5), Float16(1.0))":100},"41":{"(Float16(0.000108), Float16(1.0))":100},"43":{"(Float16(9.73e-5), Float16(1.0))":100},"11":{"(Float16(0.0001237), Float16(1.0))":100},"36":{"(Float16(0.0001659), Float16(1.0))":100},"68":{"(Float16(7.653e-5), Float16(1.0))":100},"69":{"(Float16(8.74e-5), Float16(1.0))":100},"98":{"(Float16(0.0001397), Float16(1.0))":100},"82":{"(Float16(0.0001674), Float16(1.0))":100},"85":{"(Float16(0.00012183), Float16(1.0))":100},"39":{"(Float16(6.545e-5), Float16(1.0))":100},"84":{"(Float16(0.0001588), Float16(1.0))":100},"77":{"(Float16(0.0001167), Float16(1.0))":100},"7":{"(Float16(0.0001045), Float16(1.0))":100},"25":{"(Float16(0.0002176), Float16(1.0))":100},"95":{"(Float16(0.0001369), Float16(1.0))":100},"71":{"(Float16(0.0001171), Float16(1.0))":100},"66":{"(Float16(0.00011754), Float16(1.0))":100},"76":{"(Float16(8.48e-5), Float16(1.0))":100},"34":{"(Float16(7.653e-5), Float16(1.0))":100},"50":{"(Float16(0.0001465), Float16(1.0))":100},"59":{"(Float16(9.25e-5), Float16(1.0))":100},"93":{"(Float16(7.39e-5), Float16(1.0))":100},"2":{"(Float16(0.000207), Float16(1.0))":100},"10":{"(Float16(0.0001657), Float16(1.0))":100},"18":{"(Float16(0.0001745), Float16(1.0))":100},"26":{"(Float16(0.0001287), Float16(1.0))":100},"27":{"(Float16(7.415e-5), Float16(1.0))":100},"42":{"(Float16(5.58e-5), Float16(1.0))":100},"87":{"(Float16(0.0001497), Float16(1.0))":100},"100":{"(Float16(0.0001439), Float16(1.0))":100},"79":{"(Float16(0.0001142), Float16(1.0))":100},"16":{"(Float16(0.0001106), Float16(1.0))":100},"20":{"(Float16(9.286e-5), Float16(1.0))":100},"81":{"(Float16(0.0001719), Float16(1.0))":100},"19":{"(Float16(9.11e-5), Float16(1.0))":100},"49":{"(Float16(6.89e-5), Float16(1.0))":100},"44":{"(Float16(8.88e-5), Float16(1.0))":100},"9":{"(Float16(0.0001174), Float16(1.0))":100},"31":{"(Float16(8.61e-5), Float16(1.0))":100},"74":{"(Float16(0.0001165), Float16(1.0))":100},"61":{"(Float16(0.0001898), Float16(1.0))":100},"29":{"(Float16(0.0001302), Float16(1.0))":100},"94":{"(Float16(0.00010383), Float16(1.0))":100},"46":{"(Float16(8.684e-5), Float16(1.0))":100},"57":{"(Float16(0.0001469), Float16(1.0))":100},"70":{"(Float16(8.27e-5), Float16(1.0))":100},"21":{"(Float16(0.0001556), Float16(1.0))":100},"38":{"(Float16(7.814e-5), Float16(1.0))":100},"88":{"(Float16(9.71e-5), Float16(1.0))":100},"78":{"(Float16(8.243e-5), Float16(1.0))":100},"72":{"(Float16(9.38e-5), Float16(1.0))":100},"24":{"(Float16(0.00012195), Float16(1.0))":100},"8":{"(Float16(0.0001758), Float16(1.0))":100},"17":{"(Float16(8.804e-5), Float16(1.0))":100},"37":{"(Float16(0.00012), Float16(1.0))":100},"1":{"(Float16(0.0001243), Float16(1.0))":100},"53":{"(Float16(8.63e-5), Float16(1.0))":100},"22":{"(Float16(0.0001373), Float16(1.0))":100},"47":{"(Float16(7.34e-5), Float16(1.0))":100},"83":{"(Float16(8.1e-5), Float16(1.0))":100},"99":{"(Float16(0.0001105), Float16(1.0))":100},"89":{"(Float16(0.0001571), Float16(1.0))":100},"14":{"(Float16(9.847e-5), Float16(1.0))":100},"3":{"(Float16(0.0002018), Float16(1.0))":100},"80":{"(Float16(0.0001016), Float16(1.0))":100},"96":{"(Float16(8.774e-5), Float16(1.0))":100},"51":{"(Float16(0.000182), Float16(1.0))":100},"33":{"(Float16(0.00011086), Float16(1.0))":100},"40":{"(Float16(0.00014), Float16(1.0))":100},"48":{"(Float16(0.0001416), Float16(1.0))":100},"15":{"(Float16(8.535e-5), Float16(1.0))":100},"65":{"(Float16(8.5e-5), Float16(1.0))":100},"97":{"(Float16(6.9e-5), Float16(1.0))":100}}