{"5":{"(Float16(0.746), Float16(0.756))":2,"(Float16(0.5), Float16(0.51))":28,"(Float16(0.05017), Float16(0.06018))":45,"(Float16(0.9487), Float16(0.9585))":25},"56":{"(Float16(0.747), Float16(0.757))":3,"(Float16(0.05005), Float16(0.06006))":40,"(Float16(0.5), Float16(0.51))":26,"(Float16(0.948), Float16(0.958))":31},"35":{"(Float16(0.9497), Float16(0.9595))":29,"(Float16(0.715), Float16(0.7246))":2,"(Float16(0.498), Float16(0.508))":69},"55":{"(Float16(0.4985), Float16(0.5083))":36,"(Float16(0.05002), Float16(0.06003))":30,"(Float16(0.949), Float16(0.959))":34},"60":{"(Float16(0.9473), Float16(0.957))":33,"(Float16(0.05005), Float16(0.06006))":23,"(Float16(0.5), Float16(0.51))":42,"(Float16(0.7383), Float16(0.748))":2},"30":{"(Float16(0.05005), Float16(0.06006))":18,"(Float16(0.4995), Float16(0.5093))":50,"(Float16(0.9487), Float16(0.9585))":32},"32":{"(Float16(0.05), Float16(0.06))":28,"(Float16(0.948), Float16(0.958))":27,"(Float16(0.499), Float16(0.509))":45},"6":{"(Float16(0.709), Float16(0.7188))":5,"(Float16(0.748), Float16(0.758))":2,"(Float16(0.5), Float16(0.51))":26,"(Float16(0.948), Float16(0.958))":34,"(Float16(0.05002), Float16(0.06003))":33},"67":{"(Float16(0.0502), Float16(0.0602))":50,"(Float16(0.5), Float16(0.51))":22,"(Float16(0.948), Float16(0.958))":26,"(Float16(0.705), Float16(0.715))":2},"45":{"(Float16(0.4983), Float16(0.5083))":40,"(Float16(0.05005), Float16(0.06006))":26,"(Float16(0.2944), Float16(0.3044))":2,"(Float16(0.948), Float16(0.958))":32},"73":{"(Float16(0.05), Float16(0.06))":36,"(Float16(0.948), Float16(0.958))":21,"(Float16(0.272), Float16(0.282))":3,"(Float16(0.5005), Float16(0.5103))":40},"64":{"(Float16(0.5), Float16(0.51))":52,"(Float16(0.0501), Float16(0.06012))":25,"(Float16(0.949), Float16(0.959))":23},"90":{"(Float16(0.05), Float16(0.06))":22,"(Float16(0.948), Float16(0.958))":29,"(Float16(0.4995), Float16(0.5093))":49},"4":{"(Float16(0.9497), Float16(0.9595))":25,"(Float16(0.05023), Float16(0.06024))":25,"(Float16(0.5), Float16(0.51))":50},"13":{"(Float16(0.05005), Float16(0.06006))":40,"(Float16(0.5), Float16(0.51))":37,"(Float16(0.9487), Float16(0.9585))":23},"54":{"(Float16(0.289), Float16(0.299))":3,"(Float16(0.05005), Float16(0.06006))":40,"(Float16(0.2637), Float16(0.2737))":4,"(Float16(0.5005), Float16(0.5103))":31,"(Float16(0.949), Float16(0.959))":22},"63":{"(Float16(0.05005), Float16(0.06006))":37,"(Float16(0.2593), Float16(0.2693))":2,"(Float16(0.4998), Float16(0.51))":19,"(Float16(0.949), Float16(0.959))":42},"86":{"(Float16(0.5), Float16(0.51))":31,"(Float16(0.0501), Float16(0.06012))":34,"(Float16(0.949), Float16(0.959))":35},"91":{"(Float16(0.05005), Float16(0.06006))":25,"(Float16(0.2668), Float16(0.2769))":2,"(Float16(0.4995), Float16(0.5093))":41,"(Float16(0.949), Float16(0.959))":32},"62":{"(Float16(0.4995), Float16(0.5093))":41,"(Float16(0.05002), Float16(0.06003))":36,"(Float16(0.949), Float16(0.959))":23},"58":{"(Float16(0.0505), Float16(0.06052))":35,"(Float16(0.5), Float16(0.51))":41,"(Float16(0.948), Float16(0.958))":22,"(Float16(0.7393), Float16(0.749))":2},"52":{"(Float16(0.5), Float16(0.51))":26,"(Float16(0.9478), Float16(0.9575))":28,"(Float16(0.0501), Float16(0.06012))":43,"(Float16(0.717), Float16(0.7266))":3},"12":{"(Float16(0.4983), Float16(0.5083))":32,"(Float16(0.05005), Float16(0.06006))":23,"(Float16(0.948), Float16(0.958))":40,"(Float16(0.272), Float16(0.282))":5},"28":{"(Float16(0.9473), Float16(0.957))":28,"(Float16(0.5), Float16(0.51))":39,"(Float16(0.05017), Float16(0.06018))":33},"75":{"(Float16(0.9473), Float16(0.957))":48,"(Float16(0.05005), Float16(0.06006))":30,"(Float16(0.5), Float16(0.51))":22},"23":{"(Float16(0.4988), Float16(0.509))":36,"(Float16(0.948), Float16(0.958))":32,"(Float16(0.2505), Float16(0.2605))":3,"(Float16(0.0501), Float16(0.06012))":27,"(Float16(0.287), Float16(0.297))":2},"92":{"(Float16(0.05005), Float16(0.06006))":34,"(Float16(0.4995), Float16(0.5093))":40,"(Float16(0.949), Float16(0.959))":26},"41":{"(Float16(0.0502), Float16(0.0602))":20,"(Float16(0.498), Float16(0.508))":38,"(Float16(0.2861), Float16(0.2961))":3,"(Float16(0.2717), Float16(0.2817))":2,"(Float16(0.948), Float16(0.958))":37},"43":{"(Float16(0.05057), Float16(0.06058))":33,"(Float16(0.5), Float16(0.51))":46,"(Float16(0.95), Float16(0.96))":21},"11":{"(Float16(0.5), Float16(0.51))":51,"(Float16(0.05002), Float16(0.06003))":22,"(Float16(0.9487), Float16(0.9585))":27},"36":{"(Float16(0.9497), Float16(0.9595))":24,"(Float16(0.7407), Float16(0.7505))":4,"(Float16(0.05005), Float16(0.06006))":24,"(Float16(0.5005), Float16(0.5103))":48},"68":{"(Float16(0.748), Float16(0.758))":2,"(Float16(0.9473), Float16(0.957))":33,"(Float16(0.4995), Float16(0.5093))":35,"(Float16(0.05002), Float16(0.06003))":30},"69":{"(Float16(0.7354), Float16(0.745))":3,"(Float16(0.5), Float16(0.51))":24,"(Float16(0.711), Float16(0.7207))":2,"(Float16(0.05002), Float16(0.06003))":52,"(Float16(0.9487), Float16(0.9585))":19},"98":{"(Float16(0.2593), Float16(0.2693))":2,"(Float16(0.948), Float16(0.958))":51,"(Float16(0.4995), Float16(0.5093))":27,"(Float16(0.0503), Float16(0.0603))":20},"82":{"(Float16(0.05023), Float16(0.06024))":55,"(Float16(0.5), Float16(0.51))":25,"(Float16(0.949), Float16(0.959))":20},"85":{"(Float16(0.4985), Float16(0.5083))":24,"(Float16(0.05), Float16(0.06))":19,"(Float16(0.2656), Float16(0.2756))":3,"(Float16(0.948), Float16(0.958))":54},"39":{"(Float16(0.05005), Float16(0.06006))":28,"(Float16(0.5005), Float16(0.5103))":70,"(Float16(0.951), Float16(0.961))":2},"84":{"(Float16(0.2563), Float16(0.2664))":2,"(Float16(0.95), Float16(0.96))":16,"(Float16(0.0501), Float16(0.06012))":33,"(Float16(0.5005), Float16(0.5103))":49},"77":{"(Float16(0.7256), Float16(0.7354))":2,"(Float16(0.05005), Float16(0.06006))":19,"(Float16(0.499), Float16(0.509))":58,"(Float16(0.949), Float16(0.959))":21},"7":{"(Float16(0.7285), Float16(0.7383))":3,"(Float16(0.05035), Float16(0.06036))":3,"(Float16(0.7124), Float16(0.722))":2,"(Float16(0.741), Float16(0.751))":3,"(Float16(0.9487), Float16(0.9585))":29,"(Float16(0.7), Float16(0.71))":2,"(Float16(0.4976), Float16(0.5073))":58},"25":{"(Float16(0.05017), Float16(0.06018))":30,"(Float16(0.948), Float16(0.958))":48,"(Float16(0.4976), Float16(0.5073))":22},"95":{"(Float16(0.05005), Float16(0.06006))":29,"(Float16(0.948), Float16(0.958))":24,"(Float16(0.4995), Float16(0.5093))":47},"71":{"(Float16(0.4995), Float16(0.5093))":36,"(Float16(0.9487), Float16(0.9585))":32,"(Float16(0.05008), Float16(0.0601))":32},"66":{"(Float16(0.4995), Float16(0.5093))":49,"(Float16(0.05002), Float16(0.06003))":26,"(Float16(0.9487), Float16(0.9585))":25},"76":{"(Float16(0.499), Float16(0.509))":35,"(Float16(0.9478), Float16(0.9575))":45,"(Float16(0.05008), Float16(0.0601))":20},"34":{"(Float16(0.4985), Float16(0.5083))":38,"(Float16(0.05), Float16(0.06))":26,"(Float16(0.949), Float16(0.959))":36},"50":{"(Float16(0.498), Float16(0.508))":20,"(Float16(0.05005), Float16(0.06006))":30,"(Float16(0.948), Float16(0.958))":47,"(Float16(0.295), Float16(0.305))":3},"59":{"(Float16(0.7266), Float16(0.7363))":2,"(Float16(0.5), Float16(0.51))":39,"(Float16(0.05017), Float16(0.06018))":32,"(Float16(0.9478), Float16(0.9575))":25,"(Float16(0.708), Float16(0.718))":2},"93":{"(Float16(0.948), Float16(0.958))":22,"(Float16(0.0501), Float16(0.06012))":22,"(Float16(0.5005), Float16(0.5103))":56},"2":{"(Float16(0.9497), Float16(0.9595))":23,"(Float16(0.05005), Float16(0.06006))":28,"(Float16(0.5005), Float16(0.5103))":49},"10":{"(Float16(0.4983), Float16(0.5083))":40,"(Float16(0.948), Float16(0.958))":36,"(Float16(0.05002), Float16(0.06003))":22,"(Float16(0.2715), Float16(0.2815))":2},"18":{"(Float16(0.05005), Float16(0.06006))":36,"(Float16(0.9478), Float16(0.9575))":27,"(Float16(0.5005), Float16(0.5103))":37},"26":{"(Float16(0.05005), Float16(0.06006))":30,"(Float16(0.5), Float16(0.51))":36,"(Float16(0.948), Float16(0.958))":27,"(Float16(0.704), Float16(0.714))":2,