{"5":{"(Float16(0.4993), Float16(0.699))":53,"(Float16(0.05194), Float16(0.252))":20,"(Float16(0.9463), Float16(1.146))":27},"56":{"(Float16(0.05127), Float16(0.2512))":41,"(Float16(0.5024), Float16(0.7026))":59},"35":{"(Float16(0.948), Float16(1.148))":33,"(Float16(0.0525), Float16(0.2524))":29,"(Float16(0.4988), Float16(0.6987))":38},"55":{"(Float16(0.501), Float16(0.701))":38,"(Float16(0.05194), Float16(0.252))":44,"(Float16(0.949), Float16(1.149))":18},"60":{"(Float16(0.948), Float16(1.148))":21,"(Float16(0.05194), Float16(0.252))":34,"(Float16(0.5), Float16(0.7))":45},"30":{"(Float16(0.502), Float16(0.702))":63,"(Float16(0.05048), Float16(0.2505))":37},"32":{"(Float16(0.501), Float16(0.701))":35,"(Float16(0.05087), Float16(0.251))":44,"(Float16(0.9473), Float16(1.147))":21},"6":{"(Float16(0.0515), Float16(0.2515))":38,"(Float16(0.501), Float16(0.701))":27,"(Float16(0.948), Float16(1.148))":35},"67":{"(Float16(0.5024), Float16(0.7026))":61,"(Float16(0.05078), Float16(0.2507))":39},"45":{"(Float16(0.502), Float16(0.702))":48,"(Float16(0.0514), Float16(0.2515))":35,"(Float16(0.949), Float16(1.149))":17},"73":{"(Float16(0.501), Float16(0.701))":73,"(Float16(0.0517), Float16(0.2517))":22,"(Float16(0.949), Float16(1.149))":5},"64":{"(Float16(0.501), Float16(0.701))":66,"(Float16(0.0513), Float16(0.2512))":34},"90":{"(Float16(0.948), Float16(1.148))":63,"(Float16(0.05197), Float16(0.252))":37},"4":{"(Float16(0.501), Float16(0.701))":76,"(Float16(0.05115), Float16(0.2512))":24},"13":{"(Float16(0.05157), Float16(0.2515))":29,"(Float16(0.948), Float16(1.148))":44,"(Float16(0.4978), Float16(0.6978))":27},"54":{"(Float16(0.501), Float16(0.701))":53,"(Float16(0.05194), Float16(0.252))":18,"(Float16(0.949), Float16(1.149))":29},"63":{"(Float16(0.501), Float16(0.701))":16,"(Float16(0.05206), Float16(0.252))":40,"(Float16(0.9473), Float16(1.147))":44},"86":{"(Float16(0.0515), Float16(0.2515))":28,"(Float16(0.949), Float16(1.149))":30,"(Float16(0.499), Float16(0.699))":42},"91":{"(Float16(0.949), Float16(1.149))":18,"(Float16(0.4976), Float16(0.6978))":82},"62":{"(Float16(0.501), Float16(0.701))":73,"(Float16(0.05078), Float16(0.2507))":27},"58":{"(Float16(0.948), Float16(1.148))":31,"(Float16(0.4993), Float16(0.699))":23,"(Float16(0.0512), Float16(0.2512))":46},"52":{"(Float16(0.501), Float16(0.701))":68,"(Float16(0.05182), Float16(0.2517))":32},"12":{"(Float16(0.0517), Float16(0.2517))":22,"(Float16(0.949), Float16(1.149))":18,"(Float16(0.499), Float16(0.699))":60},"28":{"(Float16(0.9473), Float16(1.147))":37,"(Float16(0.05136), Float16(0.2515))":63},"75":{"(Float16(0.4995), Float16(0.6997))":47,"(Float16(0.949), Float16(1.149))":22,"(Float16(0.05197), Float16(0.252))":31},"23":{"(Float16(0.946), Float16(1.1455))":39,"(Float16(0.2744), Float16(0.4744))":61},"92":{"(Float16(0.05176), Float16(0.2517))":85,"(Float16(0.949), Float16(1.149))":15},"41":{"(Float16(0.05182), Float16(0.2517))":26,"(Float16(0.4988), Float16(0.6987))":28,"(Float16(0.949), Float16(1.149))":46},"43":{"(Float16(0.501), Float16(0.701))":45,"(Float16(0.05145), Float16(0.2515))":26,"(Float16(0.949), Float16(1.149))":29},"11":{"(Float16(0.502), Float16(0.702))":76,"(Float16(0.05145), Float16(0.2515))":24},"36":{"(Float16(0.497), Float16(0.6973))":57,"(Float16(0.949), Float16(1.149))":43},"68":{"(Float16(0.0515), Float16(0.2515))":31,"(Float16(0.501), Float16(0.701))":33,"(Float16(0.9473), Float16(1.147))":36},"69":{"(Float16(0.9473), Float16(1.147))":62,"(Float16(0.0506), Float16(0.2505))":38},"98":{"(Float16(0.501), Float16(0.701))":75,"(Float16(0.05148), Float16(0.2515))":25},"82":{"(Float16(0.9473), Float16(1.147))":46,"(Float16(0.05225), Float16(0.2522))":8,"(Float16(0.499), Float16(0.699))":46},"85":{"(Float16(0.711), Float16(0.911))":69,"(Float16(0.05148), Float16(0.2515))":31},"39":{"(Float16(0.7383), Float16(0.9385))":72,"(Float16(0.05142), Float16(0.2515))":28},"84":{"(Float16(0.948), Float16(1.148))":39,"(Float16(0.498), Float16(0.698))":30,"(Float16(0.05133), Float16(0.2512))":31},"77":{"(Float16(0.947), Float16(1.146))":35,"(Float16(0.05148), Float16(0.2515))":32,"(Float16(0.499), Float16(0.699))":33},"7":{"(Float16(0.0522), Float16(0.2522))":22,"(Float16(0.4995), Float16(0.6997))":19,"(Float16(0.947), Float16(1.146))":59},"25":{"(Float16(0.0511), Float16(0.251))":65,"(Float16(0.949), Float16(1.149))":35},"95":{"(Float16(0.05118), Float16(0.2512))":37,"(Float16(0.7236), Float16(0.924))":63},"71":{"(Float16(0.502), Float16(0.702))":68,"(Float16(0.05023), Float16(0.2502))":32},"66":{"(Float16(0.948), Float16(1.148))":31,"(Float16(0.4985), Float16(0.6987))":29,"(Float16(0.05197), Float16(0.252))":40},"76":{"(Float16(0.501), Float16(0.701))":41,"(Float16(0.0513), Float16(0.2512))":37,"(Float16(0.949), Float16(1.149))":22},"34":{"(Float16(0.501), Float16(0.701))":48,"(Float16(0.05167), Float16(0.2517))":27,"(Float16(0.949), Float16(1.149))":25},"50":{"(Float16(0.947), Float16(1.146))":26,"(Float16(0.4985), Float16(0.6987))":74},"59":{"(Float16(0.7383), Float16(0.9385))":73,"(Float16(0.05148), Float16(0.2515))":27},"93":{"(Float16(0.5015), Float16(0.7017))":48,"(Float16(0.05145), Float16(0.2515))":52},"2":{"(Float16(0.948), Float16(1.148))":37,"(Float16(0.4995), Float16(0.6997))":63},"10":{"(Float16(0.9463), Float16(1.146))":23,"(Float16(0.501), Float16(0.701))":43,"(Float16(0.05054), Float16(0.2505))":34},"18":{"(Float16(0.05157), Float16(0.2515))":62,"(Float16(0.949), Float16(1.149))":38},"26":{"(Float16(0.0504), Float16(0.2505))":38,"(Float16(0.9478), Float16(1.147))":62},"27":{"(Float16(0.948), Float16(1.148))":35,"(Float16(0.4983), Float16(0.698))":65},"42":{"(Float16(0.501), Float16(0.701))":45,"(Float16(0.947), Float16(1.146))":27,"(Float16(0.05096), Float16(0.251))":28},"87":{"(Float16(0.05127), Float16(0.2512))":64,"(Float16(0.948), Float16(1.148))":36},"100":{"(Float16(0.4995), Float16(0.6997))":49,"(Float16(0.05167), Float16(0.2517))":24,"(Float16(0.949), Float16(1.149))":27},"79":{"(Float16(0.502), Float16(0.702))":53,"(Float16(0.2622), Float16(0.4622))":47},"16":{"(Float16(0.501), Float16(0.701))":44,"(Float16(0.947), Float16(1.146))":24,"(Float16(0.05148), Float16(0.2515))":32},"20":{"(Float16(0.948), Float16(1.148))":30,"(Float16(0.4966), Float16(0.697))":70},"81":{"(Float16(0.9473), Float16(1.147))":41,"(Float16(0.499), Float16(0.699))":59},"19":{"(Float16(0.05157), Float16(0.2515))":37,"(Float16(0.4995), Float16(0.6997))":37,"(Float16(0.949), Float16(1.149))":26},"49":{"(Float16(0.5015), Float16(0.7017))":39,"(Float16(0.0511), Float16(0.251))":30,"(Float16(0.949), Float16(1.149))":31},"44":{"(Float16(0.05243), Float16(0.2524))":35,"(Float16(0.7197), Float16(0.92))":65},"9":{"(Float16(0.948), Float16(1.148))":55,"(Float16(0.0506), Float16(0.2505))":45},"31":{"(Float16(0.5015), Float16(0.7017))":46,"(Float16(0.948), Float16(1.148))":36,"(Float16(0.05145), Float16(0.2515))":18},"74":{"(Float16(0.501), Float16(0.701))":20,"(Float16(0.948), Float16(1.148))":35,"(Float16(0.0514), Float16(0.2515))":45},"61":{"(Float16(0.5015), Float16(0.7017))":76,"(Float16(0.05164), Float16(0.2517))":24},"29":{"(Float16(0.5015), Float16(0.7017))":50,"(Float16(0.947), Float16(1.146))":14,"(Float16(0.05145), Float16(0.2515))":36},"94":{"(Float16(0.05157), Float16(0.2515))":54,"(Float16(0.949), Float16(1.149))":46},"46":{"(Float16(0.4995), Float16(0.6997))":64,"(Float16(0.05194), Float16(0.252))":11,"(Float16(0.949), Float16(1.149))":25},"57":{"(Float16(0.4995), Float16(0.6997))":37,"(Float16(0.05167), Float16(0.2517))":28,"(Float16(0.9473), Float16(1.147))":35},"70":{"(Float16(0.501), Float16(0.701))":59,"(Float16(0.05182), Float16(0.2517))":41},"21":{"(Float16(0.4995), Float16(0.6997))":41,"(Float16(0.0518), Float16(0.2517))":24,"(Float16(0.949), Float16(1.149))":35},"38":{"(Float16(0.501), Float16(0.701))":60,"(Float16(0.05106), Float16(0.251))":37,"(Float16(0.9453), Float16(1.1455))":3},"88":{"(Float16(0.05145), Float16(0.2515))":48,"(Float16(0.949), Float16(1.149))":52},