{"5":{"(Float16(0.0002079), Float16(0.01021))":100},"56":{"(Float16(8.09e-5), Float16(0.010086))":96,"(Float16(0.957), Float16(0.967))":2,"(Float16(0.9316), Float16(0.9414))":2},"35":{"(Float16(0.664), Float16(0.674))":2,"(Float16(0.00010324), Float16(0.01011))":96,"(Float16(0.963), Float16(0.9727))":2},"55":{"(Float16(0.000297), Float16(0.0103))":100},"60":{"(Float16(7.045e-5), Float16(0.01007))":100},"30":{"(Float16(0.0002195), Float16(0.01022))":100},"32":{"(Float16(7.74e-5), Float16(0.01008))":100},"6":{"(Float16(0.0002103), Float16(0.010216))":100},"67":{"(Float16(0.0001616), Float16(0.01016))":100},"45":{"(Float16(0.0001457), Float16(0.01015))":100},"73":{"(Float16(8.67e-5), Float16(0.010086))":100},"64":{"(Float16(0.0003824), Float16(0.01038))":100},"90":{"(Float16(0.0001538), Float16(0.010155))":100},"4":{"(Float16(0.0002594), Float16(0.01026))":100},"13":{"(Float16(0.0001203), Float16(0.010124))":100},"54":{"(Float16(0.863), Float16(0.8726))":2,"(Float16(0.962), Float16(0.9717))":2,"(Float16(0.0001712), Float16(0.01017))":96},"63":{"(Float16(0.0001602), Float16(0.01016))":100},"86":{"(Float16(0.0002613), Float16(0.01026))":100},"91":{"(Float16(0.0001546), Float16(0.010155))":100},"62":{"(Float16(0.0002166), Float16(0.010216))":100},"58":{"(Float16(0.0002139), Float16(0.010216))":100},"52":{"(Float16(0.0001924), Float16(0.01019))":100},"12":{"(Float16(0.0002288), Float16(0.01023))":100},"28":{"(Float16(0.0002265), Float16(0.01023))":100},"75":{"(Float16(0.0001108), Float16(0.01012))":100},"23":{"(Float16(0.000282), Float16(0.010284))":100},"92":{"(Float16(0.916), Float16(0.926))":3,"(Float16(0.76), Float16(0.7695))":2,"(Float16(0.0002627), Float16(0.01026))":93,"(Float16(0.899), Float16(0.9087))":2},"41":{"(Float16(0.0001191), Float16(0.010124))":100},"43":{"(Float16(0.0001892), Float16(0.01019))":100},"11":{"(Float16(0.0001758), Float16(0.01018))":98,"(Float16(0.841), Float16(0.8506))":2},"36":{"(Float16(0.00016), Float16(0.01016))":100},"68":{"(Float16(0.0001128), Float16(0.01012))":100},"69":{"(Float16(0.0001493), Float16(0.010155))":100},"98":{"(Float16(0.0001531), Float16(0.010155))":100},"82":{"(Float16(0.0001583), Float16(0.01016))":96,"(Float16(0.9614), Float16(0.971))":4},"85":{"(Float16(0.0001982), Float16(0.0102))":100},"39":{"(Float16(0.0001334), Float16(0.01013))":100},"84":{"(Float16(0.0001838), Float16(0.010185))":100},"77":{"(Float16(0.0001359), Float16(0.01014))":100},"7":{"(Float16(0.0003042), Float16(0.01031))":98,"(Float16(0.951), Float16(0.961))":2},"25":{"(Float16(0.000172), Float16(0.01018))":100},"95":{"(Float16(0.0001843), Float16(0.010185))":100},"71":{"(Float16(0.0001445), Float16(0.01015))":100},"66":{"(Float16(0.0001526), Float16(0.010155))":100},"76":{"(Float16(7.117e-5), Float16(0.01007))":100},"34":{"(Float16(0.0001874), Float16(0.01019))":100},"50":{"(Float16(0.0002126), Float16(0.010216))":100},"59":{"(Float16(0.0002034), Float16(0.01021))":100},"93":{"(Float16(0.0001874), Float16(0.01019))":100},"2":{"(Float16(0.000231), Float16(0.01023))":100},"10":{"(Float16(0.0001444), Float16(0.01015))":100},"18":{"(Float16(0.0001777), Float16(0.01018))":100},"26":{"(Float16(0.0001444), Float16(0.01015))":100},"27":{"(Float16(0.0002017), Float16(0.0102))":100},"42":{"(Float16(0.0001309), Float16(0.01013))":100},"87":{"(Float16(0.0001426), Float16(0.01015))":100},"100":{"(Float16(0.0001223), Float16(0.010124))":100},"79":{"(Float16(9.52e-5), Float16(0.01009))":100},"16":{"(Float16(0.0001302), Float16(0.01013))":100},"20":{"(Float16(0.0001233), Float16(0.010124))":100},"81":{"(Float16(0.0001698), Float16(0.01017))":100},"19":{"(Float16(0.0002092), Float16(0.01021))":100},"49":{"(Float16(0.0002875), Float16(0.01029))":100},"44":{"(Float16(0.0001962), Float16(0.0102))":100},"9":{"(Float16(0.0002499), Float16(0.010254))":100},"31":{"(Float16(0.0001559), Float16(0.010155))":100},"74":{"(Float16(0.0001869), Float16(0.01019))":100},"61":{"(Float16(0.0001674), Float16(0.01017))":100},"29":{"(Float16(0.000229), Float16(0.01023))":100},"94":{"(Float16(0.0001667), Float16(0.01017))":100},"46":{"(Float16(0.0002804), Float16(0.010284))":100},"57":{"(Float16(9.215e-5), Float16(0.01009))":98,"(Float16(0.8506), Float16(0.8604))":2},"70":{"(Float16(0.0002189), Float16(0.01022))":100},"21":{"(Float16(0.8193), Float16(0.829))":3,"(Float16(0.0001233), Float16(0.010124))":97},"38":{"(Float16(0.0002173), Float16(0.010216))":100},"88":{"(Float16(0.0002258), Float16(0.01023))":100},"78":{"(Float16(0.0001557), Float16(0.010155))":98,"(Float16(0.953), Float16(0.963))":2},"72":{"(Float16(0.0001029), Float16(0.0101))":100},"24":{"(Float16(0.00010693), Float16(0.01011))":98,"(Float16(0.9375), Float16(0.9473))":2},"8":{"(Float16(7.534e-5), Float16(0.01008))":100},"17":{"(Float16(0.0001982), Float16(0.0102))":100},"37":{"(Float16(0.0001559), Float16(0.010155))":100},"1":{"(Float16(0.8926), Float16(0.9023))":2,"(Float16(0.8076), Float16(0.8174))":3,"(Float16(0.000193), Float16(0.01019))":93,"(Float16(0.9893), Float16(0.999))":2},"53":{"(Float16(0.000286), Float16(0.010284))":98,"(Float16(0.9277), Float16(0.9375))":2},"22":{"(Float16(0.0002326), Float16(0.01023))":100},"47":{"(Float16(0.0002266), Float16(0.01023))":100},"83":{"(Float16(0.0001618), Float16(0.01016))":100},"99":{"(Float16(0.0001333), Float16(0.01013))":100},"89":{"(Float16(0.000256), Float16(0.01026))":100},"14":{"(Float16(0.000231), Float16(0.01023))":100},"3":{"(Float16(0.0001209), Float16(0.010124))":100},"80":{"(Float16(0.000145), Float16(0.01015))":100},"96":{"(Float16(0.0002165), Float16(0.010216))":100},"51":{"(Float16(0.0002126), Float16(0.010216))":100},"33":{"(Float16(0.0001671), Float16(0.01017))":100},"40":{"(Float16(0.0001926), Float16(0.01019))":100},"48":{"(Float16(0.0002592), Float16(0.01026))":100},"15":{"(Float16(0.0001549), Float16(0.010155))":99,"(Float16(0.76), Float16(0.7695))":1},"65":{"(Float16(0.0002096), Float16(0.01021))":100},"97":{"(Float16(0.0002093), Float16(0.01021))":100}}