{"5":{"(Float16(0.551), Float16(0.5605))":100},"56":{"(Float16(0.5327), Float16(0.5425))":15,"(Float16(0.5225), Float16(0.532))":85},"35":{"(Float16(0.5107), Float16(0.5205))":100},"55":{"(Float16(0.479), Float16(0.489))":100},"60":{"(Float16(0.498), Float16(0.508))":100},"30":{"(Float16(0.04605), Float16(0.05606))":1,"(Float16(0.5654), Float16(0.575))":99},"32":{"(Float16(0.4785), Float16(0.4885))":100},"6":{"(Float16(0.5205), Float16(0.5303))":100},"67":{"(Float16(0.4585), Float16(0.4685))":100},"45":{"(Float16(0.4941), Float16(0.504))":100},"73":{"(Float16(0.532), Float16(0.542))":100},"64":{"(Float16(0.5127), Float16(0.5225))":100},"90":{"(Float16(0.4727), Float16(0.4827))":100},"4":{"(Float16(0.4622), Float16(0.4722))":100},"13":{"(Float16(0.4922), Float16(0.502))":100},"54":{"(Float16(0.545), Float16(0.5547))":100},"63":{"(Float16(0.5), Float16(0.51))":100},"86":{"(Float16(0.508), Float16(0.5176))":100},"91":{"(Float16(0.4658), Float16(0.4758))":100},"62":{"(Float16(0.5), Float16(0.51))":100},"58":{"(Float16(0.4995), Float16(0.5093))":100},"52":{"(Float16(0.495), Float16(0.505))":100},"12":{"(Float16(0.4658), Float16(0.4758))":100},"28":{"(Float16(0.4485), Float16(0.4585))":100},"75":{"(Float16(0.509), Float16(0.5186))":100},"23":{"(Float16(0.5215), Float16(0.5312))":100},"92":{"(Float16(0.507), Float16(0.5166))":100},"41":{"(Float16(0.457), Float16(0.467))":100},"43":{"(Float16(0.4985), Float16(0.5083))":100},"11":{"(Float16(0.4731), Float16(0.4832))":100},"36":{"(Float16(0.5293), Float16(0.539))":100},"68":{"(Float16(0.4854), Float16(0.4954))":100},"69":{"(Float16(0.4922), Float16(0.502))":100},"98":{"(Float16(0.509), Float16(0.5186))":84,"(Float16(0.519), Float16(0.529))":16},"82":{"(Float16(0.4663), Float16(0.4763))":100},"85":{"(Float16(0.506), Float16(0.5156))":100},"39":{"(Float16(0.5107), Float16(0.5205))":100},"84":{"(Float16(0.4775), Float16(0.4875))":100},"77":{"(Float16(0.504), Float16(0.5137))":100},"7":{"(Float16(0.5205), Float16(0.5303))":100},"25":{"(Float16(0.4312), Float16(0.4412))":100},"95":{"(Float16(0.4973), Float16(0.5073))":100},"71":{"(Float16(0.5557), Float16(0.5654))":100},"66":{"(Float16(0.4893), Float16(0.4993))":100},"76":{"(Float16(0.4946), Float16(0.5044))":100},"34":{"(Float16(0.4897), Float16(0.4998))":100},"50":{"(Float16(0.545), Float16(0.5547))":100},"59":{"(Float16(0.4487), Float16(0.4587))":100},"93":{"(Float16(0.5146), Float16(0.5244))":100},"2":{"(Float16(0.4727), Float16(0.4827))":100},"10":{"(Float16(0.497), Float16(0.507))":100},"18":{"(Float16(0.507), Float16(0.5166))":100},"26":{"(Float16(0.4585), Float16(0.4685))":100},"27":{"(Float16(0.532), Float16(0.542))":100},"42":{"(Float16(0.5176), Float16(0.5273))":100},"87":{"(Float16(0.4863), Float16(0.4963))":100},"100":{"(Float16(0.5176), Float16(0.5273))":100},"79":{"(Float16(0.4775), Float16(0.4875))":100},"16":{"(Float16(0.5127), Float16(0.5225))":100},"20":{"(Float16(0.4873), Float16(0.4973))":100},"81":{"(Float16(0.4878), Float16(0.4978))":100},"19":{"(Float16(0.456), Float16(0.466))":100},"49":{"(Float16(0.4897), Float16(0.4998))":100},"44":{"(Float16(0.5), Float16(0.51))":100},"9":{"(Float16(0.502), Float16(0.5117))":100},"31":{"(Float16(0.496), Float16(0.506))":100},"74":{"(Float16(0.506), Float16(0.5156))":100},"61":{"(Float16(0.4438), Float16(0.4539))":100},"29":{"(Float16(0.4934), Float16(0.5034))":100},"94":{"(Float16(0.5137), Float16(0.5234))":100},"46":{"(Float16(0.5356), Float16(0.5454))":18,"(Float16(0.5254), Float16(0.535))":82},"57":{"(Float16(0.4849), Float16(0.4949))":100},"70":{"(Float16(0.538), Float16(0.548))":100},"21":{"(Float16(0.02225), Float16(0.03226))":2,"(Float16(0.5713), Float16(0.581))":98},"38":{"(Float16(0.4768), Float16(0.4868))":100},"88":{"(Float16(0.4746), Float16(0.4846))":100},"78":{"(Float16(0.4893), Float16(0.4993))":100},"72":{"(Float16(0.508), Float16(0.5176))":100},"24":{"(Float16(0.4731), Float16(0.4832))":100},"8":{"(Float16(0.4795), Float16(0.4895))":100},"17":{"(Float16(0.51), Float16(0.5195))":100},"37":{"(Float16(0.5117), Float16(0.5215))":100},"1":{"(Float16(0.4893), Float16(0.4993))":100},"53":{"(Float16(0.535), Float16(0.545))":100},"22":{"(Float16(0.532), Float16(0.542))":100},"47":{"(Float16(0.4512), Float16(0.4612))":100},"83":{"(Float16(0.501), Float16(0.5107))":100},"99":{"(Float16(0.4805), Float16(0.4905))":100},"89":{"(Float16(0.5107), Float16(0.5205))":10,"(Float16(0.5), Float16(0.51))":90},"14":{"(Float16(0.51), Float16(0.5195))":100},"3":{"(Float16(0.5186), Float16(0.5283))":100},"80":{"(Float16(0.5146), Float16(0.5244))":100},"96":{"(Float16(0.5356), Float16(0.5454))":16,"(Float16(0.5254), Float16(0.535))":84},"51":{"(Float16(0.533), Float16(0.543))":100},"33":{"(Float16(0.5366), Float16(0.5464))":17,"(Float16(0.5264), Float16(0.536))":83},"40":{"(Float16(0.5244), Float16(0.534))":100},"48":{"(Float16(0.4644), Float16(0.4744))":100},"15":{"(Float16(0.4727), Float16(0.4827))":100},"65":{"(Float16(0.462), Float16(0.472))":100},"97":{"(Float16(0.5225), Float16(0.532))":100}}