{"5":{"(Float16(0.0004044), Float16(1.0))":100},"56":{"(Float16(0.000442), Float16(1.0))":100},"35":{"(Float16(0.0004704), Float16(1.0))":100},"55":{"(Float16(0.000522), Float16(1.001))":100},"60":{"(Float16(0.0005026), Float16(1.001))":100},"30":{"(Float16(0.000434), Float16(1.0))":100},"32":{"(Float16(0.0004506), Float16(1.0))":100},"6":{"(Float16(0.000495), Float16(1.001))":100},"67":{"(Float16(0.00058), Float16(1.001))":100},"45":{"(Float16(0.0002768), Float16(1.0))":100},"73":{"(Float16(0.0006127), Float16(1.001))":100},"64":{"(Float16(0.0006638), Float16(1.001))":100},"90":{"(Float16(0.0004146), Float16(1.0))":100},"4":{"(Float16(0.0005035), Float16(1.001))":100},"13":{"(Float16(0.0004983), Float16(1.001))":100},"54":{"(Float16(0.000552), Float16(1.001))":100},"63":{"(Float16(0.000489), Float16(1.001))":100},"86":{"(Float16(0.0004122), Float16(1.0))":100},"91":{"(Float16(0.000454), Float16(1.0))":100},"62":{"(Float16(0.0003915), Float16(1.0))":100},"58":{"(Float16(0.0003333), Float16(1.0))":100},"52":{"(Float16(0.000399), Float16(1.0))":100},"12":{"(Float16(0.0005646), Float16(1.001))":100},"28":{"(Float16(0.000494), Float16(1.001))":100},"75":{"(Float16(0.000496), Float16(1.001))":100},"23":{"(Float16(0.0004628), Float16(1.0))":100},"92":{"(Float16(0.0004277), Float16(1.0))":100},"41":{"(Float16(0.000518), Float16(1.001))":100},"43":{"(Float16(0.0004127), Float16(1.0))":100},"11":{"(Float16(0.0004478), Float16(1.0))":100},"36":{"(Float16(0.0004458), Float16(1.0))":100},"68":{"(Float16(0.0004458), Float16(1.0))":100},"69":{"(Float16(0.0004172), Float16(1.0))":100},"98":{"(Float16(0.000601), Float16(1.001))":100},"82":{"(Float16(0.0004659), Float16(1.0))":100},"85":{"(Float16(0.000576), Float16(1.001))":100},"39":{"(Float16(0.0004737), Float16(1.0))":100},"84":{"(Float16(0.0004761), Float16(1.0))":100},"77":{"(Float16(0.000588), Float16(1.001))":100},"7":{"(Float16(0.0003967), Float16(1.0))":100},"25":{"(Float16(0.0004685), Float16(1.0))":100},"95":{"(Float16(0.0003922), Float16(1.0))":100},"71":{"(Float16(0.0005255), Float16(1.001))":100},"66":{"(Float16(0.0004675), Float16(1.0))":100},"76":{"(Float16(0.000573), Float16(1.001))":100},"34":{"(Float16(0.0004044), Float16(1.0))":100},"50":{"(Float16(0.000495), Float16(1.001))":100},"59":{"(Float16(0.000514), Float16(1.001))":100},"93":{"(Float16(0.0005956), Float16(1.001))":100},"2":{"(Float16(0.00054), Float16(1.001))":100},"10":{"(Float16(0.0005035), Float16(1.001))":100},"18":{"(Float16(0.0004175), Float16(1.0))":100},"26":{"(Float16(0.0004992), Float16(1.001))":100},"27":{"(Float16(0.000411), Float16(1.0))":100},"42":{"(Float16(0.0003557), Float16(1.0))":100},"87":{"(Float16(0.00043), Float16(1.0))":100},"100":{"(Float16(0.0005016), Float16(1.001))":100},"79":{"(Float16(0.0005183), Float16(1.001))":100},"16":{"(Float16(0.00049), Float16(1.001))":100},"20":{"(Float16(0.0004373), Float16(1.0))":100},"81":{"(Float16(0.0003972), Float16(1.0))":100},"19":{"(Float16(0.0005097), Float16(1.001))":100},"49":{"(Float16(0.0004728), Float16(1.0))":100},"44":{"(Float16(0.000495), Float16(1.001))":100},"9":{"(Float16(0.00041), Float16(1.0))":100},"31":{"(Float16(0.0003862), Float16(1.0))":100},"74":{"(Float16(0.0005016), Float16(1.001))":100},"61":{"(Float16(0.000423), Float16(1.0))":100},"29":{"(Float16(0.0004964), Float16(1.001))":100},"94":{"(Float16(0.0004935), Float16(1.001))":100},"46":{"(Float16(0.0004015), Float16(1.0))":100},"57":{"(Float16(0.0003507), Float16(1.0))":100},"70":{"(Float16(0.000497), Float16(1.001))":100},"21":{"(Float16(0.000616), Float16(1.001))":100},"38":{"(Float16(0.0005436), Float16(1.001))":100},"88":{"(Float16(0.000516), Float16(1.001))":100},"78":{"(Float16(0.0004158), Float16(1.0))":100},"72":{"(Float16(0.0004463), Float16(1.0))":100},"24":{"(Float16(0.000473), Float16(1.0))":100},"8":{"(Float16(0.000552), Float16(1.001))":100},"17":{"(Float16(0.0004702), Float16(1.0))":100},"37":{"(Float16(0.000568), Float16(1.001))":100},"1":{"(Float16(0.0005), Float16(1.001))":100},"53":{"(Float16(0.000556), Float16(1.001))":100},"22":{"(Float16(0.0005083), Float16(1.001))":100},"47":{"(Float16(0.0005045), Float16(1.001))":100},"83":{"(Float16(0.0003679), Float16(1.0))":100},"99":{"(Float16(0.0004168), Float16(1.0))":100},"89":{"(Float16(0.0003605), Float16(1.0))":100},"14":{"(Float16(0.000532), Float16(1.001))":100},"3":{"(Float16(0.0004826), Float16(1.0))":100},"80":{"(Float16(0.000562), Float16(1.001))":100},"96":{"(Float16(0.000347), Float16(1.0))":100},"51":{"(Float16(0.0005236), Float16(1.001))":100},"33":{"(Float16(0.0003579), Float16(1.0))":100},"40":{"(Float16(0.0004215), Float16(1.0))":100},"48":{"(Float16(0.0005426), Float16(1.001))":100},"15":{"(Float16(0.000481), Float16(1.0))":100},"65":{"(Float16(0.0004973), Float16(1.001))":100},"97":{"(Float16(0.0004888), Float16(1.001))":100}}