{"8":[0.5,0.5,0.95,0.95,0.05103,0.5,0.05017,0.95,0.05072,0.5,0.05066,0.05032,0.05103,0.0503,0.5,0.948,0.0501,0.5,0.5,0.051,0.95,0.5,0.949,0.5,0.95,0.5,0.9487,0.949,0.05017,0.5,0.95,0.95,0.948,0.5,0.5,0.5,0.95,0.5,0.268,0.05167,0.95,0.05032,0.5,0.05133,0.05002,0.95,0.5,0.5,0.5,0.95,0.95,0.95,0.5,0.05133,0.5,0.5,0.9487,0.95,0.5,0.948,0.05084,0.95,0.95,0.95,0.5,0.5,0.95,0.5,0.5,0.5005,0.268,0.5005,0.05005,0.501,0.501,0.95,0.95,0.501,0.95,0.5005,0.05017,0.5005,0.5005,0.5,0.5,0.0501,0.5,0.5,0.95,0.5,0.5,0.5,0.05167,0.05002,0.05103,0.5,0.5,0.268,0.0505,0.95],"4":[0.0501,0.0501,0.5,0.5,0.5,0.95,0.0502,0.5,0.95,0.5,0.5005,0.0501,0.0502,0.95,0.5,0.95,0.5,0.95,0.05023,0.5,0.5,0.5,0.0502,0.9487,0.5,0.5,0.5,0.5,0.95,0.0502,0.05023,0.5,0.05023,0.9497,0.0502,0.5,0.0503,0.5,0.5,0.5,0.5,0.05035,0.95,0.05032,0.5,0.0503,0.5,0.95,0.05023,0.0501,0.5,0.5,0.9497,0.5,0.5,0.5,0.95,0.05023,0.05017,0.95,0.95,0.95,0.5,0.95,0.948,0.9487,0.95,0.9497,0.5,0.0502,0.0503,0.948,0.5005,0.949,0.95,0.95,0.5,0.05026,0.0503,0.0501,0.95,0.05017,0.5,0.7324,0.7324,0.949,0.5,0.05005,0.5,0.0501,0.5,0.95,0.5,0.5,0.5,0.5,0.5,0.5,0.9497,0.0501],"1":[0.05072,0.5,0.5005,0.949,0.95,0.949,0.501,0.5,0.95,0.0509,0.05087,0.5005,0.5,0.05084,0.0509,0.05096,0.0509,0.5,0.5005,0.05072,0.95,0.5,0.5,0.5,0.05096,0.949,0.9497,0.501,0.5005,0.5005,0.95,0.95,0.0508,0.5,0.5,0.5005,0.95,0.5,0.9497,0.4998,0.5005,0.5,0.05057,0.05045,0.05096,0.05023,0.95,0.95,0.5005,0.05096,0.95,0.5,0.9497,0.5,0.05048,0.05066,0.05103,0.5,0.05096,0.05093,0.5,0.05084,0.05048,0.05103,0.5005,0.9497,0.05096,0.95,0.05048,0.05072,0.05096,0.5,0.05023,0.5005,0.5,0.95,0.5,0.5,0.95,0.95,0.95,0.5,0.95,0.4998,0.95,0.5,0.5005,0.05087,0.95,0.5,0.0504,0.05066,0.95,0.05054,0.9497,0.05048,0.5,0.05072,0.95,0.95],"5":[0.501,0.949,0.5,0.501,0.501,0.5005,0.05005,0.95,0.0501,0.95,0.501,0.501,0.95,0.9487,0.05066,0.501,0.501,0.2783,0.0501,0.501,0.9487,0.9497,0.9497,0.95,0.501,0.501,0.501,0.2808,0.0501,0.9497,0.95,0.05054,0.0501,0.95,0.501,0.268,0.501,0.501,0.268,0.95,0.05054,0.501,0.949,0.95,0.05133,0.95,0.95,0.2822,0.501,0.95,0.501,0.501,0.501,0.95,0.05017,0.5005,0.501,0.05066,0.501,0.05005,0.2822,0.95,0.501,0.5005,0.501,0.501,0.05133,0.501,0.501,0.5005,0.501,0.5005,0.05005,0.501,0.501,0.501,0.5005,0.05017,0.5005,0.5005,0.05054,0.9497,0.5005,0.5005,0.501,0.501,0.5005,0.2783,0.5005,0.501,0.501,0.2808,0.95,0.501,0.95,0.501,0.5005,0.05133,0.05005,0.5005],"2":[0.4993,0.4995,0.4998,0.4993,0.4995,0.499,0.9497,0.05188,0.499,0.95,0.499,0.05035,0.9497,0.05127,0.95,0.499,0.499,0.0504,0.732,0.499,0.4993,0.95,0.95,0.9497,0.742,0.05005,0.4995,0.4998,0.4995,0.05005,0.0504,0.499,0.499,0.4995,0.05,0.4995,0.0513,0.0501,0.4995,0.4993,0.499,0.4995,0.4995,0.499,0.95,0.499,0.4995,0.05197,0.4998,0.05188,0.949,0.05,0.05017,0.4995,0.4995,0.4995,0.4995,0.4995,0.4985,0.95,0.499,0.0504,0.05008,0.95,0.95,0.05017,0.4995,0.4995,0.95,0.95,0.732,0.499,0.4995,0.4995,0.4998,0.051,0.95,0.4995,0.05035,0.4998,0.0513,0.9497,0.0501,0.05096,0.95,0.4998,0.4995,0.4995,0.4995,0.4995,0.9497,0.95,0.742,0.95,0.4995,0.4995,0.05063,0.4995,0.4993,0.4995],"6":[0.05048,0.5,0.0504,0.949,0.7456,0.4995,0.9497,0.0502,0.05045,0.4995,0.4998,0.5,0.949,0.95,0.95,0.05035,0.95,0.0503,0.05017,0.95,0.05032,0.0503,0.5,0.5,0.5,0.5,0.4995,0.05057,0.9497,0.05066,0.949,0.05048,0.05038,0.95,0.9497,0.4995,0.95,0.95,0.5,0.95,0.05038,0.95,0.0504,0.5,0.05023,0.95,0.05023,0.5,0.9497,0.05054,0.05045,0.5,0.5,0.4995,0.9497,0.05014,0.0504,0.949,0.05014,0.5,0.4985,0.95,0.9497,0.0506,0.05054,0.7456,0.949,0.9497,0.5,0.05045,0.05035,0.5,0.9497,0.95,0.9497,0.05054,0.05026,0.05023,0.95,0.05072,0.5,0.5,0.05023,0.5,0.95,0.0502,0.5,0.0504,0.05023,0.4995,0.0504,0.4985,0.7007,0.7007,0.95,0.05035,0.05048,0.95,0.4985,0.05048],"7":[0.948,0.949,0.0503,0.5,0.05026,0.5,0.948,0.5,0.948,0.5,0.0506,0.5,0.5,0.5,0.5,0.5,0.05054,0.948,0.949,0.05002,0.5,0.05014,0.5,0.5,0.0505,0.949,0.0505,0.4995,0.9497,0.5,0.4998,0.4995,0.4998,0.05035,0.05103,0.05005,0.4998,0.5,0.499,0.4995,0.4998,0.05017,0.9487,0.5,0.05005,0.5,0.5,0.05,0.5,0.4995,0.949,0.5,0.9497,0.5,0.9487,0.949,0.05103,0.5,0.948,0.05,0.949,0.0501,0.4995,0.949,0.949,0.5,0.949,0.05035,0.0506,0.05017,0.949,0.05017,0.949,0.5,0.949,0.4995,0.949,0.949,0.5,0.9497,0.05014,0.4998,0.9497,0.4995,0.9487,0.05017,0.501,0.948,0.0503,0.9487,0.4998,0.4998,0.5,0.9487,0.5,0.948,0.501,0.5,0.5,0.05026],"10":[0.949,0.5,0.949,0.499,0.05005,0.05005,0.0504,0.5,0.5,0.499,0.4995,0.4995,0.0506,0.05066,0.288,0.5,0.949,0.9497,0.5,0.05005,0.5,0.949,0.05066,0.949,0.0506,0.05038,0.4993,0.949,0.5,0.5,0.4993,0.288,0.9497,0.9497,0.9497,0.0501,0.949,0.949,0.949,0.5,0.05103,0.5,0.4995,0.499,0.5,0.949,0.05066,0.4995,0.05005,0.5,0.9497,0.05133,0.05133,0.05035,0.949,0.5,0.5,0.9497,0.5,0.05035,0.9487,0.0501,0.4995,0.05066,0.4998,0.0502,0.05005,0.5,0.949,0.05005,0.948,0.949,0.5,0.9487,0.949,0.5,0.949,0.288,0.5,0.5,0.5,0.05002,0.949,0.949,0.949,0.949,0.4998,0.5,0.5,0.5,0.05035,0.5,0.05017,0.5,0.5,0.9497,0.5,0.0502,0.949,0.949],"9":[0.949,0.949,0.502,0.949,0.05014,0.5,0.5,0.05017,0.9497,0.5,0.0504,0.05002,0.0502,0.5,0.05017,0.501,0.9497,0.05017,0.9487,0.948,0.5,0.948,0.2722,0.5,0.502,0.5,0.949,0.5,0.9487,0.05038,0.5,0.0501,0.948,0.5,0.5,0.948,0.05005,0.05014,0.9487,0.5,0.2524,0.501,0.948,0.5,0.0501,0.5,0.9487,0.949,0.5,0.9487,0.949,0.5,0.5,0.948,0.05005,0.0502,0.0504,0.948,0.05002,0.948,0.949,0.05,0.05038,0.5005,0.5,0.5,0.948,0.502,0.5,0.0501,0.9487,0.5005,0.5,0.05005,0.2524,0.05008,0.05017,0.2524,0.0501,0.501,0.05005,0.5,0.5005,0.05038,0.5,0.5,0.948,0.5,0.5,0.949,0.948,0.2722,0.0501,0.9487,0.5,0.05005,0.502,0.05,0.949,0.5005],"3":[0.501,0.501,0.05026,0.501,0.501,0.5005,0.501,0.501,0.949,0.501,0.5005,0.5005,0.736,0.95,0.5005,0.949,0.0503,0.95,0.05026,0.05054,0.5005,0.05005,0.05014,0.0503,0.05054,0.501,0.5005,0.05017,0.05005,0.0502,0.95,0.95,0.95,0.501,0.5005,0.501,0.5005,0.05002,0.501,0.5005,0.5,0.05115,0.5,0.0512,0.5,0.5,0.95,0.5,0.05017,0.05087,0.95,0.0502,0.5,0.5,0.5,0.5,0.5,0.5,0.5,0.9497,0.05035,0.05054,0.95,0.5,0.05084,0.95,0.05115,0.5,0.501,0.5005,0.05017,0.95,0.5005,0.95,0.95,0.05017,0.501,0.501,0.5005,0.501,0.501,0.5005,0.05014,0.0501,0.501,0.05017,0.05084,0.501,0.05017,0.501,0.95,0.5005,0.501,0.95,0.501,0.736,0.95,0.95,0.95,0.05008]}