{"5":{"(Float16(0.836), Float16(1.036))":43,"(Float16(0.000761), Float16(0.2008))":20,"(Float16(0.4092), Float16(0.6094))":37},"56":{"(Float16(0.4937), Float16(0.694))":32,"(Float16(0.8477), Float16(1.048))":33,"(Float16(0.001013), Float16(0.201))":35},"35":{"(Float16(0.0008206), Float16(0.2008))":28,"(Float16(0.8027), Float16(1.003))":37,"(Float16(0.4785), Float16(0.6787))":35},"55":{"(Float16(0.66), Float16(0.8604))":46,"(Float16(0.000681), Float16(0.2007))":54},"60":{"(Float16(0.00126), Float16(0.2013))":13,"(Float16(0.417), Float16(0.617))":59,"(Float16(0.878), Float16(1.078))":28},"30":{"(Float16(0.000746), Float16(0.2008))":28,"(Float16(0.4536), Float16(0.654))":42,"(Float16(0.869), Float16(1.069))":30},"32":{"(Float16(0.2654), Float16(0.4653))":52,"(Float16(0.791), Float16(0.991))":48},"6":{"(Float16(0.437), Float16(0.637))":29,"(Float16(0.7266), Float16(0.927))":47,"(Float16(0.000611), Float16(0.2006))":24},"67":{"(Float16(0.841), Float16(1.041))":33,"(Float16(0.000944), Float16(0.2009))":36,"(Float16(0.419), Float16(0.619))":31},"45":{"(Float16(0.0005274), Float16(0.2006))":40,"(Float16(0.6885), Float16(0.8887))":60},"73":{"(Float16(0.0009117), Float16(0.2009))":23,"(Float16(0.3828), Float16(0.583))":42,"(Float16(0.8633), Float16(1.063))":35},"64":{"(Float16(0.8457), Float16(1.046))":33,"(Float16(0.001494), Float16(0.2015))":8,"(Float16(0.3667), Float16(0.567))":59},"90":{"(Float16(0.668), Float16(0.868))":68,"(Float16(0.000949), Float16(0.2009))":32},"4":{"(Float16(0.0005946), Float16(0.2006))":26,"(Float16(0.623), Float16(0.823))":74},"13":{"(Float16(0.842), Float16(1.042))":41,"(Float16(0.000641), Float16(0.2007))":27,"(Float16(0.421), Float16(0.621))":32},"54":{"(Float16(0.0006833), Float16(0.2007))":32,"(Float16(0.5195), Float16(0.7197))":28,"(Float16(0.796), Float16(0.996))":40},"63":{"(Float16(0.675), Float16(0.875))":66,"(Float16(0.001013), Float16(0.201))":34},"86":{"(Float16(0.4448), Float16(0.645))":30,"(Float16(0.7803), Float16(0.9805))":45,"(Float16(0.001132), Float16(0.2012))":25},"91":{"(Float16(0.000974), Float16(0.2009))":34,"(Float16(0.702), Float16(0.9023))":66},"62":{"(Float16(0.000577), Float16(0.2006))":37,"(Float16(0.4414), Float16(0.6416))":35,"(Float16(0.8633), Float16(1.063))":28},"58":{"(Float16(0.829), Float16(1.029))":31,"(Float16(0.001026), Float16(0.201))":34,"(Float16(0.5234), Float16(0.7236))":35},"52":{"(Float16(0.83), Float16(1.03))":29,"(Float16(0.4844), Float16(0.6846))":50,"(Float16(0.000738), Float16(0.2007))":21},"12":{"(Float16(0.376), Float16(0.576))":27,"(Float16(0.7383), Float16(0.9385))":55,"(Float16(0.000869), Float16(0.2009))":18},"28":{"(Float16(0.4219), Float16(0.622))":35,"(Float16(0.7656), Float16(0.966))":41,"(Float16(0.000796), Float16(0.2008))":24},"75":{"(Float16(0.748), Float16(0.948))":44,"(Float16(0.000934), Float16(0.2009))":21,"(Float16(0.3906), Float16(0.591))":35},"23":{"(Float16(0.7734), Float16(0.9736))":51,"(Float16(0.000992), Float16(0.201))":27,"(Float16(0.3784), Float16(0.5786))":22},"92":{"(Float16(0.000643), Float16(0.2007))":37,"(Float16(0.869), Float16(1.069))":21,"(Float16(0.507), Float16(0.707))":42},"41":{"(Float16(0.4258), Float16(0.626))":28,"(Float16(0.7354), Float16(0.9355))":41,"(Float16(0.0004854), Float16(0.2004))":31},"43":{"(Float16(0.787), Float16(0.9873))":42,"(Float16(0.3325), Float16(0.5327))":35,"(Float16(0.0008383), Float16(0.2008))":23},"11":{"(Float16(0.749), Float16(0.949))":39,"(Float16(0.0008087), Float16(0.2008))":26,"(Float16(0.4253), Float16(0.6255))":35},"36":{"(Float16(0.0007935), Float16(0.2008))":25,"(Float16(0.502), Float16(0.702))":54,"(Float16(0.8555), Float16(1.056))":21},"68":{"(Float16(0.6943), Float16(0.8945))":61,"(Float16(0.0006227), Float16(0.2007))":39},"69":{"(Float16(0.374), Float16(0.574))":41,"(Float16(0.8086), Float16(1.009))":36,"(Float16(0.0008802), Float16(0.2009))":23},"98":{"(Float16(0.001116), Float16(0.2012))":23,"(Float16(0.475), Float16(0.6753))":31,"(Float16(0.799), Float16(0.999))":46},"82":{"(Float16(0.7773), Float16(0.9775))":31,"(Float16(0.001256), Float16(0.2013))":15,"(Float16(0.4185), Float16(0.6187))":54},"85":{"(Float16(0.0004864), Float16(0.2004))":43,"(Float16(0.677), Float16(0.877))":57},"39":{"(Float16(0.0007677), Float16(0.2008))":41,"(Float16(0.7197), Float16(0.92))":59},"84":{"(Float16(0.4834), Float16(0.6836))":39,"(Float16(0.0008583), Float16(0.2008))":31,"(Float16(0.797), Float16(0.997))":30},"77":{"(Float16(0.708), Float16(0.908))":58,"(Float16(0.00059), Float16(0.2006))":42},"7":{"(Float16(0.000683), Float16(0.2007))":26,"(Float16(0.5234), Float16(0.7236))":28,"(Float16(0.8027), Float16(1.003))":46},"25":{"(Float16(0.4927), Float16(0.693))":44,"(Float16(0.000934), Float16(0.2009))":28,"(Float16(0.83), Float16(1.03))":28},"95":{"(Float16(0.625), Float16(0.825))":71,"(Float16(0.0007267), Float16(0.2007))":29},"71":{"(Float16(0.6826), Float16(0.883))":63,"(Float16(0.0005426), Float16(0.2006))":37},"66":{"(Float16(0.826), Float16(1.026))":41,"(Float16(0.5244), Float16(0.7246))":30,"(Float16(0.0006366), Float16(0.2007))":29},"76":{"(Float16(0.001191), Float16(0.2012))":20,"(Float16(0.842), Float16(1.042))":35,"(Float16(0.496), Float16(0.6963))":45},"34":{"(Float16(0.8125), Float16(1.013))":44,"(Float16(0.4092), Float16(0.6094))":38,"(Float16(0.000816), Float16(0.2008))":18},"50":{"(Float16(0.7773), Float16(0.9775))":44,"(Float16(0.00086), Float16(0.2008))":20,"(Float16(0.338), Float16(0.538))":36},"59":{"(Float16(0.5146), Float16(0.715))":35,"(Float16(0.8027), Float16(1.003))":34,"(Float16(0.000485), Float16(0.2004))":31},"93":{"(Float16(0.7773), Float16(0.9775))":48,"(Float16(0.0005255), Float16(0.2006))":52},"2":{"(Float16(0.000913), Float16(0.2009))":16,"(Float16(0.718), Float16(0.918))":55,"(Float16(0.357), Float16(0.557))":29},"10":{"(Float16(0.4937), Float16(0.694))":37,"(Float16(0.8887), Float16(1.089))":38,"(Float16(0.001105), Float16(0.201))":25},"18":{"(Float16(0.875), Float16(1.075))":24,"(Float16(0.4463), Float16(0.6465))":58,"(Float16(0.001665), Float16(0.2017))":18},"26":{"(Float16(0.001295), Float16(0.2013))":21,"(Float16(0.3838), Float16(0.584))":32,"(Float16(0.756), Float16(0.956))":47},"27":{"(Float16(0.000946), Float16(0.2009))":16,"(Float16(0.794), Float16(0.994))":41,"(Float16(0.395), Float16(0.595))":43},"42":{"(Float16(0.5293), Float16(0.7295))":26,"(Float16(0.0008335), Float16(0.2008))":29,"(Float16(0.831), Float16(1.031))":45},"87":{"(Float16(0.743), Float16(0.9434))":38,"(Float16(0.0009394), Float16(0.2009))":20,"(Float16(0.3848), Float16(0.585))":42},"100":{"(Float16(0.0007043), Float16(0.2007))":70,"(Float16(0.748), Float16(0.948))":30},"79":{"(Float16(0.001099), Float16(0.201))":23,"(Float16(0.507), Float16(0.707))":41,"(Float16(0.8047), Float16(1.005))":36},"16":{"(Float16(0.0009484), Float16(0.2009))":28,"(Float16(0.8643), Float16(1.064))":34,"(Float16(0.499), Float16(0.699))":38},"20":{"(Float16(0.479), Float16(0.679))":47,"(Float16(0.00112), Float16(0.2012))":18,"(Float16(0.8506), Float16(1.051))":35},"81":{"(Float16(0.4165), Float16(0.6167))":33,"(Float16(0.79), Float16(0.99))":46,"(Float16(0.000823), Float16(0.2008))":21},"19":{"(Float16(0.000634), Float16(0.2007))":39,"(Float16(0.4731), Float16(0.6733))":29,"(Float16(0.791), Float16(0.991))":32},"49":{"(Float16(0.8975), Float16(1.098))":15,"(Float16(0.000678), Float16(0.2007))":57,"(Float16(0.631), Float16(0.831))":28},"44":{"(Float16(0.4312), Float16(0.6313))":34,"(Float16(0.7754), Float16(0.9756))":38,"(Float16(0.001181), Float16(0.2012))":28},"9":{"(Float16(0.784), Float16(0.9844))":45,"(Float16(0.0007687), Float16(0.2008))":23,"(Float16(0.3853), Float16(0.5854))":32},"31":{"(Float16(0.000753), Float16(0.2008))":38,"(Float16(0.539), Float16(0.7393))":40,"(Float16(0.8643), Float16(1.064))":22},"74":{"(Float16(0.000538), Float16(0.2006))":21,"(Float16(0.4248), Float16(0.625))":47,"(Float16(0.835), Float16(1.035))":32},"61":{"(Float16(0.000518), Float16(0.2006))":69,"(Float16(0.8203), Float16(1.0205))":31},