{"5":[0.6265,0.625,0.625,0.626,0.6255,0.6255,0.626,0.6265,0.627,0.6274,0.628,0.626,0.628,0.000344,0.000577,0.627,0.627,0.627,0.627,0.627,0.6265,0.626,0.625,0.0002701,0.6245,0.0006237,0.624,0.624,0.6245,0.625,0.625,0.6255,0.6255,0.626,0.626,0.626,0.6255,0.0001321,0.625,0.625,0.6255,0.6255,0.0001578,0.625,0.625,0.000444,0.625,0.6245,0.624,0.625,0.000577,0.626,0.6245,0.625,0.0007315,0.6255,0.626,0.0007315,0.0005016,0.6265,0.627,0.0003383,0.627,0.627,0.0001578,0.6274,0.00010806,0.627,0.627,0.6274,0.628,0.628,0.628,0.000444,0.6274,0.628,0.628,0.628,0.628,0.0005016,0.628,0.628,0.6274,0.627,0.627,0.0002302,0.627,0.0001217,0.627,0.627,0.0003383,0.627,0.627,0.627,0.000172,0.627,0.627,0.627,0.627,0.6265],"4":[0.6934,0.000515,0.6934,0.6934,0.694,0.6943,0.0003366,0.000416,0.695,0.6953,0.6953,0.696,0.000336,0.000384,0.6953,0.6963,0.000939,0.0001314,0.0003712,0.697,0.6973,0.000924,0.6978,0.698,0.698,0.000192,0.698,0.698,0.0006013,0.0002809,0.6978,0.0003104,0.0003378,0.0005074,0.0005956,0.6973,0.697,0.6963,0.0004818,0.0002825,0.6963,0.6963,0.6963,0.0003366,0.000882,0.0002978,0.696,0.0004427,0.0001856,0.000462,0.6953,0.6953,0.695,0.0002503,0.6943,0.6943,0.6943,0.6943,0.0005655,0.000534,0.6943,0.695,0.695,0.000336,0.0001419,0.0006447,0.6943,0.6943,0.0002409,0.6943,0.694,0.000242,0.6934,0.6943,0.694,0.0005655,0.352,0.0004015,0.0002007,0.6934,0.0001907,0.000499,0.0002644,0.000441,0.6934,0.0005074,0.6934,0.6934,0.0002575,0.000614,0.6934,0.000307,0.0003006,0.694,0.6943,0.6943,0.0001689,0.694,0.6934,0.0002494],"6":[0.6357,0.6357,0.6353,0.6357,0.6357,0.0003357,0.001024,0.6353,0.635,0.634,0.633,0.0003328,0.633,0.001166,0.632,0.0004883,0.632,0.0006323,0.632,0.632,0.632,0.632,0.0002458,0.632,0.632,0.632,0.0006323,0.632,0.001032,0.6313,0.631,0.631,0.6304,0.000472,0.63,0.0002253,0.63,0.63,0.63,0.63,0.63,0.0009565,0.000982,0.63,0.6304,0.631,0.0004842,0.6313,0.632,0.6323,0.633,0.633,0.0008574,0.000737,0.0004783,0.6323,0.6323,0.632,0.632,0.632,0.6323,0.633,0.633,0.634,0.000737,0.633,0.634,0.6343,0.635,0.6353,0.6357,0.000982,0.6357,0.6357,0.6357,0.6357,0.6357,0.6357,0.6357,0.6353,0.635,0.6343,0.000471,0.000512,0.634,0.634,0.6343,0.635,0.6357,0.636,0.6367,0.0002441,0.0007644,0.0002356,0.6367,0.6367,0.6367,0.636,0.0007644,0.6357],"7":[0.6543,0.6533,0.653,0.6523,0.6523,0.00054,0.6523,0.653,0.6533,0.6533,0.6533,0.654,0.6543,0.6543,0.6543,0.654,0.6533,0.6523,0.0007715,0.652,0.000923,0.6514,0.6514,0.6514,0.0002832,0.0004067,0.6514,0.0007715,0.6514,0.6514,0.652,0.6523,0.6523,0.6523,0.6523,0.6523,0.6523,0.000554,0.653,0.6533,0.0001861,0.000496,0.6533,0.6533,0.6533,0.6533,0.654,0.001151,0.6543,9.304e-5,0.6543,0.655,0.0001109,0.6553,0.0002565,0.656,0.6562,0.6562,0.6562,0.0001109,0.6567,0.657,0.657,0.657,0.657,0.0002446,0.6567,0.6562,0.6553,0.655,0.6543,0.6543,0.6543,0.0004413,0.655,0.6553,0.6553,0.656,0.0002973,0.6562,0.6562,0.0001283,0.0005755,0.000496,0.6562,0.6562,0.6562,0.6562,0.000277,0.6562,0.6562,0.6562,0.0002816,0.656,0.0001487,0.000636,0.6553,0.6543,0.0002816,0.000636],"2":[0.574,0.5747,0.0002325,0.575,0.576,0.5767,0.577,0.577,0.577,0.577,0.577,0.577,0.577,0.5767,0.576,0.5757,0.575,0.575,0.575,0.0001583,0.5757,0.0002534,0.576,0.576,0.0005484,0.5757,0.0006075,0.0007567,0.575,0.5757,0.0003278,0.0004692,0.575,0.957,0.957,0.5747,0.574,0.574,0.574,0.5747,0.575,0.5757,0.576,0.5767,0.0001696,0.577,0.577,0.577,0.577,0.577,0.577,0.577,0.577,0.577,0.0002494,0.0002742,0.577,0.577,0.577,0.5767,0.577,0.0001267,0.577,0.0004482,0.577,0.577,0.964,0.5767,0.576,0.0001639,0.576,0.5757,0.575,0.5747,0.001393,0.574,0.574,0.574,0.574,0.574,0.574,0.947,0.5737,0.0004692,0.0003784,0.573,0.573,0.0001162,0.0004482,0.573,0.573,0.573,0.001393,0.5737,0.964,0.574,0.574,0.574,0.574,0.947],"10":[0.572,0.5723,0.5728,0.573,9.29e-5,0.573,0.0002136,0.573,0.5737,4.065e-5,0.0002673,0.0001532,0.574,0.0001336,5.02e-5,0.5747,0.575,0.575,0.575,0.5747,0.575,0.575,6.354e-5,0.5757,0.576,0.0001545,0.577,0.5776,0.578,8.38e-5,0.5786,0.0001705,0.579,0.0001136,0.579,0.579,0.579,0.579,0.5786,0.578,0.0001435,0.5776,0.577,0.576,0.5757,3.69e-5,6.354e-5,0.575,0.0001495,7.66e-5,0.5747,0.574,0.574,0.5747,0.575,0.9473,0.00010777,0.575,0.575,7.737e-5,8.32e-5,0.575,0.0001556,0.575,0.0001612,0.5747,0.574,0.574,7.474e-5,0.5747,0.5747,0.574,0.574,0.5737,0.9473,0.573,7.737e-5,0.5737,0.573,0.5728,0.5723,0.572,0.5713,0.5713,0.5713,0.5713,0.5713,5.68e-5,0.5713,8.06e-5,0.5713,0.5713,8.32e-5,0.5713,0.5713,0.5713,0.5713,0.572,0.0001556,0.0001705],"9":[0.63,0.63,0.63,0.6294,0.629,0.63,0.0003414,0.629,0.628,0.6274,0.627,0.0002587,0.00056,0.6265,0.626,0.626,0.626,0.00089,0.626,0.626,0.6265,0.0005846,0.000404,0.627,0.627,0.627,0.000811,0.627,0.0006657,0.6265,0.000755,0.626,0.6265,0.0004644,0.627,0.628,0.6284,0.0004358,0.629,0.6294,0.629,0.0001564,0.629,0.629,0.0008383,0.6284,0.0003786,0.629,0.628,0.628,0.0004632,0.0003052,0.0004196,0.628,0.0007257,0.0001403,0.628,0.0006557,0.0002923,0.628,0.628,0.6284,0.0001293,0.6284,0.000811,0.6284,0.628,0.0007043,0.0007043,0.0001893,0.0004644,0.6284,0.001294,0.628,0.628,0.000647,0.000808,0.628,0.6284,0.00056,0.00089,0.0002453,0.629,0.629,0.629,0.6284,0.0004632,0.628,0.628,0.6284,0.629,0.629,0.629,0.629,0.629,0.6294,0.629,0.6294,0.63,0.0002098],"8":[0.000846,0.6367,0.0004718,0.6367,0.0004807,0.0006094,0.7446,0.0006075,0.7334,0.674,0.4287,0.6367,0.667,0.662,0.6465,0.001846,0.6,0.0006027,0.594,0.625,0.6704,0.000851,0.5938,0.001053,0.8174,0.6465,0.0004718,0.0008106,0.0006375,0.6377,0.7446,0.8174,0.0004303,0.5713,0.0004256,0.0002152,0.000495,0.6436,0.000782,0.6,0.6113,0.0006127,0.000637,0.001274,0.674,0.6113,0.5977,0.000854,0.67,0.0004206,0.001556,0.0004973,0.838,0.0001969,0.7334,0.838,0.6357,0.5073,0.667,0.001324,0.6865,0.5073,0.0006647,0.0005074,0.6787,0.000695,0.6357,0.686,0.001184,0.0003471,0.5938,0.000423,0.000427,0.001324,0.594,0.0003324,0.5977,0.4287,0.000845,0.5054,0.6377,0.0003185,0.6704,0.0003064,0.625,0.6436,0.622,0.6865,0.625,0.5713,0.6787,0.686,0.622,0.6787,0.67,0.000637,0.662,0.5054,0.0003483,0.0003476],"3":[0.646,0.001238,0.646,0.001015,0.6465,0.000799,0.6465,0.000399,0.6475,0.0007334,0.001238,0.647,0.6465,0.6465,0.0002723,0.000742,0.646,0.6455,0.00038,0.6455,0.6455,0.00106,0.6455,0.6455,0.645,0.001134,0.6455,0.6445,0.645,0.6455,0.000652,0.6455,0.645,0.000579,0.6445,0.0001996,0.6445,0.6445,0.645,0.001192,0.6455,0.0005455,0.000295,0.6455,0.000731,0.0004797,0.6455,0.6455,0.000452,0.001192,0.6455,0.6455,0.646,0.6465,0.647,0.0008144,0.6475,0.000695,0.0008144,0.0002785,0.6475,0.647,0.000335,0.646,0.000171,0.0005074,0.000165,0.0001392,0.0004232,0.6465,0.0004861,0.6465,0.6465,0.0004807,0.001134,0.000164,0.6465,0.6465,0.0002431,0.0002406,0.6465,0.6465,0.6465,0.6465,0.6465,0.6465,0.00053,0.0003667,0.0005455,0.6465,0.6465,0.6465,0.6465,0.0002406,0.6465,0.000695,0.6465,0.646,0.6465,0.646],"1":[0.637,0.6377,0.6377,0.6377,0.637,0.6367,0.6367,0.0005603,0.6367,0.6367,0.6367,0.6367,0.637,0.001232,0.6377,0.000701,0.6396,0.0003724,0.6387,0.639,0.6396,0.00073,0.64,0.6406,0.6406,0.000632,0.6406,0.6406,0.641,0.6416,0.6416,0.6416,0.0002056,0.6416,0.001047,0.6416,0.00073,0.6416,0.6416,0.6416,0.641,0.001003,0.000701,0.001377,0.0005603,0.001232,0.6416,0.6416,0.000854,0.6416,0.6416,0.001079,0.0003366,0.0003724,0.0007477,0.6416,0.000927,0.6416,0.6416,0.0006886,0.641,0.0002177,0.6406,0.0003738,0.6406,0.6406,0.64,0.6396,0.6396,0.6396,0.64,0.6406,0.6406,0.000316,0.001079,0.6406,0.64,0.0004303,0.6396,0.639,0.6387,0.6377,0.6377,0.638,0.638,0.638,0.0004635,0.6387,0.6387,0.6387,0.6387,0.0004303,0.6387,0.6387,0.638,0.6377,0.6377,0.637,0.637,0.637]}