{"5":{"(Float16(3.576e-5), Float16(0.3))":32,"(Float16(0.705), Float16(1.005))":68},"56":{"(Float16(0.666), Float16(0.966))":53,"(Float16(3.5e-6), Float16(0.3))":47},"35":{"(Float16(0.6357), Float16(0.9355))":68,"(Float16(9.3e-6), Float16(0.3))":32},"55":{"(Float16(0.744), Float16(1.044))":54,"(Float16(4.05e-6), Float16(0.3))":46},"60":{"(Float16(0.7646), Float16(1.064))":55,"(Float16(0.0004392), Float16(0.3005))":45},"30":{"(Float16(0.745), Float16(1.045))":61,"(Float16(4.53e-6), Float16(0.3))":39},"32":{"(Float16(0.5557), Float16(0.8555))":73,"(Float16(6.0e-7), Float16(0.3))":27},"6":{"(Float16(3.6e-6), Float16(0.3))":40,"(Float16(0.634), Float16(0.9336))":60},"67":{"(Float16(0.6807), Float16(0.9805))":59,"(Float16(1.25e-6), Float16(0.3))":41},"45":{"(Float16(0.673), Float16(0.9727))":67,"(Float16(3.6e-7), Float16(0.3))":33},"73":{"(Float16(9.0e-7), Float16(0.3))":21,"(Float16(0.63), Float16(0.9297))":79},"64":{"(Float16(0.625), Float16(0.925))":67,"(Float16(1.0e-7), Float16(0.3))":33},"90":{"(Float16(1.0e-7), Float16(0.3))":19,"(Float16(0.582), Float16(0.882))":81},"4":{"(Float16(0.667), Float16(0.967))":64,"(Float16(1.7e-6), Float16(0.3))":36},"13":{"(Float16(0.000293), Float16(0.3003))":26,"(Float16(0.6143), Float16(0.914))":74},"54":{"(Float16(0.6035), Float16(0.9033))":76,"(Float16(6.0e-7), Float16(0.3))":24},"63":{"(Float16(8.684e-5), Float16(0.3))":34,"(Float16(0.673), Float16(0.9727))":66},"86":{"(Float16(0.6865), Float16(0.9863))":67,"(Float16(0.0003445), Float16(0.3003))":33},"91":{"(Float16(0.0003204), Float16(0.3003))":35,"(Float16(0.6377), Float16(0.9375))":65},"62":{"(Float16(0.635), Float16(0.9346))":59,"(Float16(5.4e-6), Float16(0.3))":41},"58":{"(Float16(1.9e-6), Float16(0.3))":32,"(Float16(0.6504), Float16(0.95))":68},"52":{"(Float16(4.4e-6), Float16(0.3))":60,"(Float16(0.714), Float16(1.014))":40},"12":{"(Float16(5.5e-6), Float16(0.3))":38,"(Float16(0.6123), Float16(0.912))":62},"28":{"(Float16(0.718), Float16(1.018))":65,"(Float16(1.33e-5), Float16(0.3))":35},"75":{"(Float16(2.0e-6), Float16(0.3))":36,"(Float16(0.663), Float16(0.963))":64},"23":{"(Float16(1.0e-7), Float16(0.3))":39,"(Float16(0.657), Float16(0.957))":61},"92":{"(Float16(1.25e-6), Float16(0.3))":35,"(Float16(0.6387), Float16(0.9385))":65},"41":{"(Float16(0.0002055), Float16(0.3003))":62,"(Float16(0.7695), Float16(1.069))":38},"43":{"(Float16(1.52e-5), Float16(0.3))":45,"(Float16(0.7236), Float16(1.023))":55},"11":{"(Float16(1.0e-7), Float16(0.3))":32,"(Float16(0.62), Float16(0.92))":68},"36":{"(Float16(3.7e-5), Float16(0.3))":45,"(Float16(0.702), Float16(1.002))":55},"68":{"(Float16(0.7), Float16(1.0))":59,"(Float16(2.56e-6), Float16(0.3))":41},"69":{"(Float16(2.05e-5), Float16(0.3))":29,"(Float16(0.622), Float16(0.922))":71},"98":{"(Float16(0.0002656), Float16(0.3003))":50,"(Float16(0.784), Float16(1.084))":50},"82":{"(Float16(0.6396), Float16(0.9395))":63,"(Float16(1.0e-7), Float16(0.3))":37},"85":{"(Float16(6.735e-5), Float16(0.3))":41,"(Float16(0.7188), Float16(1.019))":59},"39":{"(Float16(1.58e-5), Float16(0.3))":42,"(Float16(0.706), Float16(1.006))":58},"84":{"(Float16(0.6543), Float16(0.954))":66,"(Float16(4.1e-6), Float16(0.3))":34},"77":{"(Float16(0.6436), Float16(0.9434))":73,"(Float16(1.8e-6), Float16(0.3))":27},"7":{"(Float16(9.75e-5), Float16(0.3))":29,"(Float16(0.664), Float16(0.964))":71},"25":{"(Float16(0.6963), Float16(0.996))":63,"(Float16(4.05e-6), Float16(0.3))":37},"95":{"(Float16(0.000132), Float16(0.3))":31,"(Float16(0.6904), Float16(0.99))":69},"71":{"(Float16(8.0e-7), Float16(0.3))":37,"(Float16(0.671), Float16(0.9707))":63},"66":{"(Float16(1.1e-6), Float16(0.3))":34,"(Float16(0.6846), Float16(0.9844))":66},"76":{"(Float16(1.0e-7), Float16(0.3))":24,"(Float16(0.5977), Float16(0.8975))":76},"34":{"(Float16(1.62e-5), Float16(0.3))":42,"(Float16(0.671), Float16(0.9707))":58},"50":{"(Float16(0.6396), Float16(0.9395))":68,"(Float16(1.0e-7), Float16(0.3))":32},"59":{"(Float16(0.667), Float16(0.967))":70,"(Float16(2.44e-5), Float16(0.3))":30},"93":{"(Float16(7.0e-7), Float16(0.3))":34,"(Float16(0.6406), Float16(0.9404))":66},"2":{"(Float16(6.0e-7), Float16(0.3))":34,"(Float16(0.662), Float16(0.962))":66},"10":{"(Float16(0.699), Float16(0.999))":54,"(Float16(0.00010026), Float16(0.3))":46},"18":{"(Float16(2.8e-6), Float16(0.3))":37,"(Float16(0.6387), Float16(0.9385))":63},"26":{"(Float16(2.17e-5), Float16(0.3))":42,"(Float16(0.669), Float16(0.9688))":58},"27":{"(Float16(0.633), Float16(0.9326))":73,"(Float16(7.15e-6), Float16(0.3))":27},"42":{"(Float16(1.35e-5), Float16(0.3))":42,"(Float16(0.662), Float16(0.962))":58},"87":{"(Float16(6.6e-7), Float16(0.3))":32,"(Float16(0.669), Float16(0.9688))":68},"100":{"(Float16(2.086e-5), Float16(0.3))":58,"(Float16(0.7695), Float16(1.069))":42},"79":{"(Float16(1.97e-6), Float16(0.3))":36,"(Float16(0.718), Float16(1.018))":64},"16":{"(Float16(0.00034), Float16(0.3003))":51,"(Float16(0.8193), Float16(1.119))":49},"20":{"(Float16(0.0001094), Float16(0.3))":38,"(Float16(0.6475), Float16(0.9473))":62},"81":{"(Float16(0.744), Float16(1.044))":52,"(Float16(0.00010765), Float16(0.3))":48},"19":{"(Float16(0.6865), Float16(0.9863))":45,"(Float16(1.7e-6), Float16(0.3))":55},"49":{"(Float16(0.674), Float16(0.9736))":63,"(Float16(6.3e-6), Float16(0.3))":37},"44":{"(Float16(0.788), Float16(1.088))":45,"(Float16(0.0003436), Float16(0.3003))":55},"9":{"(Float16(0.6484), Float16(0.948))":60,"(Float16(1.276e-5), Float16(0.3))":40},"31":{"(Float16(2.21e-5), Float16(0.3))":47,"(Float16(0.709), Float16(1.009))":53},"74":{"(Float16(0.622), Float16(0.922))":58,"(Float16(3.6e-7), Float16(0.3))":42},"61":{"(Float16(0.0003076), Float16(0.3003))":61,"(Float16(0.753), Float16(1.053))":39},"29":{"(Float16(0.717), Float16(1.017))":60,"(Float16(0.0003624), Float16(0.3003))":40},"94":{"(Float16(3.916e-5), Float16(0.3))":34,"(Float16(0.6895), Float16(0.9893))":66},"46":{"(Float16(0.000222), Float16(0.3003))":39,"(Float16(0.7197), Float16(1.02))":61},"57":{"(Float16(0.6084), Float16(0.908))":66,"(Float16(5.96e-6), Float16(0.3))":34},"70":{"(Float16(0.619), Float16(0.919))":70,"(Float16(2.15e-6), Float16(0.3))":30},"21":{"(Float16(0.717), Float16(1.017))":58,"(Float16(1.48e-5), Float16(0.3))":42},"38":{"(Float16(0.8623), Float16(1.162))":20,"(Float16(0.4878), Float16(0.7876))":51,"(Float16(3.8e-6), Float16(0.3))":29},"88":{"(Float16(0.6836), Float16(0.9834))":68,"(Float16(2.74e-6), Float16(0.3))":32},"78":{"(Float16(0.0003748), Float16(0.3003))":42,"(Float16(0.6562), Float16(0.956))":58},"72":{"(Float16(0.6367), Float16(0.9365))":64,"(Float16(0.0003572), Float16(0.3003))":36},"24":{"(Float16(1.92e-5), Float16(0.3))":38,"(Float16(0.693), Float16(0.9927))":62},"8":{"(Float16(0.699), Float16(0.999))":69,"(Float16(7.03e-6), Float16(0.3))":31},"17":{"(Float16(0.749), Float16(1.049))":46,"(Float16(0.0002615), Float16(0.3003))":54},"37":{"(Float16(6.6e-6), Float16(0.3))":37,"(Float16(0.6533), Float16(0.953))":63},"1":{"(Float16(0.713), Float16(1.013))":55,"(Float16(1.466e-5), Float16(0.3))":45},"53":{"(Float16(0.6084), Float16(0.908))":84,"(Float16(1.0e-7), Float16(0.3))":16},"22":{"(Float16(4.05e-6), Float16(0.3))":43,"(Float16(0.701), Float16(1.001))":57},"47":{"(Float16(1.35e-5), Float16(0.3))":38,"(Float16(0.7065), Float16(1.007))":62},"83":{"(Float16(2.4e-7), Float16(0.3))":33,"(Float16(0.664), Float16(0.964))":67},"99":{"(Float16(1.0e-7), Float16(0.3))":36,"(Float16(0.664), Float16(0.964))":64},"89":{"(Float16(6.2e-6), Float16(0.3))":48,"(Float16(0.715), Float16(1.015))":52},"14":{"(Float16(3.934e-5), Float16(0.3))":41,"(Float16(0.6553), Float16(0.955))":59},"3":{"(Float16(5.937e-5), Float16(0.3))":51,"(Float16(0.7676), Float16(1.067))":49},"80":{"(Float16(0.6826), Float16(0.9824))":64,"(Float16(2.26e-6), Float16(0.3))":36},"96":{"(Float16(8.696e-5), Float16(0.3))":39,"(Float16(0.7197), Float16(1.02))":61},"51":{"(Float16(6.6e-7), Float16(0.3))":47,"(Float16(0.6787), Float16(0.9785))":53},"33":{"(Float16(5.746e-5), Float16(0.3))":40,