{"5":{"(Float16(0.6543), Float16(0.954))":74,"(Float16(6.28e-5), Float16(0.3))":26},"56":{"(Float16(0.813), Float16(1.113))":6,"(Float16(0.5107), Float16(0.8105))":52,"(Float16(0.00010955), Float16(0.3))":42},"35":{"(Float16(5.4e-7), Float16(0.3))":27,"(Float16(0.6143), Float16(0.914))":73},"55":{"(Float16(3.2e-6), Float16(0.3))":30,"(Float16(0.668), Float16(0.968))":70},"60":{"(Float16(3.91e-5), Float16(0.3))":38,"(Float16(0.673), Float16(0.9727))":62},"30":{"(Float16(0.668), Float16(0.968))":69,"(Float16(3.28e-5), Float16(0.3))":31},"32":{"(Float16(6.86e-5), Float16(0.3))":30,"(Float16(0.709), Float16(1.009))":66,"(Float16(0.3496), Float16(0.6494))":4},"6":{"(Float16(7.68e-5), Float16(0.3))":37,"(Float16(0.67), Float16(0.9697))":63},"67":{"(Float16(6.22e-5), Float16(0.3))":27,"(Float16(0.6094), Float16(0.909))":73},"45":{"(Float16(0.663), Float16(0.963))":60,"(Float16(5.573e-5), Float16(0.3))":40},"73":{"(Float16(0.663), Float16(0.963))":69,"(Float16(0.0001341), Float16(0.3))":31},"64":{"(Float16(0.66), Float16(0.96))":76,"(Float16(6.0e-8), Float16(0.3))":24},"90":{"(Float16(0.627), Float16(0.927))":68,"(Float16(4.78e-5), Float16(0.3))":32},"4":{"(Float16(9.67e-5), Float16(0.3))":30,"(Float16(0.6514), Float16(0.951))":70},"13":{"(Float16(0.623), Float16(0.923))":76,"(Float16(0.0001372), Float16(0.3))":24},"54":{"(Float16(0.9497), Float16(1.25))":1,"(Float16(9.4e-6), Float16(0.3))":34,"(Float16(0.619), Float16(0.919))":65},"63":{"(Float16(0.5625), Float16(0.8623))":63,"(Float16(6.163e-5), Float16(0.3))":31,"(Float16(0.877), Float16(1.177))":6},"86":{"(Float16(2.86e-6), Float16(0.3))":30,"(Float16(0.659), Float16(0.959))":70},"91":{"(Float16(5.71e-5), Float16(0.3))":28,"(Float16(0.5947), Float16(0.8945))":71,"(Float16(0.9395), Float16(1.239))":1},"62":{"(Float16(0.62), Float16(0.92))":61,"(Float16(8.833e-5), Float16(0.3))":39},"58":{"(Float16(5.4e-6), Float16(0.3))":24,"(Float16(0.628), Float16(0.9277))":76},"52":{"(Float16(4.244e-5), Float16(0.3))":30,"(Float16(0.678), Float16(0.978))":68,"(Float16(0.3618), Float16(0.6616))":2},"12":{"(Float16(0.0001185), Float16(0.3))":45,"(Float16(0.6504), Float16(0.95))":55},"28":{"(Float16(0.0001335), Float16(0.3))":50,"(Float16(0.4429), Float16(0.7427))":16,"(Float16(0.748), Float16(1.048))":34},"75":{"(Float16(0.6074), Float16(0.907))":74,"(Float16(0.0001283), Float16(0.3))":24,"(Float16(0.9385), Float16(1.238))":2},"23":{"(Float16(9.06e-5), Float16(0.3))":22,"(Float16(0.6016), Float16(0.9014))":78},"92":{"(Float16(0.606), Float16(0.906))":61,"(Float16(5.233e-5), Float16(0.3))":39},"41":{"(Float16(1.824e-5), Float16(0.3))":24,"(Float16(0.624), Float16(0.924))":76},"43":{"(Float16(1.466e-5), Float16(0.3))":44,"(Float16(0.714), Float16(1.014))":52,"(Float16(0.3262), Float16(0.626))":4},"11":{"(Float16(3.02e-5), Float16(0.3))":31,"(Float16(0.623), Float16(0.923))":69},"36":{"(Float16(0.000237), Float16(0.3003))":34,"(Float16(0.6484), Float16(0.948))":66},"68":{"(Float16(5.39e-5), Float16(0.3))":46,"(Float16(0.665), Float16(0.965))":52,"(Float16(0.3428), Float16(0.6426))":2},"69":{"(Float16(0.7236), Float16(1.023))":61,"(Float16(6.163e-5), Float16(0.3))":39},"98":{"(Float16(0.7324), Float16(1.032))":75,"(Float16(0.4116), Float16(0.7114))":2,"(Float16(4.14e-5), Float16(0.3))":23},"82":{"(Float16(0.0001126), Float16(0.3))":31,"(Float16(0.3535), Float16(0.6533))":6,"(Float16(0.713), Float16(1.013))":63},"85":{"(Float16(0.6865), Float16(0.9863))":70,"(Float16(0.0001724), Float16(0.3003))":30},"39":{"(Float16(2.27e-5), Float16(0.3))":28,"(Float16(0.6313), Float16(0.931))":72},"84":{"(Float16(0.0001098), Float16(0.3))":24,"(Float16(0.659), Float16(0.959))":76},"77":{"(Float16(5.245e-5), Float16(0.3))":31,"(Float16(0.627), Float16(0.927))":69},"7":{"(Float16(0.3413), Float16(0.641))":1,"(Float16(0.6855), Float16(0.9854))":69,"(Float16(0.0001128), Float16(0.3))":30},"25":{"(Float16(0.0001764), Float16(0.3003))":46,"(Float16(0.4219), Float16(0.7217))":42,"(Float16(0.7896), Float16(1.09))":12},"95":{"(Float16(0.6455), Float16(0.9453))":66,"(Float16(0.00012124), Float16(0.3))":34},"71":{"(Float16(1.95e-5), Float16(0.3))":22,"(Float16(0.589), Float16(0.8887))":78},"66":{"(Float16(0.6357), Float16(0.9355))":69,"(Float16(0.00010717), Float16(0.3))":30,"(Float16(0.3286), Float16(0.6284))":1},"76":{"(Float16(0.0), Float16(0.3))":26,"(Float16(0.6445), Float16(0.9443))":74},"34":{"(Float16(0.0001737), Float16(0.3003))":39,"(Float16(0.6855), Float16(0.9854))":61},"50":{"(Float16(0.632), Float16(0.9316))":77,"(Float16(4.27e-5), Float16(0.3))":23},"59":{"(Float16(0.0001309), Float16(0.3))":28,"(Float16(0.632), Float16(0.9316))":72},"93":{"(Float16(6.7e-6), Float16(0.3))":43,"(Float16(0.3342), Float16(0.6343))":1,"(Float16(0.7), Float16(1.0))":56},"2":{"(Float16(0.6396), Float16(0.9395))":66,"(Float16(1.0e-7), Float16(0.3))":34},"10":{"(Float16(0.674), Float16(0.9736))":70,"(Float16(9.06e-6), Float16(0.3))":30},"18":{"(Float16(7.963e-5), Float16(0.3))":38,"(Float16(0.6133), Float16(0.913))":62},"26":{"(Float16(0.622), Float16(0.922))":79,"(Float16(0.0001566), Float16(0.3))":21},"27":{"(Float16(0.6416), Float16(0.9414))":69,"(Float16(8.106e-5), Float16(0.3))":31},"42":{"(Float16(0.4546), Float16(0.7544))":67,"(Float16(0.0001619), Float16(0.3))":25,"(Float16(0.7827), Float16(1.083))":8},"87":{"(Float16(9.215e-5), Float16(0.3))":35,"(Float16(0.6533), Float16(0.953))":65},"100":{"(Float16(0.6943), Float16(0.994))":66,"(Float16(0.0001024), Float16(0.3))":34},"79":{"(Float16(1.645e-5), Float16(0.3))":30,"(Float16(0.628), Float16(0.9277))":70},"16":{"(Float16(0.619), Float16(0.919))":66,"(Float16(4.71e-5), Float16(0.3))":34},"20":{"(Float16(0.968), Float16(1.268))":2,"(Float16(0.0001352), Float16(0.3))":29,"(Float16(0.6426), Float16(0.9424))":69},"81":{"(Float16(9.88e-5), Float16(0.3))":32,"(Float16(0.6816), Float16(0.9814))":68},"19":{"(Float16(0.313), Float16(0.613))":1,"(Float16(6.44e-5), Float16(0.3))":23,"(Float16(0.6387), Float16(0.9385))":76},"49":{"(Float16(0.618), Float16(0.918))":70,"(Float16(2.45e-5), Float16(0.3))":30},"44":{"(Float16(0.6777), Float16(0.9775))":64,"(Float16(0.3218), Float16(0.6216))":1,"(Float16(9.43e-5), Float16(0.3))":35},"9":{"(Float16(3.48e-5), Float16(0.3))":25,"(Float16(0.6445), Float16(0.9443))":75},"31":{"(Float16(0.4102), Float16(0.71))":41,"(Float16(0.0002522), Float16(0.3003))":36,"(Float16(0.7627), Float16(1.0625))":23},"74":{"(Float16(0.653), Float16(0.9526))":74,"(Float16(1.68e-5), Float16(0.3))":26},"61":{"(Float16(7.105e-5), Float16(0.3))":27,"(Float16(0.6846), Float16(0.9844))":73},"29":{"(Float16(2.086e-5), Float16(0.3))":34,"(Float16(0.6426), Float16(0.9424))":66},"94":{"(Float16(0.633), Float16(0.9326))":65,"(Float16(0.0), Float16(0.3))":35},"46":{"(Float16(4.67e-5), Float16(0.3))":31,"(Float16(0.672), Float16(0.9717))":69},"57":{"(Float16(5.82e-5), Float16(0.3))":22,"(Float16(0.631), Float16(0.9307))":78},"70":{"(Float16(0.716), Float16(1.016))":74,"(Float16(0.3572), Float16(0.657))":1,"(Float16(7.39e-5), Float16(0.3))":25},"21":{"(Float16(0.675), Float16(0.9746))":74,"(Float16(2.63e-5), Float16(0.3))":26},"38":{"(Float16(0.6357), Float16(0.9355))":66,"(Float16(0.0001245), Float16(0.3))":34},"88":{"(Float16(0.6084), Float16(0.908))":76,"(Float16(6.2e-6), Float16(0.3))":24},"78":{"(Float16(0.6553), Float16(0.955))":60,"(Float16(8.94e-6), Float16(0.3))":40},"72":{"(Float16(6.9e-6), Float16(0.3))":23,"(Float16(0.6035), Float16(0.9033))":77},"24":{"(Float16(0.0002966), Float16(0.3003))":36,"(Float16(0.802), Float16(1.102))":53,"(Float16(0.3447), Float16(0.6445))":11},"8":{"(Float16(0.6377), Float16(0.9375))":62,"(Float16(1.967e-5), Float16(0.3))":38},"17":{"(Float16(0.379), Float16(0.6787))":6,"(Float16(0.759), Float16(1.059))":48,"(Float16(1.0e-6), Float16(0.3))":46},"37":{"(Float16(0.5757), Float16(0.8755))":73,"(Float16(0.923), Float16(1.223))":1,"(Float16(5.6e-5), Float16(0.3))":26},"1":{"(Float16(5.7e-6), Float16(0.3))":24,"(Float16(0.62), Float16(0.92))":75,