{"5":{"(Float16(0.000384), Float16(0.5005))":100},"56":{"(Float16(0.0004005), Float16(0.5005))":100},"35":{"(Float16(0.0003881), Float16(0.5005))":100},"55":{"(Float16(0.0005317), Float16(0.5005))":100},"60":{"(Float16(0.0005665), Float16(0.5005))":100},"30":{"(Float16(0.0005507), Float16(0.5005))":100},"32":{"(Float16(0.0005913), Float16(0.5005))":100},"6":{"(Float16(0.000475), Float16(0.5005))":100},"67":{"(Float16(0.000566), Float16(0.5005))":100},"45":{"(Float16(0.000529), Float16(0.5005))":100},"73":{"(Float16(0.0004065), Float16(0.5005))":100},"64":{"(Float16(0.0005565), Float16(0.5005))":100},"90":{"(Float16(0.0003998), Float16(0.5005))":100},"4":{"(Float16(0.000463), Float16(0.5005))":100},"13":{"(Float16(0.0004861), Float16(0.5005))":100},"54":{"(Float16(0.0003734), Float16(0.5005))":100},"63":{"(Float16(0.0006733), Float16(0.5005))":100},"86":{"(Float16(0.000351), Float16(0.5005))":100},"91":{"(Float16(0.000592), Float16(0.5005))":100},"62":{"(Float16(0.0005064), Float16(0.5005))":100},"58":{"(Float16(0.0004897), Float16(0.5005))":100},"52":{"(Float16(0.0004182), Float16(0.5005))":100},"12":{"(Float16(0.000556), Float16(0.5005))":100},"28":{"(Float16(0.0004344), Float16(0.5005))":100},"75":{"(Float16(0.0003972), Float16(0.5005))":100},"23":{"(Float16(0.0003912), Float16(0.5005))":100},"92":{"(Float16(0.0004609), Float16(0.5005))":100},"41":{"(Float16(0.0003638), Float16(0.5005))":100},"43":{"(Float16(0.000516), Float16(0.5005))":100},"11":{"(Float16(0.0004761), Float16(0.5005))":100},"36":{"(Float16(0.0003731), Float16(0.5005))":100},"68":{"(Float16(0.000491), Float16(0.5005))":100},"69":{"(Float16(0.0004897), Float16(0.5005))":100},"98":{"(Float16(0.000462), Float16(0.5005))":100},"82":{"(Float16(0.0004916), Float16(0.5005))":100},"85":{"(Float16(0.0004225), Float16(0.5005))":100},"39":{"(Float16(0.000591), Float16(0.5005))":100},"84":{"(Float16(0.0004067), Float16(0.5005))":100},"77":{"(Float16(0.0003505), Float16(0.5005))":100},"7":{"(Float16(0.000501), Float16(0.5005))":100},"25":{"(Float16(0.0004802), Float16(0.5005))":100},"95":{"(Float16(0.0004172), Float16(0.5005))":100},"71":{"(Float16(0.0003312), Float16(0.5005))":100},"66":{"(Float16(0.0004003), Float16(0.5005))":100},"76":{"(Float16(0.0004063), Float16(0.5005))":100},"34":{"(Float16(0.000559), Float16(0.5005))":100},"50":{"(Float16(0.0004346), Float16(0.5005))":100},"59":{"(Float16(0.000589), Float16(0.5005))":100},"93":{"(Float16(0.0004973), Float16(0.5005))":100},"2":{"(Float16(0.0005016), Float16(0.5005))":100},"10":{"(Float16(0.000473), Float16(0.5005))":100},"18":{"(Float16(0.0003934), Float16(0.5005))":100},"26":{"(Float16(0.0004513), Float16(0.5005))":100},"27":{"(Float16(0.000497), Float16(0.5005))":100},"42":{"(Float16(0.000491), Float16(0.5005))":100},"87":{"(Float16(0.000477), Float16(0.5005))":100},"100":{"(Float16(0.0003371), Float16(0.5005))":100},"79":{"(Float16(0.0003977), Float16(0.5005))":100},"16":{"(Float16(0.0003636), Float16(0.5005))":100},"20":{"(Float16(0.000455), Float16(0.5005))":100},"81":{"(Float16(0.000395), Float16(0.5005))":100},"19":{"(Float16(0.0004213), Float16(0.5005))":100},"49":{"(Float16(0.0005684), Float16(0.5005))":100},"44":{"(Float16(0.0004413), Float16(0.5005))":100},"9":{"(Float16(0.0005503), Float16(0.5005))":100},"31":{"(Float16(0.0005407), Float16(0.5005))":100},"74":{"(Float16(0.000449), Float16(0.5005))":100},"61":{"(Float16(0.000412), Float16(0.5005))":100},"29":{"(Float16(0.0002894), Float16(0.5005))":100},"94":{"(Float16(0.0004334), Float16(0.5005))":100},"46":{"(Float16(0.000554), Float16(0.5005))":100},"57":{"(Float16(0.0004482), Float16(0.5005))":100},"70":{"(Float16(0.0003102), Float16(0.5005))":100},"21":{"(Float16(0.000493), Float16(0.5005))":100},"38":{"(Float16(0.0006495), Float16(0.5005))":100},"88":{"(Float16(0.000393), Float16(0.5005))":100},"78":{"(Float16(0.0004258), Float16(0.5005))":100},"72":{"(Float16(0.0002677), Float16(0.5005))":100},"24":{"(Float16(0.0005636), Float16(0.5005))":100},"8":{"(Float16(0.0003905), Float16(0.5005))":100},"17":{"(Float16(0.0003555), Float16(0.5005))":100},"37":{"(Float16(0.000498), Float16(0.5005))":100},"1":{"(Float16(0.0004084), Float16(0.5005))":100},"53":{"(Float16(0.0004447), Float16(0.5005))":100},"22":{"(Float16(0.0005174), Float16(0.5005))":100},"47":{"(Float16(0.0004442), Float16(0.5005))":100},"83":{"(Float16(0.0004592), Float16(0.5005))":100},"99":{"(Float16(0.0003252), Float16(0.5005))":100},"89":{"(Float16(0.0004842), Float16(0.5005))":100},"14":{"(Float16(0.0004177), Float16(0.5005))":100},"3":{"(Float16(0.0003238), Float16(0.5005))":100},"80":{"(Float16(0.000588), Float16(0.5005))":100},"96":{"(Float16(0.000378), Float16(0.5005))":100},"51":{"(Float16(0.0005836), Float16(0.5005))":100},"33":{"(Float16(0.000381), Float16(0.5005))":100},"40":{"(Float16(0.000581), Float16(0.5005))":100},"48":{"(Float16(0.0003247), Float16(0.5005))":100},"15":{"(Float16(0.000328), Float16(0.5005))":100},"65":{"(Float16(0.0004592), Float16(0.5005))":100},"97":{"(Float16(0.000596), Float16(0.5005))":100}}