{"1":[0.254,0.6426,0.714,0.2546,0.95,0.05002,0.95,0.2534,0.784,0.714,0.2554,0.05,0.95,0.5,0.95,0.95,0.95,0.4998,0.2542,0.5,0.95,0.05002,0.5,0.2544,0.95,0.7734,0.2534,0.2554,0.5,0.2554,0.5,0.2559,0.2551,0.255,0.254,0.2544,0.254,0.95,0.95,0.2542,0.765,0.5,0.05005,0.7725,0.95,0.8086,0.5,0.05,0.255,0.05005,0.6426,0.254,0.5,0.8086,0.2534,0.2534,0.5,0.05005,0.05,0.5,0.254,0.715,0.05005,0.95,0.5,0.765,0.95,0.5,0.05,0.2534,0.05005,0.95,0.7734,0.6875,0.05,0.05005,0.8086,0.2534,0.95,0.665,0.0501,0.05005,0.95,0.05002,0.784,0.665,0.05002,0.95,0.95,0.2534,0.05,0.7725,0.7725,0.254,0.6875,0.2542,0.2534,0.05005,0.254,0.715],"2":[0.9487,0.05035,0.7744,0.374,0.3792,0.6504,0.619,0.5005,0.05005,0.375,0.501,0.9497,0.9497,0.241,0.664,0.949,0.501,0.0503,0.9497,0.241,0.6504,0.3262,0.3706,0.05017,0.5,0.9497,0.375,0.6055,0.3071,0.949,0.949,0.9497,0.9497,0.3262,0.3044,0.949,0.3071,0.948,0.7227,0.9487,0.948,0.05017,0.949,0.3057,0.6924,0.3792,0.6875,0.948,0.5,0.9487,0.6123,0.3706,0.7227,0.6875,0.1868,0.5,0.1868,0.6855,0.1997,0.3044,0.5005,0.05002,0.9497,0.9497,0.7227,0.5005,0.1868,0.1997,0.9487,0.5,0.1606,0.5,0.241,0.757,0.6074,0.664,0.949,0.6055,0.757,0.619,0.5,0.948,0.949,0.374,0.9487,0.05002,0.7744,0.05008,0.05017,0.501,0.05002,0.3057,0.9487,0.6855,0.1606,0.6074,0.3706,0.6924,0.5,0.6123],"3":[0.6836,0.1814,0.05008,0.3213,0.5,0.2627,0.05,0.9497,0.5,0.5,0.6836,0.04996,0.05,0.1814,0.4995,0.5,0.6836,0.4998,0.6836,0.5,0.95,0.379,0.3213,0.5,0.6836,0.2676,0.05002,0.355,0.5005,0.6836,0.04996,0.2676,0.95,0.6836,0.6836,0.05002,0.5,0.1814,0.6836,0.4995,0.1602,0.0501,0.6836,0.95,0.5,0.4998,0.6836,0.95,0.05005,0.5,0.5,0.5,0.3787,0.05005,0.1652,0.949,0.2554,0.95,0.05008,0.95,0.4995,0.2554,0.5,0.9497,0.5,0.05,0.4995,0.5,0.5,0.6836,0.4995,0.05,0.3787,0.949,0.6836,0.9497,0.5,0.355,0.3096,0.95,0.5,0.04996,0.95,0.5,0.379,0.05005,0.05005,0.95,0.95,0.95,0.95,0.1652,0.4998,0.3096,0.5,0.2627,0.1602,0.6836,0.95,0.5005]}