{"32":{"(Float16(0.501), Float16(0.801))":90,"(Float16(0.05), Float16(0.35))":10},"29":{"(Float16(0.498), Float16(0.798))":100},"81":{"(Float16(0.05002), Float16(0.35))":19,"(Float16(0.5005), Float16(0.8003))":81},"54":{"(Float16(0.05002), Float16(0.35))":44,"(Float16(0.501), Float16(0.801))":56},"78":{"(Float16(0.501), Float16(0.801))":99,"(Float16(0.05), Float16(0.35))":1},"1":{"(Float16(0.498), Float16(0.798))":100},"2":{"(Float16(0.05005), Float16(0.35))":23,"(Float16(0.501), Float16(0.801))":77},"74":{"(Float16(0.5015), Float16(0.8013))":100},"41":{"(Float16(0.949), Float16(1.249))":40,"(Float16(0.498), Float16(0.798))":60},"65":{"(Float16(0.501), Float16(0.801))":92,"(Float16(0.95), Float16(1.25))":1,"(Float16(0.05), Float16(0.35))":7},"53":{"(Float16(0.498), Float16(0.798))":100},"51":{"(Float16(0.949), Float16(1.249))":39,"(Float16(0.498), Float16(0.798))":61},"27":{"(Float16(0.95), Float16(1.25))":10,"(Float16(0.498), Float16(0.798))":89,"(Float16(0.05), Float16(0.35))":1},"75":{"(Float16(0.5005), Float16(0.8003))":100},"42":{"(Float16(0.501), Float16(0.801))":100},"33":{"(Float16(0.498), Float16(0.798))":100},"28":{"(Float16(0.5015), Float16(0.8013))":99,"(Float16(0.05), Float16(0.35))":1},"52":{"(Float16(0.501), Float16(0.801))":97,"(Float16(0.05), Float16(0.35))":3},"50":{"(Float16(0.948), Float16(1.248))":59,"(Float16(0.05002), Float16(0.35))":41},"63":{"(Float16(0.501), Float16(0.801))":94,"(Float16(0.95), Float16(1.25))":1,"(Float16(0.05), Float16(0.35))":5},"92":{"(Float16(0.498), Float16(0.798))":99,"(Float16(0.05), Float16(0.35))":1},"88":{"(Float16(0.501), Float16(0.801))":94,"(Float16(0.05), Float16(0.35))":6},"93":{"(Float16(0.501), Float16(0.801))":98,"(Float16(0.05), Float16(0.35))":2},"26":{"(Float16(0.05), Float16(0.35))":2,"(Float16(0.502), Float16(0.802))":98},"10":{"(Float16(0.501), Float16(0.801))":97,"(Float16(0.95), Float16(1.25))":1,"(Float16(0.05), Float16(0.35))":2},"77":{"(Float16(0.95), Float16(1.25))":10,"(Float16(0.4985), Float16(0.7983))":90},"87":{"(Float16(0.95), Float16(1.25))":1,"(Float16(0.498), Float16(0.798))":99},"24":{"(Float16(0.95), Float16(1.25))":3,"(Float16(0.498), Float16(0.798))":95,"(Float16(0.05), Float16(0.35))":2},"58":{"(Float16(0.05002), Float16(0.35))":30,"(Float16(0.6157), Float16(0.9155))":70},"25":{"(Float16(0.948), Float16(1.248))":1,"(Float16(0.5005), Float16(0.8003))":99},"23":{"(Float16(0.5005), Float16(0.8003))":99,"(Float16(0.05), Float16(0.35))":1},"49":{"(Float16(0.95), Float16(1.25))":4,"(Float16(0.498), Float16(0.798))":96},"59":{"(Float16(0.498), Float16(0.798))":100},"5":{"(Float16(0.501), Float16(0.801))":87,"(Float16(0.05), Float16(0.35))":13},"31":{"(Float16(0.95), Float16(1.25))":1,"(Float16(0.498), Float16(0.798))":99},"89":{"(Float16(0.501), Float16(0.801))":90,"(Float16(0.95), Float16(1.25))":2,"(Float16(0.05), Float16(0.35))":8},"62":{"(Float16(0.948), Float16(1.248))":71,"(Float16(0.05002), Float16(0.35))":29},"43":{"(Float16(0.05084), Float16(0.3508))":64,"(Float16(0.949), Float16(1.249))":36},"90":{"(Float16(0.95), Float16(1.25))":12,"(Float16(0.498), Float16(0.798))":88},"39":{"(Float16(0.948), Float16(1.248))":35,"(Float16(0.498), Float16(0.798))":65},"34":{"(Float16(0.501), Float16(0.801))":96,"(Float16(0.05), Float16(0.35))":4},"44":{"(Float16(0.5005), Float16(0.8003))":99,"(Float16(0.0487), Float16(0.3486))":1},"94":{"(Float16(0.5015), Float16(0.8013))":100},"55":{"(Float16(0.501), Float16(0.801))":96,"(Float16(0.95), Float16(1.25))":1,"(Float16(0.05), Float16(0.35))":3},"86":{"(Float16(0.501), Float16(0.801))":96,"(Float16(0.05), Float16(0.35))":4},"17":{"(Float16(0.498), Float16(0.798))":100},"99":{"(Float16(0.95), Float16(1.25))":3,"(Float16(0.498), Float16(0.798))":97},"71":{"(Float16(0.501), Float16(0.801))":99,"(Float16(0.05), Float16(0.35))":1},"37":{"(Float16(0.95), Float16(1.25))":14,"(Float16(0.498), Float16(0.798))":86},"47":{"(Float16(0.949), Float16(1.249))":21,"(Float16(0.498), Float16(0.798))":79},"9":{"(Float16(0.05075), Float16(0.3508))":55,"(Float16(0.949), Float16(1.249))":45},"73":{"(Float16(0.501), Float16(0.801))":87,"(Float16(0.95), Float16(1.25))":3,"(Float16(0.05), Float16(0.35))":10},"82":{"(Float16(0.5005), Float16(0.8003))":80,"(Float16(0.05), Float16(0.35))":20},"12":{"(Float16(0.501), Float16(0.801))":96,"(Float16(0.95), Float16(1.25))":4},"79":{"(Float16(0.05005), Float16(0.35))":30,"(Float16(0.501), Float16(0.801))":64,"(Float16(0.95), Float16(1.25))":6},"20":{"(Float16(0.501), Float16(0.801))":99,"(Float16(0.05), Float16(0.35))":1},"6":{"(Float16(0.949), Float16(1.249))":16,"(Float16(0.498), Float16(0.798))":84},"84":{"(Float16(0.501), Float16(0.801))":98,"(Float16(0.95), Float16(1.25))":1,"(Float16(0.05), Float16(0.35))":1},"80":{"(Float16(0.498), Float16(0.798))":100},"98":{"(Float16(0.95), Float16(1.25))":4,"(Float16(0.498), Float16(0.798))":96},"70":{"(Float16(0.501), Float16(0.801))":98,"(Float16(0.05), Float16(0.35))":2},"14":{"(Float16(0.498), Float16(0.798))":100},"7":{"(Float16(0.948), Float16(1.248))":64,"(Float16(0.05002), Float16(0.35))":36},"96":{"(Float16(0.501), Float16(0.801))":98,"(Float16(0.95), Float16(1.25))":1,"(Float16(0.05), Float16(0.35))":1},"57":{"(Float16(0.501), Float16(0.801))":77,"(Float16(0.05), Float16(0.35))":23},"8":{"(Float16(0.1923), Float16(0.4922))":74,"(Float16(0.949), Float16(1.249))":26},"64":{"(Float16(0.498), Float16(0.798))":100},"19":{"(Float16(0.95), Float16(1.25))":1,"(Float16(0.498), Float16(0.798))":99},"91":{"(Float16(0.498), Float16(0.798))":100},"69":{"(Float16(0.05002), Float16(0.35))":24,"(Float16(0.501), Float16(0.801))":76},"60":{"(Float16(0.5015), Float16(0.8013))":97,"(Float16(0.05), Float16(0.35))":3},"97":{"(Float16(0.95), Float16(1.25))":5,"(Float16(0.498), Float16(0.798))":95},"4":{"(Float16(0.95), Float16(1.25))":5,"(Float16(0.498), Float16(0.798))":95},"22":{"(Float16(0.501), Float16(0.801))":90,"(Float16(0.95), Float16(1.25))":2,"(Float16(0.05), Float16(0.35))":8},"11":{"(Float16(0.95), Float16(1.25))":4,"(Float16(0.498), Float16(0.798))":96},"35":{"(Float16(0.95), Float16(1.25))":2,"(Float16(0.498), Float16(0.798))":97,"(Float16(0.05), Float16(0.35))":1},"13":{"(Float16(0.95), Float16(1.25))":2,"(Float16(0.4985), Float16(0.7983))":96,"(Float16(0.05), Float16(0.35))":2},"67":{"(Float16(0.1713), Float16(0.4712))":77,"(Float16(0.95), Float16(1.25))":23},"61":{"(Float16(0.95), Float16(1.25))":13,"(Float16(0.498), Float16(0.798))":87},"15":{"(Float16(0.501), Float16(0.801))":97,"(Float16(0.95), Float16(1.25))":1,"(Float16(0.05), Float16(0.35))":2},"100":{"(Float16(0.501), Float16(0.801))":100},"16":{"(Float16(0.498), Float16(0.798))":100},"40":{"(Float16(0.949), Float16(1.249))":20,"(Float16(0.498), Float16(0.798))":80},"46":{"(Float16(0.5015), Float16(0.8013))":100},"21":{"(Float16(0.501), Float16(0.801))":90,"(Float16(0.05), Float16(0.35))":10},"38":{"(Float16(0.9487), Float16(1.249))":2,"(Float16(0.4985), Float16(0.7983))":98},"72":{"(Float16(0.948), Float16(1.248))":67,"(Float16(0.05002), Float16(0.35))":33},"83":{"(Float16(0.501), Float16(0.801))":86,"(Float16(0.95), Float16(1.25))":1,"(Float16(0.05), Float16(0.35))":13},"45":{"(Float16(0.05002), Float16(0.35))":31,"(Float16(0.5005), Float16(0.8003))":69},"68":{"(Float16(0.5005), Float16(0.8003))":98,"(Float16(0.05), Float16(0.35))":2},"56":{"(Float16(0.95), Float16(1.25))":4,"(Float16(0.498), Float16(0.798))":95,"(Float16(0.05), Float16(0.35))":1},"36":{"(Float16(0.95), Float16(1.25))":1,"(Float16(0.498), Float16(0.798))":99},"95":{"(Float16(0.5015), Float16(0.8013))":100},"66":{"(Float16(0.5005), Float16(0.8003))":97,"(Float16(0.95), Float16(1.25))":1,"(Float16(0.05), Float16(0.35))":2},"76":{"(Float16(0.501), Float16(0.801))":97,"(Float16(0.05), Float16(0.35))":3},"85":{"(Float16(0.501), Float16(0.801))":96,"(Float16(0.05), Float16(0.35))":4},"48":{"(Float16(0.949), Float16(1.249))":37,"(Float16(0.498), Float16(0.798))":63},"18":{"(Float16(0.501), Float16(0.801))":93,"(Float16(0.05), Float16(0.35))":7},