{"5":{"(Float16(0.001067), Float16(1.001))":100},"56":{"(Float16(0.001199), Float16(1.001))":100},"35":{"(Float16(0.0006914), Float16(1.001))":100},"55":{"(Float16(0.0008745), Float16(1.001))":100},"60":{"(Float16(0.001292), Float16(1.001))":100},"30":{"(Float16(0.001125), Float16(1.001))":100},"32":{"(Float16(0.001096), Float16(1.001))":100},"6":{"(Float16(0.000815), Float16(1.001))":100},"67":{"(Float16(0.0008945), Float16(1.001))":100},"45":{"(Float16(0.000851), Float16(1.001))":100},"73":{"(Float16(0.001048), Float16(1.001))":100},"64":{"(Float16(0.001251), Float16(1.001))":100},"90":{"(Float16(0.000648), Float16(1.001))":100},"4":{"(Float16(0.0009003), Float16(1.001))":100},"13":{"(Float16(0.000941), Float16(1.001))":100},"54":{"(Float16(0.0007176), Float16(1.001))":100},"63":{"(Float16(0.000989), Float16(1.001))":100},"86":{"(Float16(0.001068), Float16(1.001))":100},"91":{"(Float16(0.000937), Float16(1.001))":100},"62":{"(Float16(0.000993), Float16(1.001))":100},"58":{"(Float16(0.001008), Float16(1.001))":100},"52":{"(Float16(0.001011), Float16(1.001))":100},"12":{"(Float16(0.000947), Float16(1.001))":100},"28":{"(Float16(0.000955), Float16(1.001))":100},"75":{"(Float16(0.00085), Float16(1.001))":100},"23":{"(Float16(0.0007124), Float16(1.001))":100},"92":{"(Float16(0.000952), Float16(1.001))":100},"41":{"(Float16(0.000996), Float16(1.001))":100},"43":{"(Float16(0.000698), Float16(1.001))":100},"11":{"(Float16(0.00102), Float16(1.001))":100},"36":{"(Float16(0.001132), Float16(1.001))":100},"68":{"(Float16(0.00093), Float16(1.001))":100},"69":{"(Float16(0.001107), Float16(1.001))":100},"98":{"(Float16(0.000984), Float16(1.001))":100},"82":{"(Float16(0.000889), Float16(1.001))":100},"85":{"(Float16(0.0008254), Float16(1.001))":100},"39":{"(Float16(0.0008965), Float16(1.001))":100},"84":{"(Float16(0.0008717), Float16(1.001))":100},"77":{"(Float16(0.000904), Float16(1.001))":100},"7":{"(Float16(0.001397), Float16(1.001))":100},"25":{"(Float16(0.0007734), Float16(1.001))":100},"95":{"(Float16(0.0009375), Float16(1.001))":100},"71":{"(Float16(0.000676), Float16(1.001))":100},"66":{"(Float16(0.000964), Float16(1.001))":100},"76":{"(Float16(0.001037), Float16(1.001))":100},"34":{"(Float16(0.001217), Float16(1.001))":100},"50":{"(Float16(0.0009727), Float16(1.001))":100},"59":{"(Float16(0.0011), Float16(1.001))":100},"93":{"(Float16(0.001076), Float16(1.001))":100},"2":{"(Float16(0.0008), Float16(1.001))":100},"10":{"(Float16(0.0007477), Float16(1.001))":100},"18":{"(Float16(0.000786), Float16(1.001))":100},"26":{"(Float16(0.001118), Float16(1.001))":100},"27":{"(Float16(0.0010395), Float16(1.001))":100},"42":{"(Float16(0.001453), Float16(1.001))":100},"87":{"(Float16(0.000896), Float16(1.001))":100},"100":{"(Float16(0.000749), Float16(1.001))":100},"79":{"(Float16(0.0009155), Float16(1.001))":100},"16":{"(Float16(0.0012245), Float16(1.001))":100},"20":{"(Float16(0.000775), Float16(1.001))":100},"81":{"(Float16(0.0008297), Float16(1.001))":100},"19":{"(Float16(0.0008163), Float16(1.001))":100},"49":{"(Float16(0.0007834), Float16(1.001))":100},"44":{"(Float16(0.0008035), Float16(1.001))":100},"9":{"(Float16(0.0007973), Float16(1.001))":100},"31":{"(Float16(0.000824), Float16(1.001))":100},"74":{"(Float16(0.0009665), Float16(1.001))":100},"61":{"(Float16(0.000946), Float16(1.001))":100},"29":{"(Float16(0.000984), Float16(1.001))":100},"94":{"(Float16(0.000898), Float16(1.001))":100},"46":{"(Float16(0.0008416), Float16(1.001))":100},"57":{"(Float16(0.000853), Float16(1.001))":100},"70":{"(Float16(0.001022), Float16(1.001))":100},"21":{"(Float16(0.001032), Float16(1.001))":100},"38":{"(Float16(0.000995), Float16(1.001))":100},"88":{"(Float16(0.0007305), Float16(1.001))":100},"78":{"(Float16(0.0008135), Float16(1.001))":100},"72":{"(Float16(0.0007234), Float16(1.001))":100},"24":{"(Float16(0.001242), Float16(1.001))":100},"8":{"(Float16(0.000988), Float16(1.001))":100},"17":{"(Float16(0.0009093), Float16(1.001))":100},"37":{"(Float16(0.000943), Float16(1.001))":100},"1":{"(Float16(0.00083), Float16(1.001))":100},"53":{"(Float16(0.001067), Float16(1.001))":100},"22":{"(Float16(0.000836), Float16(1.001))":100},"47":{"(Float16(0.001113), Float16(1.001))":100},"83":{"(Float16(0.0009403), Float16(1.001))":100},"99":{"(Float16(0.001057), Float16(1.001))":100},"89":{"(Float16(0.001047), Float16(1.001))":100},"14":{"(Float16(0.0006647), Float16(1.001))":100},"3":{"(Float16(0.000934), Float16(1.001))":100},"80":{"(Float16(0.00097), Float16(1.001))":100},"96":{"(Float16(0.000929), Float16(1.001))":100},"51":{"(Float16(0.0007477), Float16(1.001))":100},"33":{"(Float16(0.0008974), Float16(1.001))":100},"40":{"(Float16(0.001034), Float16(1.001))":100},"48":{"(Float16(0.000736), Float16(1.001))":100},"15":{"(Float16(0.0008764), Float16(1.001))":100},"65":{"(Float16(0.00115), Float16(1.001))":100},"97":{"(Float16(0.0006537), Float16(1.001))":100}}