{"5":{"(Float16(0.4985), Float16(0.5083))":98,"(Float16(0.9375), Float16(0.9473))":1,"(Float16(0.03455), Float16(0.04456))":1},"56":{"(Float16(0.04236), Float16(0.05237))":2,"(Float16(0.9414), Float16(0.951))":3,"(Float16(0.4995), Float16(0.5093))":95},"35":{"(Float16(0.01422), Float16(0.02423))":1,"(Float16(0.4995), Float16(0.5093))":98,"(Float16(0.9873), Float16(0.997))":1},"55":{"(Float16(0.4985), Float16(0.5083))":96,"(Float16(0.05563), Float16(0.0656))":2,"(Float16(0.0796), Float16(0.0896))":2},"60":{"(Float16(0.5), Float16(0.51))":96,"(Float16(0.965), Float16(0.9746))":2,"(Float16(0.04123), Float16(0.05124))":2},"30":{"(Float16(0.4978), Float16(0.508))":100},"32":{"(Float16(0.5), Float16(0.51))":100},"6":{"(Float16(0.4985), Float16(0.5083))":98,"(Float16(0.03833), Float16(0.04834))":2},"67":{"(Float16(0.967), Float16(0.9766))":2,"(Float16(0.5005), Float16(0.5103))":96,"(Float16(0.05255), Float16(0.06256))":2},"45":{"(Float16(0.01755), Float16(0.02756))":1,"(Float16(0.5), Float16(0.51))":99},"73":{"(Float16(0.499), Float16(0.509))":98,"(Float16(0.04578), Float16(0.0558))":2},"64":{"(Float16(0.9795), Float16(0.9893))":1,"(Float16(0.4995), Float16(0.5093))":98,"(Float16(0.05936), Float16(0.06934))":1},"90":{"(Float16(0.01285), Float16(0.02286))":2,"(Float16(0.5005), Float16(0.5103))":96,"(Float16(0.0926), Float16(0.1026))":2},"4":{"(Float16(0.967), Float16(0.9766))":2,"(Float16(0.05524), Float16(0.06525))":2,"(Float16(0.5005), Float16(0.5103))":96},"13":{"(Float16(0.03793), Float16(0.04794))":3,"(Float16(0.5005), Float16(0.5103))":97},"54":{"(Float16(0.4985), Float16(0.5083))":99,"(Float16(0.997), Float16(1.007))":1},"63":{"(Float16(0.01585), Float16(0.02585))":1,"(Float16(0.5005), Float16(0.5103))":99},"86":{"(Float16(0.0764), Float16(0.0864))":2,"(Float16(0.5), Float16(0.51))":95,"(Float16(0.944), Float16(0.9536))":3},"91":{"(Float16(0.07263), Float16(0.08264))":2,"(Float16(0.9805), Float16(0.99))":3,"(Float16(0.4995), Float16(0.5093))":95},"62":{"(Float16(0.5005), Float16(0.5103))":97,"(Float16(0.0659), Float16(0.0759))":3},"58":{"(Float16(0.498), Float16(0.508))":99,"(Float16(0.9644), Float16(0.974))":1},"52":{"(Float16(0.9287), Float16(0.9385))":1,"(Float16(0.04803), Float16(0.05804))":1,"(Float16(0.5005), Float16(0.5103))":98},"12":{"(Float16(0.004898), Float16(0.0149))":1,"(Float16(0.5), Float16(0.51))":99},"28":{"(Float16(0.00767), Float16(0.01767))":1,"(Float16(0.5), Float16(0.51))":99},"75":{"(Float16(0.499), Float16(0.509))":100},"23":{"(Float16(0.5), Float16(0.51))":98,"(Float16(0.03047), Float16(0.04047))":2},"92":{"(Float16(0.956), Float16(0.966))":1,"(Float16(0.02377), Float16(0.03378))":2,"(Float16(0.4988), Float16(0.509))":97},"41":{"(Float16(0.9585), Float16(0.9683))":3,"(Float16(0.499), Float16(0.509))":97},"43":{"(Float16(0.99), Float16(1.0))":1,"(Float16(0.499), Float16(0.509))":99},"11":{"(Float16(0.4983), Float16(0.5083))":99,"(Float16(0.974), Float16(0.984))":1},"36":{"(Float16(0.498), Float16(0.508))":99,"(Float16(0.9707), Float16(0.9805))":1},"68":{"(Float16(0.08923), Float16(0.09924))":2,"(Float16(0.02202), Float16(0.032))":2,"(Float16(0.4995), Float16(0.5093))":96},"69":{"(Float16(0.0097), Float16(0.0197))":2,"(Float16(0.499), Float16(0.509))":95,"(Float16(0.981), Float16(0.9907))":3},"98":{"(Float16(0.4985), Float16(0.5083))":100},"82":{"(Float16(0.5), Float16(0.51))":100},"85":{"(Float16(0.4985), Float16(0.5083))":97,"(Float16(0.00906), Float16(0.01907))":1,"(Float16(0.9565), Float16(0.9663))":2},"39":{"(Float16(0.498), Float16(0.508))":99,"(Float16(0.03062), Float16(0.04062))":1},"84":{"(Float16(0.5005), Float16(0.5103))":96,"(Float16(0.00429), Float16(0.0143))":2,"(Float16(0.0626), Float16(0.07263))":2},"77":{"(Float16(0.4988), Float16(0.509))":100},"7":{"(Float16(0.0554), Float16(0.06537))":1,"(Float16(0.4993), Float16(0.5093))":99},"25":{"(Float16(0.4985), Float16(0.5083))":99,"(Float16(0.998), Float16(1.008))":1},"95":{"(Float16(0.4988), Float16(0.509))":97,"(Float16(0.0809), Float16(0.0909))":3},"71":{"(Float16(0.05722), Float16(0.0672))":2,"(Float16(0.9297), Float16(0.9395))":2,"(Float16(0.4995), Float16(0.5093))":94,"(Float16(0.06824), Float16(0.07825))":2},"66":{"(Float16(0.5), Float16(0.51))":98,"(Float16(0.02414), Float16(0.03415))":1,"(Float16(0.95), Float16(0.96))":1},"76":{"(Float16(0.5), Float16(0.51))":99,"(Float16(0.04205), Float16(0.05206))":1},"34":{"(Float16(0.4985), Float16(0.5083))":97,"(Float16(0.01744), Float16(0.02744))":1,"(Float16(0.9756), Float16(0.9854))":2},"50":{"(Float16(0.02025), Float16(0.03024))":2,"(Float16(0.0413), Float16(0.0513))":2,"(Float16(0.5005), Float16(0.5103))":96},"59":{"(Float16(0.5005), Float16(0.5103))":97,"(Float16(0.03384), Float16(0.04385))":3},"93":{"(Float16(0.9326), Float16(0.9424))":2,"(Float16(0.4983), Float16(0.5083))":94,"(Float16(0.0662), Float16(0.07623))":2,"(Float16(0.962), Float16(0.9717))":2},"2":{"(Float16(0.9404), Float16(0.95))":2,"(Float16(0.499), Float16(0.509))":98},"10":{"(Float16(0.5005), Float16(0.5103))":100},"18":{"(Float16(0.955), Float16(0.965))":3,"(Float16(0.031), Float16(0.04102))":2,"(Float16(0.4995), Float16(0.5093))":95},"26":{"(Float16(0.0637), Float16(0.0737))":2,"(Float16(0.4995), Float16(0.5093))":95,"(Float16(0.959), Float16(0.9688))":3},"27":{"(Float16(0.4985), Float16(0.5083))":100},"42":{"(Float16(0.0512), Float16(0.06122))":1,"(Float16(0.968), Float16(0.9775))":2,"(Float16(0.5005), Float16(0.5103))":97},"87":{"(Float16(0.0041), Float16(0.0141))":1,"(Float16(0.4993), Float16(0.5093))":99},"100":{"(Float16(0.4983), Float16(0.5083))":97,"(Float16(0.9985), Float16(1.009))":1,"(Float16(0.0796), Float16(0.0896))":2},"79":{"(Float16(0.4995), Float16(0.5093))":100},"16":{"(Float16(0.004963), Float16(0.01497))":1,"(Float16(0.9253), Float16(0.935))":1,"(Float16(0.4995), Float16(0.5093))":98},"20":{"(Float16(0.02995), Float16(0.03995))":3,"(Float16(0.5005), Float16(0.5103))":93,"(Float16(0.0195), Float16(0.02951))":4},"81":{"(Float16(0.0845), Float16(0.0945))":3,"(Float16(0.5005), Float16(0.5103))":95,"(Float16(0.927), Float16(0.9365))":2},"19":{"(Float16(0.4985), Float16(0.5083))":99,"(Float16(0.9287), Float16(0.9385))":1},"49":{"(Float16(0.4995), Float16(0.5093))":97,"(Float16(0.9775), Float16(0.9873))":3},"44":{"(Float16(0.4985), Float16(0.5083))":98,"(Float16(0.9883), Float16(0.998))":1,"(Float16(0.044), Float16(0.05402))":1},"9":{"(Float16(0.06323), Float16(0.07324))":2,"(Float16(0.5005), Float16(0.5103))":96,"(Float16(0.03235), Float16(0.04236))":2},"31":{"(Float16(0.9375), Float16(0.9473))":5,"(Float16(0.04306), Float16(0.05307))":1,"(Float16(0.4995), Float16(0.5093))":94},"74":{"(Float16(0.967), Float16(0.9766))":3,"(Float16(0.4995), Float16(0.5093))":97},"61":{"(Float16(0.004513), Float16(0.01451))":1,"(Float16(0.5), Float16(0.51))":99},"29":{"(Float16(0.4988), Float16(0.509))":100},"94":{"(Float16(0.4985), Float16(0.5083))":100},"46":{"(Float16(0.5005), Float16(0.5103))":100},"57":{"(Float16(0.0647), Float16(0.0747))":5,"(Float16(0.5005), Float16(0.5103))":95},"70":{"(Float16(0.4985), Float16(0.5083))":94,"(Float16(0.04022), Float16(0.05023))":2,"(Float16(0.07214), Float16(0.08215))":2,"(Float16(0.964), Float16(0.9736))":2},"21":{"(Float16(0.9365), Float16(0.9463))":2,"(Float16(0.4995), Float16(0.5093))":96,"(Float16(0.9697), Float16(0.9795))":2},"38":{"(Float16(0.4985), Float16(0.5083))":99,"(Float16(0.99), Float16(1.0))":1},"88":{"(Float16(0.4995), Float16(0.5093))":95,"(Float16(0.9443), Float16(0.954))":2,"(Float16(0.05774), Float16(0.06775))":3},"78":{"(Float16(0.4985), Float16(0.5083))":98,"(Float16(0.05173), Float16(0.06174))":1,"(Float16(0.9663), Float16(0.976))":1},"72":{"(Float16(0.4985), Float16(0.5083))":100},"24":{"(Float16(0.03098), Float16(0.041))":2,"(Float16(0.5), Float16(0.51))":95,"(Float16(0.0456), Float16(0.0556))":3},"8":{"(Float16(0.0004), Float16(0.0104))":1,"(Float16(0.499), Float16(0.509))":99},"17":{"(Float16(0.07764), Float16(0.08765))":2,"(Float16(0.9263), Float16(0.936))":1,