{"5":{"(Float16(0.4985), Float16(0.5083))":100},"56":{"(Float16(0.4788), Float16(0.4888))":100},"55":{"(Float16(0.0808), Float16(0.0908))":1,"(Float16(0.521), Float16(0.531))":99},"35":{"(Float16(0.5015), Float16(0.511))":100},"60":{"(Float16(0.504), Float16(0.5137))":100},"30":{"(Float16(0.913), Float16(0.923))":2,"(Float16(0.4805), Float16(0.4905))":98},"32":{"(Float16(0.509), Float16(0.5186))":100},"6":{"(Float16(0.966), Float16(0.9756))":1,"(Float16(0.499), Float16(0.509))":99},"67":{"(Float16(0.4902), Float16(0.5))":100},"45":{"(Float16(0.4998), Float16(0.51))":100},"73":{"(Float16(0.4995), Float16(0.5093))":100},"64":{"(Float16(0.5), Float16(0.51))":100},"90":{"(Float16(0.51), Float16(0.5195))":100},"4":{"(Float16(0.4658), Float16(0.4758))":100},"13":{"(Float16(0.4194), Float16(0.4294))":100},"54":{"(Float16(0.5225), Float16(0.532))":98,"(Float16(0.0641), Float16(0.0741))":2},"63":{"(Float16(0.4902), Float16(0.5))":98,"(Float16(0.98), Float16(0.9897))":2},"86":{"(Float16(0.4854), Float16(0.4954))":100},"91":{"(Float16(0.4927), Float16(0.5024))":98,"(Float16(0.007965), Float16(0.01797))":2},"62":{"(Float16(0.508), Float16(0.5176))":100},"58":{"(Float16(0.4849), Float16(0.4949))":100},"52":{"(Float16(0.4849), Float16(0.4949))":100},"12":{"(Float16(0.02917), Float16(0.03918))":2,"(Float16(0.5205), Float16(0.5303))":98},"28":{"(Float16(0.02724), Float16(0.03723))":2,"(Float16(0.9663), Float16(0.976))":1,"(Float16(0.51), Float16(0.5195))":97},"75":{"(Float16(0.503), Float16(0.5127))":100},"23":{"(Float16(0.5723), Float16(0.582))":97,"(Float16(0.06323), Float16(0.07324))":3},"92":{"(Float16(0.507), Float16(0.5166))":100},"41":{"(Float16(0.533), Float16(0.543))":100},"43":{"(Float16(0.4692), Float16(0.4792))":100},"69":{"(Float16(0.5137), Float16(0.5234))":100},"11":{"(Float16(0.8784), Float16(0.888))":2,"(Float16(0.918), Float16(0.9277))":2,"(Float16(0.962), Float16(0.9717))":4,"(Float16(0.3647), Float16(0.3748))":84,"(Float16(0.904), Float16(0.9136))":4,"(Float16(0.9346), Float16(0.9443))":4},"68":{"(Float16(0.46), Float16(0.47))":100},"98":{"(Float16(0.5166), Float16(0.5264))":99,"(Float16(0.9644), Float16(0.974))":1},"36":{"(Float16(0.4956), Float16(0.5054))":100},"82":{"(Float16(0.5127), Float16(0.5225))":100},"85":{"(Float16(0.377), Float16(0.387))":93,"(Float16(0.8403), Float16(0.85))":2,"(Float16(0.8867), Float16(0.8965))":2,"(Float16(0.916), Float16(0.926))":3},"39":{"(Float16(0.536), Float16(0.546))":98,"(Float16(0.116), Float16(0.126))":2},"84":{"(Float16(0.46), Float16(0.47))":100},"77":{"(Float16(0.495), Float16(0.505))":100},"7":{"(Float16(0.4282), Float16(0.4382))":100},"25":{"(Float16(0.542), Float16(0.552))":99,"(Float16(0.03833), Float16(0.04834))":1},"95":{"(Float16(0.997), Float16(1.007))":1,"(Float16(0.4607), Float16(0.4707))":99},"71":{"(Float16(0.5127), Float16(0.5225))":98,"(Float16(0.04736), Float16(0.05737))":2},"66":{"(Float16(0.504), Float16(0.5137))":98,"(Float16(0.021), Float16(0.031))":2},"76":{"(Float16(0.474), Float16(0.4841))":100},"93":{"(Float16(0.5215), Float16(0.5312))":100},"50":{"(Float16(0.5215), Float16(0.5312))":100},"59":{"(Float16(0.8794), Float16(0.889))":5,"(Float16(0.4146), Float16(0.4246))":89,"(Float16(0.994), Float16(1.004))":2,"(Float16(0.8496), Float16(0.8594))":4},"34":{"(Float16(0.502), Float16(0.5117))":100},"2":{"(Float16(0.481), Float16(0.491))":100},"27":{"(Float16(0.4844), Float16(0.4944))":100},"10":{"(Float16(0.03162), Float16(0.04163))":2,"(Float16(0.51), Float16(0.5195))":98},"26":{"(Float16(0.4863), Float16(0.4963))":100},"18":{"(Float16(0.503), Float16(0.5127))":100},"42":{"(Float16(0.8594), Float16(0.869))":2,"(Float16(0.412), Float16(0.422))":96,"(Float16(0.871), Float16(0.881))":2},"87":{"(Float16(0.922), Float16(0.9316))":2,"(Float16(0.4602), Float16(0.4702))":98},"100":{"(Float16(0.4634), Float16(0.4734))":96,"(Float16(0.902), Float16(0.9116))":2,"(Float16(0.924), Float16(0.9336))":2},"79":{"(Float16(0.4922), Float16(0.502))":100},"16":{"(Float16(0.4727), Float16(0.4827))":100},"81":{"(Float16(0.5273), Float16(0.537))":98,"(Float16(0.0382), Float16(0.04822))":2},"20":{"(Float16(0.525), Float16(0.5347))":100},"19":{"(Float16(0.4875), Float16(0.4976))":100},"49":{"(Float16(0.5093), Float16(0.519))":91,"(Float16(0.5195), Float16(0.5293))":9},"44":{"(Float16(0.4922), Float16(0.502))":100},"31":{"(Float16(0.4966), Float16(0.5063))":99,"(Float16(0.9805), Float16(0.99))":1},"9":{"(Float16(0.4854), Float16(0.4954))":100},"74":{"(Float16(0.4863), Float16(0.4963))":100},"61":{"(Float16(0.9404), Float16(0.95))":3,"(Float16(0.4724), Float16(0.4824))":97},"29":{"(Float16(0.501), Float16(0.5107))":100},"94":{"(Float16(0.4963), Float16(0.5063))":100},"46":{"(Float16(0.4526), Float16(0.4626))":100},"57":{"(Float16(0.5146), Float16(0.5244))":100},"70":{"(Float16(0.4895), Float16(0.4995))":100},"21":{"(Float16(0.4775), Float16(0.4875))":100},"88":{"(Float16(0.4233), Float16(0.4333))":97,"(Float16(0.9463), Float16(0.956))":3},"38":{"(Float16(0.4873), Float16(0.4973))":100},"78":{"(Float16(0.5615), Float16(0.5713))":100},"72":{"(Float16(0.5166), Float16(0.5264))":100},"24":{"(Float16(0.481), Float16(0.491))":100},"8":{"(Float16(0.477), Float16(0.487))":100},"17":{"(Float16(0.506), Float16(0.5156))":100},"37":{"(Float16(0.4712), Float16(0.4812))":100},"1":{"(Float16(0.5186), Float16(0.5283))":100},"53":{"(Float16(0.499), Float16(0.509))":100},"22":{"(Float16(0.5303), Float16(0.54))":100},"47":{"(Float16(0.4414), Float16(0.4514))":100},"83":{"(Float16(0.1227), Float16(0.1327))":3,"(Float16(0.5537), Float16(0.5635))":97},"99":{"(Float16(0.4834), Float16(0.4934))":100},"89":{"(Float16(0.509), Float16(0.5186))":99,"(Float16(0.02457), Float16(0.03458))":1},"14":{"(Float16(0.475), Float16(0.485))":100},"80":{"(Float16(0.0445), Float16(0.0545))":2,"(Float16(0.5615), Float16(0.5713))":98},"3":{"(Float16(0.494), Float16(0.504))":100},"96":{"(Float16(0.539), Float16(0.549))":100},"51":{"(Float16(0.4673), Float16(0.4773))":100},"33":{"(Float16(0.2241), Float16(0.2341))":3,"(Float16(0.2448), Float16(0.2546))":2,"(Float16(0.1919), Float16(0.2019))":2,"(Float16(0.143), Float16(0.153))":4,"(Float16(0.1606), Float16(0.1707))":2,"(Float16(0.676), Float16(0.6855))":79,"(Float16(0.04227), Float16(0.05228))":2,"(Float16(0.1285), Float16(0.1385))":2,"(Float16(0.05347), Float16(0.0635))":2,"(Float16(0.2045), Float16(0.2145))":2},"40":{"(Float16(0.4844), Float16(0.4944))":96,"(Float16(0.905), Float16(0.9146))":2,"(Float16(0.96), Float16(0.9697))":2},"48":{"(Float16(0.5146), Float16(0.5244))":100},"65":{"(Float16(0.48), Float16(0.49))":100},"15":{"(Float16(0.926), Float16(0.9355))":1,"(Float16(0.4463), Float16(0.4563))":99},"97":{"(Float16(0.506), Float16(0.5156))":100}}