{"32":{"(Float16(0.0001531), Float16(0.5))":99,"(Float16(0.9805), Float16(1.48))":1},"29":{"(Float16(0.0002851), Float16(0.5005))":100},"1":{"(Float16(0.0002658), Float16(0.5005))":100},"54":{"(Float16(0.0002851), Float16(0.5005))":98,"(Float16(0.967), Float16(1.467))":2},"78":{"(Float16(0.8916), Float16(1.392))":1,"(Float16(0.0002747), Float16(0.5005))":99},"81":{"(Float16(0.0001755), Float16(0.5))":100},"2":{"(Float16(0.000196), Float16(0.5))":100},"74":{"(Float16(0.0002508), Float16(0.5005))":100},"41":{"(Float16(0.0002239), Float16(0.5))":100},"65":{"(Float16(0.0002599), Float16(0.5005))":100},"51":{"(Float16(0.0003452), Float16(0.5005))":100},"53":{"(Float16(0.0002389), Float16(0.5))":100},"27":{"(Float16(0.000327), Float16(0.5005))":100},"75":{"(Float16(0.0002666), Float16(0.5005))":95,"(Float16(0.8735), Float16(1.373))":5},"42":{"(Float16(0.00018), Float16(0.5))":99,"(Float16(0.9365), Float16(1.437))":1},"33":{"(Float16(0.0003405), Float16(0.5005))":100},"28":{"(Float16(1.36e-5), Float16(0.5))":97,"(Float16(0.84), Float16(1.34))":3},"50":{"(Float16(0.0002618), Float16(0.5005))":100},"52":{"(Float16(0.000249), Float16(0.5005))":100},"63":{"(Float16(0.0001919), Float16(0.5))":100},"92":{"(Float16(0.000329), Float16(0.5005))":100},"88":{"(Float16(0.0002108), Float16(0.5))":100},"93":{"(Float16(0.0003912), Float16(0.5005))":100},"26":{"(Float16(0.0004044), Float16(0.5005))":99,"(Float16(0.8125), Float16(1.3125))":1},"10":{"(Float16(0.0003068), Float16(0.5005))":99,"(Float16(0.838), Float16(1.338))":1},"77":{"(Float16(0.00011176), Float16(0.5))":100},"24":{"(Float16(0.0002933), Float16(0.5005))":100},"87":{"(Float16(0.0002747), Float16(0.5005))":100},"58":{"(Float16(0.000259), Float16(0.5005))":100},"25":{"(Float16(0.7837), Float16(1.283))":5,"(Float16(0.0001941), Float16(0.5))":95},"23":{"(Float16(0.000317), Float16(0.5005))":100},"49":{"(Float16(0.0002105), Float16(0.5))":100},"59":{"(Float16(0.0002613), Float16(0.5005))":99,"(Float16(0.979), Float16(1.479))":1},"5":{"(Float16(0.0003307), Float16(0.5005))":100},"31":{"(Float16(0.000295), Float16(0.5005))":100},"89":{"(Float16(0.0003061), Float16(0.5005))":100},"62":{"(Float16(0.792), Float16(1.292))":1,"(Float16(0.0001761), Float16(0.5))":99},"43":{"(Float16(0.0002189), Float16(0.5))":100},"90":{"(Float16(0.0002317), Float16(0.5))":100},"39":{"(Float16(0.000255), Float16(0.5005))":100},"34":{"(Float16(0.0001783), Float16(0.5))":100},"44":{"(Float16(0.0002885), Float16(0.5005))":100},"94":{"(Float16(0.000284), Float16(0.5005))":100},"55":{"(Float16(0.915), Float16(1.415))":3,"(Float16(0.0001546), Float16(0.5))":97},"86":{"(Float16(0.00023), Float16(0.5))":100},"17":{"(Float16(0.0002203), Float16(0.5))":100},"99":{"(Float16(0.000321), Float16(0.5005))":100},"71":{"(Float16(0.0002265), Float16(0.5))":100},"37":{"(Float16(0.0002284), Float16(0.5))":100},"47":{"(Float16(0.0001793), Float16(0.5))":100},"9":{"(Float16(0.000184), Float16(0.5))":100},"73":{"(Float16(0.000217), Float16(0.5))":100},"82":{"(Float16(0.000225), Float16(0.5))":100},"12":{"(Float16(0.0002885), Float16(0.5005))":100},"79":{"(Float16(0.0001687), Float16(0.5))":100},"20":{"(Float16(0.953), Float16(1.453))":1,"(Float16(0.0001774), Float16(0.5))":99},"6":{"(Float16(0.0002904), Float16(0.5005))":100},"84":{"(Float16(0.0002534), Float16(0.5005))":100},"80":{"(Float16(0.0002587), Float16(0.5005))":100},"98":{"(Float16(0.0002875), Float16(0.5005))":100},"70":{"(Float16(0.0003285), Float16(0.5005))":100},"14":{"(Float16(0.0002055), Float16(0.5))":100},"7":{"(Float16(0.0002842), Float16(0.5005))":100},"96":{"(Float16(0.0001614), Float16(0.5))":100},"57":{"(Float16(0.0002804), Float16(0.5005))":100},"8":{"(Float16(0.0003757), Float16(0.5005))":100},"64":{"(Float16(0.0002253), Float16(0.5))":100},"19":{"(Float16(0.000401), Float16(0.5005))":98,"(Float16(0.9453), Float16(1.445))":2},"91":{"(Float16(0.0002062), Float16(0.5))":100},"69":{"(Float16(0.000263), Float16(0.5005))":100},"60":{"(Float16(0.000249), Float16(0.5005))":96,"(Float16(0.912), Float16(1.412))":4},"97":{"(Float16(0.0002046), Float16(0.5))":100},"4":{"(Float16(0.0002344), Float16(0.5))":100},"22":{"(Float16(0.948), Float16(1.448))":1,"(Float16(0.0003443), Float16(0.5005))":99},"11":{"(Float16(0.0002728), Float16(0.5005))":100},"35":{"(Float16(0.0002139), Float16(0.5))":100},"13":{"(Float16(0.000286), Float16(0.5005))":100},"15":{"(Float16(0.0002115), Float16(0.5))":100},"61":{"(Float16(0.0001969), Float16(0.5))":100},"67":{"(Float16(0.0002208), Float16(0.5))":100},"16":{"(Float16(0.0001915), Float16(0.5))":100},"100":{"(Float16(0.000242), Float16(0.5))":100},"40":{"(Float16(0.0002367), Float16(0.5))":100},"21":{"(Float16(0.0002002), Float16(0.5))":100},"38":{"(Float16(0.0002508), Float16(0.5005))":100},"46":{"(Float16(0.000351), Float16(0.5005))":100},"72":{"(Float16(0.0002203), Float16(0.5))":100},"83":{"(Float16(0.0002313), Float16(0.5))":100},"45":{"(Float16(0.0002391), Float16(0.5))":100},"68":{"(Float16(0.0002339), Float16(0.5))":100},"56":{"(Float16(0.0002224), Float16(0.5))":100},"36":{"(Float16(0.0001479), Float16(0.5))":100},"66":{"(Float16(0.0002382), Float16(0.5))":100},"76":{"(Float16(0.0001702), Float16(0.5))":100},"95":{"(Float16(0.000337), Float16(0.5005))":98,"(Float16(0.966), Float16(1.466))":2},"85":{"(Float16(0.0002373), Float16(0.5))":100},"48":{"(Float16(0.0002713), Float16(0.5005))":100},"18":{"(Float16(0.0001264), Float16(0.5))":100},"30":{"(Float16(0.833), Float16(1.333))":3,"(Float16(0.0001876), Float16(0.5))":97},"3":{"(Float16(0.0003393), Float16(0.5005))":99,"(Float16(0.9233), Float16(1.424))":1}}