{"1":{"(Float16(0.05032), Float16(0.3503))":9,"(Float16(0.948), Float16(1.248))":22,"(Float16(0.4983), Float16(0.7983))":69},"2":{"(Float16(0.4995), Float16(0.7993))":55,"(Float16(0.05005), Float16(0.35))":20,"(Float16(0.948), Float16(1.248))":25},"3":{"(Float16(0.5005), Float16(0.8003))":58,"(Float16(0.948), Float16(1.248))":12,"(Float16(0.05002), Float16(0.35))":30}}