{"5":{"(Float16(0.9487), 0.95873046875)":50,"(Float16(0.05017), 0.0601708984375)":50},"56":{"(Float16(0.0501), 0.06010986328125)":48,"(Float16(0.948), 0.9582421875)":52},"35":{"(Float16(0.05008), 0.060079345703125)":34,"(Float16(0.948), 0.9582421875)":66},"55":{"(Float16(0.9487), 0.95873046875)":37,"(Float16(0.05038), 0.060384521484375)":63},"60":{"(Float16(0.0501), 0.06010986328125)":50,"(Float16(0.949), 0.95921875)":50},"30":{"(Float16(0.9487), 0.95873046875)":31,"(Float16(0.05023), 0.06023193359375)":69},"32":{"(Float16(0.9487), 0.95873046875)":35,"(Float16(0.05014), 0.060140380859375)":65},"6":{"(Float16(0.05005), 0.060048828125)":40,"(Float16(0.948), 0.9582421875)":60},"67":{"(Float16(0.05017), 0.0601708984375)":64,"(Float16(0.948), 0.9582421875)":36},"45":{"(Float16(0.05005), 0.060048828125)":36,"(Float16(0.948), 0.9582421875)":64},"73":{"(Float16(0.05017), 0.0601708984375)":45,"(Float16(0.948), 0.9582421875)":55},"64":{"(Float16(0.949), 0.95921875)":48,"(Float16(0.05005), 0.060048828125)":52},"90":{"(Float16(0.05026), 0.060262451171875)":69,"(Float16(0.949), 0.95921875)":31},"4":{"(Float16(0.0503), 0.06029296875)":68,"(Float16(0.948), 0.9582421875)":32},"13":{"(Float16(0.0501), 0.06010986328125)":66,"(Float16(0.948), 0.9582421875)":34},"54":{"(Float16(0.9487), 0.95873046875)":39,"(Float16(0.05023), 0.06023193359375)":61},"63":{"(Float16(0.05008), 0.060079345703125)":37,"(Float16(0.949), 0.95921875)":63},"86":{"(Float16(0.949), 0.95921875)":45,"(Float16(0.05005), 0.060048828125)":55},"91":{"(Float16(0.05002), 0.060018310546875)":26,"(Float16(0.948), 0.9582421875)":74},"62":{"(Float16(0.9487), 0.95873046875)":61,"(Float16(0.05005), 0.060048828125)":39},"58":{"(Float16(0.05005), 0.060048828125)":29,"(Float16(0.948), 0.9582421875)":71},"52":{"(Float16(0.9487), 0.95873046875)":58,"(Float16(0.05005), 0.060048828125)":42},"12":{"(Float16(0.9487), 0.95873046875)":64,"(Float16(0.0501), 0.06010986328125)":36},"28":{"(Float16(0.05008), 0.060079345703125)":42,"(Float16(0.9473), 0.957265625)":58},"75":{"(Float16(0.949), 0.95921875)":50,"(Float16(0.05005), 0.060048828125)":50},"23":{"(Float16(0.949), 0.95921875)":57,"(Float16(0.05005), 0.060048828125)":43},"92":{"(Float16(0.9487), 0.95873046875)":53,"(Float16(0.05017), 0.0601708984375)":47},"41":{"(Float16(0.05005), 0.060048828125)":48,"(Float16(0.9478), 0.95775390625)":52},"43":{"(Float16(0.9487), 0.95873046875)":68,"(Float16(0.05005), 0.060048828125)":32},"11":{"(Float16(0.05008), 0.060079345703125)":25,"(Float16(0.9478), 0.95775390625)":75},"36":{"(Float16(0.949), 0.95921875)":54,"(Float16(0.05014), 0.060140380859375)":46},"68":{"(Float16(0.0501), 0.06010986328125)":63,"(Float16(0.948), 0.9582421875)":37},"69":{"(Float16(0.0501), 0.06010986328125)":37,"(Float16(0.948), 0.9582421875)":63},"98":{"(Float16(0.05017), 0.0601708984375)":90,"(Float16(0.9478), 0.95775390625)":10},"82":{"(Float16(0.05002), 0.060018310546875)":51,"(Float16(0.949), 0.95921875)":49},"85":{"(Float16(0.9487), 0.95873046875)":48,"(Float16(0.0501), 0.06010986328125)":52},"39":{"(Float16(0.948), 0.9582421875)":34,"(Float16(0.05023), 0.06023193359375)":66},"84":{"(Float16(0.949), 0.95921875)":30,"(Float16(0.05023), 0.06023193359375)":70},"77":{"(Float16(0.9487), 0.95873046875)":48,"(Float16(0.05014), 0.060140380859375)":52},"7":{"(Float16(0.05008), 0.060079345703125)":27,"(Float16(0.948), 0.9582421875)":73},"25":{"(Float16(0.05002), 0.060018310546875)":26,"(Float16(0.949), 0.95921875)":74},"95":{"(Float16(0.949), 0.95921875)":54,"(Float16(0.05005), 0.060048828125)":46},"71":{"(Float16(0.05008), 0.060079345703125)":33,"(Float16(0.949), 0.95921875)":67},"66":{"(Float16(0.05017), 0.0601708984375)":27,"(Float16(0.948), 0.9582421875)":73},"76":{"(Float16(0.05032), 0.060323486328125)":68,"(Float16(0.949), 0.95921875)":32},"34":{"(Float16(0.05002), 0.060018310546875)":46,"(Float16(0.949), 0.95921875)":54},"50":{"(Float16(0.948), 0.9582421875)":72,"(Float16(0.05014), 0.060140380859375)":28},"59":{"(Float16(0.05002), 0.060018310546875)":40,"(Float16(0.949), 0.95921875)":60},"93":{"(Float16(0.9478), 0.95775390625)":68,"(Float16(0.05014), 0.060140380859375)":32},"2":{"(Float16(0.05017), 0.0601708984375)":50,"(Float16(0.949), 0.95921875)":50},"10":{"(Float16(0.05017), 0.0601708984375)":51,"(Float16(0.949), 0.95921875)":49},"18":{"(Float16(0.05002), 0.060018310546875)":50,"(Float16(0.949), 0.95921875)":50},"26":{"(Float16(0.95), 0.9601953125)":3,"(Float16(0.05026), 0.060262451171875)":97},"27":{"(Float16(0.948), 0.9582421875)":50,"(Float16(0.05023), 0.06023193359375)":50},"42":{"(Float16(0.949), 0.95921875)":42,"(Float16(0.05023), 0.06023193359375)":58},"87":{"(Float16(0.05017), 0.0601708984375)":53,"(Float16(0.948), 0.9582421875)":47},"100":{"(Float16(0.0501), 0.06010986328125)":37,"(Float16(0.948), 0.9582421875)":63},"79":{"(Float16(0.0503), 0.06029296875)":26,"(Float16(0.9478), 0.95775390625)":74},"16":{"(Float16(0.949), 0.95921875)":54,"(Float16(0.05005), 0.060048828125)":46},"20":{"(Float16(0.05008), 0.060079345703125)":36,"(Float16(0.948), 0.9582421875)":64},"81":{"(Float16(0.949), 0.95921875)":35,"(Float16(0.05014), 0.060140380859375)":65},"19":{"(Float16(0.949), 0.95921875)":55,"(Float16(0.05005), 0.060048828125)":45},"49":{"(Float16(0.05005), 0.060048828125)":40,"(Float16(0.948), 0.9582421875)":60},"44":{"(Float16(0.05002), 0.060018310546875)":34,"(Float16(0.948), 0.9582421875)":66},"9":{"(Float16(0.949), 0.95921875)":33,"(Float16(0.05023), 0.06023193359375)":67},"31":{"(Float16(0.949), 0.95921875)":53,"(Float16(0.05005), 0.060048828125)":47},"74":{"(Float16(0.0502), 0.060201416015625)":67,"(Float16(0.948), 0.9582421875)":33},"61":{"(Float16(0.949), 0.95921875)":45,"(Float16(0.05005), 0.060048828125)":55},"29":{"(Float16(0.05026), 0.060262451171875)":71,"(Float16(0.949), 0.95921875)":29},"94":{"(Float16(0.0501), 0.06010986328125)":38,"(Float16(0.949), 0.95921875)":62},"46":{"(Float16(0.05005), 0.060048828125)":41,"(Float16(0.9478), 0.95775390625)":59},"57":{"(Float16(0.05005), 0.060048828125)":32,"(Float16(0.948), 0.9582421875)":68},"70":{"(Float16(0.05005), 0.060048828125)":34,"(Float16(0.948), 0.9582421875)":66},"21":{"(Float16(0.0501), 0.06010986328125)":26,"(Float16(0.9478), 0.95775390625)":74},"38":{"(Float16(0.05017), 0.0601708984375)":87,"(Float16(0.95), 0.9601953125)":13},"88":{"(Float16(0.05008), 0.060079345703125)":26,"(Float16(0.9473), 0.957265625)":74},"78":{"(Float16(0.948), 0.9582421875)":33,"(Float16(0.05023), 0.06023193359375)":67},"72":{"(Float16(0.949), 0.95921875)":52,"(Float16(0.05023), 0.06023193359375)":48},"24":{"(Float16(0.9487), 0.95873046875)":70,"(Float16(0.05002), 0.060018310546875)":30},"8":{"(Float16(0.05032), 0.060323486328125)":84,"(Float16(0.9497), 0.95970703125)":16},"17":{"(Float16(0.05026), 0.060262451171875)":67,"(Float16(0.949), 0.95921875)":33},"37":{"(Float16(0.949), 0.95921875)":54,"(Float16(0.05005), 0.060048828125)":46},"1":{"(Float16(0.949), 0.95921875)":47,"(Float16(0.05005), 0.060048828125)":53},"53":{"(Float16(0.949), 0.95921875)":47,"(Float16(0.05005), 0.060048828125)":53},"22":{"(Float16(0.949), 0.95921875)":44,"(Float16(0.05005), 0.060048828125)":56},"47":{"(Float16(0.05017), 0.0601708984375)":62,"(Float16(0.948), 0.9582421875)":38},"83":{"(Float16(0.0501), 0.06010986328125)":57,"(Float16(0.948), 0.9582421875)":43},"99":{"(Float16(0.05008), 0.060079345703125)":40,"(Float16(0.948), 0.9582421875)":60},"89":{"(Float16(0.0501), 0.06010986328125)":39,"(Float16(0.9478), 0.95775390625)":61},"14":{"(Float16(0.9487), 0.95873046875)":61,"(Float16(0.05005), 0.060048828125)":39},"3":{"(Float16(0.0501), 0.06010986328125)":33,"(Float16(0.9478), 0.95775390625)":67},"80":{"(Float16(0.05005), 0.060048828125)":29,"(Float16(0.948), 0.9582421875)":71},"96":{"(Float16(0.949), 0.95921875)":44,"(Float16(0.05005), 0.060048828125)":56},"51":{"(Float16(0.9487), 0.95873046875)":26,"(Float16(0.0501), 0.06010986328125)":74},"33":{"(Float16(0.0501), 0.06010986328125)":58,"(Float16(0.948), 0.9582421875)":42},