{"5":{"(Float16(0.582), Float16(0.982))":96,"(Float16(0.00081), Float16(0.401))":4},"56":{"(Float16(0.4546), Float16(0.8545))":100},"35":{"(Float16(0.4492), Float16(0.849))":100},"55":{"(Float16(0.4856), Float16(0.8857))":100},"60":{"(Float16(0.7725), Float16(1.173))":1,"(Float16(0.000533), Float16(0.4006))":99},"30":{"(Float16(0.536), Float16(0.936))":93,"(Float16(0.001024), Float16(0.4011))":7},"32":{"(Float16(0.4648), Float16(0.8647))":100},"6":{"(Float16(0.4995), Float16(0.8994))":100},"67":{"(Float16(0.000608), Float16(0.4006))":7,"(Float16(0.5605), Float16(0.9604))":93},"45":{"(Float16(0.9004), Float16(1.301))":3,"(Float16(0.0003798), Float16(0.4004))":97},"73":{"(Float16(0.8877), Float16(1.288))":1,"(Float16(0.4478), Float16(0.8477))":99},"64":{"(Float16(0.498), Float16(0.898))":100},"90":{"(Float16(0.4658), Float16(0.8657))":100},"4":{"(Float16(0.432), Float16(0.832))":99,"(Float16(0.9473), Float16(1.348))":1},"13":{"(Float16(0.544), Float16(0.944))":92,"(Float16(0.0007296), Float16(0.4006))":8},"54":{"(Float16(0.000663), Float16(0.4006))":4,"(Float16(0.532), Float16(0.932))":96},"63":{"(Float16(0.47), Float16(0.87))":100},"86":{"(Float16(0.000654), Float16(0.4006))":2,"(Float16(0.482), Float16(0.882))":98},"91":{"(Float16(0.001499), Float16(0.4016))":4,"(Float16(0.5137), Float16(0.9136))":96},"62":{"(Float16(0.0006495), Float16(0.4006))":9,"(Float16(0.5674), Float16(0.9673))":91},"58":{"(Float16(0.6025), Float16(1.003))":86,"(Float16(0.000641), Float16(0.4006))":14},"52":{"(Float16(0.5015), Float16(0.9014))":100},"12":{"(Float16(0.000579), Float16(0.4006))":99,"(Float16(0.912), Float16(1.3125))":1},"28":{"(Float16(0.44), Float16(0.84))":100},"75":{"(Float16(0.454), Float16(0.854))":100},"23":{"(Float16(0.5117), Float16(0.9116))":97,"(Float16(0.001019), Float16(0.4011))":3},"92":{"(Float16(0.5264), Float16(0.9263))":97,"(Float16(0.000821), Float16(0.401))":3},"41":{"(Float16(0.4976), Float16(0.8975))":100},"43":{"(Float16(0.449), Float16(0.849))":100},"11":{"(Float16(0.4521), Float16(0.852))":100},"36":{"(Float16(0.958), Float16(1.358))":1,"(Float16(0.4639), Float16(0.864))":99},"68":{"(Float16(0.4712), Float16(0.871))":100},"69":{"(Float16(0.0017), Float16(0.4016))":1,"(Float16(0.4795), Float16(0.8794))":99},"98":{"(Float16(0.001084), Float16(0.4011))":2,"(Float16(0.5303), Float16(0.93))":98},"82":{"(Float16(0.4766), Float16(0.8765))":100},"85":{"(Float16(0.4402), Float16(0.8403))":100},"39":{"(Float16(0.5), Float16(0.9))":97,"(Float16(0.001875), Float16(0.4019))":3},"84":{"(Float16(0.4624), Float16(0.8623))":100},"77":{"(Float16(0.5293), Float16(0.929))":98,"(Float16(0.002195), Float16(0.402))":2},"7":{"(Float16(0.4595), Float16(0.8594))":100},"25":{"(Float16(0.44), Float16(0.84))":98,"(Float16(0.9766), Float16(1.377))":2},"95":{"(Float16(0.4856), Float16(0.8857))":100},"71":{"(Float16(0.4543), Float16(0.8545))":100},"66":{"(Float16(0.0005994), Float16(0.4006))":100},"76":{"(Float16(0.913), Float16(1.313))":1,"(Float16(0.000586), Float16(0.4006))":99},"34":{"(Float16(0.4849), Float16(0.885))":100},"50":{"(Float16(0.000527), Float16(0.4006))":3,"(Float16(0.4976), Float16(0.8975))":97},"59":{"(Float16(0.459), Float16(0.859))":100},"93":{"(Float16(0.4148), Float16(0.815))":100},"2":{"(Float16(0.4644), Float16(0.8643))":100},"10":{"(Float16(0.001507), Float16(0.4016))":1,"(Float16(0.4805), Float16(0.8804))":99},"18":{"(Float16(0.4482), Float16(0.848))":100},"26":{"(Float16(0.000585), Float16(0.4006))":78,"(Float16(0.7393), Float16(1.14))":22},"27":{"(Float16(0.505), Float16(0.905))":100},"42":{"(Float16(0.4668), Float16(0.8667))":99,"(Float16(0.976), Float16(1.376))":1},"87":{"(Float16(0.994), Float16(1.395))":1,"(Float16(0.4585), Float16(0.8584))":99},"100":{"(Float16(0.6396), Float16(1.04))":77,"(Float16(0.000524), Float16(0.4006))":23},"79":{"(Float16(0.4805), Float16(0.8804))":100},"16":{"(Float16(0.422), Float16(0.8223))":100},"20":{"(Float16(0.000657), Float16(0.4006))":99,"(Float16(0.919), Float16(1.319))":1},"81":{"(Float16(0.0007067), Float16(0.4006))":100},"19":{"(Float16(0.441), Float16(0.841))":100},"49":{"(Float16(0.4624), Float16(0.8623))":100},"44":{"(Float16(0.468), Float16(0.868))":100},"9":{"(Float16(0.8564), Float16(1.257))":3,"(Float16(0.0006022), Float16(0.4006))":97},"31":{"(Float16(0.4897), Float16(0.8896))":100},"74":{"(Float16(0.4854), Float16(0.8853))":97,"(Float16(0.0006948), Float16(0.4006))":3},"61":{"(Float16(0.0002718), Float16(0.4004))":30,"(Float16(0.713), Float16(1.113))":70},"29":{"(Float16(0.5283), Float16(0.928))":97,"(Float16(0.000582), Float16(0.4006))":3},"94":{"(Float16(0.001083), Float16(0.4011))":8,"(Float16(0.534), Float16(0.934))":92},"46":{"(Float16(0.4678), Float16(0.8677))":100},"57":{"(Float16(0.001162), Float16(0.4011))":1,"(Float16(0.4458), Float16(0.8457))":99},"70":{"(Float16(0.502), Float16(0.902))":100},"21":{"(Float16(0.434), Float16(0.834))":100},"38":{"(Float16(0.4565), Float16(0.8564))":100},"88":{"(Float16(0.4941), Float16(0.894))":98,"(Float16(0.001511), Float16(0.4016))":2},"78":{"(Float16(0.539), Float16(0.939))":93,"(Float16(0.001003), Float16(0.4011))":7},"72":{"(Float16(0.412), Float16(0.812))":100},"24":{"(Float16(0.0006537), Float16(0.4006))":97,"(Float16(0.825), Float16(1.226))":3},"8":{"(Float16(0.001145), Float16(0.4011))":1,"(Float16(0.474), Float16(0.874))":99},"17":{"(Float16(0.000611), Float16(0.4006))":23,"(Float16(0.622), Float16(1.022))":77},"37":{"(Float16(0.447), Float16(0.847))":100},"1":{"(Float16(0.4775), Float16(0.8774))":100},"53":{"(Float16(0.4912), Float16(0.891))":100},"22":{"(Float16(0.4614), Float16(0.8613))":100},"47":{"(Float16(0.0005455), Float16(0.4006))":100},"83":{"(Float16(0.5), Float16(0.9))":99,"(Float16(0.001991), Float16(0.402))":1},"99":{"(Float16(0.501), Float16(0.901))":100},"89":{"(Float16(0.4766), Float16(0.8765))":100},"14":{"(Float16(0.4812), Float16(0.8813))":100},"3":{"(Float16(0.00107), Float16(0.4011))":1,"(Float16(0.5), Float16(0.9))":99},"80":{"(Float16(0.4863), Float16(0.886))":100},"96":{"(Float16(0.4307), Float16(0.8306))":100},"51":{"(Float16(0.5156), Float16(0.9155))":100},"33":{"(Float16(0.4683), Float16(0.868))":100},"40":{"(Float16(0.0005064), Float16(0.4004))":100},"48":{"(Float16(0.0005045), Float16(0.4004))":100},"15":{"(Float16(0.4297), Float16(0.8296))":100},"65":{"(Float16(0.0005655), Float16(0.4006))":100},"97":{"(Float16(0.504), Float16(0.904))":100}}