{"4":[0.5015,0.5015,0.5015,0.502,0.502,0.502,0.5015,0.502,0.501,0.501,0.5015,0.501,0.502,0.502,0.501,0.502,0.05008,0.502,0.501,0.05017,0.0501,0.05032,0.502,0.0502,0.502,0.502,0.501,0.503,0.0503,0.5015,0.502,0.05048,0.05008,0.05032,0.502,0.501,0.0503,0.502,0.502,0.5015,0.502,0.05017,0.502,0.502,0.502,0.502,0.501,0.502,0.5015,0.501,0.5015,0.501,0.05023,0.501,0.05017,0.501,0.502,0.5015,0.501,0.5015,0.501,0.502,0.501,0.5015,0.502,0.502,0.5015,0.501,0.502,0.502,0.502,0.0503,0.502,0.502,0.5024,0.503,0.502,0.502,0.502,0.502,0.5015,0.502,0.502,0.502,0.501,0.502,0.501,0.501,0.5015,0.5015,0.501,0.501,0.501,0.501,0.5005,0.501,0.502,0.502,0.501,0.501],"1":[0.4978,0.499,0.499,0.4983,0.498,0.4978,0.498,0.498,0.4993,0.4985,0.498,0.4985,0.4993,0.4983,0.498,0.4993,0.4985,0.4983,0.498,0.4985,0.4983,0.4993,0.4985,0.4983,0.499,0.4993,0.4988,0.499,0.4985,0.499,0.4988,0.4985,0.498,0.498,0.498,0.498,0.4985,0.4985,0.4985,0.4985,0.4988,0.4995,0.4995,0.4995,0.4995,0.499,0.4995,0.499,0.499,0.499,0.4988,0.499,0.4995,0.4993,0.4985,0.4985,0.4988,0.499,0.499,0.4988,0.4988,0.499,0.499,0.4993,0.499,0.4995,0.4995,0.4995,0.4988,0.499,0.4988,0.4985,0.4985,0.4988,0.499,0.499,0.499,0.499,0.499,0.499,0.4993,0.4995,0.4995,0.4995,0.4995,0.4993,0.499,0.4993,0.499,0.4988,0.4993,0.4983,0.4985,0.4985,0.4983,0.498,0.499,0.499,0.499,0.498],"5":[0.502,0.502,0.502,0.502,0.502,0.502,0.502,0.502,0.502,0.5015,0.501,0.501,0.501,0.501,0.5005,0.05017,0.5015,0.501,0.5015,0.501,0.501,0.5015,0.5015,0.501,0.502,0.502,0.5015,0.502,0.501,0.501,0.5015,0.501,0.501,0.0503,0.502,0.502,0.5015,0.502,0.502,0.5015,0.502,0.5015,0.05023,0.501,0.501,0.5015,0.502,0.05038,0.5015,0.501,0.0503,0.05017,0.5015,0.502,0.502,0.502,0.502,0.502,0.502,0.502,0.502,0.502,0.502,0.5015,0.501,0.501,0.502,0.501,0.502,0.5015,0.501,0.501,0.501,0.501,0.5005,0.5015,0.501,0.501,0.501,0.502,0.502,0.5015,0.502,0.502,0.502,0.502,0.502,0.5015,0.502,0.502,0.502,0.502,0.502,0.502,0.502,0.5015,0.502,0.05017,0.502,0.502],"2":[0.5015,0.501,0.501,0.5005,0.501,0.501,0.501,0.5005,0.501,0.501,0.501,0.501,0.501,0.501,0.501,0.501,0.501,0.501,0.0514,0.501,0.502,0.5015,0.502,0.502,0.502,0.502,0.5015,0.502,0.502,0.502,0.0503,0.501,0.5015,0.501,0.501,0.5005,0.501,0.5005,0.501,0.501,0.501,0.501,0.5005,0.501,0.501,0.502,0.502,0.05032,0.502,0.501,0.502,0.502,0.05157,0.502,0.501,0.05054,0.501,0.502,0.05054,0.5015,0.502,0.5015,0.502,0.501,0.502,0.501,0.502,0.5015,0.502,0.5015,0.501,0.501,0.501,0.501,0.501,0.501,0.5005,0.501,0.5005,0.5015,0.501,0.5015,0.501,0.5015,0.502,0.502,0.502,0.502,0.502,0.502,0.501,0.502,0.501,0.0514,0.501,0.502,0.502,0.502,0.502,0.5015],"3":[0.501,0.501,0.501,0.5015,0.501,0.5015,0.502,0.502,0.502,0.5015,0.5015,0.501,0.5005,0.501,0.501,0.501,0.501,0.5005,0.501,0.5005,0.501,0.501,0.5005,0.501,0.0501,0.5005,0.501,0.501,0.5005,0.5005,0.5005,0.5005,0.501,0.501,0.502,0.502,0.502,0.502,0.502,0.502,0.05023,0.502,0.502,0.502,0.5015,0.502,0.5015,0.501,0.5015,0.0501,0.502,0.502,0.501,0.502,0.502,0.502,0.5015,0.502,0.502,0.502,0.5015,0.5015,0.502,0.501,0.502,0.502,0.502,0.502,0.502,0.502,0.502,0.502,0.502,0.502,0.501,0.502,0.5015,0.501,0.501,0.501,0.501,0.501,0.05023,0.501,0.5005,0.501,0.501,0.5005,0.501,0.501,0.501,0.501,0.501,0.501,0.501,0.5005,0.501,0.501,0.501,0.501]}