{"1":[0.6943,0.694,0.5,0.6934,0.05048,0.2495,0.21,0.6934,0.21,0.4998,0.693,0.6924,0.6924,0.4985,0.6924,0.6924,0.4995,0.05182,0.6924,0.2217,0.693,0.9497,0.1829,0.0504,0.1675,0.5,0.6934,0.5,0.3022,0.3022,0.2217,0.2251,0.3357,0.0506,0.5,0.0501,0.9497,0.4988,0.6934,0.0509,0.8223,0.6934,0.05035,0.3022,0.6934,0.5,0.5,0.5,0.0509,0.5,0.6934,0.95,0.1675,0.95,0.95,0.5,0.6934,0.95,0.4998,0.4995,0.5,0.6934,0.0501,0.05066,0.949,0.3357,0.5,0.1829,0.9497,0.1675,0.4988,0.6934,0.95,0.0503,0.2251,0.4998,0.0506,0.6934,0.6934,0.9497,0.0503,0.2495,0.694,0.6943,0.0501,0.822,0.6943,0.4998,0.05045,0.4995,0.6943,0.949,0.05066,0.4998,0.6943,0.05023,0.822,0.5,0.6943,0.6943],"2":[0.4995,0.2125,0.4995,0.1516,0.6323,0.626,0.95,0.948,0.2125,0.95,0.806,0.4995,0.9497,0.9497,0.949,0.95,0.678,0.4993,0.8047,0.05106,0.2097,0.8164,0.9497,0.4993,0.499,0.4993,0.4995,0.499,0.4995,0.626,0.05035,0.678,0.499,0.499,0.2834,0.499,0.2803,0.949,0.1863,0.6323,0.4995,0.9497,0.4995,0.4995,0.949,0.95,0.9497,0.2715,0.774,0.4993,0.95,0.6094,0.499,0.9497,0.05008,0.1716,0.2437,0.1716,0.8164,0.2097,0.05014,0.1516,0.9497,0.95,0.675,0.632,0.632,0.0512,0.05023,0.0504,0.8047,0.2803,0.05017,0.0512,0.1863,0.95,0.499,0.499,0.1516,0.948,0.2834,0.6094,0.2437,0.4995,0.0502,0.2715,0.774,0.675,0.4993,0.8164,0.948,0.05017,0.4998,0.4995,0.4998,0.806,0.95,0.4995,0.4995,0.05017],"3":[0.501,0.5005,0.7754,0.835,0.5015,0.04932,0.04984,0.501,0.948,0.501,0.208,0.7905,0.208,0.501,0.7754,0.501,0.3384,0.04993,0.709,0.05032,0.949,0.04932,0.5005,0.95,0.501,0.716,0.5005,0.747,0.501,0.501,0.04953,0.5005,0.826,0.0503,0.501,0.5005,0.501,0.7905,0.501,0.3833,0.05017,0.3125,0.3442,0.609,0.3384,0.501,0.2301,0.5005,0.949,0.04962,0.3125,0.84,0.8447,0.949,0.501,0.716,0.95,0.3833,0.3257,0.8447,0.747,0.3257,0.05054,0.2283,0.84,0.5005,0.0495,0.501,0.5005,0.949,0.501,0.95,0.0498,0.826,0.9497,0.5005,0.948,0.501,0.05017,0.2301,0.04953,0.949,0.501,0.05026,0.5005,0.501,0.709,0.9497,0.501,0.0503,0.501,0.2283,0.501,0.835,0.747,0.501,0.3438,0.04974,0.3438,0.501]}