{"4":[0.1428,0.3435,0.798,0.3572,0.4246,0.877,0.7207,0.3926,0.1426,0.142,0.796,0.01213,0.948,0.5215,0.715,0.1433,0.3572,0.1423,0.5215,0.8213,0.3027,0.5215,0.1438,0.948,0.1443,0.4854,0.8525,0.1436,0.145,0.715,0.94,0.1436,0.8467,0.8516,0.1443,0.9307,0.7896,0.1443,0.752,0.3435,0.701,0.486,0.1428,0.8525,0.798,0.62,0.1431,0.796,0.9307,0.62,0.4246,0.669,0.01213,0.571,0.4854,0.1428,0.961,0.1432,0.5615,0.8516,0.3926,0.8174,0.672,0.94,0.8467,0.4155,0.1431,0.8174,0.715,0.1428,0.4155,0.3984,0.8213,0.1423,0.1423,0.5615,0.381,0.571,0.1423,0.486,0.3027,0.672,0.4155,0.752,0.4165,0.3984,0.7896,0.1427,0.669,0.948,0.9014,0.1428,0.7207,0.381,0.877,0.4165,0.9014,0.701,0.1423,0.961],"1":[0.2764,0.5566,0.2761,0.2764,0.5293,0.5293,0.2766,0.8936,0.2766,0.5293,0.2773,0.506,0.621,0.2769,0.726,0.277,0.5566,0.04175,0.6357,0.2764,0.04175,0.9062,0.5283,0.9834,0.7646,0.2769,0.7646,0.954,0.2766,0.276,0.2769,0.2769,0.5566,0.4868,0.2766,0.8936,0.506,0.02008,0.8936,0.2764,0.9062,0.276,0.276,0.807,0.276,0.9497,0.2756,0.842,0.4346,0.807,0.9834,0.2754,0.833,0.4868,0.954,0.276,0.2754,0.2764,0.2761,0.2761,0.9023,0.2764,0.9023,0.5386,0.9497,0.9834,0.748,0.726,0.5054,0.9062,0.04175,0.4346,0.833,0.798,0.2764,0.621,0.02008,0.2764,0.2764,0.842,0.2764,0.0008154,0.5293,0.798,0.2773,0.2766,0.00923,0.5386,0.748,0.0008154,0.748,0.2764,0.5054,0.5283,0.2766,0.2764,0.00923,0.2764,0.6357,0.7646],"5":[0.8486,0.588,0.3718,0.849,0.4521,0.6514,0.5264,0.4756,0.6914,0.8486,0.8486,0.213,0.3843,0.4766,0.633,0.0925,0.3843,0.1722,0.9707,0.3308,0.8486,0.4495,0.1217,0.2089,0.0925,0.8486,0.10614,0.3647,0.4736,0.536,0.1497,0.849,0.6406,0.4482,0.1567,0.213,0.3718,0.3647,0.8506,0.8506,0.4766,0.588,0.851,0.8516,0.1497,0.06976,0.6924,0.512,0.6914,0.4983,0.625,0.0669,0.8516,0.512,0.10614,0.3662,0.8516,0.536,0.3308,0.4495,0.4521,0.8516,0.8506,0.6406,0.6924,0.8516,0.1692,0.8516,0.1497,0.06976,0.8506,0.4736,0.3662,0.00692,0.04828,0.4756,0.3323,0.1567,0.633,0.00692,0.3323,0.8506,0.6436,0.4983,0.4482,0.8506,0.04828,0.849,0.6436,0.8496,0.1217,0.0669,0.6514,0.849,0.1722,0.2089,0.5264,0.8486,0.625,0.1692],"2":[0.707,0.2856,0.918,0.1023,0.706,0.462,0.3918,0.555,0.706,0.4553,0.706,0.10376,0.2754,0.1813,0.4553,0.9033,0.483,0.707,0.3784,0.706,0.1023,0.02655,0.548,0.1876,0.2856,0.938,0.4946,0.395,0.04114,0.198,0.7065,0.7065,0.2754,0.3604,0.1813,0.4946,0.707,0.3918,0.9385,0.3364,0.963,0.8506,0.0921,0.9385,0.707,0.3784,0.10376,0.038,0.12427,0.8506,0.707,0.1968,0.395,0.4482,0.1335,0.1968,0.483,0.5596,0.707,0.0338,0.3032,0.5234,0.12427,0.1968,0.04114,0.1335,0.707,0.038,0.3745,0.707,0.9033,0.707,0.707,0.5596,0.0921,0.02655,0.707,0.198,0.462,0.707,0.708,0.1876,0.1506,0.3364,0.548,0.708,0.918,0.1506,0.3032,0.707,0.4482,0.3745,0.555,0.707,0.5234,0.5596,0.963,0.0338,0.707,0.3604],"3":[0.8037,0.089,0.8057,0.2617,0.803,0.803,0.8037,0.04834,0.04834,0.089,0.5327,0.136,0.2642,0.924,0.626,0.1938,0.804,0.566,0.4375,0.8057,0.4053,0.3457,0.8047,0.3052,0.806,0.8057,0.04834,0.9395,0.8047,0.0404,0.6455,0.377,0.966,0.3882,0.5903,0.566,0.0404,0.8047,0.297,0.0729,0.0597,0.804,0.0597,0.8037,0.8037,0.1294,0.8037,0.4375,0.3457,0.377,0.8037,0.2642,0.623,0.3057,0.5903,0.802,0.4597,0.804,0.6484,0.3052,0.626,0.8037,0.804,0.1938,0.951,0.951,0.3882,0.3687,0.1945,0.05603,0.4597,0.6484,0.5327,0.966,0.8027,0.8027,0.804,0.1945,0.3057,0.5244,0.4075,0.4053,0.136,0.1294,0.4075,0.8037,0.297,0.623,0.2617,0.5244,0.6455,0.924,0.1947,0.05603,0.806,0.0729,0.9395,0.1947,0.1294,0.3687]}