{"5":{"(Float16(0.9487), Float16(0.9585))":21,"(Float16(0.0503), Float16(0.0603))":79},"56":{"(Float16(0.05), Float16(0.06))":58,"(Float16(0.949), Float16(0.959))":42},"35":{"(Float16(0.0501), Float16(0.06012))":22,"(Float16(0.9487), Float16(0.9585))":78},"55":{"(Float16(0.05005), Float16(0.06006))":61,"(Float16(0.949), Float16(0.959))":39},"60":{"(Float16(0.05005), Float16(0.06006))":46,"(Float16(0.948), Float16(0.958))":54},"30":{"(Float16(0.05026), Float16(0.06027))":83,"(Float16(0.9487), Float16(0.9585))":17},"32":{"(Float16(0.0503), Float16(0.0603))":72,"(Float16(0.949), Float16(0.959))":28},"6":{"(Float16(0.05026), Float16(0.06027))":75,"(Float16(0.948), Float16(0.958))":25},"67":{"(Float16(0.05014), Float16(0.06015))":9,"(Float16(0.948), Float16(0.958))":91},"45":{"(Float16(0.05005), Float16(0.06006))":8,"(Float16(0.948), Float16(0.958))":92},"73":{"(Float16(0.05017), Float16(0.06018))":64,"(Float16(0.948), Float16(0.958))":36},"64":{"(Float16(0.05035), Float16(0.06036))":100},"90":{"(Float16(0.05005), Float16(0.06006))":14,"(Float16(0.948), Float16(0.958))":86},"4":{"(Float16(0.05005), Float16(0.06006))":14,"(Float16(0.9487), Float16(0.9585))":86},"13":{"(Float16(0.948), Float16(0.958))":42,"(Float16(0.0503), Float16(0.0603))":58},"54":{"(Float16(0.05005), Float16(0.06006))":68,"(Float16(0.949), Float16(0.959))":32},"63":{"(Float16(0.05), Float16(0.06))":3,"(Float16(0.9478), Float16(0.9575))":97},"86":{"(Float16(0.05005), Float16(0.06006))":35,"(Float16(0.948), Float16(0.958))":65},"91":{"(Float16(0.488), Float16(0.498))":100},"62":{"(Float16(0.95), Float16(0.96))":2,"(Float16(0.0503), Float16(0.0603))":98},"58":{"(Float16(0.05), Float16(0.06))":11,"(Float16(0.948), Float16(0.958))":89},"52":{"(Float16(0.948), Float16(0.958))":98,"(Float16(0.05002), Float16(0.06003))":2},"12":{"(Float16(0.05014), Float16(0.06015))":12,"(Float16(0.948), Float16(0.958))":88},"28":{"(Float16(0.05014), Float16(0.06015))":14,"(Float16(0.9478), Float16(0.9575))":86},"75":{"(Float16(0.9473), Float16(0.957))":69,"(Float16(0.05008), Float16(0.0601))":31},"23":{"(Float16(0.95), Float16(0.96))":4,"(Float16(0.0503), Float16(0.0603))":96},"92":{"(Float16(0.948), Float16(0.958))":68,"(Float16(0.0501), Float16(0.06012))":32},"41":{"(Float16(0.05002), Float16(0.06003))":38,"(Float16(0.9487), Float16(0.9585))":62},"43":{"(Float16(0.05), Float16(0.06))":11,"(Float16(0.9473), Float16(0.957))":89},"11":{"(Float16(0.05017), Float16(0.06018))":23,"(Float16(0.9478), Float16(0.9575))":77},"36":{"(Float16(0.948), Float16(0.958))":55,"(Float16(0.0501), Float16(0.06012))":45},"68":{"(Float16(0.0501), Float16(0.06012))":42,"(Float16(0.9487), Float16(0.9585))":58},"69":{"(Float16(0.948), Float16(0.958))":72,"(Float16(0.0501), Float16(0.06012))":28},"98":{"(Float16(0.948), Float16(0.958))":51,"(Float16(0.05008), Float16(0.0601))":49},"82":{"(Float16(0.95), Float16(0.96))":3,"(Float16(0.0503), Float16(0.0603))":97},"85":{"(Float16(0.05035), Float16(0.06036))":97,"(Float16(0.95), Float16(0.96))":3},"39":{"(Float16(0.05005), Float16(0.06006))":7,"(Float16(0.948), Float16(0.958))":93},"84":{"(Float16(0.05023), Float16(0.06024))":93,"(Float16(0.949), Float16(0.959))":7},"77":{"(Float16(0.05026), Float16(0.06027))":73,"(Float16(0.9487), Float16(0.9585))":27},"7":{"(Float16(0.9497), Float16(0.9595))":10,"(Float16(0.0503), Float16(0.0603))":90},"25":{"(Float16(0.05017), Float16(0.06018))":24,"(Float16(0.9487), Float16(0.9585))":76},"95":{"(Float16(0.05005), Float16(0.06006))":2,"(Float16(0.948), Float16(0.958))":98},"71":{"(Float16(0.05005), Float16(0.06006))":78,"(Float16(0.949), Float16(0.959))":22},"66":{"(Float16(0.05), Float16(0.06))":38,"(Float16(0.949), Float16(0.959))":62},"76":{"(Float16(0.05026), Float16(0.06027))":100},"34":{"(Float16(0.9478), Float16(0.9575))":84,"(Float16(0.05002), Float16(0.06003))":16},"50":{"(Float16(0.05023), Float16(0.06024))":98,"(Float16(0.95), Float16(0.96))":2},"59":{"(Float16(0.9473), Float16(0.957))":95,"(Float16(0.05002), Float16(0.06003))":5},"93":{"(Float16(0.05017), Float16(0.06018))":45,"(Float16(0.948), Float16(0.958))":55},"2":{"(Float16(0.9497), Float16(0.9595))":19,"(Float16(0.0503), Float16(0.0603))":81},"10":{"(Float16(0.05035), Float16(0.06036))":65,"(Float16(0.948), Float16(0.958))":35},"18":{"(Float16(0.05014), Float16(0.06015))":27,"(Float16(0.9478), Float16(0.9575))":73},"26":{"(Float16(0.05), Float16(0.06))":24,"(Float16(0.948), Float16(0.958))":76},"27":{"(Float16(0.0501), Float16(0.06012))":56,"(Float16(0.949), Float16(0.959))":44},"42":{"(Float16(0.05008), Float16(0.0601))":77,"(Float16(0.949), Float16(0.959))":23},"87":{"(Float16(0.05008), Float16(0.0601))":57,"(Float16(0.949), Float16(0.959))":43},"100":{"(Float16(0.05005), Float16(0.06006))":28,"(Float16(0.948), Float16(0.958))":72},"79":{"(Float16(0.05017), Float16(0.06018))":80,"(Float16(0.949), Float16(0.959))":20},"16":{"(Float16(0.05), Float16(0.06))":24,"(Float16(0.9473), Float16(0.957))":76},"20":{"(Float16(0.05017), Float16(0.06018))":27,"(Float16(0.948), Float16(0.958))":73},"81":{"(Float16(0.05017), Float16(0.06018))":47,"(Float16(0.948), Float16(0.958))":53},"19":{"(Float16(0.9497), Float16(0.9595))":6,"(Float16(0.05026), Float16(0.06027))":94},"49":{"(Float16(0.0502), Float16(0.0602))":97,"(Float16(0.95), Float16(0.96))":3},"44":{"(Float16(0.05026), Float16(0.06027))":100},"9":{"(Float16(0.9497), Float16(0.9595))":27,"(Float16(0.0503), Float16(0.0603))":73},"31":{"(Float16(0.05014), Float16(0.06015))":55,"(Float16(0.949), Float16(0.959))":45},"74":{"(Float16(0.05005), Float16(0.06006))":12,"(Float16(0.9478), Float16(0.9575))":88},"61":{"(Float16(0.9478), Float16(0.9575))":71,"(Float16(0.05002), Float16(0.06003))":29},"29":{"(Float16(0.0501), Float16(0.06012))":69,"(Float16(0.9487), Float16(0.9585))":31},"94":{"(Float16(0.9473), Float16(0.957))":69,"(Float16(0.05005), Float16(0.06006))":31},"46":{"(Float16(0.948), Float16(0.958))":80,"(Float16(0.05008), Float16(0.0601))":20},"57":{"(Float16(0.05002), Float16(0.06003))":37,"(Float16(0.949), Float16(0.959))":63},"70":{"(Float16(0.05005), Float16(0.06006))":57,"(Float16(0.9487), Float16(0.9585))":43},"21":{"(Float16(0.05023), Float16(0.06024))":51,"(Float16(0.948), Float16(0.958))":49},"38":{"(Float16(0.05038), Float16(0.0604))":94,"(Float16(0.949), Float16(0.959))":6},"88":{"(Float16(0.948), Float16(0.958))":100},"78":{"(Float16(0.9473), Float16(0.957))":79,"(Float16(0.05005), Float16(0.06006))":21},"72":{"(Float16(0.948), Float16(0.958))":76,"(Float16(0.0501), Float16(0.06012))":24},"24":{"(Float16(0.05048), Float16(0.0605))":100},"8":{"(Float16(0.05035), Float16(0.06036))":73,"(Float16(0.949), Float16(0.959))":27},"17":{"(Float16(0.05005), Float16(0.06006))":21,"(Float16(0.9478), Float16(0.9575))":79},"37":{"(Float16(0.05038), Float16(0.0604))":70,"(Float16(0.949), Float16(0.959))":30},"1":{"(Float16(0.0502), Float16(0.0602))":51,"(Float16(0.949), Float16(0.959))":49},"53":{"(Float16(0.05014), Float16(0.06015))":55,"(Float16(0.948), Float16(0.958))":45},"22":{"(Float16(0.05023), Float16(0.06024))":86,"(Float16(0.95), Float16(0.96))":14},"47":{"(Float16(0.05035), Float16(0.06036))":100},"83":{"(Float16(0.05), Float16(0.06))":1,"(Float16(0.948), Float16(0.958))":99},"99":{"(Float16(0.9473), Float16(0.957))":71,"(Float16(0.0501), Float16(0.06012))":29},"89":{"(Float16(0.05035), Float16(0.06036))":2,"(Float16(0.9473), Float16(0.957))":98},"14":{"(Float16(0.05005), Float16(0.06006))":44,"(Float16(0.948), Float16(0.958))":56},"3":{"(Float16(0.05026), Float16(0.06027))":82,"(Float16(0.948), Float16(0.958))":18},"80":{"(Float16(0.0501), Float16(0.06012))":74,"(Float16(0.949), Float16(0.959))":26},"96":{"(Float16(0.05005), Float16(0.06006))":59,"(Float16(0.949), Float16(0.959))":41},"51":{"(Float16(0.05005), Float16(0.06006))":23,"(Float16(0.948), Float16(0.958))":77},"33":{"(Float16(0.05), Float16(0.06))":16,"(Float16(0.9478), Float16(0.9575))":84},"40":{"(Float16(0.05023), Float16(0.06024))":11,