{"5":[0.4312,0.0003252,0.4307,0.4312,0.918,0.8,0.9043,0.8745,0.0001471,0.918,0.432,0.433,0.0002494,0.928,0.672,0.8296,0.814,0.908,0.433,0.4333,0.434,0.9434,0.000977,0.4348,0.4336,0.434,0.0003428,0.000249,0.4346,0.433,0.4326,0.433,0.8296,0.8,0.0001694,0.4326,0.0006676,0.4324,0.928,7.355e-5,0.672,0.4326,0.4326,0.766,0.9883,0.0003824,0.0001245,0.0001714,0.4326,0.4321,0.4316,0.4316,0.0004096,0.4321,0.4326,0.887,0.908,0.833,0.4336,0.0004177,0.0002494,0.4338,0.0004544,0.4348,0.4343,0.8965,0.4346,0.766,0.9434,0.4343,0.757,0.887,0.434,0.434,0.0004814,0.434,0.4333,0.8965,0.0001419,0.0006676,0.4336,0.0002407,0.4336,0.8745,0.4333,0.672,0.4326,0.4321,0.814,0.9043,0.9883,0.757,0.432,0.4316,0.4312,0.0004852,0.4312,0.0001419,0.833,0.0004883],"4":[0.4443,0.4448,0.4448,0.4448,2.825e-5,0.87,0.8213,0.4448,0.4443,0.75,9.66e-6,0.4424,0.4434,0.4443,0.8213,0.83,0.8535,0.4448,0.8403,2.41e-5,0.4438,0.4448,3.18e-5,0.4446,0.4443,0.4443,0.4443,0.4443,2.35e-5,0.444,0.4438,0.824,5.513e-5,0.4438,0.912,1.35e-5,0.4429,0.912,4.53e-6,0.4429,1.06e-5,0.9585,0.4421,1.43e-5,2.74e-5,0.442,0.8955,2.26e-6,0.87,0.7715,0.8535,0.4424,0.4417,2.71e-5,0.9194,0.442,0.4417,0.912,0.4426,0.4414,0.4414,7.0e-6,0.4414,1.013e-5,0.4424,7.7e-6,0.4414,0.4424,6.74e-6,0.9585,0.4424,0.4421,0.7715,0.87,0.442,0.83,0.442,0.4424,0.4424,0.4429,0.9194,0.87,4.8e-6,0.4426,1.204e-5,0.8403,0.443,0.824,5.07e-6,0.4429,3.46e-6,0.443,2.71e-5,1.59e-5,7.15e-6,0.4434,0.8955,0.75,0.4438,0.4443],"6":[0.754,0.3032,0.2798,1.55e-6,6.6e-7,1.9e-6,1.2e-6,0.7544,0.355,0.755,0.3052,0.755,3.6e-7,0.7544,0.754,0.754,0.7544,0.755,0.755,1.7e-6,0.311,0.7544,0.754,7.3e-6,0.754,0.7534,2.0e-6,0.753,0.752,0.7515,0.751,0.751,0.4238,0.3738,2.9e-6,0.3218,0.4302,0.2837,0.4238,0.751,0.3032,0.3218,0.751,0.751,0.751,0.751,0.751,0.751,0.3047,0.751,0.7515,0.752,0.51,6.6e-7,3.46e-6,0.754,0.4302,0.3262,0.3052,0.355,0.7524,2.0e-6,0.753,0.753,0.753,0.51,0.753,0.753,1.7e-6,0.2798,0.3555,0.753,0.7534,0.3262,0.754,0.754,0.754,0.754,0.754,0.3218,5.66e-6,0.3477,0.3477,0.754,0.7544,0.3032,2.9e-6,0.3555,0.7544,0.754,0.754,7.3e-6,0.3738,0.754,0.754,0.3047,0.311,0.3477,0.754,0.2837],"7":[0.6445,0.643,2.3e-5,0.6426,0.642,0.6416,0.6416,0.6416,0.6416,0.6416,0.6416,4.4e-6,9.54e-6,0.6416,0.6416,8.7e-6,0.6416,1.615e-5,0.642,0.6426,1.794e-5,0.6426,3.42e-5,0.6426,0.6426,0.643,0.6436,0.358,0.358,0.644,0.6445,0.6455,1.6e-5,5.06e-5,0.646,0.6455,0.6465,9.9e-6,2.515e-5,0.6465,0.6465,0.6465,0.6465,0.6465,0.6465,0.6465,8.94e-6,0.6465,5.156e-5,0.646,5.4e-5,0.6455,0.645,0.6445,3.42e-5,1.35e-5,0.644,0.6436,0.6436,0.6436,0.6436,0.643,0.6426,0.642,0.6416,0.3528,5.4e-5,0.6416,0.6416,0.642,0.6426,2.84e-5,0.643,0.6436,0.6436,1.35e-5,8.0e-6,0.6436,0.644,0.6445,0.3528,5.65e-5,0.6445,0.6445,8.7e-6,0.6445,0.6445,0.645,0.6445,0.6445,1.26e-5,0.645,0.6455,2.2e-6,0.6455,0.6455,5.156e-5,0.645,0.6445,2.825e-5],"2":[0.7627,0.000106,0.2964,0.7627,0.4043,0.7627,0.4453,0.4043,0.3242,0.4453,0.4438,0.4397,8.62e-5,0.7627,0.7627,0.7617,5.734e-5,0.762,0.484,0.7627,0.7627,0.7627,0.7627,0.3677,0.762,0.7617,0.0001271,0.3242,2.06e-5,0.7617,0.7617,0.7617,0.484,0.7603,4.41e-5,0.7603,1.85e-5,0.4658,0.759,8.89e-5,0.3628,0.759,0.0002487,0.759,7.06e-5,0.4023,0.7573,0.325,0.7573,0.7593,0.758,0.0001028,2.71e-5,0.0001271,0.325,0.7573,0.0002487,0.758,0.0001028,0.7583,0.759,0.4397,2.22e-5,7.94e-5,1.115e-5,0.7603,8.744e-5,0.000106,2.06e-5,0.4438,0.3628,0.76,0.7607,0.761,0.3242,7.42e-5,0.2964,0.761,0.4023,0.7617,0.761,0.4023,0.7607,0.4658,0.76,7.94e-5,0.7603,1.11e-5,0.7617,3.89e-5,7.42e-5,0.762,0.7627,0.7627,0.00010765,4.447e-5,2.205e-5,0.7627,0.3677,5.38e-5],"10":[0.603,0.6025,0.6025,0.294,0.0,0.6025,0.6025,0.6025,0.0,0.602,0.6016,0.6006,0.601,0.6006,0.6006,0.3604,0.5996,0.599,0.6025,0.5996,0.5996,0.0,0.5996,0.0,0.0,0.5996,0.0,0.6,0.6006,0.6006,0.0,0.6006,0.0,0.0,0.6006,0.0,0.6006,0.601,0.3096,0.3604,0.6016,6.0e-8,0.602,0.6025,0.603,0.6035,0.0,0.604,0.6045,0.0,0.6045,0.3604,0.3096,0.605,0.6055,0.6055,0.6055,0.6055,0.6055,0.6055,0.6055,0.606,0.0,0.6064,0.6064,0.0,0.6045,0.0,0.6055,0.606,0.6064,0.6064,0.3096,0.294,0.6064,6.0e-8,0.6064,0.6064,0.6064,6.0e-8,0.6064,0.6064,0.0,0.6064,0.6064,0.6064,0.6064,0.6064,0.606,0.6055,0.605,0.0,0.6045,0.604,0.6035,0.6035,0.0,0.6035,0.0,0.603],"9":[0.773,0.774,0.774,0.4111,4.09e-5,1.454e-5,8.404e-5,0.3042,0.7744,0.5444,0.775,0.7744,0.7764,0.7764,0.4397,0.7764,0.3486,0.0001359,4.005e-5,2.04e-5,0.7764,0.4111,0.7764,0.7764,0.7764,0.3445,0.504,0.2676,7.7e-6,0.7764,0.3042,6.98e-5,0.7744,4.566e-5,0.7754,0.7754,0.775,2.18e-5,0.0001359,2.28e-5,5.46e-5,0.7744,4.2e-5,3.96e-5,0.2251,0.5293,0.774,6.46e-5,5.674e-5,0.7734,5.513e-5,0.3076,2.676e-5,0.773,0.7725,0.3047,0.272,0.7725,0.3445,1.454e-5,0.3486,0.7725,0.4111,0.7725,2.754e-5,1.09e-5,0.3022,1.806e-5,0.3076,0.7725,0.3022,0.7725,0.504,0.2676,0.7725,4.09e-5,0.7725,0.5293,0.5293,0.3047,0.7725,0.328,0.5444,0.7725,0.328,0.3486,3.96e-5,0.272,0.7725,0.7725,0.7725,0.7725,9.06e-6,0.4397,0.7725,0.2251,0.7725,0.7725,2.73e-5,0.773],"8":[0.3936,0.882,1.967e-5,1.17e-5,0.7666,0.393,5.96e-6,7.75e-6,0.3928,0.3926,1.67e-6,1.18e-5,0.8496,0.8516,0.3923,0.392,0.8516,0.745,0.392,0.866,0.392,0.392,0.392,0.6445,0.392,0.8496,4.3e-6,0.9014,0.632,0.392,0.392,0.882,0.392,0.8564,0.392,0.392,0.392,0.7676,0.3926,0.392,0.392,0.866,0.392,1.013e-5,0.3936,0.392,0.392,0.392,0.3928,0.9014,0.3926,0.3928,0.3936,1.085e-5,0.3936,2.325e-5,6.9e-6,0.8584,0.3936,2.325e-5,0.8584,0.8516,0.3938,5.4e-6,0.394,0.8564,0.7188,0.7666,0.8936,8.46e-6,0.3943,0.3945,0.6445,0.3945,0.8516,0.3945,0.3936,0.3945,8.46e-6,0.3945,0.3945,0.8936,1.967e-5,0.7676,0.3943,1.17e-5,5.07e-6,0.632,0.745,6.9e-6,0.394,0.394,0.394,0.394,0.394,0.3938,0.3936,0.3936,0.3926,0.7188],"3":[0.535,0.9263,0.535,0.5356,0.536,0.000207,0.0001967,0.0002894,0.9873,0.956,0.536,0.00010926,0.537,0.2627,0.537,0.312,0.312,0.9556,0.2627,0.536,0.0003624,0.2146,0.878,0.5366,0.8438,0.537,0.0003161,0.537,0.5376,0.538,0.538,0.538,0.956,0.538,0.5376,0.537,0.0002036,0.9873,0.537,0.9263,0.537,0.537,0.537,0.537,0.537,0.537,0.878,0.7725,0.8877,0.537,0.0002118,0.0004091,0.537,0.537,0.5366,0.0004075,0.536,0.536,0.536,0.536,0.5347,0.8438,0.8877,0.535,0.5347,9.97e-5,0.535,0.000554,0.0004075,0.5347,0.534,0.8574,0.534,0.8574,0.9873,0.2146,0.5347,0.534,0.7725,0.9556,0.0003161,0.534,0.534,0.5337,0.0001812,0.926,0.533,0.533,0.533,0.5337,0.926,0.534,0.0001035,0.5347,0.956,0.00010926,0.000277,0.535,9.835e-5,0.535],"1":[0.7725,0.37,4.494e-5,0.3645,0.366,0.772,7.24e-5,0.7715,0.376,0.376,0.333,0.7715,0.333,0.7705,0.77,4.39e-5,0.7695,0.0002227,0.3687,0.3462,0.4634,0.3442,0.7695,9.865e-5,0.4048,0.77,0.37,0.3613,0.4492,3.06e-5,0.7705,0.7705,0.7705,0.772,3.237e-5,0.3687,0.4492,0.7705,1.59e-5,0.77,0.405,1.526e-5,0.77,0.00011134,0.334,0.7695,0.3442,0.7695,0.000522,0.7695,0.3462,0.769,0.405,0.7686,0.0003335,0.7686,0.7686,0.334,4.935e-5,0.4048,0.4482,0.7686,4.494e-5,0.7686,0.769,0.7695,0.00011206,0.371,0.371,0.334,0.7705,0.771,0.7715,0.366,0.772,1.59e-5,0.7725,0.393,0.366,0.0001668,0.3613,0.000123,0.7725,0.4634,0.772,0.4482,0.3652,0.7725,0.7725,0.393,0.4048,0.7725,0.3296,6.15e-5,0.7725,0.7725,0.3645,0.3296,0.3652,0.7725]}