{"5":{"(Float16(0.501), Float16(0.701))":36,"(Float16(0.0005946), Float16(0.2006))":39,"(Float16(0.9985), Float16(1.198))":25},"56":{"(Float16(0.0008764), Float16(0.2009))":39,"(Float16(0.9976), Float16(1.197))":30,"(Float16(0.499), Float16(0.699))":31},"35":{"(Float16(0.501), Float16(0.701))":37,"(Float16(0.998), Float16(1.198))":34,"(Float16(0.0008574), Float16(0.2008))":29},"55":{"(Float16(0.501), Float16(0.701))":46,"(Float16(0.998), Float16(1.198))":23,"(Float16(0.0009103), Float16(0.2009))":31},"60":{"(Float16(0.0008407), Float16(0.2008))":34,"(Float16(0.998), Float16(1.198))":35,"(Float16(0.498), Float16(0.698))":31},"30":{"(Float16(0.501), Float16(0.701))":45,"(Float16(0.998), Float16(1.198))":24,"(Float16(0.000934), Float16(0.2009))":31},"32":{"(Float16(0.998), Float16(1.198))":34,"(Float16(0.00156), Float16(0.2015))":10,"(Float16(0.499), Float16(0.699))":56},"6":{"(Float16(0.4995), Float16(0.6997))":34,"(Float16(0.0007987), Float16(0.2008))":32,"(Float16(0.997), Float16(1.197))":34},"67":{"(Float16(0.998), Float16(1.198))":36,"(Float16(0.000716), Float16(0.2007))":18,"(Float16(0.5), Float16(0.7))":46},"45":{"(Float16(0.4995), Float16(0.6997))":41,"(Float16(0.997), Float16(1.197))":37,"(Float16(0.000892), Float16(0.2009))":22},"73":{"(Float16(0.501), Float16(0.701))":42,"(Float16(0.0005684), Float16(0.2006))":39,"(Float16(0.999), Float16(1.199))":19},"64":{"(Float16(0.501), Float16(0.701))":44,"(Float16(0.00107), Float16(0.201))":27,"(Float16(0.9976), Float16(1.197))":29},"90":{"(Float16(0.501), Float16(0.701))":39,"(Float16(0.001129), Float16(0.2012))":31,"(Float16(0.9985), Float16(1.198))":30},"4":{"(Float16(0.501), Float16(0.701))":38,"(Float16(0.999), Float16(1.199))":26,"(Float16(0.000998), Float16(0.201))":36},"13":{"(Float16(0.00078), Float16(0.2008))":32,"(Float16(0.498), Float16(0.698))":44,"(Float16(0.997), Float16(1.197))":24},"54":{"(Float16(0.501), Float16(0.701))":44,"(Float16(0.001344), Float16(0.2013))":29,"(Float16(0.9976), Float16(1.197))":27},"63":{"(Float16(0.501), Float16(0.701))":37,"(Float16(0.999), Float16(1.199))":34,"(Float16(0.0006227), Float16(0.2007))":29},"86":{"(Float16(0.501), Float16(0.701))":32,"(Float16(0.998), Float16(1.198))":37,"(Float16(0.0008216), Float16(0.2008))":31},"91":{"(Float16(0.501), Float16(0.701))":44,"(Float16(0.998), Float16(1.198))":20,"(Float16(0.000799), Float16(0.2008))":36},"62":{"(Float16(0.001194), Float16(0.2012))":16,"(Float16(0.998), Float16(1.198))":37,"(Float16(0.4985), Float16(0.6987))":47},"58":{"(Float16(0.501), Float16(0.701))":29,"(Float16(0.997), Float16(1.197))":38,"(Float16(0.000763), Float16(0.2008))":33},"52":{"(Float16(0.001258), Float16(0.2013))":35,"(Float16(0.4995), Float16(0.6997))":30,"(Float16(0.998), Float16(1.198))":35},"12":{"(Float16(0.998), Float16(1.198))":30,"(Float16(0.00115), Float16(0.2012))":27,"(Float16(0.499), Float16(0.699))":43},"28":{"(Float16(0.4995), Float16(0.6997))":50,"(Float16(0.997), Float16(1.197))":20,"(Float16(0.00144), Float16(0.2014))":30},"75":{"(Float16(0.0008307), Float16(0.2008))":18,"(Float16(0.999), Float16(1.199))":35,"(Float16(0.4988), Float16(0.6987))":47},"23":{"(Float16(0.501), Float16(0.701))":61,"(Float16(0.998), Float16(1.198))":10,"(Float16(0.001342), Float16(0.2013))":29},"92":{"(Float16(0.501), Float16(0.701))":51,"(Float16(0.998), Float16(1.198))":18,"(Float16(0.001124), Float16(0.2012))":31},"41":{"(Float16(0.000949), Float16(0.2009))":23,"(Float16(0.9976), Float16(1.197))":22,"(Float16(0.5), Float16(0.7))":55},"43":{"(Float16(0.4995), Float16(0.6997))":39,"(Float16(0.997), Float16(1.197))":29,"(Float16(0.000725), Float16(0.2007))":32},"11":{"(Float16(0.0009356), Float16(0.2009))":21,"(Float16(0.498), Float16(0.698))":50,"(Float16(0.9976), Float16(1.197))":29},"36":{"(Float16(0.998), Float16(1.198))":37,"(Float16(0.001156), Float16(0.2012))":20,"(Float16(0.4983), Float16(0.698))":43},"68":{"(Float16(0.501), Float16(0.701))":38,"(Float16(0.998), Float16(1.198))":24,"(Float16(0.000995), Float16(0.201))":38},"69":{"(Float16(0.4995), Float16(0.6997))":42,"(Float16(0.0002254), Float16(0.2002))":23,"(Float16(0.9976), Float16(1.197))":35},"98":{"(Float16(0.501), Float16(0.701))":56,"(Float16(0.998), Float16(1.198))":21,"(Float16(0.00082), Float16(0.2008))":23},"82":{"(Float16(0.501), Float16(0.701))":44,"(Float16(0.998), Float16(1.198))":32,"(Float16(0.0008845), Float16(0.2009))":24},"85":{"(Float16(0.501), Float16(0.701))":53,"(Float16(0.998), Float16(1.198))":22,"(Float16(0.0008307), Float16(0.2008))":25},"39":{"(Float16(0.4995), Float16(0.6997))":44,"(Float16(0.999), Float16(1.199))":28,"(Float16(0.001068), Float16(0.201))":28},"84":{"(Float16(0.000852), Float16(0.2008))":24,"(Float16(0.501), Float16(0.701))":51,"(Float16(0.998), Float16(1.198))":25},"77":{"(Float16(0.998), Float16(1.198))":36,"(Float16(0.4995), Float16(0.6997))":46,"(Float16(0.000438), Float16(0.2004))":18},"7":{"(Float16(0.998), Float16(1.198))":31,"(Float16(0.4995), Float16(0.6997))":43,"(Float16(0.001058), Float16(0.201))":26},"25":{"(Float16(0.501), Float16(0.701))":37,"(Float16(0.0008335), Float16(0.2008))":31,"(Float16(0.999), Float16(1.199))":32},"95":{"(Float16(0.998), Float16(1.198))":30,"(Float16(0.0009465), Float16(0.2009))":22,"(Float16(0.499), Float16(0.699))":48},"71":{"(Float16(0.501), Float16(0.701))":32,"(Float16(0.0009465), Float16(0.2009))":32,"(Float16(0.997), Float16(1.197))":36},"66":{"(Float16(0.998), Float16(1.198))":26,"(Float16(0.4995), Float16(0.6997))":44,"(Float16(0.001146), Float16(0.2012))":30},"76":{"(Float16(0.501), Float16(0.701))":58,"(Float16(0.998), Float16(1.198))":17,"(Float16(0.0008807), Float16(0.2009))":25},"34":{"(Float16(0.501), Float16(0.701))":48,"(Float16(0.999), Float16(1.199))":22,"(Float16(0.0009627), Float16(0.2009))":30},"50":{"(Float16(0.4995), Float16(0.6997))":45,"(Float16(0.00153), Float16(0.2015))":22,"(Float16(0.999), Float16(1.199))":33},"59":{"(Float16(0.501), Float16(0.701))":40,"(Float16(0.998), Float16(1.198))":26,"(Float16(0.000783), Float16(0.2008))":34},"93":{"(Float16(0.997), Float16(1.197))":34,"(Float16(0.0005803), Float16(0.2006))":22,"(Float16(0.499), Float16(0.699))":44},"2":{"(Float16(0.501), Float16(0.701))":47,"(Float16(0.000987), Float16(0.2009))":28,"(Float16(0.9976), Float16(1.197))":25},"10":{"(Float16(0.4995), Float16(0.6997))":42,"(Float16(0.001026), Float16(0.201))":26,"(Float16(0.997), Float16(1.197))":32},"18":{"(Float16(0.501), Float16(0.701))":54,"(Float16(0.999), Float16(1.199))":24,"(Float16(0.001311), Float16(0.2013))":22},"26":{"(Float16(0.001128), Float16(0.2012))":31,"(Float16(0.9966), Float16(1.196))":21,"(Float16(0.499), Float16(0.699))":48},"27":{"(Float16(0.998), Float16(1.198))":27,"(Float16(0.001057), Float16(0.201))":30,"(Float16(0.499), Float16(0.699))":43},"42":{"(Float16(0.00105), Float16(0.201))":34,"(Float16(0.501), Float16(0.701))":45,"(Float16(0.999), Float16(1.199))":21},"87":{"(Float16(0.501), Float16(0.701))":58,"(Float16(0.9966), Float16(1.196))":17,"(Float16(0.001215), Float16(0.2012))":25},"100":{"(Float16(0.501), Float16(0.701))":37,"(Float16(0.000733), Float16(0.2007))":32,"(Float16(0.9985), Float16(1.198))":31},"79":{"(Float16(0.501), Float16(0.701))":47,"(Float16(0.998), Float16(1.198))":24,"(Float16(0.001019), Float16(0.201))":29},"16":{"(Float16(0.998), Float16(1.198))":28,"(Float16(0.4995), Float16(0.6997))":31,"(Float16(0.001188), Float16(0.2012))":41},"20":{"(Float16(0.0007577), Float16(0.2008))":34,"(Float16(0.501), Float16(0.701))":50,"(Float16(0.999), Float16(1.199))":16},"81":{"(Float16(0.000806), Float16(0.2008))":28,"(Float16(0.501), Float16(0.701))":39,"(Float16(0.997), Float16(1.197))":33},"19":{"(Float16(0.0007086), Float16(0.2007))":27,"(Float16(0.997), Float16(1.197))":34,"(Float16(0.499), Float16(0.699))":39},"49":{"(Float16(0.501), Float16(0.701))":39,"(Float16(0.998), Float16(1.198))":19,"(Float16(0.000821), Float16(0.2008))":42},"44":{"(Float16(0.5015), Float16(0.7017))":69,