{"32":{"(Float16(0.05008), Float16(0.25))":29,"(Float16(0.9473), Float16(1.147))":24,"(Float16(0.4995), Float16(0.6997))":47},"29":{"(Float16(0.949), Float16(1.149))":31,"(Float16(0.05038), Float16(0.2505))":33,"(Float16(0.4998), Float16(0.6997))":36},"81":{"(Float16(0.05017), Float16(0.2502))":7,"(Float16(0.948), Float16(1.148))":22,"(Float16(0.4976), Float16(0.6978))":71},"54":{"(Float16(0.9487), Float16(1.148))":29,"(Float16(0.5005), Float16(0.7007))":36,"(Float16(0.0501), Float16(0.25))":35},"78":{"(Float16(0.05057), Float16(0.2505))":20,"(Float16(0.949), Float16(1.149))":24,"(Float16(0.4995), Float16(0.6997))":56},"1":{"(Float16(0.05023), Float16(0.2502))":28,"(Float16(0.948), Float16(1.148))":47,"(Float16(0.4993), Float16(0.699))":25},"2":{"(Float16(0.05045), Float16(0.2505))":20,"(Float16(0.499), Float16(0.699))":56,"(Float16(0.71), Float16(0.91))":2,"(Float16(0.948), Float16(1.148))":22},"74":{"(Float16(0.9478), Float16(1.147))":30,"(Float16(0.05017), Float16(0.2502))":30,"(Float16(0.499), Float16(0.699))":40},"41":{"(Float16(0.501), Float16(0.701))":53,"(Float16(0.05002), Float16(0.25))":47},"65":{"(Float16(0.499), Float16(0.699))":18,"(Float16(0.0503), Float16(0.2502))":29,"(Float16(0.9473), Float16(1.147))":53},"53":{"(Float16(0.4995), Float16(0.6997))":68,"(Float16(0.948), Float16(1.148))":22,"(Float16(0.05035), Float16(0.2502))":10},"51":{"(Float16(0.9478), Float16(1.147))":23,"(Float16(0.5005), Float16(0.7007))":41,"(Float16(0.0501), Float16(0.25))":36},"27":{"(Float16(0.498), Float16(0.698))":24,"(Float16(0.0502), Float16(0.2502))":39,"(Float16(0.948), Float16(1.148))":37},"75":{"(Float16(0.501), Float16(0.701))":69,"(Float16(0.05023), Float16(0.2502))":28,"(Float16(0.95), Float16(1.15))":3},"42":{"(Float16(0.05), Float16(0.25))":27,"(Float16(0.948), Float16(1.148))":29,"(Float16(0.4995), Float16(0.6997))":44},"33":{"(Float16(0.499), Float16(0.699))":48,"(Float16(0.0503), Float16(0.2502))":19,"(Float16(0.948), Float16(1.148))":33},"28":{"(Float16(0.499), Float16(0.699))":26,"(Float16(0.948), Float16(1.148))":42,"(Float16(0.05035), Float16(0.2502))":32},"52":{"(Float16(0.9497), Float16(1.149))":26,"(Float16(0.0508), Float16(0.2507))":49,"(Float16(0.5), Float16(0.7))":25},"50":{"(Float16(0.499), Float16(0.699))":66,"(Float16(0.949), Float16(1.149))":34},"63":{"(Float16(0.05005), Float16(0.25))":27,"(Float16(0.948), Float16(1.148))":44,"(Float16(0.5), Float16(0.7))":29},"92":{"(Float16(0.0502), Float16(0.2502))":32,"(Float16(0.5005), Float16(0.7007))":64,"(Float16(0.95), Float16(1.15))":4},"88":{"(Float16(0.05), Float16(0.25))":19,"(Float16(0.948), Float16(1.148))":45,"(Float16(0.4983), Float16(0.698))":36},"93":{"(Float16(0.948), Float16(1.148))":41,"(Float16(0.4985), Float16(0.6987))":59},"26":{"(Float16(0.0502), Float16(0.2502))":23,"(Float16(0.5005), Float16(0.7007))":56,"(Float16(0.948), Float16(1.148))":21},"10":{"(Float16(0.0501), Float16(0.25))":22,"(Float16(0.948), Float16(1.148))":37,"(Float16(0.4995), Float16(0.6997))":41},"77":{"(Float16(0.5005), Float16(0.7007))":60,"(Float16(0.0505), Float16(0.2505))":29,"(Float16(0.949), Float16(1.149))":11},"87":{"(Float16(0.5005), Float16(0.7007))":48,"(Float16(0.05032), Float16(0.2502))":29,"(Float16(0.949), Float16(1.149))":23},"24":{"(Float16(0.0504), Float16(0.2505))":39,"(Float16(0.948), Float16(1.148))":27,"(Float16(0.5), Float16(0.7))":34},"58":{"(Float16(0.05014), Float16(0.2502))":17,"(Float16(0.948), Float16(1.148))":35,"(Float16(0.4995), Float16(0.6997))":48},"25":{"(Float16(0.05005), Float16(0.25))":29,"(Float16(0.709), Float16(0.909))":2,"(Float16(0.948), Float16(1.148))":30,"(Float16(0.4995), Float16(0.6997))":39},"23":{"(Float16(0.9478), Float16(1.147))":38,"(Float16(0.5), Float16(0.7))":36,"(Float16(0.05035), Float16(0.2502))":26},"49":{"(Float16(0.05032), Float16(0.2502))":29,"(Float16(0.948), Float16(1.148))":25,"(Float16(0.5), Float16(0.7))":46},"59":{"(Float16(0.05008), Float16(0.25))":14,"(Float16(0.948), Float16(1.148))":35,"(Float16(0.4985), Float16(0.6987))":51},"5":{"(Float16(0.9487), Float16(1.148))":39,"(Float16(0.05002), Float16(0.25))":17,"(Float16(0.4995), Float16(0.6997))":44},"31":{"(Float16(0.05), Float16(0.25))":16,"(Float16(0.948), Float16(1.148))":39,"(Float16(0.4995), Float16(0.6997))":45},"89":{"(Float16(0.9478), Float16(1.147))":30,"(Float16(0.05002), Float16(0.25))":26,"(Float16(0.499), Float16(0.699))":44},"62":{"(Float16(0.5005), Float16(0.7007))":67,"(Float16(0.0503), Float16(0.2502))":29,"(Float16(0.95), Float16(1.15))":4},"43":{"(Float16(0.7354), Float16(0.9355))":50,"(Float16(0.0501), Float16(0.25))":28,"(Float16(0.4976), Float16(0.6978))":22},"90":{"(Float16(0.2896), Float16(0.4895))":61,"(Float16(0.948), Float16(1.148))":39},"39":{"(Float16(0.0504), Float16(0.2505))":22,"(Float16(0.5005), Float16(0.7007))":64,"(Float16(0.2817), Float16(0.4817))":2,"(Float16(0.95), Float16(1.15))":12},"34":{"(Float16(0.5005), Float16(0.7007))":70,"(Float16(0.949), Float16(1.149))":15,"(Float16(0.05054), Float16(0.2505))":15},"44":{"(Float16(0.05017), Float16(0.2502))":21,"(Float16(0.5005), Float16(0.7007))":47,"(Float16(0.9473), Float16(1.147))":32},"94":{"(Float16(0.05014), Float16(0.2502))":36,"(Float16(0.948), Float16(1.148))":30,"(Float16(0.5), Float16(0.7))":34},"55":{"(Float16(0.9487), Float16(1.148))":50,"(Float16(0.05), Float16(0.25))":34,"(Float16(0.5), Float16(0.7))":16},"86":{"(Float16(0.05002), Float16(0.25))":34,"(Float16(0.5), Float16(0.7))":58,"(Float16(0.95), Float16(1.15))":8},"17":{"(Float16(0.949), Float16(1.149))":39,"(Float16(0.0501), Float16(0.25))":32,"(Float16(0.4995), Float16(0.6997))":29},"99":{"(Float16(0.9473), Float16(1.147))":36,"(Float16(0.5), Float16(0.7))":20,"(Float16(0.05035), Float16(0.2502))":44},"71":{"(Float16(0.0502), Float16(0.2502))":27,"(Float16(0.4988), Float16(0.6987))":46,"(Float16(0.949), Float16(1.149))":27},"37":{"(Float16(0.501), Float16(0.701))":66,"(Float16(0.05023), Float16(0.2502))":27,"(Float16(0.948), Float16(1.148))":7},"47":{"(Float16(0.05002), Float16(0.25))":31,"(Float16(0.948), Float16(1.148))":35,"(Float16(0.5), Float16(0.7))":34},"9":{"(Float16(0.0504), Float16(0.2505))":27,"(Float16(0.5005), Float16(0.7007))":66,"(Float16(0.95), Float16(1.15))":7},"73":{"(Float16(0.4995), Float16(0.6997))":65,"(Float16(0.9487), Float16(1.148))":16,"(Float16(0.05035), Float16(0.2502))":19},"82":{"(Float16(0.05005), Float16(0.25))":5,"(Float16(0.498), Float16(0.698))":59,"(Float16(0.949), Float16(1.149))":36},"12":{"(Float16(0.9487), Float16(1.148))":39,"(Float16(0.05002), Float16(0.25))":33,"(Float16(0.5), Float16(0.7))":28},"79":{"(Float16(0.9478), Float16(1.147))":22,"(Float16(0.499), Float16(0.699))":51,"(Float16(0.0501), Float16(0.25))":27},"20":{"(Float16(0.05023), Float16(0.2502))":43,"(Float16(0.948), Float16(1.148))":16,"(Float16(0.5), Float16(0.7))":41},"6":{"(Float16(0.05), Float16(0.25))":13,"(Float16(0.948), Float16(1.148))":29,"(Float16(0.4995), Float16(0.6997))":58},"84":{"(Float16(0.05005), Float16(0.25))":23,"(Float16(0.4998), Float16(0.6997))":37,"(Float16(0.948), Float16(1.148))":40},"80":{"(Float16(0.9487), Float16(1.148))":31,"(Float16(0.499), Float16(0.699))":48,"(Float16(0.05032), Float16(0.2502))":21},"98":{"(Float16(0.746), Float16(0.9463))":49,"(Float16(0.4988), Float16(0.6987))":30,"(Float16(0.05), Float16(0.25))":21},"70":{"(Float16(0.501), Float16(0.701))":70,"(Float16(0.05), Float16(0.25))":29,"(Float16(0.95), Float16(1.15))":1},"14":{"(Float16(0.74), Float16(0.9404))":51,"(Float16(0.0501), Float16(0.25))":48,"(Float16(0.5), Float16(0.7))":1},"7":{"(Float16(0.0504), Float16(0.2505))":38,"(Float16(0.5005), Float16(0.7007))":43,"(Float16(0.948), Float16(1.148))":19},"96":{"(Float16(0.0504), Float16(0.2505))":36,"(Float16(0.948), Float16(1.148))":41,"(Float16(0.4995), Float16(0.6997))":23},"57":{"(Float16(0.9487), Float16(1.148))":35,"(Float16(0.05), Float16(0.25))":1,"(Float16(0.5), Float16(0.7))":19,"(Float16(0.2925), Float16(0.4924))":45},"8":{"(Float16(0.05002), Float16(0.25))":19,