{"5":{"(Float16(0.3584), Float16(0.3684))":2,"(Float16(0.582), Float16(0.592))":56,"(Float16(6.0e-8), Float16(0.01))":27,"(Float16(0.87), Float16(0.88))":15},"56":{"(Float16(1.0e-7), Float16(0.01))":22,"(Float16(0.4253), Float16(0.4353))":49,"(Float16(0.849), Float16(0.859))":29},"55":{"(Float16(0.3936), Float16(0.4036))":37,"(Float16(0.788), Float16(0.798))":40,"(Float16(4.9e-6), Float16(0.01001))":23},"35":{"(Float16(0.801), Float16(0.8105))":42,"(Float16(0.3735), Float16(0.3835))":37,"(Float16(2.2e-6), Float16(0.01))":21},"60":{"(Float16(0.8096), Float16(0.8193))":33,"(Float16(4.7e-6), Float16(0.01001))":27,"(Float16(0.4946), Float16(0.5044))":40},"30":{"(Float16(0.4824), Float16(0.4924))":31,"(Float16(8.3e-7), Float16(0.01))":24,"(Float16(0.784), Float16(0.794))":45},"32":{"(Float16(0.3967), Float16(0.4067))":32,"(Float16(0.717), Float16(0.7266))":37,"(Float16(5.0e-7), Float16(0.01))":31},"6":{"(Float16(0.0), Float16(0.01))":41,"(Float16(0.4868), Float16(0.4968))":39,"(Float16(0.2365), Float16(0.2465))":1,"(Float16(0.83), Float16(0.84))":19},"67":{"(Float16(9.5e-7), Float16(0.01))":18,"(Float16(0.3936), Float16(0.4036))":53,"(Float16(0.845), Float16(0.855))":29},"45":{"(Float16(0.4463), Float16(0.4563))":39,"(Float16(1.8e-6), Float16(0.01))":28,"(Float16(0.792), Float16(0.802))":33},"73":{"(Float16(0.7246), Float16(0.7344))":40,"(Float16(1.25e-6), Float16(0.01))":31,"(Float16(0.4165), Float16(0.4265))":29},"64":{"(Float16(0.4038), Float16(0.4138))":30,"(Float16(0.798), Float16(0.8076))":33,"(Float16(7.0e-7), Float16(0.01))":37},"90":{"(Float16(0.6924), Float16(0.702))":61,"(Float16(2.0e-7), Float16(0.01))":13,"(Float16(0.3315), Float16(0.3416))":26},"4":{"(Float16(0.297), Float16(0.3071))":10,"(Float16(0.0), Float16(0.01))":24,"(Float16(0.665), Float16(0.675))":66},"13":{"(Float16(0.8594), Float16(0.869))":1,"(Float16(0.0), Float16(0.01))":34,"(Float16(0.3044), Float16(0.3145))":6,"(Float16(0.6475), Float16(0.657))":59},"54":{"(Float16(1.0e-7), Float16(0.01))":16,"(Float16(0.4365), Float16(0.4465))":50,"(Float16(0.7173), Float16(0.727))":34},"63":{"(Float16(0.753), Float16(0.7627))":49,"(Float16(0.0), Float16(0.01))":27,"(Float16(0.3792), Float16(0.3892))":24},"86":{"(Float16(1.0e-6), Float16(0.01))":30,"(Float16(0.825), Float16(0.835))":36,"(Float16(0.44), Float16(0.45))":34},"91":{"(Float16(0.0), Float16(0.01))":34,"(Float16(0.3967), Float16(0.4067))":6,"(Float16(0.742), Float16(0.752))":60},"62":{"(Float16(0.851), Float16(0.861))":31,"(Float16(0.4558), Float16(0.4658))":49,"(Float16(1.4e-6), Float16(0.01))":20},"58":{"(Float16(0.3477), Float16(0.3577))":36,"(Float16(0.751), Float16(0.7607))":42,"(Float16(2.26e-6), Float16(0.01))":22},"52":{"(Float16(2.74e-6), Float16(0.01))":25,"(Float16(0.802), Float16(0.8115))":36,"(Float16(0.379), Float16(0.389))":39},"12":{"(Float16(0.509), Float16(0.5186))":69,"(Float16(0.8857), Float16(0.8955))":14,"(Float16(0.0), Float16(0.01))":15,"(Float16(0.2578), Float16(0.2678))":2},"28":{"(Float16(1.04e-5), Float16(0.01001))":18,"(Float16(0.8066), Float16(0.8164))":44,"(Float16(0.3616), Float16(0.3716))":38},"75":{"(Float16(0.8506), Float16(0.8604))":36,"(Float16(0.531), Float16(0.5405))":37,"(Float16(1.29e-5), Float16(0.01002))":27},"23":{"(Float16(1.0e-7), Float16(0.01))":27,"(Float16(0.483), Float16(0.493))":45,"(Float16(0.831), Float16(0.841))":28},"92":{"(Float16(0.788), Float16(0.798))":41,"(Float16(1.55e-6), Float16(0.01))":27,"(Float16(0.3467), Float16(0.3567))":32},"41":{"(Float16(0.4194), Float16(0.4294))":42,"(Float16(0.8584), Float16(0.868))":37,"(Float16(2.6e-6), Float16(0.01))":21},"43":{"(Float16(0.5254), Float16(0.535))":58,"(Float16(0.0), Float16(0.01))":24,"(Float16(0.869), Float16(0.879))":17,"(Float16(0.2488), Float16(0.2588))":1},"69":{"(Float16(0.755), Float16(0.7646))":59,"(Float16(0.0), Float16(0.01))":21,"(Float16(0.2494), Float16(0.2593))":1,"(Float16(0.4585), Float16(0.4685))":19},"11":{"(Float16(0.7197), Float16(0.7295))":46,"(Float16(0.0), Float16(0.01))":24,"(Float16(0.9976), Float16(1.008))":1,"(Float16(0.3438), Float16(0.3538))":29},"68":{"(Float16(0.856), Float16(0.8657))":32,"(Float16(0.4297), Float16(0.4397))":45,"(Float16(2.26e-6), Float16(0.01))":23},"98":{"(Float16(0.431), Float16(0.441))":22,"(Float16(0.8027), Float16(0.8125))":45,"(Float16(0.0), Float16(0.01))":33},"36":{"(Float16(9.5e-7), Float16(0.01))":30,"(Float16(0.802), Float16(0.8115))":32,"(Float16(0.4246), Float16(0.4346))":38},"82":{"(Float16(0.8853), Float16(0.895))":2,"(Float16(0.622), Float16(0.632))":59,"(Float16(0.2983), Float16(0.3083))":6,"(Float16(0.0), Float16(0.01))":33},"85":{"(Float16(0.3716), Float16(0.3816))":43,"(Float16(4.05e-6), Float16(0.01001))":22,"(Float16(0.8096), Float16(0.8193))":35},"39":{"(Float16(0.801), Float16(0.8105))":34,"(Float16(0.4146), Float16(0.4246))":55,"(Float16(3.6e-7), Float16(0.01))":11},"84":{"(Float16(0.4731), Float16(0.4832))":43,"(Float16(1.3e-6), Float16(0.01))":23,"(Float16(0.831), Float16(0.841))":34},"77":{"(Float16(0.3643), Float16(0.3743))":29,"(Float16(1.3e-6), Float16(0.01))":25,"(Float16(0.7617), Float16(0.7715))":46},"7":{"(Float16(0.791), Float16(0.801))":40,"(Float16(3.6e-6), Float16(0.01))":24,"(Float16(0.425), Float16(0.435))":36},"25":{"(Float16(6.6e-7), Float16(0.01))":23,"(Float16(0.478), Float16(0.488))":33,"(Float16(0.7437), Float16(0.7534))":44},"95":{"(Float16(0.3682), Float16(0.3782))":16,"(Float16(0.0), Float16(0.01))":31,"(Float16(0.704), Float16(0.714))":53},"71":{"(Float16(0.6357), Float16(0.6455))":69,"(Float16(3.0e-7), Float16(0.01))":29,"(Float16(0.8765), Float16(0.886))":2},"66":{"(Float16(0.3862), Float16(0.3962))":36,"(Float16(0.7734), Float16(0.783))":40,"(Float16(6.0e-7), Float16(0.01))":24},"76":{"(Float16(0.5693), Float16(0.579))":51,"(Float16(1.0e-7), Float16(0.01))":30,"(Float16(0.897), Float16(0.9067))":17,"(Float16(0.3188), Float16(0.3289))":2},"93":{"(Float16(0.7715), Float16(0.7812))":59,"(Float16(3.0e-7), Float16(0.01))":12,"(Float16(0.3564), Float16(0.3665))":29},"50":{"(Float16(0.0), Float16(0.01))":34,"(Float16(0.3005), Float16(0.3105))":3,"(Float16(0.624), Float16(0.634))":63},"59":{"(Float16(0.805), Float16(0.815))":36,"(Float16(8.0e-7), Float16(0.01))":23,"(Float16(0.4062), Float16(0.4163))":41},"34":{"(Float16(0.4893), Float16(0.4993))":41,"(Float16(0.7983), Float16(0.808))":32,"(Float16(3.0e-7), Float16(0.01))":27},"2":{"(Float16(0.703), Float16(0.713))":48,"(Float16(0.0), Float16(0.01))":37,"(Float16(0.3228), Float16(0.3328))":14,"(Float16(0.9277), Float16(0.9375))":1},"27":{"(Float16(0.396), Float16(0.406))":47,"(Float16(0.798), Float16(0.8076))":35,"(Float16(8.1e-6), Float16(0.01001))":18},"10":{"(Float16(0.796), Float16(0.8057))":37,"(Float16(0.4507), Float16(0.4607))":43,"(Float16(5.0e-7), Float16(0.01))":20},"26":{"(Float16(0.0), Float16(0.01))":21,"(Float16(0.7305), Float16(0.74))":55,"(Float16(0.357), Float16(0.367))":24},"18":{"(Float16(0.3857), Float16(0.3958))":2,"(Float16(0.0), Float16(0.01))":20,"(Float16(0.617), Float16(0.627))":78},"42":{"(Float16(0.2357), Float16(0.2457))":1,"(Float16(6.0e-8), Float16(0.01))":19,"(Float16(0.4639), Float16(0.4739))":54,"(Float16(0.8896), Float16(0.8994))":26},"87":{"(Float16(0.3828), Float16(0.3928))":44,"(Float16(0.783), Float16(0.793))":40,"(Float16(4.0e-7), Float16(0.01))":16},"100":{"(Float16(3.6e-7), Float16(0.01))":15,"(Float16(0.386), Float16(0.396))":39,"(Float16(0.802), Float16(0.8115))":46},"79":{"(Float16(0.7715), Float16(0.7812))":38,"(Float16(0.3752), Float16(0.3853))":36,"(Float16(8.3e-7), Float16(0.01))":26},"16":{"(Float16(1.85e-6), Float16(0.01))":19,"(Float16(0.8164), Float16(0.826))":37,"(Float16(0.4167), Float16(0.4268))":44},"81":{"(Float16(0.5645), Float16(0.574))":69,"(Float16(0.0), Float16(0.01))":25,"(Float16(0.8896), Float16(0.8994))":6},"20":{"(Float16(6.8e-6), Float16(0.01001))":22,"(Float16(0.4333), Float16(0.4434))":41,"(Float16(0.847), Float16(0.857))":37},"19":{"(Float16(0.4404), Float16(0.4504))":45,