{"5":{"(Float16(0.59), Float16(0.8896))":74,"(Float16(0.0002408), Float16(0.3003))":25,"(Float16(0.9526), Float16(1.253))":1},"56":{"(Float16(0.6465), Float16(0.9463))":59,"(Float16(0.000255), Float16(0.3003))":41},"35":{"(Float16(6.396e-5), Float16(0.3))":53,"(Float16(0.6904), Float16(0.99))":47},"55":{"(Float16(0.6826), Float16(0.9824))":73,"(Float16(6.0e-8), Float16(0.3))":27},"60":{"(Float16(0.4185), Float16(0.7183))":34,"(Float16(0.0002186), Float16(0.3003))":48,"(Float16(0.734), Float16(1.034))":18},"30":{"(Float16(0.0002203), Float16(0.3003))":34,"(Float16(0.5723), Float16(0.872))":66},"32":{"(Float16(0.66), Float16(0.96))":69,"(Float16(0.0002316), Float16(0.3003))":31},"6":{"(Float16(0.312), Float16(0.612))":1,"(Float16(0.000497), Float16(0.3005))":20,"(Float16(0.62), Float16(0.92))":78,"(Float16(0.954), Float16(1.254))":1},"67":{"(Float16(0.634), Float16(0.9336))":58,"(Float16(0.0002334), Float16(0.3003))":42},"45":{"(Float16(0.6357), Float16(0.9355))":70,"(Float16(0.0001624), Float16(0.3))":30},"73":{"(Float16(0.968), Float16(1.268))":4,"(Float16(4.46e-5), Float16(0.3))":26,"(Float16(0.6123), Float16(0.912))":70},"64":{"(Float16(0.618), Float16(0.918))":78,"(Float16(0.0002549), Float16(0.3003))":22},"90":{"(Float16(0.6553), Float16(0.955))":70,"(Float16(0.00011235), Float16(0.3))":30},"4":{"(Float16(9.18e-5), Float16(0.3))":25,"(Float16(0.6016), Float16(0.9014))":75},"13":{"(Float16(1.0e-7), Float16(0.3))":32,"(Float16(0.3381), Float16(0.638))":4,"(Float16(0.6895), Float16(0.9893))":64},"54":{"(Float16(0.7354), Float16(1.035))":56,"(Float16(0.0001919), Float16(0.3003))":44},"63":{"(Float16(6.63e-5), Float16(0.3))":36,"(Float16(0.624), Float16(0.924))":64},"86":{"(Float16(0.000247), Float16(0.3003))":48,"(Float16(0.648), Float16(0.9478))":52},"91":{"(Float16(0.5063), Float16(0.806))":52,"(Float16(0.0001824), Float16(0.3003))":48},"62":{"(Float16(0.0001392), Float16(0.3))":32,"(Float16(0.669), Float16(0.9688))":68},"58":{"(Float16(0.000253), Float16(0.3003))":23,"(Float16(0.635), Float16(0.9346))":77},"52":{"(Float16(0.000288), Float16(0.3003))":32,"(Float16(0.6396), Float16(0.9395))":68},"12":{"(Float16(0.0002744), Float16(0.3003))":27,"(Float16(0.6562), Float16(0.956))":73},"28":{"(Float16(0.66), Float16(0.96))":61,"(Float16(0.3223), Float16(0.622))":1,"(Float16(0.0001442), Float16(0.3))":38},"75":{"(Float16(0.6416), Float16(0.9414))":70,"(Float16(7.91e-5), Float16(0.3))":29,"(Float16(0.9883), Float16(1.288))":1},"23":{"(Float16(0.671), Float16(0.9707))":70,"(Float16(0.0001074), Float16(0.3))":30},"92":{"(Float16(1.0e-7), Float16(0.3))":41,"(Float16(0.4897), Float16(0.7896))":55,"(Float16(0.876), Float16(1.176))":4},"41":{"(Float16(0.379), Float16(0.6787))":5,"(Float16(0.0), Float16(0.3))":37,"(Float16(0.715), Float16(1.015))":58},"43":{"(Float16(0.6484), Float16(0.948))":76,"(Float16(2.23e-5), Float16(0.3))":24},"11":{"(Float16(0.634), Float16(0.9336))":69,"(Float16(1.64e-5), Float16(0.3))":31},"36":{"(Float16(0.0001738), Float16(0.3003))":29,"(Float16(0.629), Float16(0.9287))":69,"(Float16(0.957), Float16(1.257))":2},"68":{"(Float16(0.6455), Float16(0.9453))":57,"(Float16(0.000102), Float16(0.3))":43},"69":{"(Float16(0.6875), Float16(0.9873))":64,"(Float16(0.0002387), Float16(0.3003))":35,"(Float16(0.328), Float16(0.628))":1},"98":{"(Float16(0.6416), Float16(0.9414))":79,"(Float16(0.0001998), Float16(0.3003))":21},"82":{"(Float16(0.6426), Float16(0.9424))":67,"(Float16(3.09e-5), Float16(0.3))":32,"(Float16(0.965), Float16(1.265))":1},"85":{"(Float16(0.0001121), Float16(0.3))":24,"(Float16(0.659), Float16(0.959))":76},"39":{"(Float16(0.592), Float16(0.8916))":50,"(Float16(0.0003142), Float16(0.3003))":50},"84":{"(Float16(0.0001215), Float16(0.3))":27,"(Float16(0.6006), Float16(0.9004))":73},"77":{"(Float16(0.9976), Float16(1.298))":1,"(Float16(0.684), Float16(0.984))":63,"(Float16(0.0002201), Float16(0.3003))":35,"(Float16(0.374), Float16(0.674))":1},"7":{"(Float16(0.0001395), Float16(0.3))":45,"(Float16(0.713), Float16(1.013))":54,"(Float16(0.3833), Float16(0.683))":1},"25":{"(Float16(0.828), Float16(1.128))":2,"(Float16(0.0), Float16(0.3))":57,"(Float16(0.5215), Float16(0.8213))":41},"95":{"(Float16(0.42), Float16(0.7197))":1,"(Float16(0.7256), Float16(1.025))":27,"(Float16(1.2e-6), Float16(0.3))":72},"71":{"(Float16(0.6436), Float16(0.9434))":76,"(Float16(0.0002041), Float16(0.3003))":24},"66":{"(Float16(0.675), Float16(0.9746))":69,"(Float16(0.0002075), Float16(0.3003))":31},"76":{"(Float16(0.0002178), Float16(0.3003))":17,"(Float16(0.626), Float16(0.926))":83},"34":{"(Float16(0.6836), Float16(0.9834))":66,"(Float16(0.3264), Float16(0.6265))":2,"(Float16(0.000317), Float16(0.3003))":32},"50":{"(Float16(0.0001965), Float16(0.3003))":40,"(Float16(0.67), Float16(0.9697))":58,"(Float16(0.3257), Float16(0.6255))":2},"59":{"(Float16(0.5967), Float16(0.8965))":74,"(Float16(8.905e-5), Float16(0.3))":26},"93":{"(Float16(0.0001292), Float16(0.3))":34,"(Float16(0.4465), Float16(0.7466))":37,"(Float16(0.7705), Float16(1.07))":29},"2":{"(Float16(0.6445), Float16(0.9443))":72,"(Float16(6.896e-5), Float16(0.3))":28},"10":{"(Float16(0.0002309), Float16(0.3003))":42,"(Float16(0.6787), Float16(0.9785))":58},"18":{"(Float16(6.974e-5), Float16(0.3))":43,"(Float16(0.3298), Float16(0.63))":4,"(Float16(0.699), Float16(0.999))":53},"26":{"(Float16(0.708), Float16(1.008))":56,"(Float16(0.0001525), Float16(0.3))":44},"27":{"(Float16(0.0001243), Float16(0.3))":41,"(Float16(0.9976), Float16(1.298))":1,"(Float16(0.663), Float16(0.963))":58},"42":{"(Float16(0.67), Float16(0.9697))":70,"(Float16(0.326), Float16(0.626))":1,"(Float16(0.0), Float16(0.3))":29},"87":{"(Float16(0.6836), Float16(0.9834))":62,"(Float16(0.0001176), Float16(0.3))":38},"100":{"(Float16(0.000195), Float16(0.3003))":45,"(Float16(0.7197), Float16(1.02))":39,"(Float16(0.399), Float16(0.6987))":16},"79":{"(Float16(1.98e-5), Float16(0.3))":39,"(Float16(0.6533), Float16(0.953))":61},"16":{"(Float16(0.356), Float16(0.656))":3,"(Float16(0.0), Float16(0.3))":41,"(Float16(0.7314), Float16(1.031))":56},"20":{"(Float16(0.0002136), Float16(0.3003))":42,"(Float16(0.675), Float16(0.9746))":58},"81":{"(Float16(0.0002823), Float16(0.3003))":32,"(Float16(0.585), Float16(0.885))":66,"(Float16(0.9478), Float16(1.248))":2},"19":{"(Float16(0.6396), Float16(0.9395))":62,"(Float16(3.28e-5), Float16(0.3))":38},"49":{"(Float16(0.0001136), Float16(0.3))":28,"(Float16(0.67), Float16(0.9697))":72},"44":{"(Float16(4.697e-5), Float16(0.3))":38,"(Float16(0.6436), Float16(0.9434))":62},"9":{"(Float16(0.0001469), Float16(0.3))":43,"(Float16(0.6777), Float16(0.9775))":57},"31":{"(Float16(0.416), Float16(0.716))":2,"(Float16(0.0001342), Float16(0.3))":44,"(Float16(0.7373), Float16(1.037))":54},"74":{"(Float16(0.0002048), Float16(0.3003))":36,"(Float16(0.658), Float16(0.958))":64},"61":{"(Float16(0.6396), Float16(0.9395))":69,"(Float16(0.0001736), Float16(0.3003))":31},"29":{"(Float16(0.00011647), Float16(0.3))":43,"(Float16(0.716), Float16(1.016))":57},"94":{"(Float16(6.855e-5), Float16(0.3))":25,"(Float16(0.6143), Float16(0.914))":75},"46":{"(Float16(0.6416), Float16(0.9414))":60,"(Float16(8.97e-5), Float16(0.3))":39,"(Float16(0.983), Float16(1.283))":1},"57":{"(Float16(0.464), Float16(0.764))":58,"(Float16(0.8784), Float16(1.179))":2,"(Float16(0.00019), Float16(0.3003))":40},"70":{"(Float16(4.22e-5), Float16(0.3))":27,"(Float16(0.6426), Float16(0.9424))":73},"21":{"(Float16(3.43e-5), Float16(0.3))":44,"(Float16(0.4812), Float16(0.7812))":50,"(Float16(0.824), Float16(1.124))":6},"38":{"(Float16(0.676), Float16(0.9756))":71,"(Float16(0.0001876), Float16(0.3003))":29},"88":{"(Float16(0.658), Float16(0.958))":71,"(Float16(6.21e-5), Float16(0.3))":29},"78":{"(Float16(0.4524), Float16(0.7524))":48,"(Float16(2.4e-7), Float16(0.3))":36,"(Float16(0.7534), Float16(1.054))":16},"72":{"(Float16(0.9497), Float16(1.25))":1,"(Float16(0.0001299), Float16(0.3))":40,"(Float16(0.5996), Float16(0.8994))":59},