{"5":{"(Float16(0.536), 0.5461328125)":100},"56":{"(Float16(0.5234), 0.5334375)":100},"35":{"(Float16(0.551), 0.56078125)":88,"(Float16(0.561), 0.57103515625)":12},"55":{"(Float16(0.4692), 0.47923828125)":100},"60":{"(Float16(0.495), 0.5051171875)":100},"30":{"(Float16(0.448), 0.457998046875)":100},"32":{"(Float16(0.5166), 0.5266015625)":100},"6":{"(Float16(0.5137), 0.523671875)":100},"67":{"(Float16(0.4756), 0.4855859375)":100},"45":{"(Float16(0.51), 0.519765625)":100},"73":{"(Float16(0.5293), 0.539296875)":100},"64":{"(Float16(0.483), 0.49291015625)":100},"90":{"(Float16(0.4556), 0.46556640625)":100},"4":{"(Float16(0.419), 0.4289453125)":100},"13":{"(Float16(0.5156), 0.525625)":100},"54":{"(Float16(0.4863), 0.496328125)":100},"63":{"(Float16(0.5166), 0.5266015625)":100},"86":{"(Float16(0.4658), 0.4758203125)":100},"91":{"(Float16(0.4553), 0.465322265625)":100},"62":{"(Float16(0.4824), 0.492421875)":100},"58":{"(Float16(0.473), 0.482900390625)":100},"52":{"(Float16(0.503), 0.5129296875)":90,"(Float16(0.513), 0.52318359375)":10},"12":{"(Float16(0.498), 0.508046875)":100},"28":{"(Float16(0.477), 0.48705078125)":100},"75":{"(Float16(0.504), 0.51390625)":100},"23":{"(Float16(0.5557), 0.5656640625)":100},"92":{"(Float16(0.4368), 0.446767578125)":100},"41":{"(Float16(0.4868), 0.49681640625)":100},"43":{"(Float16(0.442), 0.45189453125)":100},"11":{"(Float16(0.507), 0.5168359375)":100},"36":{"(Float16(0.4854), 0.4953515625)":100},"68":{"(Float16(0.4863), 0.496328125)":100},"69":{"(Float16(0.4856), 0.495595703125)":100},"98":{"(Float16(0.52), 0.53001953125)":100},"82":{"(Float16(0.4197), 0.429677734375)":100},"85":{"(Float16(0.5176), 0.527578125)":100},"39":{"(Float16(0.497), 0.5070703125)":100},"84":{"(Float16(0.4912), 0.5012109375)":100},"77":{"(Float16(0.5625), 0.5725)":100},"7":{"(Float16(0.5576), 0.5676171875)":100},"25":{"(Float16(0.4756), 0.4855859375)":100},"95":{"(Float16(0.4854), 0.4953515625)":100},"71":{"(Float16(0.4995), 0.50951171875)":100},"66":{"(Float16(0.474), 0.48412109375)":100},"76":{"(Float16(0.548), 0.5578515625)":100},"34":{"(Float16(0.5312), 0.54125)":100},"50":{"(Float16(0.4888), 0.49876953125)":100},"59":{"(Float16(0.509), 0.5187890625)":100},"93":{"(Float16(0.505), 0.5148828125)":100},"2":{"(Float16(0.499), 0.5090234375)":100},"10":{"(Float16(0.4512), 0.461171875)":100},"18":{"(Float16(0.4653), 0.47533203125)":100},"26":{"(Float16(0.5107), 0.5207421875)":100},"27":{"(Float16(0.4827), 0.492666015625)":100},"42":{"(Float16(0.508), 0.5178125)":100},"87":{"(Float16(0.499), 0.5090234375)":100},"100":{"(Float16(0.4268), 0.4367578125)":100},"79":{"(Float16(0.508), 0.5178125)":100},"16":{"(Float16(0.4092), 0.4191796875)":100},"20":{"(Float16(0.482), 0.49193359375)":100},"81":{"(Float16(0.495), 0.5051171875)":100},"19":{"(Float16(0.4766), 0.4865625)":100},"49":{"(Float16(0.4878), 0.49779296875)":100},"44":{"(Float16(0.5264), 0.5363671875)":100},"9":{"(Float16(0.4775), 0.4875390625)":100},"31":{"(Float16(0.51), 0.519765625)":100},"74":{"(Float16(0.4673), 0.47728515625)":100},"61":{"(Float16(0.482), 0.49193359375)":100},"29":{"(Float16(0.504), 0.51390625)":100},"94":{"(Float16(0.4727), 0.48265625)":100},"46":{"(Float16(0.502), 0.511953125)":100},"57":{"(Float16(0.498), 0.508046875)":100},"70":{"(Float16(0.4453), 0.4553125)":100},"21":{"(Float16(0.5117), 0.52171875)":100},"38":{"(Float16(0.4712), 0.48119140625)":100},"88":{"(Float16(0.485), 0.495107421875)":100},"78":{"(Float16(0.5547), 0.5646875)":100},"72":{"(Float16(0.5166), 0.5266015625)":89,"(Float16(0.527), 0.53685546875)":11},"24":{"(Float16(0.456), 0.4660546875)":100},"8":{"(Float16(0.4844), 0.494375)":100},"17":{"(Float16(0.4985), 0.50853515625)":100},"37":{"(Float16(0.4985), 0.50853515625)":100},"1":{"(Float16(0.496), 0.50609375)":100},"53":{"(Float16(0.477), 0.48705078125)":100},"22":{"(Float16(0.4688), 0.47875)":100},"47":{"(Float16(0.4888), 0.49876953125)":100},"83":{"(Float16(0.505), 0.5148828125)":100},"99":{"(Float16(0.4883), 0.49828125)":100},"89":{"(Float16(0.477), 0.48705078125)":100},"14":{"(Float16(0.4585), 0.46849609375)":100},"3":{"(Float16(0.4968), 0.506826171875)":100},"80":{"(Float16(0.4707), 0.480703125)":100},"96":{"(Float16(0.499), 0.5090234375)":100},"51":{"(Float16(0.475), 0.48509765625)":100},"33":{"(Float16(0.538), 0.5480859375)":100},"40":{"(Float16(0.479), 0.48900390625)":100},"48":{"(Float16(0.5234), 0.5334375)":100},"15":{"(Float16(0.5244), 0.5344140625)":100},"65":{"(Float16(0.5146), 0.5246484375)":100},"97":{"(Float16(0.5), 0.51)":100}}