{"32":{"(Float16(0.5005), Float16(0.9004))":100},"29":{"(Float16(0.501), Float16(0.901))":100},"81":{"(Float16(0.5005), Float16(0.9004))":100},"54":{"(Float16(0.501), Float16(0.901))":100},"78":{"(Float16(0.501), Float16(0.901))":98,"(Float16(0.05035), Float16(0.4504))":2},"1":{"(Float16(0.4978), Float16(0.898))":100},"2":{"(Float16(0.5005), Float16(0.9004))":100},"74":{"(Float16(0.498), Float16(0.898))":100},"41":{"(Float16(0.501), Float16(0.901))":100},"65":{"(Float16(0.5005), Float16(0.9004))":100},"53":{"(Float16(0.4978), Float16(0.898))":94,"(Float16(0.949), Float16(1.35))":6},"51":{"(Float16(0.5005), Float16(0.9004))":100},"27":{"(Float16(0.499), Float16(0.899))":97,"(Float16(0.05096), Float16(0.451))":3},"75":{"(Float16(0.5005), Float16(0.9004))":99,"(Float16(0.9507), Float16(1.351))":1},"42":{"(Float16(0.5005), Float16(0.9004))":99,"(Float16(0.0511), Float16(0.4512))":1},"33":{"(Float16(0.4976), Float16(0.8975))":98,"(Float16(0.05096), Float16(0.451))":2},"28":{"(Float16(0.4976), Float16(0.8975))":100},"52":{"(Float16(0.4976), Float16(0.8975))":100},"50":{"(Float16(0.138), Float16(0.538))":98,"(Float16(0.95), Float16(1.351))":2},"63":{"(Float16(0.501), Float16(0.901))":99,"(Float16(0.05035), Float16(0.4504))":1},"92":{"(Float16(0.498), Float16(0.898))":100},"88":{"(Float16(0.5005), Float16(0.9004))":100},"93":{"(Float16(0.501), Float16(0.901))":100},"26":{"(Float16(0.498), Float16(0.898))":100},"10":{"(Float16(0.498), Float16(0.898))":100},"77":{"(Float16(0.1495), Float16(0.5493))":97,"(Float16(0.95), Float16(1.351))":3},"87":{"(Float16(0.4978), Float16(0.898))":100},"24":{"(Float16(0.5005), Float16(0.9004))":98,"(Float16(0.0478), Float16(0.4478))":2},"58":{"(Float16(0.501), Float16(0.901))":100},"25":{"(Float16(0.501), Float16(0.901))":100},"23":{"(Float16(0.5005), Float16(0.9004))":98,"(Float16(0.04993), Float16(0.45))":2},"49":{"(Float16(0.498), Float16(0.898))":100},"59":{"(Float16(0.1602), Float16(0.56))":96,"(Float16(0.95), Float16(1.351))":4},"5":{"(Float16(0.498), Float16(0.898))":100},"31":{"(Float16(0.05017), Float16(0.4502))":1,"(Float16(0.5005), Float16(0.9004))":99},"89":{"(Float16(0.498), Float16(0.898))":100},"62":{"(Float16(0.951), Float16(1.352))":2,"(Float16(0.4983), Float16(0.8984))":98},"43":{"(Float16(0.548), Float16(0.9478))":100},"90":{"(Float16(0.498), Float16(0.898))":98,"(Float16(0.95), Float16(1.351))":2},"39":{"(Float16(0.501), Float16(0.901))":100},"34":{"(Float16(0.4995), Float16(0.8994))":100},"44":{"(Float16(0.4978), Float16(0.898))":100},"94":{"(Float16(0.4976), Float16(0.8975))":100},"55":{"(Float16(0.05), Float16(0.45))":1,"(Float16(0.6147), Float16(1.015))":99},"86":{"(Float16(0.5005), Float16(0.9004))":100},"17":{"(Float16(0.4976), Float16(0.8975))":99,"(Float16(0.95), Float16(1.351))":1},"99":{"(Float16(0.5005), Float16(0.9004))":98,"(Float16(0.04767), Float16(0.4478))":2},"71":{"(Float16(0.4985), Float16(0.8984))":94,"(Float16(0.9473), Float16(1.348))":6},"37":{"(Float16(0.4978), Float16(0.898))":100},"47":{"(Float16(0.5005), Float16(0.9004))":99,"(Float16(0.0497), Float16(0.4497))":1},"9":{"(Float16(0.4978), Float16(0.898))":100},"73":{"(Float16(0.4978), Float16(0.898))":98,"(Float16(0.949), Float16(1.35))":2},"82":{"(Float16(0.05), Float16(0.45))":8,"(Float16(0.5806), Float16(0.9805))":92},"12":{"(Float16(0.131), Float16(0.531))":91,"(Float16(0.95), Float16(1.351))":9},"79":{"(Float16(0.498), Float16(0.898))":100},"20":{"(Float16(0.1183), Float16(0.518))":99,"(Float16(0.95), Float16(1.351))":1},"6":{"(Float16(0.501), Float16(0.901))":100},"84":{"(Float16(0.05), Float16(0.45))":2,"(Float16(0.5923), Float16(0.992))":98},"80":{"(Float16(0.4978), Float16(0.898))":98,"(Float16(0.05005), Float16(0.45))":2},"98":{"(Float16(0.498), Float16(0.898))":99,"(Float16(0.95), Float16(1.351))":1},"70":{"(Float16(0.497), Float16(0.897))":100},"14":{"(Float16(0.498), Float16(0.898))":100},"7":{"(Float16(0.05), Float16(0.45))":2,"(Float16(0.5674), Float16(0.9673))":98},"96":{"(Float16(0.9487), Float16(1.349))":1,"(Float16(0.4983), Float16(0.8984))":99},"57":{"(Float16(0.5005), Float16(0.9004))":100},"8":{"(Float16(0.4978), Float16(0.898))":99,"(Float16(0.9497), Float16(1.35))":1},"64":{"(Float16(0.5005), Float16(0.9004))":100},"19":{"(Float16(0.498), Float16(0.898))":99,"(Float16(0.95), Float16(1.351))":1},"91":{"(Float16(0.498), Float16(0.898))":100},"69":{"(Float16(0.499), Float16(0.899))":100},"60":{"(Float16(0.95), Float16(1.351))":2,"(Float16(0.1511), Float16(0.5513))":98},"97":{"(Float16(0.05), Float16(0.45))":10,"(Float16(0.6016), Float16(1.002))":90},"4":{"(Float16(0.1357), Float16(0.5356))":100},"22":{"(Float16(0.498), Float16(0.898))":100},"11":{"(Float16(0.0512), Float16(0.4512))":1,"(Float16(0.5005), Float16(0.9004))":99},"35":{"(Float16(0.951), Float16(1.352))":1,"(Float16(0.499), Float16(0.899))":99},"13":{"(Float16(0.501), Float16(0.901))":100},"67":{"(Float16(0.498), Float16(0.898))":100},"61":{"(Float16(0.4978), Float16(0.898))":100},"15":{"(Float16(0.95), Float16(1.351))":4,"(Float16(0.1694), Float16(0.5693))":96},"100":{"(Float16(0.5005), Float16(0.9004))":98,"(Float16(0.05106), Float16(0.4512))":2},"16":{"(Float16(0.4976), Float16(0.8975))":98,"(Float16(0.949), Float16(1.35))":2},"40":{"(Float16(0.4978), Float16(0.898))":97,"(Float16(0.948), Float16(1.349))":3},"46":{"(Float16(0.498), Float16(0.898))":100},"21":{"(Float16(0.501), Float16(0.901))":100},"38":{"(Float16(0.95), Float16(1.351))":4,"(Float16(0.1399), Float16(0.54))":96},"72":{"(Float16(0.5005), Float16(0.9004))":99,"(Float16(0.05), Float16(0.45))":1},"83":{"(Float16(0.1234), Float16(0.5234))":100},"45":{"(Float16(0.4988), Float16(0.899))":100},"68":{"(Float16(0.5), Float16(0.9))":99,"(Float16(0.05142), Float16(0.4514))":1},"56":{"(Float16(0.5005), Float16(0.9004))":100},"36":{"(Float16(0.501), Float16(0.901))":100},"95":{"(Float16(0.1537), Float16(0.5537))":100},"66":{"(Float16(0.05066), Float16(0.4507))":4,"(Float16(0.501), Float16(0.901))":96},"76":{"(Float16(0.4976), Float16(0.8975))":100},"85":{"(Float16(0.5005), Float16(0.9004))":100},"48":{"(Float16(0.4978), Float16(0.898))":100},"18":{"(Float16(0.05), Float16(0.45))":4,"(Float16(0.5864), Float16(0.9863))":96},"30":{"(Float16(0.5005), Float16(0.9004))":100},"3":{"(Float16(0.5005), Float16(0.9004))":100}}