{"1":[0.501,0.95,0.95,0.95,0.95,0.5005,0.05005,0.5005,0.5005,0.05026,0.95,0.95,0.501,0.95,0.95,0.95,0.5005,0.05,0.95,0.05008,0.05005,0.501,0.501,0.501,0.5005,0.05002,0.05017,0.5005,0.9497,0.5005,0.501,0.501,0.501,0.95,0.5005,0.95,0.5005,0.5005,0.501,0.501,0.5005,0.501,0.05017,0.05,0.5005,0.501,0.05002,0.501,0.5005,0.9497,0.501,0.5005,0.5005,0.501,0.05,0.05,0.501,0.9497,0.05035,0.95,0.501,0.05002,0.501,0.05,0.501,0.501,0.501,0.5005,0.501,0.5005,0.501,0.501,0.501,0.501,0.9497,0.5005,0.501,0.501,0.05,0.95,0.501,0.05,0.05026,0.501,0.501,0.05008,0.05035,0.501,0.05008,0.05002,0.949,0.2886,0.05002,0.5005,0.95,0.949,0.95,0.05017,0.95,0.501],"2":[0.4995,0.05078,0.4993,0.05023,0.4998,0.0501,0.0501,0.4995,0.4998,0.05035,0.95,0.712,0.7314,0.05023,0.95,0.4998,0.05035,0.05063,0.05054,0.4995,0.4995,0.4995,0.949,0.95,0.4995,0.4995,0.4995,0.95,0.051,0.949,0.4995,0.949,0.95,0.7314,0.4998,0.4998,0.9497,0.4998,0.95,0.0501,0.7334,0.949,0.4995,0.4995,0.499,0.499,0.05112,0.9497,0.499,0.949,0.95,0.95,0.9497,0.499,0.0503,0.05002,0.05,0.499,0.05115,0.7314,0.4993,0.0503,0.05164,0.05054,0.4995,0.95,0.05038,0.949,0.949,0.9497,0.4993,0.949,0.95,0.4995,0.949,0.0501,0.4995,0.4998,0.95,0.4998,0.4995,0.95,0.4998,0.9497,0.4995,0.4995,0.95,0.05054,0.05057,0.95,0.7334,0.9497,0.4998,0.0508,0.95,0.4995,0.0503,0.4995,0.712,0.05054],"3":[0.501,0.05017,0.05072,0.95,0.5005,0.5005,0.95,0.5005,0.05002,0.9497,0.501,0.95,0.501,0.0501,0.05075,0.501,0.501,0.95,0.0502,0.95,0.95,0.5005,0.5005,0.05103,0.05005,0.05002,0.5005,0.5005,0.9497,0.949,0.05008,0.5005,0.5005,0.95,0.05005,0.501,0.5005,0.949,0.95,0.95,0.501,0.2756,0.501,0.05054,0.5005,0.5005,0.949,0.95,0.05035,0.5005,0.95,0.501,0.5005,0.0503,0.0501,0.05017,0.05017,0.05002,0.501,0.95,0.0503,0.501,0.5005,0.501,0.501,0.05005,0.501,0.05002,0.5005,0.501,0.5005,0.501,0.5005,0.5005,0.501,0.501,0.0511,0.05002,0.949,0.5005,0.5005,0.05072,0.501,0.0502,0.9497,0.05002,0.95,0.501,0.95,0.95,0.501,0.5005,0.501,0.5005,0.95,0.501,0.501,0.0511,0.2756,0.05026]}