{"5":{"(Float16(0.0001436), Float16(0.4001))":100},"56":{"(Float16(0.6094), Float16(1.01))":60,"(Float16(4.286e-5), Float16(0.4001))":40},"35":{"(Float16(0.5757), Float16(0.9756))":34,"(Float16(0.0001253), Float16(0.4001))":66},"55":{"(Float16(0.0), Float16(0.4))":34,"(Float16(0.6777), Float16(1.078))":66},"60":{"(Float16(5.6e-6), Float16(0.4))":50,"(Float16(0.6733), Float16(1.073))":50},"30":{"(Float16(0.6553), Float16(1.056))":64,"(Float16(2.03e-5), Float16(0.4))":36},"32":{"(Float16(0.616), Float16(1.017))":68,"(Float16(6.0e-7), Float16(0.4))":32},"6":{"(Float16(0.6445), Float16(1.045))":65,"(Float16(1.997e-5), Float16(0.4))":35},"67":{"(Float16(8.42e-5), Float16(0.4001))":100},"45":{"(Float16(0.574), Float16(0.974))":74,"(Float16(6.0e-8), Float16(0.4))":26},"73":{"(Float16(0.498), Float16(0.898))":61,"(Float16(0.0001494), Float16(0.4001))":39},"64":{"(Float16(1.0e-7), Float16(0.4))":22,"(Float16(0.6006), Float16(1.001))":78},"90":{"(Float16(0.538), Float16(0.938))":64,"(Float16(1.2e-6), Float16(0.4))":36},"4":{"(Float16(0.6104), Float16(1.011))":69,"(Float16(1.9e-6), Float16(0.4))":31},"13":{"(Float16(5.21e-5), Float16(0.4001))":37,"(Float16(0.6787), Float16(1.079))":63},"54":{"(Float16(0.5693), Float16(0.969))":65,"(Float16(2.8e-6), Float16(0.4))":35},"63":{"(Float16(4.96e-5), Float16(0.4001))":32,"(Float16(0.671), Float16(1.071))":68},"86":{"(Float16(0.6826), Float16(1.083))":59,"(Float16(9.5e-7), Float16(0.4))":41},"91":{"(Float16(7.0e-7), Float16(0.4))":26,"(Float16(0.5967), Float16(0.9966))":74},"62":{"(Float16(0.631), Float16(1.031))":50,"(Float16(4.42e-5), Float16(0.4001))":50},"58":{"(Float16(2.9e-6), Float16(0.4))":31,"(Float16(0.627), Float16(1.027))":69},"52":{"(Float16(0.0002264), Float16(0.4001))":100},"12":{"(Float16(5.245e-5), Float16(0.4001))":35,"(Float16(0.67), Float16(1.07))":65},"28":{"(Float16(0.5938), Float16(0.9937))":73,"(Float16(0.0), Float16(0.4))":27},"75":{"(Float16(0.5), Float16(0.9))":13,"(Float16(7.93e-5), Float16(0.4001))":87},"23":{"(Float16(0.5645), Float16(0.9644))":75,"(Float16(1.8e-6), Float16(0.4))":25},"92":{"(Float16(4.77e-5), Float16(0.4001))":24,"(Float16(0.6147), Float16(1.015))":76},"41":{"(Float16(0.0002021), Float16(0.4001))":52,"(Float16(0.5244), Float16(0.9243))":48},"43":{"(Float16(9.01e-5), Float16(0.4001))":24,"(Float16(0.591), Float16(0.9907))":76},"11":{"(Float16(9.465e-5), Float16(0.4001))":99,"(Float16(0.899), Float16(1.299))":1},"36":{"(Float16(0.628), Float16(1.028))":59,"(Float16(5.996e-5), Float16(0.4001))":41},"68":{"(Float16(0.0002658), Float16(0.4001))":50,"(Float16(0.5273), Float16(0.9272))":50},"69":{"(Float16(2.4e-7), Float16(0.4))":36,"(Float16(0.619), Float16(1.02))":64},"98":{"(Float16(4.95e-6), Float16(0.4))":32,"(Float16(0.6357), Float16(1.036))":68},"82":{"(Float16(8.68e-5), Float16(0.4001))":22,"(Float16(0.5996), Float16(0.9995))":78},"85":{"(Float16(6.0e-8), Float16(0.4))":20,"(Float16(0.5166), Float16(0.9165))":80},"39":{"(Float16(1.323e-5), Float16(0.4))":34,"(Float16(0.668), Float16(1.068))":66},"84":{"(Float16(0.669), Float16(1.069))":67,"(Float16(9.5e-7), Float16(0.4))":33},"77":{"(Float16(0.0001067), Float16(0.4001))":100},"7":{"(Float16(0.0), Float16(0.4))":33,"(Float16(0.5605), Float16(0.9604))":67},"25":{"(Float16(0.6504), Float16(1.051))":9,"(Float16(0.0001649), Float16(0.4001))":91},"95":{"(Float16(0.6562), Float16(1.057))":77,"(Float16(6.0e-7), Float16(0.4))":23},"71":{"(Float16(2.39e-5), Float16(0.4))":42,"(Float16(0.6084), Float16(1.009))":58},"66":{"(Float16(0.578), Float16(0.978))":71,"(Float16(2.56e-5), Float16(0.4001))":29},"76":{"(Float16(0.596), Float16(0.996))":68,"(Float16(3.46e-6), Float16(0.4))":32},"34":{"(Float16(3.96e-5), Float16(0.4001))":49,"(Float16(0.579), Float16(0.979))":51},"50":{"(Float16(0.621), Float16(1.021))":70,"(Float16(7.46e-5), Float16(0.4001))":30},"59":{"(Float16(0.625), Float16(1.025))":74,"(Float16(2.2e-6), Float16(0.4))":26},"93":{"(Float16(0.673), Float16(1.073))":73,"(Float16(3.8e-6), Float16(0.4))":27},"2":{"(Float16(0.592), Float16(0.9917))":77,"(Float16(2.15e-6), Float16(0.4))":23},"10":{"(Float16(0.6543), Float16(1.055))":68,"(Float16(3.6e-7), Float16(0.4))":32},"18":{"(Float16(3.6e-6), Float16(0.4))":30,"(Float16(0.659), Float16(1.06))":70},"26":{"(Float16(0.0), Float16(0.4))":26,"(Float16(0.5664), Float16(0.9663))":74},"27":{"(Float16(0.621), Float16(1.021))":27,"(Float16(0.0001302), Float16(0.4001))":73},"42":{"(Float16(0.0002425), Float16(0.4001))":40,"(Float16(0.479), Float16(0.879))":60},"87":{"(Float16(6.0e-8), Float16(0.4))":35,"(Float16(0.657), Float16(1.058))":65},"100":{"(Float16(0.0001247), Float16(0.4001))":100},"79":{"(Float16(0.667), Float16(1.067))":42,"(Float16(1.12e-5), Float16(0.4))":58},"16":{"(Float16(0.5293), Float16(0.929))":72,"(Float16(1.4e-6), Float16(0.4))":28},"20":{"(Float16(2.4e-7), Float16(0.4))":33,"(Float16(0.6855), Float16(1.086))":67},"81":{"(Float16(5.55e-5), Float16(0.4001))":48,"(Float16(0.621), Float16(1.021))":52},"19":{"(Float16(0.000137), Float16(0.4001))":96,"(Float16(0.6885), Float16(1.089))":4},"49":{"(Float16(6.0e-8), Float16(0.4))":21,"(Float16(0.6465), Float16(1.047))":79},"44":{"(Float16(0.9854), Float16(1.386))":3,"(Float16(0.0001621), Float16(0.4001))":97},"9":{"(Float16(0.6387), Float16(1.039))":65,"(Float16(1.3e-6), Float16(0.4))":35},"31":{"(Float16(0.00011253), Float16(0.4001))":100},"74":{"(Float16(2.44e-6), Float16(0.4))":39,"(Float16(0.6924), Float16(1.093))":61},"61":{"(Float16(0.6235), Float16(1.023))":60,"(Float16(1.67e-6), Float16(0.4))":40},"29":{"(Float16(0.618), Float16(1.019))":60,"(Float16(2.295e-5), Float16(0.4))":40},"94":{"(Float16(0.6016), Float16(1.002))":66,"(Float16(8.8e-6), Float16(0.4))":34},"46":{"(Float16(0.0001383), Float16(0.4001))":99,"(Float16(0.4966), Float16(0.8965))":1},"57":{"(Float16(6.0e-8), Float16(0.4))":26,"(Float16(0.54), Float16(0.94))":74},"70":{"(Float16(9.58e-5), Float16(0.4001))":43,"(Float16(0.7354), Float16(1.136))":57},"21":{"(Float16(0.6094), Float16(1.01))":76,"(Float16(3.6e-7), Float16(0.4))":24},"38":{"(Float16(2.307e-5), Float16(0.4))":55,"(Float16(0.632), Float16(1.032))":45},"88":{"(Float16(4.0e-7), Float16(0.4))":26,"(Float16(0.6523), Float16(1.053))":74},"78":{"(Float16(4.95e-6), Float16(0.4))":29,"(Float16(0.6445), Float16(1.045))":71},"72":{"(Float16(0.671), Float16(1.071))":64,"(Float16(1.264e-5), Float16(0.4))":36},"24":{"(Float16(1.705e-5), Float16(0.4))":36,"(Float16(0.6445), Float16(1.045))":64},"8":{"(Float16(1.55e-6), Float16(0.4))":26,"(Float16(0.708), Float16(1.108))":74},"17":{"(Float16(9.2e-6), Float16(0.4))":35,"(Float16(0.576), Float16(0.976))":65},"37":{"(Float16(0.0001991), Float16(0.4001))":100},"1":{"(Float16(5.496e-5), Float16(0.4001))":32,"(Float16(0.6836), Float16(1.084))":68},"53":{"(Float16(0.6387), Float16(1.039))":78,"(Float16(7.3e-5), Float16(0.4001))":22},"22":{"(Float16(7.516e-5), Float16(0.4001))":100},"47":{"(Float16(0.0001572), Float16(0.4001))":94,"(Float16(0.9414), Float16(1.342))":6},"83":{"(Float16(2.0e-7), Float16(0.4))":31,"(Float16(0.7183), Float16(1.118))":69},"99":{"(Float16(1.055e-5), Float16(0.4))":51,"(Float16(0.584), Float16(0.984))":49},"89":{"(Float16(2.474e-5), Float16(0.4001))":75,"(Float16(0.7344), Float16(1.135))":25},"14":{"(Float16(0.6396), Float16(1.04))":68,"(Float16(1.15e-5), Float16(0.4))":32},"3":{"(Float16(0.539), Float16(0.939))":68,"(Float16(2.85e-5), Float16(0.4001))":32},"80":{"(Float16(3.195e-5), Float16(0.4001))":32,"(Float16(0.671), Float16(1.071))":68},"96":{"(Float16(3.105e-5), Float16(0.4001))":35,"(Float16(0.622), Float16(1.022))":65},"51":{"(Float16(1.56e-5), Float16(0.4))":37,"(Float16(0.5586), Float16(0.9585))":63},"33":{"(Float16(2.15e-6), Float16(0.4))":31,"(Float16(0.576), Float16(0.976))":69},"40":{"(Float16(0.659), Float16(1.06))":63,"(Float16(1.9e-6), Float16(0.4))":37},"48":{"(Float16(9.954e-5), Float16(0.4001))":100},"15":{"(Float16(0.6396), Float16(1.04))":75,"(Float16(3.946e-5), Float16(0.4001))":25},