{"5":{"(Float16(0.5225), Float16(0.532))":100},"56":{"(Float16(0.4614), Float16(0.4714))":99,"(Float16(0.8936), Float16(0.9033))":1},"55":{"(Float16(0.5303), Float16(0.54))":99,"(Float16(0.11487), Float16(0.1249))":1},"35":{"(Float16(0.4702), Float16(0.4802))":99,"(Float16(0.897), Float16(0.9067))":1},"60":{"(Float16(0.5713), Float16(0.581))":97,"(Float16(0.1033), Float16(0.1133))":3},"30":{"(Float16(0.00455), Float16(0.01456))":1,"(Float16(0.962), Float16(0.9717))":2,"(Float16(0.4673), Float16(0.4773))":97},"32":{"(Float16(0.495), Float16(0.505))":100},"6":{"(Float16(0.4705), Float16(0.4805))":100},"67":{"(Float16(0.4946), Float16(0.5044))":100},"45":{"(Float16(0.4766), Float16(0.4866))":100},"73":{"(Float16(0.05817), Float16(0.0682))":2,"(Float16(0.5), Float16(0.51))":98},"64":{"(Float16(0.5166), Float16(0.5264))":100},"90":{"(Float16(0.538), Float16(0.548))":100},"4":{"(Float16(0.528), Float16(0.5376))":100},"13":{"(Float16(0.4873), Float16(0.4973))":100},"54":{"(Float16(0.4727), Float16(0.4827))":100},"63":{"(Float16(0.4897), Float16(0.4998))":100},"86":{"(Float16(0.503), Float16(0.5127))":100},"91":{"(Float16(0.5137), Float16(0.5234))":100},"62":{"(Float16(0.9805), Float16(0.99))":2,"(Float16(0.4624), Float16(0.4724))":98},"58":{"(Float16(0.5264), Float16(0.536))":100},"52":{"(Float16(0.5176), Float16(0.5273))":100},"12":{"(Float16(0.5303), Float16(0.54))":99,"(Float16(0.03336), Float16(0.04337))":1},"28":{"(Float16(0.9844), Float16(0.994))":2,"(Float16(0.4536), Float16(0.4636))":92,"(Float16(0.9253), Float16(0.935))":2,"(Float16(0.948), Float16(0.958))":2,"(Float16(0.02539), Float16(0.0354))":2},"75":{"(Float16(0.4785), Float16(0.4885))":100},"23":{"(Float16(0.4644), Float16(0.4744))":99,"(Float16(0.968), Float16(0.9775))":1},"92":{"(Float16(0.5205), Float16(0.5303))":98,"(Float16(0.05264), Float16(0.0626))":2},"41":{"(Float16(0.4976), Float16(0.5073))":100},"43":{"(Float16(0.5303), Float16(0.54))":100},"69":{"(Float16(0.4395), Float16(0.4495))":100},"11":{"(Float16(0.495), Float16(0.505))":100},"68":{"(Float16(0.96), Float16(0.9697))":1,"(Float16(0.454), Float16(0.464))":99},"98":{"(Float16(0.419), Float16(0.429))":100},"36":{"(Float16(0.505), Float16(0.5146))":100},"82":{"(Float16(0.474), Float16(0.4841))":100},"85":{"(Float16(0.5156), Float16(0.5254))":100},"39":{"(Float16(0.458), Float16(0.468))":100},"84":{"(Float16(0.5146), Float16(0.5244))":100},"77":{"(Float16(0.5146), Float16(0.5244))":100},"7":{"(Float16(0.4438), Float16(0.4539))":100},"25":{"(Float16(0.482), Float16(0.492))":100},"95":{"(Float16(0.5215), Float16(0.5312))":100},"71":{"(Float16(0.04834), Float16(0.05835))":1,"(Float16(0.4956), Float16(0.5054))":99},"66":{"(Float16(0.02838), Float16(0.0384))":1,"(Float16(0.526), Float16(0.5356))":99},"76":{"(Float16(0.548), Float16(0.5576))":100},"93":{"(Float16(0.439), Float16(0.449))":100},"50":{"(Float16(0.498), Float16(0.508))":100},"59":{"(Float16(0.03275), Float16(0.04276))":1,"(Float16(0.9478), Float16(0.9575))":2,"(Float16(0.4653), Float16(0.4753))":97},"34":{"(Float16(0.5166), Float16(0.5264))":99,"(Float16(0.03047), Float16(0.04047))":1},"2":{"(Float16(0.02127), Float16(0.03128))":1,"(Float16(0.5225), Float16(0.532))":99},"27":{"(Float16(0.4775), Float16(0.4875))":100},"10":{"(Float16(0.501), Float16(0.5107))":100},"26":{"(Float16(0.4863), Float16(0.4963))":100},"18":{"(Float16(0.4673), Float16(0.4773))":99,"(Float16(0.963), Float16(0.9727))":1},"42":{"(Float16(0.5205), Float16(0.5303))":97,"(Float16(0.04047), Float16(0.05048))":2,"(Float16(0.996), Float16(1.006))":1},"87":{"(Float16(0.441), Float16(0.451))":98,"(Float16(0.9653), Float16(0.975))":2},"100":{"(Float16(0.4966), Float16(0.5063))":100},"79":{"(Float16(0.955), Float16(0.965))":3,"(Float16(0.0606), Float16(0.0706))":2,"(Float16(0.505), Float16(0.5146))":95},"16":{"(Float16(0.54), Float16(0.55))":100},"81":{"(Float16(0.09375), Float16(0.10376))":2,"(Float16(0.0813), Float16(0.0913))":5,"(Float16(0.5977), Float16(0.6074))":93},"20":{"(Float16(0.04596), Float16(0.05597))":3,"(Float16(0.509), Float16(0.5186))":96,"(Float16(0.958), Float16(0.968))":1},"19":{"(Float16(0.4932), Float16(0.503))":100},"49":{"(Float16(0.5127), Float16(0.5225))":99,"(Float16(0.9995), Float16(1.01))":1},"44":{"(Float16(0.5596), Float16(0.5693))":100},"31":{"(Float16(0.4988), Float16(0.509))":100},"9":{"(Float16(0.991), Float16(1.001))":1,"(Float16(0.509), Float16(0.5186))":99},"74":{"(Float16(0.502), Float16(0.5117))":98,"(Float16(0.02852), Float16(0.0385))":2},"61":{"(Float16(0.4639), Float16(0.4739))":99,"(Float16(0.9307), Float16(0.9404))":1},"29":{"(Float16(0.483), Float16(0.493))":99,"(Float16(0.0348), Float16(0.0448))":1},"94":{"(Float16(0.4773), Float16(0.4873))":100},"46":{"(Float16(0.495), Float16(0.505))":100},"57":{"(Float16(0.537), Float16(0.547))":100},"70":{"(Float16(0.479), Float16(0.489))":100},"21":{"(Float16(0.953), Float16(0.963))":2,"(Float16(0.4712), Float16(0.4812))":98},"88":{"(Float16(0.0759), Float16(0.08594))":1,"(Float16(0.4956), Float16(0.5054))":99},"38":{"(Float16(0.4702), Float16(0.4802))":100},"78":{"(Float16(0.546), Float16(0.5557))":100},"72":{"(Float16(0.5), Float16(0.51))":100},"24":{"(Float16(0.314), Float16(0.324))":87,"(Float16(0.8867), Float16(0.8965))":4,"(Float16(0.793), Float16(0.8027))":2,"(Float16(0.738), Float16(0.7476))":2,"(Float16(0.7812), Float16(0.791))":5},"8":{"(Float16(0.541), Float16(0.551))":100},"17":{"(Float16(0.9707), Float16(0.9805))":1,"(Float16(0.0605), Float16(0.0705))":2,"(Float16(0.4883), Float16(0.4983))":97},"37":{"(Float16(0.4692), Float16(0.4792))":100},"1":{"(Float16(0.5967), Float16(0.6064))":93,"(Float16(0.1199), Float16(0.1299))":7},"53":{"(Float16(0.5186), Float16(0.5283))":99,"(Float16(0.03146), Float16(0.04147))":1},"22":{"(Float16(0.476), Float16(0.486))":99,"(Float16(0.9424), Float16(0.952))":1},"47":{"(Float16(0.546), Float16(0.5557))":100},"83":{"(Float16(0.4956), Float16(0.5054))":100},"99":{"(Float16(0.975), Float16(0.985))":2,"(Float16(0.9243), Float16(0.934))":2,"(Float16(0.456), Float16(0.466))":96},"89":{"(Float16(0.0747), Float16(0.0847))":3,"(Float16(0.5664), Float16(0.576))":97},"14":{"(Float16(0.534), Float16(0.544))":100},"80":{"(Float16(0.5137), Float16(0.5234))":99,"(Float16(0.07385), Float16(0.08386))":1},"3":{"(Float16(0.501), Float16(0.5107))":100},"96":{"(Float16(0.484), Float16(0.494))":100},"51":{"(Float16(0.943), Float16(0.9526))":4,"(Float16(0.8984), Float16(0.908))":2,"(Float16(0.4023), Float16(0.4124))":94},"33":{"(Float16(0.535), Float16(0.545))":100},"40":{"(Float16(0.4956), Float16(0.5054))":99,"(Float16(0.01113), Float16(0.02113))":1},"48":{"(Float16(0.508), Float16(0.5176))":100},"65":{"(Float16(0.4995), Float16(0.5093))":100},"15":{"(Float16(0.503), Float16(0.5127))":100},"97":{"(Float16(0.4768), Float16(0.4868))":99,"(Float16(0.974), Float16(0.984))":1}}