{"5":{"(Float16(0.0002928), Float16(0.2003))":25,"(Float16(0.807), Float16(1.007))":14,"(Float16(0.307), Float16(0.507))":4,"(Float16(0.545), Float16(0.745))":57},"4":{"(Float16(0.7295), Float16(0.9297))":49,"(Float16(0.0002295), Float16(0.2002))":32,"(Float16(0.2747), Float16(0.4746))":19},"6":{"(Float16(0.6123), Float16(0.8125))":26,"(Float16(0.0001965), Float16(0.2002))":52,"(Float16(0.831), Float16(1.031))":22},"7":{"(Float16(0.621), Float16(0.8213))":84,"(Float16(0.0001069), Float16(0.2001))":16},"2":{"(Float16(0.8286), Float16(1.028))":21,"(Float16(0.548), Float16(0.748))":64,"(Float16(0.3247), Float16(0.525))":1,"(Float16(0.000268), Float16(0.2003))":14},"10":{"(Float16(0.3125), Float16(0.5127))":39,"(Float16(7.564e-5), Float16(0.2001))":20,"(Float16(0.786), Float16(0.9863))":41},"9":{"(Float16(9.35e-5), Float16(0.2001))":25,"(Float16(0.401), Float16(0.601))":38,"(Float16(0.6836), Float16(0.884))":29,"(Float16(0.8916), Float16(1.092))":8},"8":{"(Float16(0.00041), Float16(0.2004))":43,"(Float16(0.2695), Float16(0.4695))":6,"(Float16(0.701), Float16(0.9014))":26,"(Float16(0.4985), Float16(0.6987))":25},"3":{"(Float16(0.2832), Float16(0.4832))":3,"(Float16(0.8525), Float16(1.053))":13,"(Float16(0.6123), Float16(0.8125))":48,"(Float16(0.0), Float16(0.2))":36},"1":{"(Float16(0.543), Float16(0.743))":2,"(Float16(0.7725), Float16(0.9727))":53,"(Float16(0.3188), Float16(0.519))":21,"(Float16(0.0), Float16(0.2))":24}}