{"1": [0.4993, 0.4995, 0.4995, 0.0501, 0.499, 0.499, 0.499, 0.499, 0.499, 0.4993, 0.4993, 0.4995, 0.05005, 0.4993, 0.4988, 0.499, 0.4995, 0.4995, 0.4995, 0.499, 0.499, 0.499, 0.4995, 0.4995, 0.4995, 0.4993, 0.4995, 0.4993, 0.4993, 0.4998, 0.4995, 0.499, 0.4995, 0.4985, 0.4995, 0.499, 0.4988, 0.499, 0.4995, 0.4988, 0.499, 0.4985, 0.4993, 0.4988, 0.4993, 0.4995, 0.499, 0.499, 0.4995, 0.499, 0.499, 0.4995, 0.4995, 0.4998, 0.4998, 0.4993, 0.4995, 0.4995, 0.499, 0.4995, 0.4995, 0.4998, 0.4995, 0.4995, 0.4998, 0.4995, 0.05005, 0.4998, 0.4995, 0.4995, 0.0501, 0.4995, 0.05005, 0.4998, 0.4993, 0.4995, 0.4995, 0.4995, 0.4995, 0.4998, 0.4995, 0.4995, 0.4995, 0.4995, 0.4995, 0.4993, 0.499, 0.4988, 0.499, 0.05005, 0.499, 0.499, 0.4995, 0.499, 0.4995, 0.4995, 0.4993, 0.4998, 0.4995, 0.4993], "2": [0.4993, 0.4993, 0.4995, 0.4995, 0.4995, 0.4993, 0.4995, 0.4993, 0.499, 0.499, 0.4995, 0.4995, 0.4995, 0.499, 0.4995, 0.499, 0.4988, 0.499, 0.499, 0.4995, 0.4988, 0.4995, 0.4988, 0.499, 0.4995, 0.4995, 0.499, 0.4993, 0.4998, 0.4995, 0.4995, 0.4998, 0.4995, 0.4995, 0.4995, 0.4995, 0.4998, 0.4998, 0.4995, 0.4995, 0.4995, 0.4993, 0.4998, 0.499, 0.4988, 0.4985, 0.4985, 0.4985, 0.499, 0.4985, 0.4995, 0.4995, 0.4993, 0.4995, 0.95, 0.4995, 0.4998, 0.4995, 0.4995, 0.4998, 0.4995, 0.4995, 0.4995, 0.4993, 0.4993, 0.4995, 0.4995, 0.4995, 0.499, 0.499, 0.4993, 0.4995, 0.4998, 0.4998, 0.4993, 0.4995, 0.4993, 0.499, 0.4993, 0.4998, 0.4998, 0.4998, 0.4995, 0.4995, 0.4995, 0.4998, 0.4995, 0.4998, 0.4998, 0.4993, 0.499, 0.4993, 0.4998, 0.499, 0.499, 0.499, 0.4993, 0.4995, 0.499, 0.4993], "3": [0.4995, 0.4995, 0.4998, 0.4998, 0.4995, 0.4998, 0.4993, 0.4988, 0.4995, 0.4995, 0.4995, 0.4988, 0.4993, 0.95, 0.4985, 0.4988, 0.499, 0.4995, 0.4998, 0.4995, 0.95, 0.499, 0.4995, 0.4985, 0.499, 0.499, 0.4995, 0.4995, 0.4993, 0.4995, 0.4995, 0.4998, 0.4993, 0.4998, 0.4998, 0.95, 0.4993, 0.4995, 0.499, 0.499, 0.4995, 0.499, 0.499, 0.4993, 0.4993, 0.499, 0.4995, 0.4993, 0.4995, 0.4988, 0.4985, 0.4995, 0.4988, 0.4993, 0.4985, 0.4988, 0.499, 0.4988, 0.4995, 0.499, 0.499, 0.4985, 0.4995, 0.499, 0.4995, 0.499, 0.95, 0.499, 0.4995, 0.4995, 0.4995, 0.499, 0.499, 0.4995, 0.4988, 0.499, 0.4993, 0.4995, 0.4995, 0.4998, 0.4998, 0.4995, 0.4995, 0.4993, 0.4993, 0.4995, 0.4995, 0.4998, 0.4995, 0.4998, 0.4998, 0.4998, 0.4998, 0.4995, 0.4995, 0.4998, 0.4995, 0.4998, 0.4995, 0.4995], "4": [0.501, 0.5015, 0.5015, 0.5005, 0.5005, 0.5005, 0.5015, 0.5005, 0.5005, 0.05008, 0.501, 0.501, 0.5005, 0.5005, 0.5005, 0.5005, 0.5015, 0.5015, 0.502, 0.5015, 0.5005, 0.5005, 0.5005, 0.0501, 0.5005, 0.501, 0.5005, 0.5005, 0.5005, 0.502, 0.502, 0.502, 0.501, 0.502, 0.502, 0.5015, 0.501, 0.5005, 0.501, 0.5015, 0.501, 0.5015, 0.5015, 0.501, 0.5015, 0.501, 0.502, 0.5015, 0.501, 0.501, 0.5005, 0.5005, 0.501, 0.05005, 0.501, 0.5005, 0.5005, 0.502, 0.501, 0.5015, 0.501, 0.501, 0.0501, 0.501, 0.5015, 0.5005, 0.501, 0.501, 0.502, 0.501, 0.501, 0.502, 0.5005, 0.5005, 0.501, 0.5005, 0.501, 0.5005, 0.501, 0.5015, 0.501, 0.501, 0.5005, 0.501, 0.501, 0.05008, 0.501, 0.5005, 0.501, 0.05005, 0.501, 0.501, 0.5015, 0.05005, 0.5015, 0.501, 0.5005, 0.501, 0.5005, 0.5005], "5": [0.501, 0.501, 0.5005, 0.501, 0.951, 0.5005, 0.9507, 0.5005, 0.5005, 0.5015, 0.502, 0.502, 0.501, 0.5015, 0.502, 0.5015, 0.501, 0.501, 0.501, 0.501, 0.501, 0.501, 0.5005, 0.501, 0.501, 0.5015, 0.501, 0.501, 0.501, 0.501, 0.5005, 0.502, 0.501, 0.5015, 0.502, 0.502, 0.5015, 0.501, 0.502, 0.5005, 0.501, 0.5005, 0.5005, 0.502, 0.502, 0.501, 0.501, 0.502, 0.502, 0.502, 0.501, 0.5015, 0.501, 0.501, 0.5015, 0.502, 0.501, 0.5005, 0.501, 0.502, 0.5015, 0.501, 0.5005, 0.501, 0.501, 0.501, 0.501, 0.501, 0.501, 0.5005, 0.5015, 0.5015, 0.501, 0.501, 0.501, 0.501, 0.5015, 0.5005, 0.5005, 0.5005, 0.501, 0.5005, 0.5005, 0.5005, 0.501, 0.501, 0.501, 0.501, 0.501, 0.5015, 0.5015, 0.502, 0.502, 0.5015, 0.5005, 0.5005, 0.501, 0.5005, 0.5005, 0.501], "6": [0.501, 0.501, 0.05002, 0.5005, 0.5005, 0.501, 0.501, 0.5005, 0.501, 0.501, 0.501, 0.05002, 0.501, 0.501, 0.501, 0.501, 0.501, 0.501, 0.05, 0.501, 0.5005, 0.501, 0.501, 0.5005, 0.501, 0.501, 0.501, 0.501, 0.5005, 0.501, 0.05, 0.5005, 0.5005, 0.501, 0.501, 0.5005, 0.501, 0.501, 0.501, 0.501, 0.5005, 0.5005, 0.501, 0.501, 0.501, 0.501, 0.501, 0.501, 0.501, 0.501, 0.5005, 0.501, 0.501, 0.05002, 0.501, 0.5005, 0.5005, 0.5005, 0.5005, 0.5005, 0.501, 0.501, 0.5005, 0.5005, 0.501, 0.05, 0.5005, 0.5005, 0.501, 0.501, 0.501, 0.501, 0.5005, 0.5005, 0.501, 0.5005, 0.501, 0.5005, 0.501, 0.05, 0.05, 0.05002, 0.5005, 0.501, 0.501, 0.501, 0.501, 0.501, 0.501, 0.5005, 0.501, 0.501, 0.5005, 0.501, 0.501, 0.5005, 0.501, 0.501, 0.5005, 0.5005], "7": [0.501, 0.5015, 0.5015, 0.5005, 0.5015, 0.501, 0.5015, 0.501, 0.502, 0.502, 0.5015, 0.5005, 0.501, 0.5015, 0.501, 0.5015, 0.501, 0.501, 0.5015, 0.5005, 0.05002, 0.5015, 0.501, 0.501, 0.5005, 0.5005, 0.501, 0.501, 0.501, 0.501, 0.501, 0.502, 0.5015, 0.5005, 0.5005, 0.501, 0.501, 0.501, 0.5015, 0.501, 0.501, 0.501, 0.501, 0.5005, 0.501, 0.501, 0.501, 0.5015, 0.5015, 0.5005, 0.501, 0.501, 0.5005, 0.501, 0.5005, 0.5005, 0.5005, 0.5005, 0.5005, 0.5005, 0.501, 0.5015, 0.501, 0.501, 0.502, 0.502, 0.5015, 0.501, 0.5005, 0.501, 0.501, 0.5005, 0.501, 0.5005, 0.5005, 0.5015, 0.502, 0.5015, 0.501, 0.5015, 0.501, 0.5015, 0.5005, 0.501, 0.5005, 0.5005, 0.501, 0.501, 0.5005, 0.501, 0.501, 0.501, 0.5005, 0.5005, 0.501, 0.501, 0.501, 0.501, 0.5015, 0.5005], "8": [0.4985, 0.4993, 0.4993, 0.4988, 0.4988, 0.4993, 0.498, 0.4983, 0.4985, 0.4985, 0.4995, 0.4995, 0.4993, 0.4983, 0.4985, 0.4985, 0.4985, 0.4995, 0.4995, 0.499, 0.4993, 0.499, 0.4995, 0.4993, 0.4995, 0.4985, 0.4983, 0.4985, 0.4983, 0.4985, 0.4985, 0.499, 0.499, 0.499, 0.499, 0.4995, 0.4995, 0.4995, 0.499, 0.4995, 0.4985, 0.499, 0.4985, 0.4988, 0.4995, 0.4993, 0.499, 0.4995, 0.4995, 0.4995, 0.4995, 0.4995, 0.4995, 0.4995, 0.4993, 0.4995, 0.4988, 0.499, 0.4993, 0.499, 0.4993, 0.4998, 0.4995, 0.4993, 0.4993, 0.4995, 0.4995, 0.4995, 0.4995, 0.4993, 0.4995, 0.499, 0.4995, 0.499, 0.4995, 0.4998, 0.4995, 0.4998, 0.4995, 0.4995, 0.499, 0.4993, 0.4995, 0.4993, 0.499, 0.4988, 0.4985, 0.4995, 0.4995, 0.499, 0.4993, 0.499, 0.4988, 0.4995, 0.499, 0.4995, 0.4988, 0.499, 0.4985, 0.499], "9": [0.4993, 0.4995, 0.95, 0.4993, 0.4995, 0.4983, 0.4993, 0.4995, 0.499, 0.95, 0.499, 0.4993, 0.4995, 0.4995, 0.4995, 0.4993, 0.4988, 0.4995, 0.4988, 0.499, 0.95, 0.4995, 0.499, 0.499, 0.4985, 0.499, 0.4988, 0.4995, 0.4995, 0.4995, 0.4995, 0.4995, 0.4995, 0.4988, 0.499, 0.4985, 0.4993, 0.4988, 0.4988, 0.4993, 0.4993, 0.95, 0.4983, 0.499, 0.4985, 0.4993, 0.4995, 0.4985, 0.499, 0.4993, 0.499, 0.4995, 0.499, 0.4995, 0.499, 0.4985, 0.499, 0.4993, 0.4995, 0.4993, 0.499, 0.499, 0.4985, 0.4985, 0.4995, 0.4988, 0.4993, 0.4995, 0.4988, 0.4988, 0.4985, 0.4988, 0.4983, 0.4985, 0.4993, 0.499, 0.499, 0.499, 0.4993, 0.4995, 0.4998, 0.4998, 0.4995, 0.4995, 0.499, 0.4993, 0.499, 0.499, 0.499, 0.4995, 0.4993, 0.4985, 0.4995, 0.4995, 0.4993, 0.499, 0.4995, 0.4995, 0.4995, 0.4993], "10": [0.4988, 0.4993, 0.4995, 0.499, 0.4993, 0.4995, 0.4983, 0.499, 0.4988, 0.4985, 0.4993, 0.499, 0.499, 0.4995, 0.4988, 0.499, 0.4995, 0.499, 0.4988, 0.4993, 0.499, 0.499, 0.499, 0.499, 0.4995, 0.4993, 0.4995, 0.4998, 0.4995, 0.4995, 0.4998, 0.4993, 0.499, 0.95, 0.4995, 0.4995, 0.499, 0.4995, 0.4988, 0.4993, 0.4995, 0.499, 0.499, 0.4993, 0.4995, 0.4995, 0.4995, 0.4993, 0.4998, 0.499, 0.4985, 0.4995, 0.499, 0.4995, 0.499, 0.499, 0.4995, 0.95, 0.4995, 0.4993, 0.4998, 0.4998, 0.4998, 0.4995, 0.4995, 0.4998, 0.4995, 0.4995, 0.499, 0.499, 0.4995, 0.499, 0.4993, 0.4995, 0.4995, 0.4993, 0.4985, 0.499, 0.499, 0.4995, 0.95, 0.4993, 0.4985, 0.4988, 0.4985, 0.4988, 0.499, 0.95, 0.4993, 0.4993, 0.499, 0.4988, 0.4985, 0.4993, 0.4995, 0.4995, 0.4985, 0.4995, 0.95, 0.4988]}