{"5":{"(Float16(0.0001643), Float16(0.4001))":34,"(Float16(0.6465), Float16(1.047))":66},"56":{"(Float16(0.666), Float16(1.066))":59,"(Float16(0.000348), Float16(0.4004))":41},"35":{"(Float16(0.000503), Float16(0.4004))":43,"(Float16(0.698), Float16(1.099))":57},"55":{"(Float16(0.0007954), Float16(0.401))":38,"(Float16(0.675), Float16(1.075))":62},"60":{"(Float16(0.7207), Float16(1.121))":54,"(Float16(0.000648), Float16(0.4006))":46},"30":{"(Float16(0.708), Float16(1.108))":65,"(Float16(0.000677), Float16(0.4006))":35},"32":{"(Float16(0.0005255), Float16(0.4006))":38,"(Float16(0.623), Float16(1.023))":62},"6":{"(Float16(0.751), Float16(1.151))":27,"(Float16(0.0004203), Float16(0.4004))":73},"67":{"(Float16(0.000547), Float16(0.4006))":34,"(Float16(0.672), Float16(1.072))":66},"45":{"(Float16(0.0005436), Float16(0.4006))":36,"(Float16(0.7188), Float16(1.119))":64},"73":{"(Float16(0.0002288), Float16(0.4001))":39,"(Float16(0.6426), Float16(1.043))":61},"64":{"(Float16(0.619), Float16(1.02))":69,"(Float16(0.000552), Float16(0.4006))":31},"90":{"(Float16(0.665), Float16(1.065))":68,"(Float16(0.0005493), Float16(0.4006))":32},"4":{"(Float16(0.0004635), Float16(0.4004))":60,"(Float16(0.6777), Float16(1.078))":40},"13":{"(Float16(0.702), Float16(1.103))":59,"(Float16(0.00026), Float16(0.4001))":41},"54":{"(Float16(0.0003505), Float16(0.4004))":33,"(Float16(0.675), Float16(1.075))":67},"63":{"(Float16(0.6543), Float16(1.055))":66,"(Float16(0.0003257), Float16(0.4004))":34},"86":{"(Float16(0.0003657), Float16(0.4004))":100},"91":{"(Float16(0.709), Float16(1.109))":59,"(Float16(0.0004199), Float16(0.4004))":41},"62":{"(Float16(0.0007625), Float16(0.401))":36,"(Float16(0.6445), Float16(1.045))":64},"58":{"(Float16(0.5938), Float16(0.9937))":76,"(Float16(0.000643), Float16(0.4006))":24},"52":{"(Float16(0.6396), Float16(1.04))":63,"(Float16(0.0004873), Float16(0.4004))":37},"12":{"(Float16(0.7383), Float16(1.139))":43,"(Float16(0.000485), Float16(0.4004))":57},"28":{"(Float16(0.000333), Float16(0.4004))":42,"(Float16(0.662), Float16(1.0625))":58},"75":{"(Float16(0.0004425), Float16(0.4004))":86,"(Float16(0.534), Float16(0.934))":14},"23":{"(Float16(0.7705), Float16(1.171))":61,"(Float16(6.5e-6), Float16(0.4))":39},"92":{"(Float16(0.0003996), Float16(0.4004))":100},"41":{"(Float16(0.0004177), Float16(0.4004))":67,"(Float16(0.6787), Float16(1.079))":33},"43":{"(Float16(0.0001886), Float16(0.4001))":29,"(Float16(0.6455), Float16(1.046))":71},"11":{"(Float16(0.0006094), Float16(0.4006))":33,"(Float16(0.6113), Float16(1.012))":67},"36":{"(Float16(0.0002666), Float16(0.4001))":60,"(Float16(0.674), Float16(1.074))":40},"68":{"(Float16(0.63), Float16(1.03))":66,"(Float16(0.0006113), Float16(0.4006))":34},"69":{"(Float16(6.64e-5), Float16(0.4001))":33,"(Float16(0.6865), Float16(1.087))":67},"98":{"(Float16(0.0003061), Float16(0.4004))":100},"82":{"(Float16(9.86e-5), Float16(0.4001))":24,"(Float16(0.5566), Float16(0.9565))":76},"85":{"(Float16(0.0002751), Float16(0.4004))":39,"(Float16(0.6943), Float16(1.095))":61},"39":{"(Float16(0.0005107), Float16(0.4004))":47,"(Float16(0.704), Float16(1.1045))":53},"84":{"(Float16(0.661), Float16(1.062))":73,"(Float16(1.97e-6), Float16(0.4))":27},"77":{"(Float16(0.6963), Float16(1.097))":67,"(Float16(0.0005465), Float16(0.4006))":33},"7":{"(Float16(0.0009756), Float16(0.401))":21,"(Float16(0.6475), Float16(1.048))":79},"25":{"(Float16(0.0004191), Float16(0.4004))":41,"(Float16(0.749), Float16(1.149))":59},"95":{"(Float16(0.0001012), Float16(0.4001))":32,"(Float16(0.6484), Float16(1.049))":68},"71":{"(Float16(0.0003943), Float16(0.4004))":28,"(Float16(0.5967), Float16(0.9966))":72},"66":{"(Float16(0.6553), Float16(1.056))":61,"(Float16(0.0004396), Float16(0.4004))":39},"76":{"(Float16(0.0004554), Float16(0.4004))":36,"(Float16(0.676), Float16(1.076))":64},"34":{"(Float16(0.0004244), Float16(0.4004))":49,"(Float16(0.669), Float16(1.069))":51},"50":{"(Float16(0.0005302), Float16(0.4006))":35,"(Float16(0.632), Float16(1.032))":65},"59":{"(Float16(0.000569), Float16(0.4006))":48,"(Float16(0.62), Float16(1.0205))":52},"93":{"(Float16(4.07e-5), Float16(0.4001))":37,"(Float16(0.628), Float16(1.028))":63},"2":{"(Float16(0.0006027), Float16(0.4006))":31,"(Float16(0.6533), Float16(1.054))":69},"10":{"(Float16(0.664), Float16(1.064))":67,"(Float16(0.0005403), Float16(0.4006))":33},"18":{"(Float16(0.6445), Float16(1.045))":58,"(Float16(0.0003529), Float16(0.4004))":42},"26":{"(Float16(0.6763), Float16(1.076))":55,"(Float16(0.0002604), Float16(0.4001))":45},"27":{"(Float16(0.617), Float16(1.018))":62,"(Float16(8.35e-5), Float16(0.4001))":38},"42":{"(Float16(0.665), Float16(1.065))":54,"(Float16(0.0004125), Float16(0.4004))":46},"87":{"(Float16(0.000515), Float16(0.4006))":39,"(Float16(0.6914), Float16(1.092))":61},"100":{"(Float16(0.0003948), Float16(0.4004))":100},"79":{"(Float16(0.6875), Float16(1.088))":56,"(Float16(0.0003605), Float16(0.4004))":44},"16":{"(Float16(9.06e-6), Float16(0.4))":42,"(Float16(0.6787), Float16(1.079))":58},"20":{"(Float16(0.7383), Float16(1.139))":45,"(Float16(0.0004854), Float16(0.4004))":55},"81":{"(Float16(0.0003803), Float16(0.4004))":27,"(Float16(0.633), Float16(1.033))":73},"19":{"(Float16(0.0003304), Float16(0.4004))":45,"(Float16(0.6836), Float16(1.084))":55},"49":{"(Float16(0.0001707), Float16(0.4001))":38,"(Float16(0.6104), Float16(1.011))":62},"44":{"(Float16(0.0005865), Float16(0.4006))":54,"(Float16(0.6797), Float16(1.08))":46},"9":{"(Float16(0.00041), Float16(0.4004))":38,"(Float16(0.658), Float16(1.059))":62},"31":{"(Float16(0.000572), Float16(0.4006))":45,"(Float16(0.6406), Float16(1.041))":55},"74":{"(Float16(0.0001105), Float16(0.4001))":33,"(Float16(0.6465), Float16(1.047))":67},"61":{"(Float16(0.000205), Float16(0.4001))":46,"(Float16(0.6904), Float16(1.091))":54},"29":{"(Float16(0.66), Float16(1.061))":52,"(Float16(0.0001063), Float16(0.4001))":48},"94":{"(Float16(0.000358), Float16(0.4004))":100},"46":{"(Float16(0.0003192), Float16(0.4004))":33,"(Float16(0.6943), Float16(1.095))":67},"57":{"(Float16(0.0006084), Float16(0.4006))":41,"(Float16(0.666), Float16(1.066))":59},"70":{"(Float16(0.000411), Float16(0.4004))":100},"21":{"(Float16(0.587), Float16(0.987))":66,"(Float16(3.3e-5), Float16(0.4001))":34},"38":{"(Float16(0.000491), Float16(0.4004))":42,"(Float16(0.706), Float16(1.106))":58},"88":{"(Float16(0.6963), Float16(1.097))":59,"(Float16(4.52e-5), Float16(0.4001))":41},"78":{"(Float16(5.865e-5), Float16(0.4001))":39,"(Float16(0.622), Float16(1.022))":61},"72":{"(Float16(0.0004063), Float16(0.4004))":44,"(Float16(0.6455), Float16(1.046))":56},"24":{"(Float16(0.6562), Float16(1.057))":62,"(Float16(5.89e-5), Float16(0.4001))":38},"8":{"(Float16(0.0003026), Float16(0.4004))":100},"17":{"(Float16(0.677), Float16(1.077))":66,"(Float16(0.0005374), Float16(0.4006))":34},"37":{"(Float16(0.0002506), Float16(0.4001))":100},"1":{"(Float16(0.0003283), Float16(0.4004))":100},"53":{"(Float16(0.634), Float16(1.034))":66,"(Float16(0.0007124), Float16(0.4006))":34},"22":{"(Float16(0.000618), Float16(0.4006))":36,"(Float16(0.619), Float16(1.02))":64},"47":{"(Float16(0.0006657), Float16(0.4006))":28,"(Float16(0.66), Float16(1.061))":72},"83":{"(Float16(5.53e-5), Float16(0.4001))":26,"(Float16(0.6465), Float16(1.047))":74},"99":{"(Float16(0.634), Float16(1.034))":60,"(Float16(0.0002992), Float16(0.4004))":40},"89":{"(Float16(0.0004215), Float16(0.4004))":45,"(Float16(0.658), Float16(1.059))":55},"14":{"(Float16(0.631), Float16(1.031))":67,"(Float16(0.000584), Float16(0.4006))":33},"3":{"(Float16(0.0003498), Float16(0.4004))":33,"(Float16(0.576), Float16(0.976))":67},"80":{"(Float16(0.0006285), Float16(0.4006))":41,"(Float16(0.585), Float16(0.985))":59},"96":{"(Float16(0.635), Float16(1.035))":70,"(Float16(9.78e-5), Float16(0.4001))":30},"51":{"(Float16(0.588), Float16(0.988))":70,"(Float16(0.0004091), Float16(0.4004))":30},"33":{"(Float16(0.0008163), Float16(0.401))":31,"(Float16(0.6406), Float16(1.041))":69},