{"5":{"(Float16(0.5654), Float16(0.7656))":24,"(Float16(0.2375), Float16(0.4375))":52,"(Float16(0.786), Float16(0.9863))":24},"56":{"(Float16(0.3457), Float16(0.546))":27,"(Float16(0.701), Float16(0.9014))":56,"(Float16(0.000662), Float16(0.2007))":16,"(Float16(0.944), Float16(1.144))":1},"35":{"(Float16(0.793), Float16(0.993))":25,"(Float16(0.0007734), Float16(0.2008))":34,"(Float16(0.3418), Float16(0.542))":27,"(Float16(0.55), Float16(0.75))":14},"55":{"(Float16(0.462), Float16(0.662))":25,"(Float16(0.0006456), Float16(0.2007))":53,"(Float16(0.889), Float16(1.089))":14,"(Float16(0.6885), Float16(0.8887))":8},"60":{"(Float16(0.3643), Float16(0.5645))":9,"(Float16(0.0006075), Float16(0.2006))":32,"(Float16(0.7227), Float16(0.923))":59},"30":{"(Float16(0.2563), Float16(0.4563))":4,"(Float16(0.8687), Float16(1.068))":1,"(Float16(0.000221), Float16(0.2002))":37,"(Float16(0.6426), Float16(0.843))":58},"32":{"(Float16(0.0004692), Float16(0.2004))":43,"(Float16(0.7637), Float16(0.964))":53,"(Float16(0.4949), Float16(0.695))":4},"6":{"(Float16(0.502), Float16(0.702))":27,"(Float16(0.0003939), Float16(0.2004))":37,"(Float16(0.867), Float16(1.067))":30,"(Float16(0.268), Float16(0.468))":6},"67":{"(Float16(0.0004315), Float16(0.2004))":49,"(Float16(0.671), Float16(0.871))":45,"(Float16(0.8877), Float16(1.088))":6},"45":{"(Float16(0.552), Float16(0.752))":40,"(Float16(0.0003724), Float16(0.2003))":38,"(Float16(0.81), Float16(1.01))":22},"73":{"(Float16(0.3862), Float16(0.5864))":21,"(Float16(0.758), Float16(0.958))":48,"(Float16(4.226e-5), Float16(0.2001))":31},"64":{"(Float16(0.747), Float16(0.9473))":46,"(Float16(0.0003548), Float16(0.2003))":50,"(Float16(0.4795), Float16(0.6797))":4},"90":{"(Float16(0.882), Float16(1.082))":6,"(Float16(0.6367), Float16(0.837))":56,"(Float16(0.000509), Float16(0.2006))":38},"4":{"(Float16(0.35), Float16(0.5503))":52,"(Float16(0.8154), Float16(1.016))":18,"(Float16(0.611), Float16(0.811))":23,"(Float16(0.0012245), Float16(0.2012))":7},"13":{"(Float16(0.3018), Float16(0.502))":13,"(Float16(0.7246), Float16(0.925))":46,"(Float16(0.0003138), Float16(0.2003))":41},"54":{"(Float16(0.0007043), Float16(0.2007))":36,"(Float16(0.536), Float16(0.7363))":41,"(Float16(0.848), Float16(1.048))":21,"(Float16(0.3113), Float16(0.511))":2},"63":{"(Float16(0.745), Float16(0.9453))":44,"(Float16(0.000403), Float16(0.2004))":32,"(Float16(0.288), Float16(0.488))":24},"86":{"(Float16(0.0003638), Float16(0.2003))":30,"(Float16(0.6777), Float16(0.878))":70},"91":{"(Float16(0.00075), Float16(0.2008))":22,"(Float16(0.786), Float16(0.9863))":50,"(Float16(0.2458), Float16(0.4458))":28},"62":{"(Float16(0.0007076), Float16(0.2007))":54,"(Float16(0.4668), Float16(0.667))":34,"(Float16(0.8193), Float16(1.02))":12},"58":{"(Float16(0.2817), Float16(0.4817))":1,"(Float16(0.000462), Float16(0.2004))":27,"(Float16(0.626), Float16(0.826))":72},"52":{"(Float16(0.4634), Float16(0.6636))":43,"(Float16(0.941), Float16(1.141))":4,"(Float16(0.0004592), Float16(0.2004))":27,"(Float16(0.7173), Float16(0.9175))":26},"12":{"(Float16(0.0006433), Float16(0.2007))":37,"(Float16(0.2357), Float16(0.4358))":13,"(Float16(0.742), Float16(0.9424))":50},"28":{"(Float16(0.787), Float16(0.9873))":31,"(Float16(0.4878), Float16(0.688))":7,"(Float16(0.2788), Float16(0.4788))":47,"(Float16(0.000511), Float16(0.2006))":15},"75":{"(Float16(0.0006237), Float16(0.2007))":24,"(Float16(0.7847), Float16(0.985))":23,"(Float16(0.4912), Float16(0.6914))":53},"23":{"(Float16(0.3105), Float16(0.5107))":21,"(Float16(1.085e-5), Float16(0.2))":27,"(Float16(0.7236), Float16(0.924))":52},"92":{"(Float16(0.712), Float16(0.912))":38,"(Float16(0.0005865), Float16(0.2006))":50,"(Float16(0.477), Float16(0.6772))":12},"41":{"(Float16(0.3623), Float16(0.5625))":4,"(Float16(0.000519), Float16(0.2006))":35,"(Float16(0.7236), Float16(0.924))":61},"43":{"(Float16(0.3616), Float16(0.5615))":18,"(Float16(0.0006413), Float16(0.2007))":34,"(Float16(0.7705), Float16(0.9707))":48},"11":{"(Float16(0.6675), Float16(0.8677))":45,"(Float16(0.000725), Float16(0.2007))":55},"36":{"(Float16(0.281), Float16(0.481))":30,"(Float16(0.5195), Float16(0.7197))":4,"(Float16(0.788), Float16(0.9883))":43,"(Float16(0.0004883), Float16(0.2004))":23},"68":{"(Float16(0.000587), Float16(0.2006))":45,"(Float16(0.4917), Float16(0.692))":26,"(Float16(0.796), Float16(0.996))":29},"69":{"(Float16(0.9727), Float16(1.173))":2,"(Float16(0.000403), Float16(0.2004))":46,"(Float16(0.285), Float16(0.4849))":6,"(Float16(0.717), Float16(0.917))":46},"98":{"(Float16(0.7295), Float16(0.9297))":36,"(Float16(0.0005164), Float16(0.2006))":39,"(Float16(0.4502), Float16(0.6504))":25},"82":{"(Float16(0.643), Float16(0.8433))":23,"(Float16(0.4111), Float16(0.6113))":51,"(Float16(0.000376), Float16(0.2003))":20,"(Float16(0.878), Float16(1.078))":6},"85":{"(Float16(0.868), Float16(1.068))":23,"(Float16(0.000696), Float16(0.2007))":24,"(Float16(0.583), Float16(0.783))":53},"39":{"(Float16(0.000743), Float16(0.2007))":46,"(Float16(0.755), Float16(0.955))":34,"(Float16(0.5103), Float16(0.7104))":20},"84":{"(Float16(0.4683), Float16(0.6685))":2,"(Float16(0.2551), Float16(0.455))":33,"(Float16(0.7695), Float16(0.9697))":43,"(Float16(0.00051), Float16(0.2006))":22},"77":{"(Float16(0.7793), Float16(0.9795))":23,"(Float16(0.00062), Float16(0.2006))":19,"(Float16(0.51), Float16(0.71))":58},"7":{"(Float16(0.0005684), Float16(0.2006))":34,"(Float16(0.2957), Float16(0.4956))":12,"(Float16(0.7266), Float16(0.927))":54},"25":{"(Float16(0.757), Float16(0.957))":28,"(Float16(0.4702), Float16(0.6704))":55,"(Float16(0.000499), Float16(0.2004))":17},"95":{"(Float16(0.0003653), Float16(0.2003))":25,"(Float16(0.626), Float16(0.826))":75},"71":{"(Float16(0.356), Float16(0.556))":23,"(Float16(0.792), Float16(0.992))":46,"(Float16(2.3e-5), Float16(0.2001))":31},"66":{"(Float16(0.6934), Float16(0.8936))":49,"(Float16(0.0006866), Float16(0.2007))":19,"(Float16(0.2747), Float16(0.4746))":28,"(Float16(0.934), Float16(1.134))":4},"76":{"(Float16(0.00041), Float16(0.2004))":36,"(Float16(0.78), Float16(0.98))":19,"(Float16(0.545), Float16(0.745))":45},"34":{"(Float16(0.0007057), Float16(0.2007))":36,"(Float16(0.504), Float16(0.704))":38,"(Float16(0.72), Float16(0.9204))":26},"50":{"(Float16(0.0006905), Float16(0.2007))":18,"(Float16(0.2451), Float16(0.445))":32,"(Float16(0.4624), Float16(0.6626))":2,"(Float16(0.742), Float16(0.9424))":46,"(Float16(0.949), Float16(1.149))":2},"59":{"(Float16(0.8438), Float16(1.044))":14,"(Float16(0.629), Float16(0.829))":27,"(Float16(0.000738), Float16(0.2007))":45,"(Float16(0.4182), Float16(0.618))":14},"93":{"(Float16(0.8555), Float16(1.056))":12,"(Float16(0.4155), Float16(0.6157))":60,"(Float16(0.000698), Float16(0.2007))":10,"(Float16(0.6533), Float16(0.8535))":18},"2":{"(Float16(0.566), Float16(0.766))":30,"(Float16(0.000699), Float16(0.2007))":23,"(Float16(0.3472), Float16(0.5474))":28,"(Float16(0.8003), Float16(1.0))":19},"10":{"(Float16(0.741), Float16(0.9414))":22,"(Float16(0.0004745), Float16(0.2004))":31,"(Float16(0.5195), Float16(0.7197))":47},"18":{"(Float16(0.829), Float16(1.029))":44,"(Float16(0.000541), Float16(0.2006))":18,"(Float16(0.218), Float16(0.418))":14,"(Float16(0.4194), Float16(0.6196))":24},"26":{"(Float16(0.3047), Float16(0.505))":49,"(Float16(0.774), Float16(0.974))":23,"(Float16(0.001352), Float16(0.2013))":2,"(Float16(0.5684), Float16(0.7686))":26},"27":{"(Float16(0.0004191), Float16(0.2004))":33,"(Float16(0.5195), Float16(0.7197))":43,"(Float16(0.753), Float16(0.953))":23,"(Float16(0.266), Float16(0.466))":1},"42":{"(Float16(0.9404), Float16(1.141))":2,"(Float16(0.4736), Float16(0.674))":28,"(Float16(0.6772), Float16(0.8774))":40,"(Float16(0.0006657), Float16(0.2007))":30},"87":{"(Float16(0.00074), Float16(0.2007))":49,"(Float16(0.4863), Float16(0.6865))":22,"(Float16(0.705), Float16(0.9053))":20,"(Float16(0.919), Float16(1.119))":9},"100":{"(Float16(0.2922), Float16(0.4922))":2,"(Float16(0.715), Float16(0.915))":42,