{"5":{"(Float16(0.0005674), Float16(0.3005))":45,"(Float16(0.7305), Float16(1.03))":55},"56":{"(Float16(0.6836), Float16(0.9834))":69,"(Float16(0.0005217), Float16(0.3005))":31},"35":{"(Float16(0.0006075), Float16(0.3005))":36,"(Float16(0.6426), Float16(0.9424))":64},"55":{"(Float16(0.000536), Float16(0.3005))":64,"(Float16(0.826), Float16(1.126))":36},"60":{"(Float16(0.7197), Float16(1.02))":62,"(Float16(0.0004768), Float16(0.3005))":38},"30":{"(Float16(0.000635), Float16(0.3005))":50,"(Float16(0.6807), Float16(0.9805))":50},"32":{"(Float16(0.000361), Float16(0.3003))":36,"(Float16(0.6504), Float16(0.95))":64},"6":{"(Float16(0.634), Float16(0.9336))":70,"(Float16(0.000523), Float16(0.3005))":30},"67":{"(Float16(0.000133), Float16(0.3))":34,"(Float16(0.6426), Float16(0.9424))":66},"45":{"(Float16(0.665), Float16(0.965))":50,"(Float16(0.000505), Float16(0.3005))":50},"73":{"(Float16(0.0005493), Float16(0.3005))":53,"(Float16(0.7256), Float16(1.025))":47},"64":{"(Float16(0.0005946), Float16(0.3005))":61,"(Float16(0.6924), Float16(0.992))":39},"90":{"(Float16(0.0002149), Float16(0.3003))":41,"(Float16(0.7188), Float16(1.019))":59},"4":{"(Float16(0.0004435), Float16(0.3005))":38,"(Float16(0.657), Float16(0.957))":62},"13":{"(Float16(0.0006475), Float16(0.3005))":44,"(Float16(0.711), Float16(1.011))":56},"54":{"(Float16(0.0004907), Float16(0.3005))":62,"(Float16(0.826), Float16(1.126))":38},"63":{"(Float16(0.000413), Float16(0.3003))":50,"(Float16(0.758), Float16(1.058))":50},"86":{"(Float16(0.000601), Float16(0.3005))":53,"(Float16(0.71), Float16(1.01))":47},"91":{"(Float16(0.0003748), Float16(0.3003))":51,"(Float16(0.7188), Float16(1.019))":49},"62":{"(Float16(0.0006614), Float16(0.3008))":49,"(Float16(0.708), Float16(1.008))":51},"58":{"(Float16(0.659), Float16(0.959))":65,"(Float16(8.94e-5), Float16(0.3))":35},"52":{"(Float16(0.667), Float16(0.967))":49,"(Float16(0.000427), Float16(0.3005))":51},"12":{"(Float16(0.0003982), Float16(0.3003))":41,"(Float16(0.7188), Float16(1.019))":59},"28":{"(Float16(0.593), Float16(0.8926))":69,"(Float16(0.0005155), Float16(0.3005))":31},"75":{"(Float16(0.66), Float16(0.96))":50,"(Float16(0.00054), Float16(0.3005))":50},"23":{"(Float16(0.75), Float16(1.05))":58,"(Float16(0.0005026), Float16(0.3005))":42},"92":{"(Float16(0.0004692), Float16(0.3005))":45,"(Float16(0.7285), Float16(1.028))":55},"41":{"(Float16(0.587), Float16(0.8867))":75,"(Float16(9.274e-5), Float16(0.3))":25},"43":{"(Float16(0.0005813), Float16(0.3005))":53,"(Float16(0.702), Float16(1.002))":47},"11":{"(Float16(0.000496), Float16(0.3005))":34,"(Float16(0.668), Float16(0.968))":66},"36":{"(Float16(0.00112), Float16(0.301))":23,"(Float16(0.6016), Float16(0.9014))":77},"68":{"(Float16(0.0005445), Float16(0.3005))":40,"(Float16(0.677), Float16(0.9766))":60},"69":{"(Float16(0.000529), Float16(0.3005))":45,"(Float16(0.758), Float16(1.058))":55},"98":{"(Float16(0.000462), Float16(0.3005))":41,"(Float16(0.7314), Float16(1.031))":59},"82":{"(Float16(0.0006986), Float16(0.3008))":22,"(Float16(0.537), Float16(0.837))":78},"85":{"(Float16(0.00036), Float16(0.3003))":39,"(Float16(0.662), Float16(0.962))":61},"39":{"(Float16(0.6514), Float16(0.951))":67,"(Float16(0.0007873), Float16(0.3008))":33},"84":{"(Float16(0.6865), Float16(0.9863))":64,"(Float16(0.000471), Float16(0.3005))":36},"77":{"(Float16(0.622), Float16(0.922))":74,"(Float16(0.000443), Float16(0.3005))":26},"7":{"(Float16(0.000741), Float16(0.3008))":39,"(Float16(0.706), Float16(1.006))":61},"25":{"(Float16(0.676), Float16(0.9756))":61,"(Float16(0.0004854), Float16(0.3005))":39},"95":{"(Float16(0.6523), Float16(0.952))":53,"(Float16(0.0006614), Float16(0.3008))":47},"71":{"(Float16(0.0004315), Float16(0.3005))":33,"(Float16(0.6367), Float16(0.9365))":67},"66":{"(Float16(7.75e-5), Float16(0.3))":33,"(Float16(0.6016), Float16(0.9014))":67},"76":{"(Float16(0.6963), Float16(0.996))":48,"(Float16(0.000659), Float16(0.3005))":52},"34":{"(Float16(0.00052), Float16(0.3005))":53,"(Float16(0.751), Float16(1.051))":47},"50":{"(Float16(0.6963), Float16(0.996))":42,"(Float16(0.000482), Float16(0.3005))":58},"59":{"(Float16(0.707), Float16(1.007))":51,"(Float16(0.000497), Float16(0.3005))":49},"93":{"(Float16(0.0005302), Float16(0.3005))":57,"(Float16(0.75), Float16(1.05))":43},"2":{"(Float16(0.0004292), Float16(0.3005))":42,"(Float16(0.6836), Float16(0.9834))":58},"10":{"(Float16(0.631), Float16(0.9307))":62,"(Float16(0.000498), Float16(0.3005))":38},"18":{"(Float16(0.756), Float16(1.056))":50,"(Float16(0.0004382), Float16(0.3005))":50},"26":{"(Float16(0.000843), Float16(0.3008))":38,"(Float16(0.7188), Float16(1.019))":62},"27":{"(Float16(0.0005426), Float16(0.3005))":32,"(Float16(0.707), Float16(1.007))":68},"42":{"(Float16(0.000787), Float16(0.3008))":25,"(Float16(0.6377), Float16(0.9375))":75},"87":{"(Float16(0.0005865), Float16(0.3005))":39,"(Float16(0.6504), Float16(0.95))":61},"100":{"(Float16(0.6064), Float16(0.9062))":57,"(Float16(0.00039), Float16(0.3003))":43},"79":{"(Float16(0.744), Float16(1.044))":36,"(Float16(0.0003366), Float16(0.3003))":64},"16":{"(Float16(0.0004864), Float16(0.3005))":47,"(Float16(0.758), Float16(1.058))":53},"20":{"(Float16(0.0006742), Float16(0.3008))":39,"(Float16(0.7305), Float16(1.03))":61},"81":{"(Float16(0.00062), Float16(0.3005))":46,"(Float16(0.704), Float16(1.004))":54},"19":{"(Float16(0.0006886), Float16(0.3008))":37,"(Float16(0.5947), Float16(0.8945))":63},"49":{"(Float16(0.6855), Float16(0.9854))":70,"(Float16(0.000725), Float16(0.3008))":30},"44":{"(Float16(0.5557), Float16(0.8555))":67,"(Float16(0.000818), Float16(0.3008))":33},"9":{"(Float16(0.000488), Float16(0.3005))":39,"(Float16(0.6445), Float16(0.9443))":61},"31":{"(Float16(0.789), Float16(1.089))":45,"(Float16(0.0004778), Float16(0.3005))":55},"74":{"(Float16(0.713), Float16(1.013))":59,"(Float16(0.0005865), Float16(0.3005))":41},"61":{"(Float16(1.0e-7), Float16(0.3))":29,"(Float16(0.608), Float16(0.9077))":71},"29":{"(Float16(0.0005627), Float16(0.3005))":40,"(Float16(0.674), Float16(0.9736))":60},"94":{"(Float16(0.397), Float16(0.697))":100},"46":{"(Float16(0.0004303), Float16(0.3005))":58,"(Float16(0.7373), Float16(1.037))":42},"57":{"(Float16(0.0004883), Float16(0.3005))":47,"(Float16(0.746), Float16(1.046))":53},"70":{"(Float16(0.0007205), Float16(0.3008))":35,"(Float16(0.6924), Float16(0.992))":65},"21":{"(Float16(0.0003126), Float16(0.3003))":40,"(Float16(0.6953), Float16(0.995))":60},"38":{"(Float16(0.000447), Float16(0.3005))":43,"(Float16(0.745), Float16(1.045))":57},"88":{"(Float16(0.0004811), Float16(0.3005))":52,"(Float16(0.664), Float16(0.964))":48},"78":{"(Float16(0.000463), Float16(0.3005))":60,"(Float16(0.7754), Float16(1.075))":40},"72":{"(Float16(0.617), Float16(0.917))":64,"(Float16(0.00011307), Float16(0.3))":36},"24":{"(Float16(0.7334), Float16(1.033))":35,"(Float16(0.0005474), Float16(0.3005))":65},"8":{"(Float16(0.0005293), Float16(0.3005))":38,"(Float16(0.5957), Float16(0.8955))":62},"17":{"(Float16(0.6865), Float16(0.9863))":50,"(Float16(0.000816), Float16(0.3008))":50},"37":{"(Float16(0.7666), Float16(1.066))":52,"(Float16(0.000352), Float16(0.3003))":48},"1":{"(Float16(6.02e-5), Float16(0.3))":20,"(Float16(0.6387), Float16(0.9385))":80},"53":{"(Float16(0.000811), Float16(0.3008))":35,"(Float16(0.6406), Float16(0.9404))":65},"22":{"(Float16(0.5996), Float16(0.8994))":77,"(Float16(0.0005693), Float16(0.3005))":23},"47":{"(Float16(0.0004277), Float16(0.3005))":40,"(Float16(0.657), Float16(0.957))":60},"83":{"(Float16(0.000728), Float16(0.3008))":33,"(Float16(0.577), Float16(0.877))":67},"99":{"(Float16(0.0005355), Float16(0.3005))":25,"(Float16(0.6445), Float16(0.9443))":75},"89":{"(Float16(0.0004764), Float16(0.3005))":68,"(Float16(0.743), Float16(1.043))":32},"14":{"(Float16(0.7646), Float16(1.064))":38,"(Float16(0.000393), Float16(0.3003))":62},"3":{"(Float16(0.6797), Float16(0.9795))":61,"(Float16(0.0005536), Float16(0.3005))":39},"80":{"(Float16(0.0005283), Float16(0.3005))":58,