{"5":{"(Float16(0.7593), Float16(1.06))":54,"(Float16(0.00018), Float16(0.3003))":46},"56":{"(Float16(1.0e-7), Float16(0.3))":49,"(Float16(0.6895), Float16(0.9893))":51},"35":{"(Float16(0.6436), Float16(0.9434))":76,"(Float16(1.0e-7), Float16(0.3))":24},"55":{"(Float16(1.0e-7), Float16(0.3))":29,"(Float16(0.6504), Float16(0.95))":71},"60":{"(Float16(1.0e-7), Float16(0.3))":32,"(Float16(0.588), Float16(0.8877))":68},"30":{"(Float16(1.98e-5), Float16(0.3))":30,"(Float16(0.6685), Float16(0.9683))":70},"32":{"(Float16(1.0e-7), Float16(0.3))":31,"(Float16(0.6387), Float16(0.9385))":69},"6":{"(Float16(1.0e-7), Float16(0.3))":32,"(Float16(0.664), Float16(0.964))":68},"67":{"(Float16(1.0e-7), Float16(0.3))":28,"(Float16(0.6387), Float16(0.9385))":72},"45":{"(Float16(1.0e-7), Float16(0.3))":31,"(Float16(0.6045), Float16(0.9043))":69},"73":{"(Float16(0.6416), Float16(0.9414))":71,"(Float16(1.0e-7), Float16(0.3))":29},"64":{"(Float16(1.0e-7), Float16(0.3))":30,"(Float16(0.658), Float16(0.958))":70},"90":{"(Float16(1.0e-7), Float16(0.3))":26,"(Float16(0.62), Float16(0.92))":74},"4":{"(Float16(0.716), Float16(1.016))":54,"(Float16(1.0e-7), Float16(0.3))":46},"13":{"(Float16(0.6733), Float16(0.973))":62,"(Float16(1.913e-5), Float16(0.3))":38},"54":{"(Float16(0.6973), Float16(0.997))":63,"(Float16(1.0e-7), Float16(0.3))":37},"63":{"(Float16(0.709), Float16(1.009))":61,"(Float16(8.3e-7), Float16(0.3))":39},"86":{"(Float16(2.0e-7), Float16(0.3))":54,"(Float16(0.6904), Float16(0.99))":46},"91":{"(Float16(1.0e-7), Float16(0.3))":28,"(Float16(0.6123), Float16(0.912))":72},"62":{"(Float16(0.716), Float16(1.016))":63,"(Float16(2.0e-7), Float16(0.3))":37},"58":{"(Float16(1.0e-7), Float16(0.3))":30,"(Float16(0.5996), Float16(0.8994))":70},"52":{"(Float16(1.0e-7), Float16(0.3))":38,"(Float16(0.703), Float16(1.003))":62},"12":{"(Float16(0.0002162), Float16(0.3003))":29,"(Float16(0.7056), Float16(1.006))":71},"28":{"(Float16(0.6436), Float16(0.9434))":61,"(Float16(1.0e-7), Float16(0.3))":39},"75":{"(Float16(0.6875), Float16(0.9873))":61,"(Float16(1.0e-7), Float16(0.3))":39},"23":{"(Float16(1.0e-7), Float16(0.3))":41,"(Float16(0.6562), Float16(0.956))":59},"92":{"(Float16(1.0e-7), Float16(0.3))":28,"(Float16(0.667), Float16(0.967))":72},"41":{"(Float16(0.7227), Float16(1.022))":57,"(Float16(4.0e-7), Float16(0.3))":43},"43":{"(Float16(7.87e-5), Float16(0.3))":40,"(Float16(0.5117), Float16(0.8115))":44,"(Float16(0.88), Float16(1.18))":16},"11":{"(Float16(0.674), Float16(0.9736))":67,"(Float16(1.0e-7), Float16(0.3))":33},"36":{"(Float16(0.7334), Float16(1.033))":63,"(Float16(1.0e-7), Float16(0.3))":37},"68":{"(Float16(1.0e-7), Float16(0.3))":42,"(Float16(0.713), Float16(1.013))":58},"69":{"(Float16(0.379), Float16(0.6787))":5,"(Float16(1.0e-7), Float16(0.3))":36,"(Float16(0.705), Float16(1.005))":59},"98":{"(Float16(1.0e-7), Float16(0.3))":26,"(Float16(0.6387), Float16(0.9385))":74},"82":{"(Float16(0.66), Float16(0.96))":60,"(Float16(1.0e-7), Float16(0.3))":40},"85":{"(Float16(1.0e-7), Float16(0.3))":40,"(Float16(0.629), Float16(0.9287))":60},"39":{"(Float16(1.0e-7), Float16(0.3))":31,"(Float16(0.586), Float16(0.8857))":69},"84":{"(Float16(1.0e-7), Float16(0.3))":28,"(Float16(0.679), Float16(0.979))":72},"77":{"(Float16(0.6943), Float16(0.994))":64,"(Float16(1.0e-7), Float16(0.3))":36},"7":{"(Float16(0.6494), Float16(0.949))":54,"(Float16(1.216e-5), Float16(0.3))":46},"25":{"(Float16(0.632), Float16(0.9316))":63,"(Float16(1.2e-6), Float16(0.3))":37},"95":{"(Float16(0.716), Float16(1.016))":55,"(Float16(3.6e-7), Float16(0.3))":45},"71":{"(Float16(1.0e-7), Float16(0.3))":34,"(Float16(0.6885), Float16(0.9883))":66},"66":{"(Float16(0.7783), Float16(1.078))":47,"(Float16(2.0e-7), Float16(0.3))":53},"76":{"(Float16(8.166e-5), Float16(0.3))":47,"(Float16(0.6895), Float16(0.9893))":53},"34":{"(Float16(1.0e-7), Float16(0.3))":38,"(Float16(0.664), Float16(0.964))":62},"50":{"(Float16(1.0e-7), Float16(0.3))":42,"(Float16(0.6787), Float16(0.9785))":58},"59":{"(Float16(4.3e-6), Float16(0.3))":55,"(Float16(0.718), Float16(1.018))":45},"93":{"(Float16(0.7246), Float16(1.024))":70,"(Float16(1.3e-6), Float16(0.3))":30},"2":{"(Float16(0.633), Float16(0.9326))":72,"(Float16(1.0e-7), Float16(0.3))":28},"10":{"(Float16(1.0e-7), Float16(0.3))":25,"(Float16(0.607), Float16(0.9067))":75},"18":{"(Float16(0.633), Float16(0.9326))":51,"(Float16(1.0e-7), Float16(0.3))":49},"26":{"(Float16(1.0e-7), Float16(0.3))":36,"(Float16(0.706), Float16(1.006))":64},"27":{"(Float16(1.0e-7), Float16(0.3))":24,"(Float16(0.5986), Float16(0.8984))":76},"42":{"(Float16(0.6436), Float16(0.9434))":72,"(Float16(1.0e-7), Float16(0.3))":28},"87":{"(Float16(0.6494), Float16(0.949))":72,"(Float16(1.0e-7), Float16(0.3))":28},"100":{"(Float16(1.0e-7), Float16(0.3))":35,"(Float16(0.706), Float16(1.006))":65},"79":{"(Float16(4.4e-6), Float16(0.3))":44,"(Float16(0.7617), Float16(1.062))":56},"16":{"(Float16(1.0e-7), Float16(0.3))":30,"(Float16(0.6953), Float16(0.995))":70},"20":{"(Float16(0.6133), Float16(0.913))":70,"(Float16(1.0e-7), Float16(0.3))":30},"81":{"(Float16(0.6807), Float16(0.9805))":60,"(Float16(1.18e-5), Float16(0.3))":40},"19":{"(Float16(1.0e-7), Float16(0.3))":21,"(Float16(0.6504), Float16(0.95))":79},"49":{"(Float16(0.66), Float16(0.96))":62,"(Float16(2.4e-7), Float16(0.3))":38},"44":{"(Float16(1.0e-7), Float16(0.3))":34,"(Float16(0.5977), Float16(0.8975))":66},"9":{"(Float16(1.0e-7), Float16(0.3))":28,"(Float16(0.6816), Float16(0.9814))":72},"31":{"(Float16(0.7095), Float16(1.01))":55,"(Float16(1.0e-7), Float16(0.3))":45},"74":{"(Float16(2.0e-7), Float16(0.3))":60,"(Float16(0.7246), Float16(1.024))":40},"61":{"(Float16(1.0e-7), Float16(0.3))":35,"(Float16(0.6533), Float16(0.953))":65},"29":{"(Float16(0.666), Float16(0.966))":61,"(Float16(1.0e-7), Float16(0.3))":39},"94":{"(Float16(1.0e-7), Float16(0.3))":38,"(Float16(0.703), Float16(1.003))":62},"46":{"(Float16(0.666), Float16(0.966))":76,"(Float16(1.0e-7), Float16(0.3))":24},"57":{"(Float16(1.0e-7), Float16(0.3))":25,"(Float16(0.6035), Float16(0.9033))":75},"70":{"(Float16(1.0e-7), Float16(0.3))":35,"(Float16(0.634), Float16(0.9336))":65},"21":{"(Float16(1.0e-7), Float16(0.3))":45,"(Float16(0.7227), Float16(1.022))":55},"38":{"(Float16(1.0e-7), Float16(0.3))":28,"(Float16(0.657), Float16(0.957))":72},"88":{"(Float16(0.687), Float16(0.987))":66,"(Float16(1.0e-7), Float16(0.3))":34},"78":{"(Float16(1.0e-7), Float16(0.3))":32,"(Float16(0.6143), Float16(0.914))":68},"72":{"(Float16(9.5e-7), Float16(0.3))":52,"(Float16(0.677), Float16(0.9766))":48},"24":{"(Float16(1.9e-6), Float16(0.3))":53,"(Float16(0.754), Float16(1.054))":47},"8":{"(Float16(3.6e-7), Float16(0.3))":37,"(Float16(0.626), Float16(0.926))":63},"17":{"(Float16(2.58e-5), Float16(0.3))":35,"(Float16(0.65), Float16(0.9497))":65},"37":{"(Float16(0.66), Float16(0.96))":68,"(Float16(1.0e-7), Float16(0.3))":32},"1":{"(Float16(0.7217), Float16(1.021))":66,"(Float16(1.0e-7), Float16(0.3))":34},"53":{"(Float16(1.0e-7), Float16(0.3))":31,"(Float16(0.63), Float16(0.9297))":69},"22":{"(Float16(1.0e-7), Float16(0.3))":33,"(Float16(0.675), Float16(0.9746))":67},"47":{"(Float16(1.0e-7), Float16(0.3))":30,"(Float16(0.664), Float16(0.964))":70},"83":{"(Float16(2.4e-7), Float16(0.3))":43,"(Float16(0.4019), Float16(0.7017))":4,"(Float16(0.7246), Float16(1.024))":53},"99":{"(Float16(1.0e-7), Float16(0.3))":30,"(Float16(0.582), Float16(0.882))":70},"89":{"(Float16(0.6084), Float16(0.908))":67,"(Float16(1.0e-7), Float16(0.3))":33},"14":{"(Float16(1.0e-7), Float16(0.3))":37,"(Float16(0.673), Float16(0.9727))":63},"3":{"(Float16(1.0e-7), Float16(0.3))":33,"(Float16(0.6924), Float16(0.992))":67},"80":{"(Float16(1.0e-7), Float16(0.3))":22,"(Float16(0.6787), Float16(0.9785))":78},"96":{"(Float16(0.000126), Float16(0.3))":38,"(Float16(0.705), Float16(1.005))":62},"51":{"(Float16(0.6807), Float16(0.9805))":67,"(Float16(1.0e-7), Float16(0.3))":33},"33":{"(Float16(0.6494), Float16(0.949))":71,"(Float16(1.0e-7), Float16(0.3))":29},