{"1":{"(Float16(0.5005), Float16(0.9004))":85,"(Float16(0.05002), Float16(0.45))":15},"2":{"(Float16(0.5005), Float16(0.9004))":94,"(Float16(0.05023), Float16(0.4502))":6},"3":{"(Float16(0.5005), Float16(0.9004))":85,"(Float16(0.05), Float16(0.45))":15}}