{"5":{"(Float16(0.00125), Float16(0.2013))":46,"(Float16(0.8926), Float16(1.093))":16,"(Float16(0.5967), Float16(0.797))":38},"56":{"(Float16(0.6826), Float16(0.883))":61,"(Float16(0.001284), Float16(0.2013))":39},"35":{"(Float16(0.801), Float16(1.001))":43,"(Float16(0.2598), Float16(0.4597))":57},"55":{"(Float16(0.002567), Float16(0.2025))":4,"(Float16(0.3726), Float16(0.5728))":53,"(Float16(0.825), Float16(1.025))":43},"60":{"(Float16(0.837), Float16(1.037))":33,"(Float16(0.305), Float16(0.505))":67},"30":{"(Float16(0.867), Float16(1.067))":26,"(Float16(0.587), Float16(0.787))":32,"(Float16(0.215), Float16(0.415))":42},"32":{"(Float16(0.001455), Float16(0.2014))":16,"(Float16(0.755), Float16(0.955))":41,"(Float16(0.3652), Float16(0.5654))":43},"6":{"(Float16(0.2261), Float16(0.426))":36,"(Float16(0.702), Float16(0.9023))":64},"67":{"(Float16(0.75), Float16(0.95))":48,"(Float16(0.001506), Float16(0.2015))":38,"(Float16(0.4302), Float16(0.6304))":14},"45":{"(Float16(0.001175), Float16(0.2012))":33,"(Float16(0.6826), Float16(0.883))":67},"73":{"(Float16(0.4282), Float16(0.6284))":39,"(Float16(0.001517), Float16(0.2015))":17,"(Float16(0.782), Float16(0.9824))":44},"64":{"(Float16(0.001431), Float16(0.2014))":26,"(Float16(0.7383), Float16(0.9385))":57,"(Float16(0.4316), Float16(0.632))":17},"90":{"(Float16(0.663), Float16(0.8633))":63,"(Float16(0.001062), Float16(0.201))":37},"4":{"(Float16(0.6387), Float16(0.839))":69,"(Float16(0.2029), Float16(0.4028))":31},"13":{"(Float16(0.503), Float16(0.703))":35,"(Float16(0.00107), Float16(0.201))":28,"(Float16(0.8506), Float16(1.051))":37},"54":{"(Float16(0.2812), Float16(0.4812))":58,"(Float16(0.7227), Float16(0.923))":42},"63":{"(Float16(0.6904), Float16(0.8906))":66,"(Float16(0.001415), Float16(0.2014))":34},"86":{"(Float16(0.0009236), Float16(0.2009))":40,"(Float16(0.6934), Float16(0.8936))":60},"91":{"(Float16(0.711), Float16(0.911))":53,"(Float16(0.000949), Float16(0.2009))":47},"62":{"(Float16(0.3057), Float16(0.506))":60,"(Float16(0.7734), Float16(0.9736))":40},"58":{"(Float16(0.001185), Float16(0.2012))":15,"(Float16(0.795), Float16(0.995))":39,"(Float16(0.421), Float16(0.621))":46},"52":{"(Float16(0.6797), Float16(0.88))":60,"(Float16(0.000999), Float16(0.201))":40},"12":{"(Float16(0.793), Float16(0.993))":38,"(Float16(0.398), Float16(0.598))":41,"(Float16(0.001913), Float16(0.2019))":21},"28":{"(Float16(0.455), Float16(0.6553))":28,"(Float16(0.786), Float16(0.9863))":43,"(Float16(0.001212), Float16(0.2012))":29},"75":{"(Float16(0.829), Float16(1.029))":34,"(Float16(0.537), Float16(0.7373))":27,"(Float16(0.001275), Float16(0.2013))":39},"23":{"(Float16(0.001179), Float16(0.2012))":34,"(Float16(0.5205), Float16(0.7207))":45,"(Float16(0.8613), Float16(1.062))":21},"92":{"(Float16(0.2612), Float16(0.4612))":66,"(Float16(0.8096), Float16(1.01))":34},"41":{"(Float16(0.6826), Float16(0.883))":63,"(Float16(0.001219), Float16(0.2012))":37},"43":{"(Float16(0.828), Float16(1.028))":51,"(Float16(0.001678), Float16(0.2017))":36,"(Float16(0.4937), Float16(0.694))":13},"11":{"(Float16(0.4736), Float16(0.674))":31,"(Float16(0.0011425), Float16(0.2012))":28,"(Float16(0.8086), Float16(1.009))":41},"36":{"(Float16(0.001192), Float16(0.2012))":18,"(Float16(0.4678), Float16(0.668))":41,"(Float16(0.8), Float16(1.0))":41},"68":{"(Float16(0.001278), Float16(0.2013))":28,"(Float16(0.7803), Float16(0.9805))":44,"(Float16(0.4321), Float16(0.6323))":28},"69":{"(Float16(0.6924), Float16(0.8926))":65,"(Float16(0.24), Float16(0.44))":35},"98":{"(Float16(0.8057), Float16(1.006))":29,"(Float16(0.001318), Float16(0.2013))":38,"(Float16(0.5225), Float16(0.7227))":33},"82":{"(Float16(0.001703), Float16(0.2017))":24,"(Float16(0.8135), Float16(1.014))":45,"(Float16(0.455), Float16(0.6553))":31},"85":{"(Float16(0.508), Float16(0.708))":31,"(Float16(0.83), Float16(1.03))":41,"(Float16(0.001497), Float16(0.2015))":28},"39":{"(Float16(0.0012455), Float16(0.2013))":45,"(Float16(0.6953), Float16(0.8955))":55},"84":{"(Float16(0.5166), Float16(0.717))":41,"(Float16(0.00112), Float16(0.2012))":31,"(Float16(0.875), Float16(1.075))":28},"77":{"(Float16(0.503), Float16(0.703))":26,"(Float16(0.8613), Float16(1.062))":30,"(Float16(0.001475), Float16(0.2014))":44},"7":{"(Float16(0.501), Float16(0.701))":40,"(Float16(0.7695), Float16(0.9697))":38,"(Float16(0.001325), Float16(0.2013))":22},"25":{"(Float16(0.001321), Float16(0.2013))":32,"(Float16(0.6357), Float16(0.836))":68},"95":{"(Float16(0.8037), Float16(1.004))":38,"(Float16(0.4233), Float16(0.6235))":42,"(Float16(0.001255), Float16(0.2013))":20},"71":{"(Float16(0.001139), Float16(0.2012))":36,"(Float16(0.4688), Float16(0.669))":23,"(Float16(0.751), Float16(0.951))":41},"66":{"(Float16(0.4727), Float16(0.673))":46,"(Float16(0.869), Float16(1.069))":30,"(Float16(0.001276), Float16(0.2013))":24},"76":{"(Float16(0.4849), Float16(0.685))":42,"(Float16(0.841), Float16(1.041))":26,"(Float16(0.001303), Float16(0.2013))":32},"34":{"(Float16(0.001331), Float16(0.2013))":39,"(Float16(0.907), Float16(1.107))":20,"(Float16(0.5225), Float16(0.7227))":41},"50":{"(Float16(0.4888), Float16(0.689))":24,"(Float16(0.0008345), Float16(0.2008))":40,"(Float16(0.7607), Float16(0.961))":36},"59":{"(Float16(0.664), Float16(0.8643))":59,"(Float16(0.001818), Float16(0.2018))":41},"93":{"(Float16(0.5674), Float16(0.7676))":38,"(Float16(0.000982), Float16(0.2009))":38,"(Float16(0.878), Float16(1.078))":24},"2":{"(Float16(0.001154), Float16(0.2012))":40,"(Float16(0.663), Float16(0.8633))":60},"10":{"(Float16(0.001188), Float16(0.2012))":34,"(Float16(0.4517), Float16(0.652))":27,"(Float16(0.8164), Float16(1.017))":39},"18":{"(Float16(0.001291), Float16(0.2013))":29,"(Float16(0.832), Float16(1.032))":22,"(Float16(0.4756), Float16(0.676))":49},"26":{"(Float16(0.8525), Float16(1.053))":19,"(Float16(0.3481), Float16(0.5483))":81},"27":{"(Float16(0.787), Float16(0.9873))":29,"(Float16(0.4263), Float16(0.6265))":34,"(Float16(0.001163), Float16(0.2012))":37},"42":{"(Float16(0.000806), Float16(0.2008))":48,"(Float16(0.7334), Float16(0.9336))":52},"87":{"(Float16(0.616), Float16(0.8164))":82,"(Float16(0.001275), Float16(0.2013))":18},"100":{"(Float16(0.3657), Float16(0.566))":34,"(Float16(0.00079), Float16(0.2008))":20,"(Float16(0.7715), Float16(0.9717))":46},"79":{"(Float16(0.748), Float16(0.948))":40,"(Float16(0.2744), Float16(0.4744))":60},"16":{"(Float16(0.6543), Float16(0.8545))":64,"(Float16(0.001291), Float16(0.2013))":36},"20":{"(Float16(0.436), Float16(0.636))":44,"(Float16(0.826), Float16(1.026))":31,"(Float16(0.001339), Float16(0.2013))":25},"81":{"(Float16(0.001033), Float16(0.201))":36,"(Float16(0.865), Float16(1.065))":28,"(Float16(0.5127), Float16(0.713))":36},"19":{"(Float16(0.7246), Float16(0.925))":31,"(Float16(0.3276), Float16(0.528))":69},"49":{"(Float16(0.745), Float16(0.9453))":42,"(Float16(0.287), Float16(0.487))":58},"44":{"(Float16(0.0009522), Float16(0.2009))":44,"(Float16(0.8623), Float16(1.0625))":21,"(Float16(0.577), Float16(0.7773))":35},"9":{"(Float16(0.2388), Float16(0.4387))":44,"(Float16(0.7754), Float16(0.9756))":56},"31":{"(Float16(0.001221), Float16(0.2012))":35,"(Float16(0.673), Float16(0.873))":65},"74":{"(Float16(0.001524), Float16(0.2015))":32,"(Float16(0.4546), Float16(0.655))":24,"(Float16(0.7305), Float16(0.9307))":44},"61":{"(Float16(0.001299), Float16(0.2013))":32,"(Float16(0.823), Float16(1.023))":30,"(Float16(0.4443), Float16(0.6445))":38},"29":{"(Float16(0.9326), Float16(1.133))":14,"(Float16(0.000925), Float16(0.2009))":44,"(Float16(0.664), Float16(0.8643))":42},"94":{"(Float16(0.2491), Float16(0.4492))":56,"(Float16(0.8184), Float16(1.019))":44},"46":{"(Float16(0.712), Float16(0.912))":66,"(Float16(0.001132), Float16(0.2012))":34},"57":{"(Float16(0.7793), Float16(0.9795))":41,"(Float16(0.314), Float16(0.514))":59},"70":{"(Float16(0.828), Float16(1.028))":28,"(Float16(0.001167), Float16(0.2012))":45,"(Float16(0.503), Float16(0.703))":27},"21":{"(Float16(0.001223), Float16(0.2012))":36,