{"1": [0.499, 0.4995, 0.4995, 0.05136, 0.05072, 0.499, 0.499, 0.4995, 0.9487, 0.499, 0.05142, 0.949, 0.499, 0.4995, 0.4993, 0.949, 0.499, 0.0514, 0.4998, 0.499, 0.499, 0.499, 0.4993, 0.4995, 0.4995, 0.949, 0.4995, 0.4993, 0.499, 0.05054, 0.499, 0.949, 0.499, 0.499, 0.499, 0.499, 0.949, 0.4993, 0.499, 0.4993, 0.949, 0.499, 0.499, 0.4998, 0.4993, 0.9497, 0.4993, 0.4993, 0.949, 0.9497, 0.499, 0.949, 0.0511, 0.4995, 0.9497, 0.05154, 0.499, 0.4995, 0.05225, 0.499, 0.05164, 0.499, 0.499, 0.95, 0.05145, 0.05182, 0.949, 0.499, 0.499, 0.4993, 0.499, 0.05164, 0.4995, 0.499, 0.4993, 0.9497, 0.0511, 0.4993, 0.499, 0.949, 0.9497, 0.499, 0.9497, 0.4995, 0.4995, 0.4993, 0.05142, 0.499, 0.4993, 0.05164, 0.9497, 0.4993, 0.499, 0.0514, 0.949, 0.4993, 0.949, 0.05084, 0.949, 0.949], "2": [0.499, 0.499, 0.499, 0.499, 0.499, 0.499, 0.4993, 0.4993, 0.948, 0.05014, 0.499, 0.4993, 0.499, 0.4993, 0.9487, 0.499, 0.949, 0.499, 0.4995, 0.499, 0.499, 0.949, 0.499, 0.949, 0.949, 0.499, 0.499, 0.949, 0.4993, 0.4993, 0.949, 0.499, 0.4993, 0.4995, 0.499, 0.499, 0.499, 0.949, 0.499, 0.949, 0.9487, 0.949, 0.499, 0.05017, 0.948, 0.499, 0.949, 0.4995, 0.05005, 0.499, 0.499, 0.4995, 0.4993, 0.499, 0.0501, 0.05005, 0.499, 0.4993, 0.948, 0.499, 0.499, 0.499, 0.4993, 0.499, 0.499, 0.948, 0.949, 0.4993, 0.9487, 0.499, 0.949, 0.949, 0.499, 0.4993, 0.499, 0.9487, 0.4993, 0.499, 0.499, 0.05008, 0.499, 0.499, 0.4993, 0.499, 0.05008, 0.499, 0.949, 0.499, 0.9487, 0.499, 0.4993, 0.499, 0.499, 0.949, 0.949, 0.4993, 0.4993, 0.499, 0.4993, 0.949], "3": [0.502, 0.502, 0.5024, 0.05026, 0.501, 0.05057, 0.502, 0.501, 0.05063, 0.0504, 0.0504, 0.05017, 0.5024, 0.5015, 0.501, 0.502, 0.502, 0.0506, 0.502, 0.05038, 0.95, 0.502, 0.05023, 0.05054, 0.0503, 0.502, 0.501, 0.502, 0.502, 0.0506, 0.05054, 0.05054, 0.502, 0.0504, 0.502, 0.95, 0.502, 0.05054, 0.502, 0.502, 0.05048, 0.501, 0.502, 0.5015, 0.9497, 0.501, 0.5015, 0.502, 0.502, 0.502, 0.502, 0.0506, 0.0504, 0.502, 0.0506, 0.05023, 0.05054, 0.5024, 0.5015, 0.0506, 0.05023, 0.502, 0.5015, 0.05048, 0.502, 0.05038, 0.05017, 0.502, 0.502, 0.05048, 0.501, 0.502, 0.5015, 0.5024, 0.05054, 0.502, 0.502, 0.502, 0.5015, 0.0504, 0.502, 0.0505, 0.05035, 0.0505, 0.502, 0.502, 0.501, 0.0505, 0.502, 0.502, 0.502, 0.5015, 0.501, 0.05066, 0.05048, 0.502, 0.05035, 0.502, 0.502, 0.502], "4": [0.501, 0.95, 0.95, 0.501, 0.501, 0.05075, 0.501, 0.501, 0.05045, 0.5005, 0.501, 0.501, 0.501, 0.501, 0.501, 0.0512, 0.05096, 0.501, 0.501, 0.95, 0.501, 0.5005, 0.501, 0.0507, 0.949, 0.05072, 0.501, 0.501, 0.0505, 0.501, 0.9497, 0.501, 0.5005, 0.05103, 0.051, 0.501, 0.05118, 0.501, 0.501, 0.501, 0.501, 0.05115, 0.949, 0.501, 0.5005, 0.0507, 0.05072, 0.05035, 0.501, 0.05078, 0.9497, 0.501, 0.949, 0.95, 0.05096, 0.501, 0.501, 0.0512, 0.05093, 0.05066, 0.501, 0.05115, 0.95, 0.501, 0.9497, 0.949, 0.501, 0.501, 0.0512, 0.501, 0.05072, 0.501, 0.05023, 0.501, 0.501, 0.949, 0.9497, 0.501, 0.501, 0.05054, 0.0509, 0.95, 0.5005, 0.949, 0.501, 0.501, 0.05127, 0.501, 0.0505, 0.501, 0.0507, 0.501, 0.05066, 0.05087, 0.501, 0.501, 0.0504, 0.501, 0.501, 0.949], "5": [0.948, 0.948, 0.501, 0.5005, 0.9487, 0.501, 0.948, 0.501, 0.9487, 0.501, 0.501, 0.0515, 0.0512, 0.501, 0.9487, 0.05084, 0.05048, 0.0505, 0.949, 0.501, 0.05087, 0.948, 0.501, 0.0516, 0.501, 0.05157, 0.501, 0.501, 0.05112, 0.5005, 0.9487, 0.05133, 0.05096, 0.948, 0.501, 0.05054, 0.05084, 0.948, 0.501, 0.0509, 0.501, 0.948, 0.501, 0.0515, 0.501, 0.5005, 0.948, 0.0512, 0.501, 0.0505, 0.501, 0.501, 0.501, 0.501, 0.501, 0.9487, 0.501, 0.9487, 0.05115, 0.501, 0.5005, 0.501, 0.0509, 0.05103, 0.05023, 0.9487, 0.949, 0.501, 0.949, 0.948, 0.9487, 0.9487, 0.05157, 0.05118, 0.0506, 0.9487, 0.501, 0.501, 0.501, 0.05258, 0.501, 0.501, 0.948, 0.501, 0.5005, 0.0506, 0.05093, 0.05084, 0.948, 0.05164, 0.0505, 0.501, 0.5005, 0.949, 0.501, 0.5005, 0.501, 0.948, 0.05124, 0.949], "6": [0.501, 0.0504, 0.05023, 0.501, 0.5005, 0.949, 0.0504, 0.5005, 0.501, 0.05014, 0.9487, 0.501, 0.501, 0.05023, 0.0504, 0.501, 0.501, 0.501, 0.05017, 0.5005, 0.9497, 0.95, 0.501, 0.0503, 0.0502, 0.0502, 0.0504, 0.501, 0.501, 0.501, 0.501, 0.501, 0.501, 0.949, 0.501, 0.501, 0.501, 0.501, 0.501, 0.501, 0.501, 0.501, 0.05032, 0.05023, 0.501, 0.501, 0.501, 0.501, 0.5005, 0.949, 0.0504, 0.0503, 0.95, 0.501, 0.05032, 0.949, 0.05032, 0.501, 0.0502, 0.501, 0.501, 0.9497, 0.9497, 0.501, 0.05023, 0.501, 0.501, 0.9497, 0.501, 0.0503, 0.5005, 0.501, 0.0503, 0.501, 0.501, 0.501, 0.501, 0.501, 0.949, 0.949, 0.0503, 0.501, 0.501, 0.05032, 0.05017, 0.501, 0.501, 0.0503, 0.501, 0.05008, 0.05008, 0.501, 0.9497, 0.948, 0.501, 0.501, 0.0503, 0.5005, 0.501, 0.949], "7": [0.0505, 0.499, 0.948, 0.05048, 0.4995, 0.9497, 0.948, 0.949, 0.948, 0.499, 0.948, 0.4995, 0.9487, 0.499, 0.9487, 0.4998, 0.948, 0.0504, 0.499, 0.05023, 0.948, 0.4993, 0.499, 0.9487, 0.949, 0.499, 0.948, 0.499, 0.05048, 0.948, 0.4993, 0.05032, 0.948, 0.948, 0.949, 0.05017, 0.499, 0.05038, 0.948, 0.05075, 0.949, 0.05048, 0.4995, 0.949, 0.948, 0.05075, 0.499, 0.948, 0.4993, 0.949, 0.499, 0.4995, 0.499, 0.499, 0.05023, 0.499, 0.499, 0.948, 0.05045, 0.948, 0.05023, 0.4993, 0.948, 0.499, 0.0505, 0.948, 0.499, 0.4998, 0.499, 0.948, 0.948, 0.499, 0.948, 0.499, 0.4985, 0.4995, 0.948, 0.499, 0.4995, 0.499, 0.4993, 0.949, 0.948, 0.499, 0.499, 0.4995, 0.499, 0.948, 0.949, 0.499, 0.9487, 0.499, 0.05054, 0.05008, 0.948, 0.0504, 0.949, 0.949, 0.0505, 0.499], "8": [0.05072, 0.05084, 0.501, 0.948, 0.501, 0.9487, 0.05078, 0.948, 0.501, 0.5005, 0.05066, 0.05054, 0.05078, 0.501, 0.949, 0.501, 0.501, 0.949, 0.05054, 0.949, 0.05075, 0.051, 0.05054, 0.05063, 0.05078, 0.948, 0.501, 0.949, 0.948, 0.949, 0.948, 0.948, 0.05078, 0.0508, 0.5005, 0.501, 0.05035, 0.948, 0.949, 0.501, 0.9487, 0.0508, 0.0506, 0.501, 0.949, 0.501, 0.501, 0.948, 0.05063, 0.948, 0.501, 0.5005, 0.0504, 0.05072, 0.05072, 0.0506, 0.9487, 0.5005, 0.05054, 0.0507, 0.501, 0.948, 0.501, 0.501, 0.0504, 0.05038, 0.948, 0.05078, 0.05038, 0.501, 0.501, 0.05072, 0.948, 0.501, 0.501, 0.5, 0.501, 0.501, 0.05066, 0.501, 0.501, 0.0506, 0.0506, 0.05103, 0.948, 0.9487, 0.949, 0.949, 0.949, 0.949, 0.948, 0.949, 0.501, 0.948, 0.5005, 0.05072, 0.9487, 0.05045, 0.948, 0.948], "9": [0.9473, 0.9487, 0.4995, 0.05017, 0.05038, 0.4995, 0.9478, 0.4995, 0.05038, 0.9487, 0.948, 0.948, 0.4995, 0.05017, 0.4995, 0.948, 0.4995, 0.4995, 0.05008, 0.4995, 0.948, 0.4998, 0.4995, 0.948, 0.4995, 0.4995, 0.4995, 0.4995, 0.4995, 0.949, 0.948, 0.4995, 0.4995, 0.948, 0.4995, 0.4995, 0.949, 0.4995, 0.949, 0.4995, 0.4995, 0.4995, 0.05038, 0.4995, 0.4995, 0.4995, 0.4995, 0.4995, 0.949, 0.949, 0.05023, 0.4995, 0.4995, 0.4995, 0.4995, 0.4995, 0.4995, 0.4995, 0.05038, 0.4995, 0.4995, 0.9487, 0.4995, 0.9487, 0.05005, 0.948, 0.05038, 0.05054, 0.949, 0.4995, 0.4995, 0.4995, 0.0504, 0.4998, 0.949, 0.4995, 0.4995, 0.05026, 0.949, 0.4995, 0.4995, 0.949, 0.4998, 0.4995, 0.05023, 0.948, 0.4995, 0.4995, 0.4998, 0.4995, 0.4995, 0.4995, 0.4995, 0.9487, 0.05017, 0.4995, 0.4998, 0.4995, 0.4995, 0.948], "10": [0.4995, 0.4995, 0.0511, 0.948, 0.05045, 0.4995, 0.9478, 0.4995, 0.4995, 0.4995, 0.4995, 0.9473, 0.949, 0.4995, 0.05038, 0.949, 0.9473, 0.05176, 0.948, 0.4995, 0.4995, 0.4995, 0.05072, 0.4995, 0.05072, 0.4995, 0.05145, 0.4995, 0.9478, 0.05084, 0.05084, 0.949, 0.9473, 0.4995, 0.0514, 0.949, 0.4995, 0.4995, 0.4998, 0.4995, 0.4995, 0.4995, 0.9487, 0.051, 0.4995, 0.9478, 0.05045, 0.05084, 0.4998, 0.948, 0.948, 0.4995, 0.05023, 0.4995, 0.9487, 0.4995, 0.949, 0.948, 0.05072, 0.948, 0.05118, 0.4995, 0.4998, 0.05072, 0.4998, 0.4998, 0.9487, 0.05115, 0.051, 0.949, 0.9497, 0.4995, 0.948, 0.05145, 0.949, 0.4995, 0.4995, 0.9487, 0.9487, 0.949, 0.4995, 0.4995, 0.4995, 0.4995, 0.4995, 0.4995, 0.051, 0.4995, 0.05084, 0.4998, 0.949, 0.948, 0.4995, 0.05103, 0.4995, 0.948, 0.05072, 0.4998, 0.9478, 0.9473]}