{"5":{"(Float16(0.05005), 0.060048828125)":25,"(Float16(0.948), 0.9582421875)":75},"56":{"(Float16(0.05002), 0.060018310546875)":44,"(Float16(0.4946), 0.50462890625)":2,"(Float16(0.948), 0.9582421875)":54},"35":{"(Float16(0.949), 0.95921875)":42,"(Float16(0.05023), 0.06023193359375)":58},"55":{"(Float16(0.05005), 0.060048828125)":32,"(Float16(0.948), 0.9582421875)":68},"60":{"(Float16(0.05), 0.05998779296875)":34,"(Float16(0.9473), 0.957265625)":66},"30":{"(Float16(0.05038), 0.060384521484375)":61,"(Float16(0.948), 0.9582421875)":39},"32":{"(Float16(0.948), 0.9582421875)":71,"(Float16(0.05), 0.05998779296875)":29},"6":{"(Float16(0.948), 0.9582421875)":42,"(Float16(0.05014), 0.060140380859375)":58},"67":{"(Float16(0.0503), 0.06029296875)":64,"(Float16(0.949), 0.95921875)":36},"45":{"(Float16(0.05017), 0.0601708984375)":44,"(Float16(0.949), 0.95921875)":56},"73":{"(Float16(0.05005), 0.060048828125)":30,"(Float16(0.948), 0.9582421875)":70},"64":{"(Float16(0.95), 0.9601953125)":13,"(Float16(0.05005), 0.060048828125)":1,"(Float16(0.415), 0.4250390625)":86},"90":{"(Float16(0.9487), 0.95873046875)":38,"(Float16(0.0503), 0.06029296875)":62},"4":{"(Float16(0.05035), 0.06035400390625)":63,"(Float16(0.949), 0.95921875)":37},"13":{"(Float16(0.05017), 0.0601708984375)":36,"(Float16(0.948), 0.9582421875)":64},"54":{"(Float16(0.948), 0.9582421875)":78,"(Float16(0.05), 0.05998779296875)":22},"63":{"(Float16(0.948), 0.9582421875)":76,"(Float16(0.05), 0.05998779296875)":24},"86":{"(Float16(0.0502), 0.060201416015625)":60,"(Float16(0.949), 0.95921875)":40},"91":{"(Float16(0.4202), 0.430166015625)":4,"(Float16(0.4412), 0.451162109375)":2,"(Float16(0.949), 0.95921875)":36,"(Float16(0.05), 0.05998779296875)":55,"(Float16(0.4639), 0.4738671875)":3},"62":{"(Float16(0.05002), 0.060018310546875)":34,"(Float16(0.949), 0.95921875)":66},"58":{"(Float16(0.9497), 0.95970703125)":31,"(Float16(0.05035), 0.06035400390625)":69},"52":{"(Float16(0.05035), 0.06035400390625)":41,"(Float16(0.507), 0.5168359375)":4,"(Float16(0.545), 0.554921875)":2,"(Float16(0.948), 0.9582421875)":51,"(Float16(0.5703), 0.5803125)":2},"12":{"(Float16(0.5137), 0.523671875)":73,"(Float16(0.05002), 0.060018310546875)":8,"(Float16(0.948), 0.9582421875)":19},"28":{"(Float16(0.05017), 0.0601708984375)":75,"(Float16(0.949), 0.95921875)":25},"75":{"(Float16(0.05002), 0.060018310546875)":29,"(Float16(0.949), 0.95921875)":70,"(Float16(0.4158), 0.425771484375)":1},"23":{"(Float16(0.05005), 0.060048828125)":51,"(Float16(0.948), 0.9582421875)":49},"92":{"(Float16(0.0503), 0.06029296875)":58,"(Float16(0.948), 0.9582421875)":42},"41":{"(Float16(0.05002), 0.060018310546875)":33,"(Float16(0.948), 0.9582421875)":67},"43":{"(Float16(0.949), 0.95921875)":66,"(Float16(0.05005), 0.060048828125)":34},"11":{"(Float16(0.542), 0.5519921875)":2,"(Float16(0.9487), 0.95873046875)":53,"(Float16(0.5293), 0.539296875)":2,"(Float16(0.05008), 0.060079345703125)":43},"36":{"(Float16(0.9487), 0.95873046875)":27,"(Float16(0.05023), 0.06023193359375)":73},"68":{"(Float16(0.05002), 0.060018310546875)":27,"(Float16(0.9478), 0.95775390625)":73},"69":{"(Float16(0.3787), 0.388662109375)":2,"(Float16(0.05005), 0.060048828125)":39,"(Float16(0.948), 0.9582421875)":59},"98":{"(Float16(0.546), 0.5558984375)":4,"(Float16(0.6045), 0.6144921875)":4,"(Float16(0.567), 0.57689453125)":2,"(Float16(0.05005), 0.060048828125)":34,"(Float16(0.9478), 0.95775390625)":56},"82":{"(Float16(0.9487), 0.95873046875)":31,"(Float16(0.5884), 0.59837890625)":1,"(Float16(0.0505), 0.060506591796875)":68},"85":{"(Float16(0.948), 0.9582421875)":63,"(Float16(0.05014), 0.060140380859375)":37},"39":{"(Float16(0.05002), 0.060018310546875)":53,"(Float16(0.949), 0.95921875)":44,"(Float16(0.502), 0.511953125)":3},"84":{"(Float16(0.05), 0.05998779296875)":52,"(Float16(0.9473), 0.957265625)":48},"77":{"(Float16(0.0501), 0.06010986328125)":51,"(Float16(0.948), 0.9582421875)":49},"7":{"(Float16(0.949), 0.95921875)":51,"(Float16(0.4795), 0.4894921875)":3,"(Float16(0.05), 0.05998779296875)":46},"25":{"(Float16(0.948), 0.9582421875)":75,"(Float16(0.05), 0.05998779296875)":25},"95":{"(Float16(0.949), 0.95921875)":47,"(Float16(0.05005), 0.060048828125)":50,"(Float16(0.4106), 0.42064453125)":3},"71":{"(Float16(0.95), 0.9601953125)":25,"(Float16(0.05026), 0.060262451171875)":75},"66":{"(Float16(0.4363), 0.446279296875)":1,"(Float16(0.948), 0.9582421875)":57,"(Float16(0.05014), 0.060140380859375)":42},"76":{"(Float16(0.949), 0.95921875)":29,"(Float16(0.05023), 0.06023193359375)":71},"34":{"(Float16(0.5195), 0.52953125)":1,"(Float16(0.0504), 0.0604150390625)":55,"(Float16(0.948), 0.9582421875)":44},"50":{"(Float16(0.05002), 0.060018310546875)":30,"(Float16(0.9478), 0.95775390625)":70},"59":{"(Float16(0.418), 0.42796875)":2,"(Float16(0.949), 0.95921875)":42,"(Float16(0.05005), 0.060048828125)":54,"(Float16(0.5215), 0.531484375)":2},"93":{"(Float16(0.05026), 0.060262451171875)":74,"(Float16(0.949), 0.95921875)":26},"2":{"(Float16(0.05005), 0.060048828125)":39,"(Float16(0.9478), 0.95775390625)":61},"10":{"(Float16(0.9487), 0.95873046875)":57,"(Float16(0.0503), 0.06029296875)":43},"18":{"(Float16(0.95), 0.9601953125)":31,"(Float16(0.05026), 0.060262451171875)":69},"26":{"(Float16(0.948), 0.9582421875)":73,"(Float16(0.05), 0.05998779296875)":27},"27":{"(Float16(0.0503), 0.06029296875)":53,"(Float16(0.587), 0.5969140625)":1,"(Float16(0.9478), 0.95775390625)":46},"42":{"(Float16(0.05002), 0.060018310546875)":47,"(Float16(0.949), 0.95921875)":53},"87":{"(Float16(0.9487), 0.95873046875)":57,"(Float16(0.05017), 0.0601708984375)":43},"100":{"(Float16(0.05017), 0.0601708984375)":56,"(Float16(0.483), 0.49291015625)":1,"(Float16(0.948), 0.9582421875)":43},"79":{"(Float16(0.05032), 0.060323486328125)":79,"(Float16(0.9497), 0.95970703125)":19,"(Float16(0.6396), 0.6496484375)":2},"16":{"(Float16(0.9487), 0.95873046875)":45,"(Float16(0.05048), 0.06047607421875)":54,"(Float16(0.538), 0.5480859375)":1},"20":{"(Float16(0.05008), 0.060079345703125)":55,"(Float16(0.949), 0.95921875)":45},"81":{"(Float16(0.4907), 0.50072265625)":3,"(Float16(0.949), 0.95921875)":41,"(Float16(0.05), 0.05998779296875)":56},"19":{"(Float16(0.9487), 0.95873046875)":35,"(Float16(0.0501), 0.06010986328125)":63,"(Float16(0.6143), 0.6242578125)":2},"49":{"(Float16(0.4307), 0.4406640625)":1,"(Float16(0.9487), 0.95873046875)":44,"(Float16(0.05), 0.05998779296875)":55},"44":{"(Float16(0.0503), 0.06029296875)":73,"(Float16(0.949), 0.95921875)":27},"9":{"(Float16(0.9497), 0.95970703125)":39,"(Float16(0.05023), 0.06023193359375)":61},"31":{"(Float16(0.0501), 0.06010986328125)":39,"(Float16(0.9478), 0.95775390625)":61},"74":{"(Float16(0.05008), 0.060079345703125)":47,"(Float16(0.949), 0.95921875)":51,"(Float16(0.4885), 0.498525390625)":2},"61":{"(Float16(0.4897), 0.49974609375)":2,"(Float16(0.05008), 0.060079345703125)":39,"(Float16(0.438), 0.44798828125)":2,"(Float16(0.948), 0.9582421875)":57},"29":{"(Float16(0.05), 0.05998779296875)":27,"(Float16(0.9473), 0.957265625)":73},"94":{"(Float16(0.3772), 0.387197265625)":2,"(Float16(0.0501), 0.06010986328125)":52,"(Float16(0.949), 0.95921875)":44,"(Float16(0.3975), 0.4074609375)":2},"46":{"(Float16(0.5586), 0.56859375)":2,"(Float16(0.609), 0.61888671875)":2,"(Float16(0.05035), 0.06035400390625)":54,"(Float16(0.948), 0.9582421875)":42},"57":{"(Float16(0.05008), 0.060079345703125)":62,"(Float16(0.54), 0.5500390625)":2,"(Float16(0.948), 0.9582421875)":34,"(Float16(0.64), 0.65013671875)":2},"70":{"(Float16(0.433), 0.44310546875)":2,"(Float16(0.0501), 0.06010986328125)":44,"(Float16(0.4902), 0.500234375)":2,"(Float16(0.948), 0.9582421875)":52},"21":{"(Float16(0.05008), 0.060079345703125)":43,"(Float16(0.949), 0.95921875)":54,"(Float16(0.4038), 0.41380859375)":3},"38":{"(Float16(0.05005), 0.060048828125)":60,"(Float16(0.948), 0.9582421875)":40},"88":{"(Float16(0.05038), 0.060384521484375)":66,"(Float16(0.948), 0.9582421875)":34},"78":{"(Float16(0.0502), 0.060201416015625)":77,"(Float16(0.949), 0.95921875)":23},