{"5":{"(Float16(0.0007668), Float16(0.3008))":46,"(Float16(0.698), Float16(0.998))":54},"56":{"(Float16(0.59), Float16(0.8896))":59,"(Float16(0.000703), Float16(0.3008))":41},"35":{"(Float16(0.000842), Float16(0.3008))":41,"(Float16(0.705), Float16(1.005))":59},"55":{"(Float16(0.00089), Float16(0.3008))":39,"(Float16(0.6465), Float16(0.9463))":61},"60":{"(Float16(0.676), Float16(0.9756))":69,"(Float16(0.0007687), Float16(0.3008))":31},"30":{"(Float16(0.000741), Float16(0.3008))":45,"(Float16(0.754), Float16(1.054))":55},"32":{"(Float16(0.75), Float16(1.05))":43,"(Float16(0.000663), Float16(0.3008))":57},"6":{"(Float16(0.6865), Float16(0.9863))":60,"(Float16(0.000683), Float16(0.3008))":40},"67":{"(Float16(0.0007997), Float16(0.3008))":39,"(Float16(0.708), Float16(1.008))":61},"45":{"(Float16(0.74), Float16(1.04))":42,"(Float16(0.0008273), Float16(0.3008))":58},"73":{"(Float16(0.6807), Float16(0.9805))":65,"(Float16(0.0007434), Float16(0.3008))":35},"64":{"(Float16(0.0006294), Float16(0.3005))":36,"(Float16(0.6904), Float16(0.99))":64},"90":{"(Float16(0.0007124), Float16(0.3008))":43,"(Float16(0.709), Float16(1.009))":57},"4":{"(Float16(0.71), Float16(1.01))":55,"(Float16(0.00093), Float16(0.301))":45},"13":{"(Float16(0.0008483), Float16(0.3008))":43,"(Float16(0.7188), Float16(1.019))":57},"54":{"(Float16(0.000989), Float16(0.301))":39,"(Float16(0.6465), Float16(0.9463))":61},"63":{"(Float16(0.0007734), Float16(0.3008))":45,"(Float16(0.673), Float16(0.9727))":55},"86":{"(Float16(0.0011425), Float16(0.301))":37,"(Float16(0.6426), Float16(0.9424))":63},"91":{"(Float16(0.712), Float16(1.012))":60,"(Float16(0.000739), Float16(0.3008))":40},"62":{"(Float16(0.676), Float16(0.9756))":46,"(Float16(0.000986), Float16(0.301))":54},"58":{"(Float16(0.55), Float16(0.8496))":71,"(Float16(0.000725), Float16(0.3008))":29},"52":{"(Float16(0.0009284), Float16(0.301))":39,"(Float16(0.6816), Float16(0.9814))":61},"12":{"(Float16(0.000619), Float16(0.3005))":40,"(Float16(0.701), Float16(1.001))":60},"28":{"(Float16(0.00056), Float16(0.3005))":57,"(Float16(0.8), Float16(1.1))":43},"75":{"(Float16(0.6807), Float16(0.9805))":66,"(Float16(0.0008388), Float16(0.3008))":34},"23":{"(Float16(0.000743), Float16(0.3008))":38,"(Float16(0.6406), Float16(0.9404))":62},"92":{"(Float16(0.0007772), Float16(0.3008))":39,"(Float16(0.714), Float16(1.014))":61},"41":{"(Float16(0.664), Float16(0.964))":67,"(Float16(0.0008125), Float16(0.3008))":33},"43":{"(Float16(0.000806), Float16(0.3008))":30,"(Float16(0.625), Float16(0.925))":70},"11":{"(Float16(0.702), Float16(1.002))":48,"(Float16(0.0009108), Float16(0.301))":52},"36":{"(Float16(0.6963), Float16(0.996))":65,"(Float16(0.0009413), Float16(0.301))":35},"68":{"(Float16(0.6963), Float16(0.996))":58,"(Float16(0.000607), Float16(0.3005))":42},"69":{"(Float16(0.0006447), Float16(0.3005))":45,"(Float16(0.749), Float16(1.049))":55},"98":{"(Float16(0.669), Float16(0.9688))":68,"(Float16(0.00091), Float16(0.301))":32},"82":{"(Float16(0.0008454), Float16(0.3008))":52,"(Float16(0.7236), Float16(1.023))":48},"85":{"(Float16(0.698), Float16(0.998))":49,"(Float16(0.000696), Float16(0.3008))":51},"39":{"(Float16(0.8037), Float16(1.104))":43,"(Float16(0.000555), Float16(0.3005))":57},"84":{"(Float16(0.744), Float16(1.044))":58,"(Float16(0.000839), Float16(0.3008))":42},"77":{"(Float16(0.0008516), Float16(0.3008))":61,"(Float16(0.742), Float16(1.042))":39},"7":{"(Float16(0.71), Float16(1.01))":53,"(Float16(0.000836), Float16(0.3008))":47},"25":{"(Float16(0.000844), Float16(0.3008))":39,"(Float16(0.698), Float16(0.998))":61},"95":{"(Float16(0.6973), Float16(0.997))":61,"(Float16(0.000548), Float16(0.3005))":39},"71":{"(Float16(0.0009623), Float16(0.301))":50,"(Float16(0.7803), Float16(1.08))":50},"66":{"(Float16(0.0007772), Float16(0.3008))":30,"(Float16(0.6367), Float16(0.9365))":70},"76":{"(Float16(0.000883), Float16(0.3008))":65,"(Float16(0.789), Float16(1.089))":35},"34":{"(Float16(0.71), Float16(1.01))":60,"(Float16(0.0009227), Float16(0.301))":40},"50":{"(Float16(0.0009117), Float16(0.301))":56,"(Float16(0.7695), Float16(1.069))":44},"59":{"(Float16(0.7256), Float16(1.025))":69,"(Float16(0.0007977), Float16(0.3008))":31},"93":{"(Float16(0.745), Float16(1.045))":55,"(Float16(0.001135), Float16(0.301))":45},"2":{"(Float16(0.6807), Float16(0.9805))":57,"(Float16(0.000967), Float16(0.301))":43},"10":{"(Float16(0.000886), Float16(0.3008))":32,"(Float16(0.677), Float16(0.9766))":68},"18":{"(Float16(0.001158), Float16(0.3013))":48,"(Float16(0.7246), Float16(1.024))":52},"26":{"(Float16(0.000554), Float16(0.3005))":49,"(Float16(0.6963), Float16(0.996))":51},"27":{"(Float16(0.000824), Float16(0.3008))":41,"(Float16(0.705), Float16(1.005))":59},"42":{"(Float16(0.001274), Float16(0.3013))":26,"(Float16(0.6543), Float16(0.954))":74},"87":{"(Float16(0.000614), Float16(0.3005))":36,"(Float16(0.666), Float16(0.966))":64},"100":{"(Float16(0.6875), Float16(0.9873))":67,"(Float16(0.0012455), Float16(0.3013))":33},"79":{"(Float16(0.000534), Float16(0.3005))":34,"(Float16(0.6875), Float16(0.9873))":66},"16":{"(Float16(0.0005555), Float16(0.3005))":62,"(Float16(0.7676), Float16(1.067))":38},"20":{"(Float16(0.000974), Float16(0.301))":45,"(Float16(0.663), Float16(0.963))":55},"81":{"(Float16(0.000597), Float16(0.3005))":41,"(Float16(0.6494), Float16(0.949))":59},"19":{"(Float16(0.0005484), Float16(0.3005))":25,"(Float16(0.5947), Float16(0.8945))":75},"49":{"(Float16(0.755), Float16(1.055))":36,"(Float16(0.0007496), Float16(0.3008))":64},"44":{"(Float16(0.795), Float16(1.095))":40,"(Float16(0.0008807), Float16(0.3008))":60},"9":{"(Float16(0.7393), Float16(1.039))":52,"(Float16(0.000822), Float16(0.3008))":48},"31":{"(Float16(0.00058), Float16(0.3005))":36,"(Float16(0.615), Float16(0.915))":64},"74":{"(Float16(0.706), Float16(1.006))":67,"(Float16(0.0009413), Float16(0.301))":33},"61":{"(Float16(0.749), Float16(1.049))":48,"(Float16(0.0008736), Float16(0.3008))":52},"29":{"(Float16(0.0005674), Float16(0.3005))":37,"(Float16(0.6885), Float16(0.9883))":63},"94":{"(Float16(0.0006886), Float16(0.3008))":51,"(Float16(0.6494), Float16(0.949))":49},"46":{"(Float16(0.000919), Float16(0.301))":47,"(Float16(0.668), Float16(0.968))":53},"57":{"(Float16(0.6455), Float16(0.9453))":64,"(Float16(0.0012865), Float16(0.3013))":36},"70":{"(Float16(0.6006), Float16(0.9004))":74,"(Float16(0.000641), Float16(0.3005))":26},"21":{"(Float16(0.0008183), Float16(0.3008))":67,"(Float16(0.79), Float16(1.09))":33},"38":{"(Float16(0.000727), Float16(0.3008))":30,"(Float16(0.6426), Float16(0.9424))":70},"88":{"(Float16(0.7646), Float16(1.064))":51,"(Float16(0.000927), Float16(0.301))":49},"78":{"(Float16(0.000734), Float16(0.3008))":32,"(Float16(0.6484), Float16(0.948))":68},"72":{"(Float16(0.000783), Float16(0.3008))":69,"(Float16(0.791), Float16(1.091))":31},"24":{"(Float16(0.0006175), Float16(0.3005))":38,"(Float16(0.6416), Float16(0.9414))":62},"8":{"(Float16(0.713), Float16(1.013))":63,"(Float16(0.000965), Float16(0.301))":37},"17":{"(Float16(0.711), Float16(1.011))":57,"(Float16(0.000662), Float16(0.3008))":43},"37":{"(Float16(0.000988), Float16(0.301))":44,"(Float16(0.745), Float16(1.045))":56},"1":{"(Float16(0.6855), Float16(0.9854))":73,"(Float16(0.0007625), Float16(0.3008))":27},"53":{"(Float16(0.6455), Float16(0.9453))":54,"(Float16(0.00066), Float16(0.3008))":46},"22":{"(Float16(0.000696), Float16(0.3008))":28,"(Float16(0.578), Float16(0.878))":72},"47":{"(Float16(0.0011425), Float16(0.301))":30,"(Float16(0.6426), Float16(0.9424))":70},"83":{"(Float16(0.000948), Float16(0.301))":45,"(Float16(0.672), Float16(0.9717))":55},"99":{"(Float16(0.6865), Float16(0.9863))":52,"(Float16(0.001011), Float16(0.301))":48},"89":{"(Float16(0.0008173), Float16(0.3008))":52,"(Float16(0.7676), Float16(1.067))":48},"14":{"(Float16(0.0008516), Float16(0.3008))":47,"(Float16(0.7236), Float16(1.023))":53},"3":{"(Float16(0.000984), Float16(0.301))":36,"(Float16(0.6562), Float16(0.956))":64},