{"1":{"(Float16(0.4995), Float16(0.7993))":40,"(Float16(0.05), Float16(0.35))":34,"(Float16(0.949), Float16(1.249))":26},"2":{"(Float16(0.05005), Float16(0.35))":37,"(Float16(0.4985), Float16(0.7983))":33,"(Float16(0.9473), Float16(1.247))":30},"3":{"(Float16(0.5005), Float16(0.8003))":57,"(Float16(0.05005), Float16(0.35))":19,"(Float16(0.948), Float16(1.248))":24}}