{"5":[0.00146,0.6143,0.6143,0.6143,0.6143,0.6143,0.0008717,0.6143,0.6143,0.001148,0.00146,0.6143,0.6143,0.6143,0.6143,0.6143,0.0001134,0.6143,0.0007653,0.6143,0.6143,0.6143,0.6143,0.001089,0.0006795,0.6143,0.6143,0.6143,0.001378,0.6143,0.6143,0.6143,0.6143,0.6143,0.6143,0.6143,0.6143,0.6143,0.6143,0.000888,0.6143,0.000689,0.6143,0.6143,0.6143,0.6143,0.6143,0.001042,0.6143,0.6143,0.000373,0.6143,0.6143,0.6143,0.6143,0.6143,0.6143,0.6143,0.6143,0.6143,0.6143,0.6143,0.6143,0.001089,0.6143,0.001205,0.6143,0.6143,0.6143,0.001677,0.6143,0.6143,0.6143,0.6143,0.0004635,0.6143,0.6143,0.6143,0.6143,0.6143,0.6143,0.6143,0.00056,0.6143,0.6143,0.0006843,0.6143,0.6143,0.001578,0.6143,0.0008717,0.6143,0.000662,0.6143,0.6143,0.000574,0.6143,0.6143,0.000888,0.00028],"4":[0.703,0.000966,0.0001714,0.703,0.000384,0.703,0.703,0.0005684,0.703,0.703,0.703,0.0009675,0.703,0.0006967,0.0008664,0.703,0.703,0.703,0.703,0.000247,0.0003474,0.703,0.703,0.000431,0.703,0.703,0.000745,0.000494,0.0005703,0.0009675,0.703,0.001355,0.703,0.0004508,0.0002475,0.703,0.000506,0.703,0.703,0.001322,0.703,0.703,0.0004768,0.703,0.000482,0.703,0.001003,0.703,0.703,0.000209,0.703,0.000745,0.703,0.703,0.703,0.703,0.0002735,0.703,0.703,0.0004208,0.000351,0.703,0.703,0.000661,0.0002823,0.000721,0.703,0.703,0.703,0.703,0.703,0.000827,0.703,0.703,0.703,0.703,0.703,0.703,0.703,0.703,0.0002842,0.703,0.703,0.0004208,0.0003474,0.703,0.703,0.0004768,0.001003,0.703,0.703,0.703,0.703,0.000862,0.703,0.703,0.703,0.703,0.703,0.0002165],"6":[0.6533,0.6533,0.6533,0.000837,0.6533,0.000412,0.6533,0.6533,0.0003886,0.6533,0.6533,0.6533,0.0005717,0.6533,0.6533,0.000929,0.0008526,0.00029,0.6533,0.6533,0.000638,0.6533,0.6533,0.0002323,0.6533,0.6533,0.6533,0.6533,0.0005193,0.0002763,0.0004025,0.6533,0.6533,0.0002913,0.0002913,0.00036,0.6533,0.0006046,0.6533,0.6533,0.0003095,0.0004644,0.6533,0.000555,0.0005813,0.6533,0.6533,0.0004025,0.000837,0.6533,0.000804,0.6533,0.6533,0.6533,0.000592,0.00066,0.0001943,0.0002842,0.6533,0.0008526,0.6533,0.6533,0.000804,0.6533,0.6533,0.6533,0.6533,0.000745,0.6533,0.6533,0.6533,0.0005274,0.6533,0.0005193,0.6533,0.000296,0.6533,0.6533,0.6533,0.0005684,0.6533,0.6533,0.6533,0.6533,0.0004115,0.00066,0.0004647,0.6533,0.6533,0.6533,0.6533,0.0003724,0.000536,0.6533,0.6533,0.6533,0.0004115,0.6533,0.6533,0.6533],"7":[0.6973,0.6973,0.6973,0.6973,0.6973,0.001214,0.0004935,0.6973,0.6973,0.6973,0.6973,0.000536,0.0003138,0.6973,0.0004258,0.6973,0.6973,0.000996,0.6973,0.6973,0.6973,0.6973,0.000161,0.6973,0.00083,0.6973,0.6973,0.000736,0.6973,0.001055,0.000497,0.6973,0.6973,0.000483,0.6973,0.6973,0.6973,0.000837,0.0003695,0.0003061,0.6973,0.6973,0.0004258,0.00083,0.0002396,0.0001345,0.0004857,0.6973,0.000498,0.6973,0.6973,0.001033,0.0002522,0.001015,0.0003443,0.0007153,0.0003648,0.000368,0.6973,0.6973,0.000483,0.6973,0.0007153,0.6973,0.6973,0.0003536,0.6973,0.6973,0.6973,0.6973,0.6973,0.6973,0.6973,0.000268,0.6973,0.6973,0.000619,0.000426,0.000633,0.6973,0.0001531,0.6973,0.6973,0.6973,0.6973,0.6973,0.000459,0.6973,0.0002211,0.6973,0.0002475,0.0004184,0.6973,0.6973,0.0009584,0.6973,0.0002339,0.0004578,0.6973,0.6973],"2":[0.001123,0.000727,0.74,0.0010395,0.74,0.000862,0.001087,0.74,0.001411,0.000945,0.0004406,0.000969,0.74,0.000918,0.001005,0.0008855,0.0007505,0.000578,0.74,0.74,0.74,0.74,0.74,0.000825,0.0008507,0.000741,0.74,0.0007944,0.001215,0.001022,0.001684,0.0015,0.0007477,0.74,0.74,0.001314,0.74,0.0004208,0.001218,0.74,0.0004058,0.74,0.00066,0.001043,0.0005198,0.74,0.74,0.000988,0.001123,0.74,0.74,0.000841,0.74,0.74,0.74,0.74,0.0007844,0.000578,0.74,0.001394,0.74,0.00107,0.000969,0.001567,0.000761,0.74,0.0007944,0.000656,0.001289,0.0004206,0.000825,0.0004725,0.000918,0.0004187,0.0006337,0.74,0.74,0.74,0.74,0.0005035,0.74,0.74,0.74,0.000881,0.0006886,0.74,0.000998,0.74,0.0003443,0.0006433,0.0003636,0.74,0.001314,0.74,0.000494,0.0001678,0.0008373,0.000998,0.001228,0.74],"10":[0.708,0.708,0.002306,0.0008583,0.708,0.000763,0.708,0.708,0.708,0.708,0.0007687,0.708,0.708,0.000716,0.708,0.708,0.708,0.708,0.708,0.0003595,0.708,0.708,0.708,0.000974,0.000722,0.708,0.708,0.001244,0.708,0.708,0.708,0.000634,0.001431,0.708,0.0004177,0.708,0.708,0.708,0.0005035,0.708,0.708,0.708,0.001244,0.000612,0.000805,0.708,0.708,0.708,0.0007195,0.708,0.708,0.708,0.0019,0.0007687,0.000534,0.708,0.708,0.000805,0.708,0.000617,0.0003812,0.001183,0.708,0.708,0.0004292,0.708,0.001703,0.708,0.708,0.708,0.000974,0.001143,0.708,0.708,0.708,0.001534,0.708,0.0003045,0.708,0.0009093,0.000826,0.708,0.000767,0.708,0.708,0.708,0.708,0.0007463,0.000612,0.708,0.00081,0.708,0.708,0.708,0.0003731,0.0005517,0.708,0.708,0.708,0.708],"9":[0.6475,0.6475,0.6475,0.6475,0.00073,0.6475,0.000722,0.6475,0.000515,0.001171,0.000754,0.001012,0.0005417,0.6475,0.6475,0.0009127,0.6475,0.000667,0.6475,0.6475,0.6475,0.6475,0.00105,0.6475,0.6475,0.0009565,0.6475,0.6475,0.001001,0.001371,0.6475,0.6475,0.001015,0.001015,0.00125,0.0009723,0.0008316,0.001489,0.6475,0.00146,0.6475,0.000491,0.001358,0.6475,0.000829,0.6475,0.001198,0.6475,0.000717,0.0005026,0.6475,0.000984,0.001238,0.6475,0.000763,0.0002513,0.0007496,0.6475,0.000296,0.000829,0.6475,0.0007715,0.6475,0.6475,0.0002675,0.6475,0.6475,0.0008755,0.0007544,0.000506,0.000525,0.0003586,0.000763,0.6475,0.000882,0.6475,0.6475,0.0008755,0.000754,0.6475,0.6475,0.0007343,0.0007544,0.6475,0.0012455,0.00083,0.00083,0.6475,0.6475,0.0012455,0.0003397,0.00116,0.000959,0.001123,0.000984,0.0007343,0.6475,0.6475,0.6475,0.001001],"8":[0.6973,0.6973,0.6973,0.6973,0.0004272,0.6973,0.0008516,0.6973,0.6973,0.6973,0.001196,0.6973,0.6973,0.6973,0.002077,0.6973,0.002144,0.6973,0.000531,0.6973,0.6973,0.6973,0.000738,0.0009313,0.6973,0.6973,0.001118,0.00161,0.000846,0.6973,0.001692,0.6973,0.6973,0.00108,0.0002193,0.001551,0.001334,0.0004134,0.6973,0.6973,0.6973,0.001077,0.6973,0.6973,0.6973,0.00108,0.0004027,0.000636,0.6973,0.6973,0.001167,0.001099,0.6973,0.6973,0.6973,0.6973,0.0014515,0.6973,0.6973,0.001167,0.6973,0.000678,0.6973,0.6973,0.6973,0.6973,0.6973,0.6973,0.6973,0.6973,0.001334,0.000982,0.6973,0.6973,0.0006223,0.6973,0.6973,0.6973,0.6973,0.001476,0.001099,0.6973,0.0004425,0.6973,0.0008054,0.6973,0.000636,0.6973,0.6973,0.6973,0.6973,0.000656,0.001196,0.001517,0.6973,0.6973,0.6973,0.000965,0.6973,0.001356],"3":[0.713,0.001358,0.0007973,0.713,0.713,0.000745,0.713,0.0003865,0.001221,0.713,0.713,0.713,0.713,0.001303,0.001207,0.0007253,0.713,0.713,0.713,0.000706,0.713,0.0003626,0.000602,0.001703,0.713,0.001209,0.713,0.0007215,0.000491,0.713,0.713,0.0004883,0.000654,0.713,0.713,0.713,0.713,0.0007277,0.713,0.000976,0.713,0.000629,0.713,0.001019,0.001242,0.0009046,0.713,0.0007834,0.0006595,0.713,0.0003865,0.713,0.000845,0.000341,0.0009046,0.001183,0.0003724,0.0009303,0.713,0.0003986,0.0009146,0.0004635,0.713,0.713,0.000514,0.0004635,0.713,0.713,0.001209,0.001036,0.000902,0.000944,0.0007806,0.713,0.713,0.000835,0.713,0.0003853,0.713,0.001221,0.0002052,0.713,0.0004573,0.000518,0.713,0.713,0.713,0.001242,0.000835,0.713,0.001207,0.0003638,0.713,0.000491,0.713,0.0007806,0.0009303,0.0002751,0.713,0.713],"1":[0.0004628,0.7783,0.7783,0.0008707,0.7783,0.7783,0.7783,0.001308,0.001347,0.7783,0.0005245,0.000309,0.7783,0.000969,0.001308,0.7783,0.000968,0.0009146,0.0013485,0.0001545,0.000783,0.7783,0.0008707,0.001098,0.00119,0.7783,0.7783,0.000999,0.0006733,0.001995,0.000637,0.00139,0.7783,0.7783,0.7783,0.7783,0.7783,0.000825,0.7783,0.0007334,0.001221,0.001837,0.0006742,0.000969,0.000695,0.7783,0.7783,0.0004034,0.7783,0.0008416,0.7783,0.000755,0.7783,0.000755,0.7783,0.000988,0.0007215,0.0013485,0.000869,0.7783,0.7783,0.000869,0.0007906,0.7783,0.001066,0.00119,0.0009146,0.001505,0.7783,0.000586,0.0004125,0.7783,0.7783,0.7783,0.7783,0.001598,0.000638,0.0006375,0.7783,0.000638,0.7783,0.001066,0.7783,0.0009255,0.7783,0.7783,0.0005245,0.7783,0.000748,0.7783,0.001067,0.7783,0.000968,0.001225,0.0003188,0.7783,0.7783,0.000748,0.0005684,0.001067]}