{"1":{"(Float16(0.6055), Float16(0.7056))":10,"(Float16(0.722), Float16(0.8223))":14,"(Float16(0.04977), Float16(0.1498))":15,"(Float16(0.3037), Float16(0.4038))":31,"(Float16(0.4976), Float16(0.5977))":15,"(Float16(0.948), Float16(1.048))":12,"(Float16(0.837), Float16(0.937))":3},"2":{"(Float16(0.628), Float16(0.728))":19,"(Float16(0.2925), Float16(0.3926))":9,"(Float16(0.95), Float16(1.05))":18,"(Float16(0.7656), Float16(0.8657))":7,"(Float16(0.1589), Float16(0.259))":18,"(Float16(0.04987), Float16(0.1499))":15,"(Float16(0.4985), Float16(0.5986))":14},"3":{"(Float16(0.3857), Float16(0.4858))":2,"(Float16(0.95), Float16(1.05))":19,"(Float16(0.8247), Float16(0.925))":2,"(Float16(0.2195), Float16(0.3196))":15,"(Float16(0.604), Float16(0.704))":13,"(Float16(0.05017), Float16(0.1501))":15,"(Float16(0.499), Float16(0.599))":22,"(Float16(0.716), Float16(0.816))":12}}