{"5":{"(Float16(0.4668), Float16(0.7666))":100},"56":{"(Float16(0.3008), Float16(0.6006))":57,"(Float16(0.6465), Float16(0.9463))":41,"(Float16(0.9473), Float16(1.247))":2},"55":{"(Float16(0.006927), Float16(0.307))":20,"(Float16(0.31), Float16(0.61))":6,"(Float16(0.691), Float16(0.9907))":74},"35":{"(Float16(0.3962), Float16(0.6963))":77,"(Float16(0.757), Float16(1.057))":23},"60":{"(Float16(0.2039), Float16(0.504))":47,"(Float16(0.602), Float16(0.902))":53},"30":{"(Float16(0.326), Float16(0.626))":10,"(Float16(0.742), Float16(1.042))":61,"(Float16(0.02261), Float16(0.3225))":29},"32":{"(Float16(0.498), Float16(0.798))":100},"6":{"(Float16(0.5664), Float16(0.866))":87,"(Float16(0.0654), Float16(0.3655))":13},"67":{"(Float16(0.6953), Float16(0.995))":54,"(Float16(0.1393), Float16(0.4392))":46},"45":{"(Float16(0.584), Float16(0.884))":89,"(Float16(0.0928), Float16(0.3928))":11},"73":{"(Float16(0.0417), Float16(0.3418))":28,"(Float16(0.712), Float16(1.012))":70,"(Float16(0.3718), Float16(0.672))":2},"64":{"(Float16(0.794), Float16(1.094))":3,"(Float16(0.4526), Float16(0.7524))":97},"90":{"(Float16(0.4731), Float16(0.773))":100},"4":{"(Float16(0.6743), Float16(0.974))":32,"(Float16(0.3257), Float16(0.6255))":68},"13":{"(Float16(0.744), Float16(1.044))":53,"(Float16(0.135), Float16(0.435))":47},"54":{"(Float16(0.3333), Float16(0.6333))":79,"(Float16(0.7207), Float16(1.0205))":21},"63":{"(Float16(0.883), Float16(1.183))":11,"(Float16(0.486), Float16(0.786))":84,"(Float16(0.0374), Float16(0.3374))":5},"86":{"(Float16(0.02611), Float16(0.3262))":29,"(Float16(0.6445), Float16(0.9443))":71},"91":{"(Float16(0.5625), Float16(0.8623))":86,"(Float16(0.1589), Float16(0.459))":14},"62":{"(Float16(0.649), Float16(0.9487))":58,"(Float16(0.2515), Float16(0.5513))":42},"58":{"(Float16(0.0936), Float16(0.3936))":31,"(Float16(0.677), Float16(0.9766))":69},"52":{"(Float16(0.4905), Float16(0.7905))":100},"12":{"(Float16(0.498), Float16(0.798))":97,"(Float16(0.831), Float16(1.131))":3},"28":{"(Float16(0.1855), Float16(0.4856))":51,"(Float16(0.752), Float16(1.052))":49},"75":{"(Float16(0.0832), Float16(0.3833))":6,"(Float16(0.8877), Float16(1.1875))":7,"(Float16(0.4658), Float16(0.7656))":87},"23":{"(Float16(0.6826), Float16(0.9824))":30,"(Float16(0.3213), Float16(0.621))":70},"92":{"(Float16(0.588), Float16(0.8877))":90,"(Float16(0.08594), Float16(0.386))":10},"41":{"(Float16(0.412), Float16(0.712))":83,"(Float16(0.8467), Float16(1.146))":16,"(Float16(0.0901), Float16(0.3901))":1},"43":{"(Float16(0.955), Float16(1.255))":1,"(Float16(0.5107), Float16(0.8105))":99},"69":{"(Float16(0.592), Float16(0.8916))":85,"(Float16(0.0945), Float16(0.3945))":15},"11":{"(Float16(0.548), Float16(0.8477))":96,"(Float16(0.0232), Float16(0.3232))":3,"(Float16(0.8604), Float16(1.16))":1},"68":{"(Float16(0.628), Float16(0.9277))":47,"(Float16(0.283), Float16(0.583))":53},"98":{"(Float16(0.8154), Float16(1.115))":7,"(Float16(0.442), Float16(0.7417))":93},"36":{"(Float16(0.4775), Float16(0.7773))":95,"(Float16(0.03625), Float16(0.3362))":2,"(Float16(0.878), Float16(1.178))":3},"82":{"(Float16(0.4985), Float16(0.7983))":100},"85":{"(Float16(0.4673), Float16(0.767))":100},"39":{"(Float16(0.484), Float16(0.7837))":98,"(Float16(0.03613), Float16(0.3362))":2},"84":{"(Float16(0.1963), Float16(0.4963))":52,"(Float16(0.7637), Float16(1.063))":48},"77":{"(Float16(0.1298), Float16(0.4297))":1,"(Float16(0.4546), Float16(0.7544))":92,"(Float16(0.876), Float16(1.176))":7},"7":{"(Float16(0.7944), Float16(1.095))":7,"(Float16(0.4536), Float16(0.7534))":91,"(Float16(0.049), Float16(0.349))":2},"25":{"(Float16(0.4854), Float16(0.785))":100},"95":{"(Float16(0.1521), Float16(0.4521))":1,"(Float16(0.541), Float16(0.841))":99},"71":{"(Float16(0.919), Float16(1.219))":3,"(Float16(0.5186), Float16(0.8184))":93,"(Float16(0.01892), Float16(0.3188))":4},"66":{"(Float16(0.386), Float16(0.686))":83,"(Float16(0.768), Float16(1.068))":17},"76":{"(Float16(0.7207), Float16(1.0205))":31,"(Float16(0.332), Float16(0.632))":69},"93":{"(Float16(0.666), Float16(0.966))":41,"(Float16(0.3196), Float16(0.6196))":59},"50":{"(Float16(0.4878), Float16(0.7876))":100},"59":{"(Float16(0.4673), Float16(0.767))":100},"34":{"(Float16(0.639), Float16(0.939))":31,"(Float16(0.3218), Float16(0.6216))":69},"2":{"(Float16(0.4846), Float16(0.7847))":99,"(Float16(0.996), Float16(1.296))":1},"27":{"(Float16(0.5127), Float16(0.8125))":100},"10":{"(Float16(0.2202), Float16(0.52))":35,"(Float16(0.575), Float16(0.875))":65},"26":{"(Float16(0.272), Float16(0.572))":63,"(Float16(0.812), Float16(1.112))":37},"18":{"(Float16(0.6543), Float16(0.954))":84,"(Float16(0.01793), Float16(0.3179))":16},"42":{"(Float16(0.927), Float16(1.227))":5,"(Float16(0.4834), Float16(0.783))":93,"(Float16(0.07043), Float16(0.3704))":2},"87":{"(Float16(0.04218), Float16(0.3423))":38,"(Float16(0.7344), Float16(1.034))":56,"(Float16(0.3433), Float16(0.643))":6},"100":{"(Float16(0.634), Float16(0.9336))":67,"(Float16(0.0796), Float16(0.3796))":33},"79":{"(Float16(0.891), Float16(1.191))":4,"(Float16(0.4575), Float16(0.7573))":95,"(Float16(0.05893), Float16(0.359))":1},"16":{"(Float16(0.4668), Float16(0.7666))":100},"81":{"(Float16(0.1118), Float16(0.4119))":48,"(Float16(0.7705), Float16(1.07))":52},"20":{"(Float16(0.544), Float16(0.8438))":100},"19":{"(Float16(0.1344), Float16(0.4343))":39,"(Float16(0.6777), Float16(0.9775))":61},"49":{"(Float16(0.5127), Float16(0.8125))":100},"44":{"(Float16(0.2625), Float16(0.5625))":44,"(Float16(0.6426), Float16(0.9424))":56},"31":{"(Float16(0.482), Float16(0.7817))":93,"(Float16(0.1146), Float16(0.4146))":3,"(Float16(0.8115), Float16(1.111))":4},"9":{"(Float16(0.897), Float16(1.197))":1,"(Float16(0.4326), Float16(0.7324))":99},"74":{"(Float16(0.6826), Float16(0.9824))":37,"(Float16(0.3013), Float16(0.601))":63},"61":{"(Float16(0.549), Float16(0.8486))":100},"29":{"(Float16(0.03918), Float16(0.339))":4,"(Float16(0.9272), Float16(1.228))":2,"(Float16(0.5146), Float16(0.8145))":94},"94":{"(Float16(0.5107), Float16(0.8105))":100},"46":{"(Float16(0.671), Float16(0.9707))":68,"(Float16(0.2327), Float16(0.5327))":32},"57":{"(Float16(0.9316), Float16(1.231))":3,"(Float16(0.5645), Float16(0.8643))":89,"(Float16(0.09644), Float16(0.3965))":8},"70":{"(Float16(0.03029), Float16(0.3303))":18,"(Float16(0.6035), Float16(0.9033))":82},"21":{"(Float16(0.5166), Float16(0.8164))":97,"(Float16(0.1353), Float16(0.4353))":3},"88":{"(Float16(0.7334), Float16(1.033))":55,"(Float16(0.1423), Float16(0.4424))":45},"38":{"(Float16(0.869), Float16(1.169))":6,"(Float16(0.475), Float16(0.775))":94},"78":{"(Float16(0.713), Float16(1.013))":58,"(Float16(0.1294), Float16(0.4294))":42},"72":{"(Float16(0.716), Float16(1.016))":59,"(Float16(0.1186), Float16(0.4187))":41},"24":{"(Float16(0.546), Float16(0.8457))":94,"(Float16(0.1501), Float16(0.4502))":6},"8":{"(Float16(0.544), Float16(0.8438))":93,"(Float16(0.09485), Float16(0.3948))":7},"17":{"(Float16(0.4858), Float16(0.7856))":100},"37":{"(Float16(0.538), Float16(0.838))":100},"1":{"(Float16(0.1938), Float16(0.494))":58,"(Float16(0.7744), Float16(1.074))":42},"53":{"(Float16(0.3408), Float16(0.6406))":78,"(Float16(0.688), Float16(0.988))":22},"22":{"(Float16(0.717), Float16(1.017))":25,"(Float16(0.401), Float16(0.7007))":74,"(Float16(0.0779), Float16(0.378))":1},"47":{"(Float16(0.2715), Float16(0.5713))":60,"(Float16(0.7637), Float16(1.063))":40},"83":{"(Float16(0.8477), Float16(1.147))":5,"(Float16(0.4956), Float16(0.7954))":95},"99":{"(Float16(0.645), Float16(0.945))":33,"(Float16(0.3218), Float16(0.6216))":67},"89":{"(Float16(0.4854), Float16(0.785))":85,"(Float16(0.05798), Float16(0.358))":8,"(Float16(0.9033), Float16(1.203))":7},"14":{"(Float16(0.4775), Float16(0.7773))":100},"80":{"(Float16(0.7207), Float16(1.0205))":22,"(Float16(0.3462), Float16(0.646))":78},"3":{"(Float16(0.1907), Float16(0.4907))":59,"(Float16(0.7764), Float16(1.076))":41},"96":{"(Float16(0.5283), Float16(0.828))":100},