{"5":{"(Float16(0.0002904), Float16(0.5005))":100},"56":{"(Float16(0.000308), Float16(0.5005))":100},"35":{"(Float16(0.0002187), Float16(0.5))":100},"55":{"(Float16(0.0002654), Float16(0.5005))":100},"60":{"(Float16(0.000321), Float16(0.5005))":100},"30":{"(Float16(0.0004046), Float16(0.5005))":100},"32":{"(Float16(0.000259), Float16(0.5005))":100},"6":{"(Float16(0.000366), Float16(0.5005))":100},"67":{"(Float16(0.00031), Float16(0.5005))":100},"45":{"(Float16(0.0002229), Float16(0.5))":100},"73":{"(Float16(0.0003128), Float16(0.5005))":100},"64":{"(Float16(0.0002573), Float16(0.5005))":100},"90":{"(Float16(0.0002666), Float16(0.5005))":100},"4":{"(Float16(0.0003095), Float16(0.5005))":98,"(Float16(0.914), Float16(1.414))":2},"13":{"(Float16(0.9644), Float16(1.465))":1,"(Float16(0.0001976), Float16(0.5))":99},"54":{"(Float16(0.0003767), Float16(0.5005))":100},"63":{"(Float16(0.0002854), Float16(0.5005))":100},"86":{"(Float16(0.0003436), Float16(0.5005))":100},"91":{"(Float16(0.0002234), Float16(0.5))":100},"62":{"(Float16(0.0002801), Float16(0.5005))":100},"58":{"(Float16(0.0002208), Float16(0.5))":100},"52":{"(Float16(0.0003452), Float16(0.5005))":100},"12":{"(Float16(0.000319), Float16(0.5005))":100},"28":{"(Float16(0.000314), Float16(0.5005))":100},"75":{"(Float16(0.0003538), Float16(0.5005))":98,"(Float16(0.949), Float16(1.449))":2},"23":{"(Float16(0.797), Float16(1.297))":1,"(Float16(0.0002894), Float16(0.5005))":99},"92":{"(Float16(0.0004568), Float16(0.5005))":100},"41":{"(Float16(0.0002544), Float16(0.5005))":100},"43":{"(Float16(0.000293), Float16(0.5005))":100},"11":{"(Float16(0.000372), Float16(0.5005))":100},"36":{"(Float16(0.0002694), Float16(0.5005))":100},"68":{"(Float16(0.000216), Float16(0.5))":100},"69":{"(Float16(0.000144), Float16(0.5))":100},"98":{"(Float16(0.0002677), Float16(0.5005))":100},"82":{"(Float16(0.000237), Float16(0.5))":100},"85":{"(Float16(0.0002129), Float16(0.5))":100},"39":{"(Float16(0.000362), Float16(0.5005))":100},"84":{"(Float16(0.0003436), Float16(0.5005))":100},"77":{"(Float16(0.0003054), Float16(0.5005))":100},"7":{"(Float16(0.0001731), Float16(0.5))":100},"25":{"(Float16(0.000326), Float16(0.5005))":100},"95":{"(Float16(0.0004208), Float16(0.5005))":100},"71":{"(Float16(0.0004156), Float16(0.5005))":100},"66":{"(Float16(0.0002933), Float16(0.5005))":100},"76":{"(Float16(0.0003352), Float16(0.5005))":100},"34":{"(Float16(0.0002575), Float16(0.5005))":100},"50":{"(Float16(0.000445), Float16(0.5005))":100},"59":{"(Float16(0.00023), Float16(0.5))":100},"93":{"(Float16(0.0002685), Float16(0.5005))":100},"2":{"(Float16(0.000363), Float16(0.5005))":100},"10":{"(Float16(0.000421), Float16(0.5005))":100},"18":{"(Float16(0.0005198), Float16(0.5005))":100},"26":{"(Float16(0.0004354), Float16(0.5005))":100},"27":{"(Float16(0.0003035), Float16(0.5005))":100},"42":{"(Float16(0.0002048), Float16(0.5))":100},"87":{"(Float16(0.0004141), Float16(0.5005))":100},"100":{"(Float16(0.0002238), Float16(0.5))":100},"79":{"(Float16(0.0001213), Float16(0.5))":100},"16":{"(Float16(0.0002191), Float16(0.5))":100},"20":{"(Float16(0.0003939), Float16(0.5005))":100},"81":{"(Float16(0.0003743), Float16(0.5005))":98,"(Float16(0.9224), Float16(1.422))":2},"19":{"(Float16(0.0003176), Float16(0.5005))":100},"49":{"(Float16(0.0001444), Float16(0.5))":100},"44":{"(Float16(0.0002005), Float16(0.5))":100},"9":{"(Float16(0.0003278), Float16(0.5005))":100},"31":{"(Float16(0.0003107), Float16(0.5005))":100},"74":{"(Float16(0.0002775), Float16(0.5005))":98,"(Float16(0.9053), Float16(1.405))":2},"61":{"(Float16(0.0003474), Float16(0.5005))":100},"29":{"(Float16(0.0002751), Float16(0.5005))":99,"(Float16(0.9824), Float16(1.482))":1},"94":{"(Float16(0.0002913), Float16(0.5005))":100},"46":{"(Float16(0.0003314), Float16(0.5005))":100},"57":{"(Float16(0.0003617), Float16(0.5005))":100},"70":{"(Float16(0.0002794), Float16(0.5005))":100},"21":{"(Float16(0.00032), Float16(0.5005))":99,"(Float16(0.994), Float16(1.494))":1},"38":{"(Float16(0.000267), Float16(0.5005))":100},"88":{"(Float16(0.0003798), Float16(0.5005))":100},"78":{"(Float16(0.0002592), Float16(0.5005))":100},"72":{"(Float16(0.0003884), Float16(0.5005))":100},"24":{"(Float16(0.000285), Float16(0.5005))":100},"8":{"(Float16(0.0004044), Float16(0.5005))":100},"17":{"(Float16(0.0002401), Float16(0.5))":100},"37":{"(Float16(0.000361), Float16(0.5005))":100},"1":{"(Float16(0.000358), Float16(0.5005))":100},"53":{"(Float16(0.0001829), Float16(0.5))":100},"22":{"(Float16(0.0002484), Float16(0.5005))":100},"47":{"(Float16(0.0002804), Float16(0.5005))":100},"83":{"(Float16(0.0002608), Float16(0.5005))":100},"99":{"(Float16(0.962), Float16(1.462))":2,"(Float16(0.0003066), Float16(0.5005))":98},"89":{"(Float16(0.00028), Float16(0.5005))":100},"14":{"(Float16(0.000253), Float16(0.5005))":100},"3":{"(Float16(0.0003612), Float16(0.5005))":100},"80":{"(Float16(0.0002928), Float16(0.5005))":100},"96":{"(Float16(0.0003583), Float16(0.5005))":100},"51":{"(Float16(0.0002018), Float16(0.5))":100},"33":{"(Float16(0.0003338), Float16(0.5005))":100},"40":{"(Float16(0.0002153), Float16(0.5))":100},"48":{"(Float16(0.0003884), Float16(0.5005))":100},"15":{"(Float16(0.000326), Float16(0.5005))":100},"65":{"(Float16(0.000354), Float16(0.5005))":100},"97":{"(Float16(0.9985), Float16(1.498))":1,"(Float16(0.000254), Float16(0.5005))":99}}