{"5":[0.948,0.948,0.0501,0.0501,0.0501,0.0501,0.948,0.948,0.0501,0.949,0.949,0.949,0.0501,0.0501,0.0501,0.0501,0.0501,0.948,0.948,0.05008,0.949,0.0501,0.9487,0.0501,0.05005,0.0501,0.0501,0.0501,0.948,0.948,0.948,0.948,0.948,0.0501,0.0501,0.0501,0.0501,0.0501,0.0501,0.0501,0.949,0.948,0.0501,0.0501,0.948,0.05008,0.948,0.948,0.05008,0.948,0.0501,0.0501,0.948,0.0501,0.948,0.0501,0.0501,0.0501,0.948,0.0501,0.05005,0.0501,0.0501,0.0501,0.948,0.05005,0.0501,0.948,0.05008,0.948,0.0501,0.948,0.0501,0.0501,0.948,0.948,0.948,0.948,0.948,0.948,0.05008,0.948,0.9487,0.0501,0.0501,0.948,0.948,0.0501,0.0501,0.0501,0.948,0.948,0.0501,0.0501,0.948,0.0501,0.05005,0.0501,0.948,0.948],"4":[0.949,0.05185,0.0515,0.0514,0.5244,0.05145,0.5244,0.949,0.9487,0.948,0.5244,0.05185,0.5244,0.0516,0.5244,0.0519,0.5244,0.05173,0.0519,0.05148,0.5244,0.0514,0.05173,0.949,0.5244,0.0516,0.5244,0.5244,0.05157,0.05173,0.949,0.5244,0.9487,0.0517,0.5244,0.0519,0.949,0.5244,0.5244,0.5244,0.05188,0.949,0.05157,0.5244,0.05075,0.5244,0.5244,0.5244,0.5244,0.0516,0.0514,0.5244,0.05157,0.0506,0.9487,0.05182,0.05164,0.5244,0.949,0.0515,0.949,0.5244,0.5244,0.5244,0.5244,0.5244,0.949,0.05096,0.949,0.5244,0.5244,0.949,0.05145,0.5244,0.5244,0.9487,0.05173,0.0519,0.948,0.05176,0.5244,0.949,0.0514,0.949,0.5244,0.5244,0.05176,0.5244,0.5244,0.05148,0.949,0.0512,0.949,0.949,0.5244,0.5244,0.05182,0.05176,0.5244,0.949],"6":[0.4683,0.4683,0.9473,0.4683,0.4683,0.9478,0.05182,0.9487,0.05026,0.05154,0.9478,0.4683,0.0515,0.948,0.4683,0.4683,0.948,0.4683,0.4683,0.4683,0.948,0.4683,0.4683,0.0522,0.4683,0.948,0.05188,0.9487,0.4683,0.4683,0.4683,0.9487,0.0514,0.4683,0.4683,0.05182,0.948,0.948,0.9487,0.948,0.0518,0.4683,0.949,0.4683,0.4683,0.4683,0.4683,0.4683,0.05182,0.4683,0.4683,0.0518,0.05176,0.0518,0.948,0.9478,0.9487,0.05176,0.05206,0.0514,0.4683,0.05188,0.4683,0.05188,0.4683,0.948,0.4683,0.949,0.9487,0.949,0.4683,0.4683,0.4683,0.0509,0.4683,0.948,0.0519,0.948,0.05182,0.948,0.05182,0.4683,0.05206,0.4683,0.4683,0.948,0.4683,0.0514,0.4683,0.948,0.4683,0.05188,0.4683,0.4683,0.4683,0.9487,0.0514,0.4683,0.4683,0.4683],"7":[0.4736,0.0513,0.4736,0.949,0.05057,0.05133,0.4736,0.4736,0.4736,0.05188,0.4736,0.4736,0.4736,0.4736,0.949,0.4736,0.05133,0.0516,0.4736,0.4736,0.05157,0.949,0.4736,0.949,0.4736,0.05145,0.4736,0.949,0.05118,0.4736,0.4736,0.4736,0.949,0.4736,0.4736,0.4736,0.4736,0.0516,0.4736,0.949,0.0517,0.05145,0.05133,0.949,0.05157,0.949,0.949,0.4736,0.4736,0.4736,0.949,0.4736,0.4736,0.4736,0.949,0.4736,0.4736,0.4736,0.4736,0.4736,0.0513,0.949,0.0514,0.949,0.4736,0.05157,0.0515,0.4736,0.05157,0.05164,0.4736,0.4736,0.949,0.4736,0.0508,0.949,0.4736,0.4736,0.4736,0.4736,0.949,0.05164,0.05142,0.949,0.4736,0.949,0.949,0.949,0.05103,0.05103,0.05164,0.949,0.4736,0.4736,0.949,0.4736,0.0514,0.4736,0.9497,0.949],"2":[0.3135,0.3135,0.3135,0.948,0.9473,0.9478,0.3135,0.3135,0.3135,0.948,0.948,0.3135,0.9478,0.3135,0.3135,0.3135,0.948,0.948,0.3135,0.3135,0.3135,0.3135,0.3135,0.949,0.3135,0.3135,0.3135,0.3135,0.948,0.948,0.3135,0.3135,0.948,0.3135,0.3135,0.948,0.948,0.9487,0.948,0.3135,0.948,0.949,0.948,0.9487,0.3135,0.3135,0.3135,0.3135,0.3135,0.948,0.948,0.3135,0.948,0.3135,0.3135,0.3135,0.3135,0.948,0.3135,0.3135,0.948,0.3135,0.3135,0.3135,0.3135,0.9478,0.3135,0.3135,0.948,0.948,0.948,0.948,0.3135,0.3135,0.3135,0.3135,0.3135,0.9478,0.3135,0.3135,0.3135,0.948,0.3135,0.3135,0.3135,0.3135,0.3135,0.3135,0.3135,0.3135,0.948,0.9473,0.3135,0.3135,0.9487,0.948,0.3135,0.3135,0.3135,0.3135],"10":[0.718,0.05133,0.4087,0.718,0.718,0.718,0.0506,0.4087,0.718,0.4087,0.4087,0.718,0.4087,0.718,0.718,0.718,0.05167,0.4087,0.718,0.4087,0.4087,0.4087,0.4087,0.4087,0.718,0.4087,0.4087,0.4087,0.05164,0.718,0.718,0.4087,0.718,0.05096,0.4087,0.718,0.718,0.718,0.718,0.718,0.718,0.718,0.05157,0.4087,0.4087,0.4087,0.718,0.4087,0.718,0.4087,0.05157,0.4087,0.4087,0.05157,0.718,0.718,0.718,0.4087,0.718,0.718,0.4087,0.4087,0.4087,0.4087,0.718,0.718,0.05167,0.718,0.718,0.718,0.718,0.05173,0.4087,0.718,0.718,0.05136,0.718,0.718,0.718,0.718,0.718,0.0516,0.4087,0.0515,0.718,0.4087,0.718,0.0515,0.718,0.718,0.05075,0.05176,0.05078,0.4087,0.718,0.718,0.05197,0.718,0.718,0.0506],"9":[0.7285,0.05133,0.0516,0.7285,0.7285,0.7285,0.7285,0.7285,0.05127,0.7285,0.05145,0.0514,0.05167,0.7285,0.95,0.7285,0.7285,0.7285,0.7285,0.0504,0.0514,0.7285,0.7285,0.7285,0.7285,0.05066,0.0515,0.7285,0.0515,0.05127,0.05157,0.7285,0.7285,0.7285,0.05157,0.0514,0.05154,0.7285,0.0517,0.7285,0.05136,0.05103,0.05148,0.05154,0.7285,0.7285,0.0517,0.7285,0.7285,0.7285,0.05106,0.05145,0.0514,0.7285,0.7285,0.7285,0.05133,0.7285,0.7285,0.05032,0.7285,0.05157,0.7285,0.05136,0.05078,0.05118,0.05164,0.05127,0.7285,0.05133,0.05133,0.7285,0.05103,0.7285,0.7285,0.05148,0.05145,0.05157,0.7285,0.05136,0.7285,0.7285,0.7285,0.05127,0.0515,0.7285,0.0515,0.0516,0.7285,0.05072,0.7285,0.7285,0.05136,0.7285,0.7285,0.7285,0.05145,0.05063,0.7285,0.7285],"8":[0.949,0.949,0.949,0.05167,0.05145,0.949,0.0515,0.0506,0.949,0.0514,0.05112,0.05154,0.05145,0.949,0.0516,0.949,0.05176,0.0515,0.9497,0.05173,0.949,0.949,0.949,0.05176,0.05145,0.949,0.05157,0.05157,0.0507,0.05075,0.05167,0.05145,0.05173,0.949,0.949,0.05145,0.949,0.05127,0.05157,0.05084,0.0512,0.05157,0.949,0.05157,0.05164,0.0517,0.05164,0.949,0.949,0.0517,0.949,0.05176,0.949,0.949,0.949,0.05157,0.05142,0.949,0.05157,0.05084,0.05164,0.949,0.05164,0.05164,0.949,0.05133,0.05142,0.05127,0.05142,0.0516,0.05157,0.949,0.05167,0.949,0.05157,0.949,0.05167,0.05084,0.0517,0.949,0.0516,0.0516,0.0516,0.05127,0.949,0.949,0.949,0.949,0.05173,0.05176,0.05127,0.05157,0.05072,0.949,0.05164,0.05154,0.949,0.0515,0.949,0.949],"3":[0.3774,0.05048,0.948,0.948,0.948,0.3774,0.948,0.3774,0.3774,0.3774,0.3774,0.3774,0.05072,0.3774,0.3774,0.3774,0.3774,0.3774,0.3774,0.3774,0.3774,0.948,0.3774,0.0506,0.948,0.949,0.05057,0.9487,0.9497,0.3774,0.05035,0.3774,0.05035,0.948,0.3774,0.3774,0.0504,0.948,0.05017,0.05048,0.9487,0.05017,0.3774,0.948,0.05057,0.948,0.3774,0.3774,0.949,0.948,0.9487,0.948,0.9487,0.948,0.948,0.0506,0.3774,0.3774,0.948,0.3774,0.3774,0.948,0.949,0.3774,0.3774,0.948,0.948,0.948,0.3774,0.948,0.3774,0.05048,0.3774,0.948,0.3774,0.948,0.948,0.948,0.948,0.3774,0.3774,0.0506,0.0506,0.949,0.3774,0.3774,0.0506,0.948,0.948,0.948,0.05057,0.05057,0.05087,0.948,0.3774,0.948,0.3774,0.3774,0.948,0.3774],"1":[0.4043,0.9487,0.05005,0.4043,0.05005,0.948,0.4043,0.949,0.948,0.4043,0.4043,0.05005,0.05005,0.949,0.9487,0.05008,0.05005,0.9487,0.05005,0.4043,0.948,0.0501,0.9487,0.4043,0.948,0.949,0.4043,0.4043,0.4043,0.949,0.948,0.9487,0.4043,0.948,0.05005,0.05005,0.4043,0.05005,0.05005,0.05005,0.4043,0.4043,0.4043,0.05005,0.05005,0.9487,0.949,0.9487,0.05005,0.9487,0.9487,0.9487,0.4043,0.948,0.4043,0.4043,0.9487,0.05005,0.948,0.05005,0.05005,0.948,0.05008,0.4043,0.948,0.949,0.4043,0.05005,0.0501,0.949,0.05005,0.948,0.0501,0.9487,0.9487,0.948,0.05005,0.948,0.948,0.949,0.4043,0.948,0.4043,0.9487,0.948,0.05005,0.05005,0.4043,0.948,0.05005,0.948,0.4043,0.948,0.4043,0.4043,0.4043,0.9497,0.4043,0.948,0.4043]}