{"5":{"(Float16(0.0002904), Float16(0.01029))":100},"56":{"(Float16(0.0002153), Float16(0.010216))":100},"35":{"(Float16(0.0002728), Float16(0.01028))":100},"55":{"(Float16(0.0003371), Float16(0.01034))":100},"60":{"(Float16(0.6914), Float16(0.701))":62,"(Float16(0.0001613), Float16(0.01016))":38},"30":{"(Float16(0.0003405), Float16(0.010345))":55,"(Float16(0.655), Float16(0.6646))":45},"32":{"(Float16(0.000306), Float16(0.01031))":41,"(Float16(0.6416), Float16(0.6514))":59},"6":{"(Float16(0.000222), Float16(0.01022))":99,"(Float16(0.762), Float16(0.772))":1},"67":{"(Float16(0.000326), Float16(0.01033))":56,"(Float16(0.711), Float16(0.7207))":44},"45":{"(Float16(4.256e-5), Float16(0.01005))":80,"(Float16(0.6885), Float16(0.698))":20},"73":{"(Float16(0.0001949), Float16(0.0102))":54,"(Float16(0.67), Float16(0.6797))":46},"64":{"(Float16(0.000282), Float16(0.010284))":100},"90":{"(Float16(0.0), Float16(0.01))":97,"(Float16(0.716), Float16(0.7256))":3},"4":{"(Float16(0.0003524), Float16(0.01035))":100},"13":{"(Float16(0.0004287), Float16(0.01043))":99,"(Float16(0.7), Float16(0.71))":1},"54":{"(Float16(6.0e-8), Float16(0.01))":84,"(Float16(0.7773), Float16(0.787))":16},"63":{"(Float16(0.0003457), Float16(0.010345))":100},"86":{"(Float16(4.077e-5), Float16(0.01004))":9,"(Float16(0.507), Float16(0.5166))":91},"91":{"(Float16(0.711), Float16(0.7207))":56,"(Float16(8.13e-5), Float16(0.010086))":44},"62":{"(Float16(0.6787), Float16(0.6885))":49,"(Float16(0.000438), Float16(0.01044))":51},"58":{"(Float16(0.7715), Float16(0.7812))":27,"(Float16(5.54e-6), Float16(0.01001))":73},"52":{"(Float16(0.6533), Float16(0.663))":75,"(Float16(3.47e-5), Float16(0.01004))":25},"12":{"(Float16(0.5967), Float16(0.6064))":87,"(Float16(8.893e-5), Float16(0.01009))":13},"28":{"(Float16(5.126e-5), Float16(0.010056))":41,"(Float16(0.7607), Float16(0.7705))":59},"75":{"(Float16(0.6724), Float16(0.682))":51,"(Float16(0.0001395), Float16(0.01014))":49},"23":{"(Float16(0.0003262), Float16(0.01033))":100},"92":{"(Float16(0.7217), Float16(0.7314))":60,"(Float16(0.000233), Float16(0.01024))":40},"41":{"(Float16(0.0002371), Float16(0.01024))":99,"(Float16(0.987), Float16(0.9966))":1},"43":{"(Float16(0.0002072), Float16(0.01021))":100},"11":{"(Float16(0.0002651), Float16(0.01027))":100},"36":{"(Float16(0.0002713), Float16(0.01028))":100},"68":{"(Float16(0.00011384), Float16(0.01012))":28,"(Float16(0.668), Float16(0.6777))":72},"69":{"(Float16(0.536), Float16(0.546))":81,"(Float16(0.0001021), Float16(0.0101))":19},"98":{"(Float16(9.94e-5), Float16(0.0101))":38,"(Float16(0.5664), Float16(0.576))":62},"82":{"(Float16(0.6797), Float16(0.6895))":64,"(Float16(8.12e-5), Float16(0.010086))":36},"85":{"(Float16(0.0002005), Float16(0.0102))":53,"(Float16(0.621), Float16(0.631))":47},"39":{"(Float16(0.6455), Float16(0.6553))":71,"(Float16(0.0001373), Float16(0.01014))":29},"84":{"(Float16(0.6504), Float16(0.66))":69,"(Float16(0.0001644), Float16(0.01017))":31},"77":{"(Float16(0.6504), Float16(0.66))":72,"(Float16(0.0001184), Float16(0.010124))":28},"7":{"(Float16(8.56e-5), Float16(0.010086))":27,"(Float16(0.6143), Float16(0.624))":73},"25":{"(Float16(0.000296), Float16(0.0103))":100},"95":{"(Float16(0.0001948), Float16(0.0102))":40,"(Float16(0.759), Float16(0.7686))":60},"71":{"(Float16(0.0002813), Float16(0.010284))":100},"66":{"(Float16(2.0e-7), Float16(0.01))":96,"(Float16(0.704), Float16(0.714))":4},"76":{"(Float16(0.000355), Float16(0.01036))":100},"34":{"(Float16(0.0001929), Float16(0.01019))":100},"50":{"(Float16(0.634), Float16(0.6436))":68,"(Float16(0.0001264), Float16(0.01013))":32},"59":{"(Float16(0.6074), Float16(0.617))":80,"(Float16(2.337e-5), Float16(0.010025))":20},"93":{"(Float16(4.85e-5), Float16(0.01005))":58,"(Float16(0.5396), Float16(0.5493))":42},"2":{"(Float16(0.6836), Float16(0.6934))":51,"(Float16(0.0001546), Float16(0.010155))":49},"10":{"(Float16(0.626), Float16(0.6357))":65,"(Float16(0.0001249), Float16(0.010124))":35},"18":{"(Float16(0.9707), Float16(0.9805))":1,"(Float16(0.0002385), Float16(0.01024))":99},"26":{"(Float16(0.659), Float16(0.669))":67,"(Float16(0.0003343), Float16(0.01034))":33},"27":{"(Float16(0.5957), Float16(0.6055))":79,"(Float16(6.9e-6), Float16(0.01001))":21},"42":{"(Float16(0.0003304), Float16(0.01033))":100},"87":{"(Float16(0.0003152), Float16(0.010315))":100},"100":{"(Float16(0.0004044), Float16(0.01041))":100},"79":{"(Float16(0.7354), Float16(0.745))":5,"(Float16(0.0), Float16(0.01))":95},"16":{"(Float16(0.0002158), Float16(0.010216))":99,"(Float16(0.6045), Float16(0.6143))":1},"20":{"(Float16(0.7373), Float16(0.747))":14,"(Float16(9.0e-7), Float16(0.01))":86},"81":{"(Float16(0.6704), Float16(0.68))":45,"(Float16(0.0001897), Float16(0.01019))":55},"19":{"(Float16(1.43e-6), Float16(0.01))":85,"(Float16(0.685), Float16(0.695))":15},"49":{"(Float16(0.0004425), Float16(0.010445))":100},"44":{"(Float16(0.0002209), Float16(0.01022))":100},"9":{"(Float16(6.0e-8), Float16(0.01))":89,"(Float16(0.746), Float16(0.756))":11},"31":{"(Float16(0.6416), Float16(0.6514))":1,"(Float16(0.0002685), Float16(0.01027))":99},"74":{"(Float16(0.0002704), Float16(0.01027))":100},"61":{"(Float16(0.623), Float16(0.633))":79,"(Float16(0.0002304), Float16(0.01023))":21},"29":{"(Float16(0.0003288), Float16(0.01033))":100},"94":{"(Float16(0.6724), Float16(0.682))":47,"(Float16(0.0002162), Float16(0.010216))":53},"46":{"(Float16(0.63), Float16(0.6396))":72,"(Float16(0.00012106), Float16(0.010124))":28},"57":{"(Float16(2.39e-5), Float16(0.010025))":22,"(Float16(0.584), Float16(0.5938))":78},"70":{"(Float16(0.0001338), Float16(0.01014))":29,"(Float16(0.62), Float16(0.63))":71},"21":{"(Float16(0.0001972), Float16(0.0102))":53,"(Float16(0.718), Float16(0.7275))":47},"38":{"(Float16(0.0003834), Float16(0.01038))":100},"88":{"(Float16(0.0001199), Float16(0.010124))":37,"(Float16(0.6914), Float16(0.701))":63},"78":{"(Float16(0.6807), Float16(0.6904))":63,"(Float16(0.000161), Float16(0.01016))":37},"72":{"(Float16(0.6055), Float16(0.615))":71,"(Float16(0.0002217), Float16(0.01022))":29},"24":{"(Float16(0.6973), Float16(0.707))":63,"(Float16(0.0001385), Float16(0.01014))":37},"8":{"(Float16(0.0002823), Float16(0.010284))":100},"17":{"(Float16(0.63), Float16(0.6396))":74,"(Float16(0.0001072), Float16(0.01011))":26},"37":{"(Float16(0.6514), Float16(0.661))":71,"(Float16(0.0001996), Float16(0.0102))":29},"1":{"(Float16(0.0001296), Float16(0.01013))":43,"(Float16(0.6274), Float16(0.637))":57},"53":{"(Float16(0.0), Float16(0.01))":96,"(Float16(0.7007), Float16(0.7104))":4},"22":{"(Float16(0.0001916), Float16(0.01019))":39,"(Float16(0.625), Float16(0.635))":61},"47":{"(Float16(0.0001774), Float16(0.01018))":48,"(Float16(0.6562), Float16(0.666))":52},"83":{"(Float16(0.0001854), Float16(0.010185))":98,"(Float16(0.876), Float16(0.8857))":2},"99":{"(Float16(0.9204), Float16(0.93))":1,"(Float16(0.0003724), Float16(0.010376))":99},"89":{"(Float16(0.658), Float16(0.668))":62,"(Float16(0.0002072), Float16(0.01021))":38},"14":{"(Float16(0.0004292), Float16(0.01043))":100},"3":{"(Float16(0.6484), Float16(0.658))":54,"(Float16(0.000169), Float16(0.01017))":46},"80":{"(Float16(0.55), Float16(0.5596))":82,"(Float16(0.0001278), Float16(0.01013))":18},"96":{"(Float16(0.763), Float16(0.773))":6,"(Float16(4.41e-5), Float16(0.01005))":94},"51":{"(Float16(8.833e-5), Float16(0.01009))":57,"(Float16(0.6514), Float16(0.661))":43},"33":{"(Float16(9.05e-5), Float16(0.01009))":19,"(Float16(0.5957), Float16(0.6055))":81},"40":{"(Float16(0.0003238), Float16(0.01032))":100},"48":{"(Float16(0.0002844), Float16(0.010284))":100},"15":{"(Float16(0.0002385), Float16(0.01024))":100},"65":{"(Float16(0.0002323), Float16(0.01023))":100},"97":{"(Float16(6.44e-5), Float16(0.01006))":28,"(Float16(0.6094), Float16(0.619))":72}}