{"5":{"(Float16(0.5024), Float16(0.7026))":56,"(Float16(0.2778), Float16(0.4778))":44},"56":{"(Float16(0.501), Float16(0.701))":100},"35":{"(Float16(0.501), Float16(0.701))":100},"55":{"(Float16(0.501), Float16(0.701))":100},"60":{"(Float16(0.501), Float16(0.701))":100},"30":{"(Float16(0.502), Float16(0.702))":52,"(Float16(0.2842), Float16(0.4841))":48},"32":{"(Float16(0.501), Float16(0.701))":69,"(Float16(0.05078), Float16(0.2507))":31},"6":{"(Float16(0.9487), Float16(1.148))":39,"(Float16(0.497), Float16(0.6973))":61},"67":{"(Float16(0.5015), Float16(0.7017))":70,"(Float16(0.05142), Float16(0.2515))":30},"45":{"(Float16(0.497), Float16(0.6973))":100},"73":{"(Float16(0.5024), Float16(0.7026))":42,"(Float16(0.0513), Float16(0.2512))":58},"64":{"(Float16(0.498), Float16(0.698))":49,"(Float16(0.9473), Float16(1.147))":51},"90":{"(Float16(0.9473), Float16(1.147))":48,"(Float16(0.4976), Float16(0.6978))":52},"4":{"(Float16(0.501), Float16(0.701))":100},"13":{"(Float16(0.05127), Float16(0.2512))":33,"(Float16(0.501), Float16(0.701))":67},"54":{"(Float16(0.501), Float16(0.701))":48,"(Float16(0.05145), Float16(0.2515))":52},"63":{"(Float16(0.4978), Float16(0.6978))":54,"(Float16(0.949), Float16(1.149))":46},"86":{"(Float16(0.501), Float16(0.701))":100},"91":{"(Float16(0.4976), Float16(0.6978))":100},"62":{"(Float16(0.497), Float16(0.6973))":67,"(Float16(0.9473), Float16(1.147))":33},"58":{"(Float16(0.7383), Float16(0.9385))":56,"(Float16(0.0516), Float16(0.2517))":44},"52":{"(Float16(0.501), Float16(0.701))":100},"12":{"(Float16(0.4973), Float16(0.6973))":100},"28":{"(Float16(0.0515), Float16(0.2515))":42,"(Float16(0.501), Float16(0.701))":58},"75":{"(Float16(0.497), Float16(0.6973))":49,"(Float16(0.9473), Float16(1.147))":51},"23":{"(Float16(0.498), Float16(0.698))":100},"92":{"(Float16(0.5015), Float16(0.7017))":58,"(Float16(0.05148), Float16(0.2515))":42},"41":{"(Float16(0.9473), Float16(1.147))":69,"(Float16(0.0506), Float16(0.2505))":31},"43":{"(Float16(0.497), Float16(0.6973))":52,"(Float16(0.9473), Float16(1.147))":48},"11":{"(Float16(0.497), Float16(0.6973))":100},"36":{"(Float16(0.501), Float16(0.701))":100},"68":{"(Float16(0.947), Float16(1.146))":60,"(Float16(0.2876), Float16(0.4875))":40},"69":{"(Float16(0.497), Float16(0.6973))":100},"98":{"(Float16(0.4976), Float16(0.6978))":100},"82":{"(Float16(0.501), Float16(0.701))":100},"85":{"(Float16(0.497), Float16(0.6973))":100},"39":{"(Float16(0.497), Float16(0.6973))":58,"(Float16(0.9463), Float16(1.146))":42},"84":{"(Float16(0.4978), Float16(0.6978))":100},"77":{"(Float16(0.05127), Float16(0.2512))":32,"(Float16(0.502), Float16(0.702))":68},"7":{"(Float16(0.948), Float16(1.148))":41,"(Float16(0.4966), Float16(0.697))":59},"25":{"(Float16(0.501), Float16(0.701))":100},"95":{"(Float16(0.501), Float16(0.701))":100},"71":{"(Float16(0.502), Float16(0.702))":100},"66":{"(Float16(0.05157), Float16(0.2515))":37,"(Float16(0.501), Float16(0.701))":63},"76":{"(Float16(0.4978), Float16(0.6978))":67,"(Float16(0.9473), Float16(1.147))":33},"34":{"(Float16(0.497), Float16(0.6973))":100},"50":{"(Float16(0.497), Float16(0.6973))":62,"(Float16(0.9473), Float16(1.147))":38},"59":{"(Float16(0.501), Float16(0.701))":100},"93":{"(Float16(0.4976), Float16(0.6978))":100},"2":{"(Float16(0.501), Float16(0.701))":100},"10":{"(Float16(0.501), Float16(0.701))":100},"18":{"(Float16(0.5024), Float16(0.7026))":47,"(Float16(0.05124), Float16(0.2512))":53},"26":{"(Float16(0.502), Float16(0.702))":49,"(Float16(0.05142), Float16(0.2515))":51},"27":{"(Float16(0.4976), Float16(0.6978))":100},"42":{"(Float16(0.497), Float16(0.6973))":59,"(Float16(0.9473), Float16(1.147))":41},"87":{"(Float16(0.4985), Float16(0.6987))":100},"100":{"(Float16(0.501), Float16(0.701))":100},"79":{"(Float16(0.9473), Float16(1.147))":63,"(Float16(0.499), Float16(0.699))":37},"16":{"(Float16(0.501), Float16(0.701))":100},"20":{"(Float16(0.501), Float16(0.701))":56,"(Float16(0.0512), Float16(0.2512))":44},"81":{"(Float16(0.948), Float16(1.148))":34,"(Float16(0.4976), Float16(0.6978))":66},"19":{"(Float16(0.4966), Float16(0.697))":60,"(Float16(0.949), Float16(1.149))":40},"49":{"(Float16(0.5015), Float16(0.7017))":100},"44":{"(Float16(0.5015), Float16(0.7017))":100},"9":{"(Float16(0.501), Float16(0.701))":100},"31":{"(Float16(0.497), Float16(0.6973))":65,"(Float16(0.949), Float16(1.149))":35},"74":{"(Float16(0.4973), Float16(0.6973))":100},"61":{"(Float16(0.501), Float16(0.701))":100},"29":{"(Float16(0.0514), Float16(0.2515))":36,"(Float16(0.7207), Float16(0.921))":64},"94":{"(Float16(0.501), Float16(0.701))":56,"(Float16(0.2861), Float16(0.486))":44},"46":{"(Float16(0.947), Float16(1.146))":32,"(Float16(0.497), Float16(0.6973))":68},"57":{"(Float16(0.501), Float16(0.701))":59,"(Float16(0.05173), Float16(0.2517))":41},"70":{"(Float16(0.501), Float16(0.701))":73,"(Float16(0.05112), Float16(0.2512))":27},"21":{"(Float16(0.4978), Float16(0.6978))":78,"(Float16(0.949), Float16(1.149))":22},"38":{"(Float16(0.502), Float16(0.702))":79,"(Float16(0.0509), Float16(0.251))":21},"88":{"(Float16(0.949), Float16(1.149))":46,"(Float16(0.4976), Float16(0.6978))":54},"78":{"(Float16(0.501), Float16(0.701))":100},"72":{"(Float16(0.947), Float16(1.146))":43,"(Float16(0.2803), Float16(0.4802))":57},"24":{"(Float16(0.4976), Float16(0.6978))":100},"8":{"(Float16(0.501), Float16(0.701))":64,"(Float16(0.05164), Float16(0.2517))":36},"17":{"(Float16(0.0515), Float16(0.2515))":41,"(Float16(0.5015), Float16(0.7017))":59},"37":{"(Float16(0.4968), Float16(0.697))":60,"(Float16(0.9473), Float16(1.147))":40},"1":{"(Float16(0.4968), Float16(0.697))":53,"(Float16(0.949), Float16(1.149))":47},"53":{"(Float16(0.4976), Float16(0.6978))":100},"22":{"(Float16(0.501), Float16(0.701))":100},"47":{"(Float16(0.501), Float16(0.701))":66,"(Float16(0.05096), Float16(0.251))":34},"83":{"(Float16(0.707), Float16(0.907))":53,"(Float16(0.498), Float16(0.698))":47},"99":{"(Float16(0.4973), Float16(0.6973))":100},"89":{"(Float16(0.501), Float16(0.701))":100},"14":{"(Float16(0.501), Float16(0.701))":100},"3":{"(Float16(0.497), Float16(0.6973))":100},"80":{"(Float16(0.497), Float16(0.6973))":100},"96":{"(Float16(0.502), Float16(0.702))":47,"(Float16(0.0512), Float16(0.2512))":53},"51":{"(Float16(0.7188), Float16(0.919))":54,"(Float16(0.4978), Float16(0.6978))":46},"33":{"(Float16(0.948), Float16(1.148))":47,"(Float16(0.4966), Float16(0.697))":53},"40":{"(Float16(0.497), Float16(0.6973))":100},"48":{"(Float16(0.497), Float16(0.6973))":100},"15":{"(Float16(0.05164), Float16(0.2517))":48,"(Float16(0.718), Float16(0.918))":52},"65":{"(Float16(0.501), Float16(0.701))":100},"97":{"(Float16(0.4973), Float16(0.6973))":100}}