{"5":{"(Float16(0.05005), 0.060048828125)":27,"(Float16(0.948), 0.9582421875)":73},"56":{"(Float16(0.9487), 0.95873046875)":52,"(Float16(0.0502), 0.060201416015625)":48},"35":{"(Float16(0.0501), 0.06010986328125)":62,"(Float16(0.949), 0.95921875)":38},"55":{"(Float16(0.949), 0.95921875)":48,"(Float16(0.05005), 0.060048828125)":52},"60":{"(Float16(0.05002), 0.060018310546875)":69,"(Float16(0.949), 0.95921875)":31},"30":{"(Float16(0.0501), 0.06010986328125)":44,"(Float16(0.948), 0.9582421875)":56},"32":{"(Float16(0.949), 0.95921875)":48,"(Float16(0.05005), 0.060048828125)":52},"6":{"(Float16(0.05017), 0.0601708984375)":55,"(Float16(0.948), 0.9582421875)":45},"67":{"(Float16(0.949), 0.95921875)":42,"(Float16(0.05014), 0.060140380859375)":58},"45":{"(Float16(0.05017), 0.0601708984375)":41,"(Float16(0.948), 0.9582421875)":59},"73":{"(Float16(0.0501), 0.06010986328125)":42,"(Float16(0.949), 0.95921875)":58},"64":{"(Float16(0.05002), 0.060018310546875)":36,"(Float16(0.948), 0.9582421875)":64},"90":{"(Float16(0.949), 0.95921875)":49,"(Float16(0.05), 0.05998779296875)":51},"4":{"(Float16(0.9487), 0.95873046875)":48,"(Float16(0.05023), 0.06023193359375)":52},"13":{"(Float16(0.05008), 0.060079345703125)":24,"(Float16(0.948), 0.9582421875)":76},"54":{"(Float16(0.0501), 0.06010986328125)":45,"(Float16(0.948), 0.9582421875)":55},"63":{"(Float16(0.949), 0.95921875)":44,"(Float16(0.05), 0.05998779296875)":56},"86":{"(Float16(0.949), 0.95921875)":39,"(Float16(0.05023), 0.06023193359375)":61},"91":{"(Float16(0.0503), 0.06029296875)":68,"(Float16(0.949), 0.95921875)":32},"62":{"(Float16(0.05008), 0.060079345703125)":62,"(Float16(0.949), 0.95921875)":38},"58":{"(Float16(0.0501), 0.06010986328125)":47,"(Float16(0.948), 0.9582421875)":53},"52":{"(Float16(0.05017), 0.0601708984375)":63,"(Float16(0.949), 0.95921875)":37},"12":{"(Float16(0.05002), 0.060018310546875)":54,"(Float16(0.949), 0.95921875)":46},"28":{"(Float16(0.949), 0.95921875)":42,"(Float16(0.05023), 0.06023193359375)":58},"75":{"(Float16(0.9487), 0.95873046875)":43,"(Float16(0.05032), 0.060323486328125)":57},"23":{"(Float16(0.05008), 0.060079345703125)":54,"(Float16(0.949), 0.95921875)":46},"92":{"(Float16(0.949), 0.95921875)":50,"(Float16(0.05005), 0.060048828125)":50},"41":{"(Float16(0.05002), 0.060018310546875)":35,"(Float16(0.949), 0.95921875)":65},"43":{"(Float16(0.0501), 0.06010986328125)":55,"(Float16(0.948), 0.9582421875)":45},"11":{"(Float16(0.0503), 0.06029296875)":52,"(Float16(0.949), 0.95921875)":48},"36":{"(Float16(0.05008), 0.060079345703125)":43,"(Float16(0.949), 0.95921875)":57},"68":{"(Float16(0.0501), 0.06010986328125)":56,"(Float16(0.948), 0.9582421875)":44},"69":{"(Float16(0.05026), 0.060262451171875)":66,"(Float16(0.949), 0.95921875)":34},"98":{"(Float16(0.9487), 0.95873046875)":39,"(Float16(0.0502), 0.060201416015625)":61},"82":{"(Float16(0.05002), 0.060018310546875)":41,"(Float16(0.948), 0.9582421875)":59},"85":{"(Float16(0.05005), 0.060048828125)":35,"(Float16(0.948), 0.9582421875)":65},"39":{"(Float16(0.05005), 0.060048828125)":40,"(Float16(0.948), 0.9582421875)":60},"84":{"(Float16(0.949), 0.95921875)":59,"(Float16(0.05005), 0.060048828125)":41},"77":{"(Float16(0.0502), 0.060201416015625)":60,"(Float16(0.949), 0.95921875)":40},"7":{"(Float16(0.05002), 0.060018310546875)":60,"(Float16(0.949), 0.95921875)":40},"25":{"(Float16(0.05005), 0.060048828125)":27,"(Float16(0.948), 0.9582421875)":73},"95":{"(Float16(0.949), 0.95921875)":52,"(Float16(0.05005), 0.060048828125)":48},"71":{"(Float16(0.0501), 0.06010986328125)":26,"(Float16(0.948), 0.9582421875)":74},"66":{"(Float16(0.0502), 0.060201416015625)":62,"(Float16(0.948), 0.9582421875)":38},"76":{"(Float16(0.9487), 0.95873046875)":52,"(Float16(0.05008), 0.060079345703125)":48},"34":{"(Float16(0.0503), 0.06029296875)":59,"(Float16(0.948), 0.9582421875)":41},"50":{"(Float16(0.0501), 0.06010986328125)":55,"(Float16(0.949), 0.95921875)":45},"59":{"(Float16(0.05002), 0.060018310546875)":34,"(Float16(0.948), 0.9582421875)":66},"93":{"(Float16(0.05008), 0.060079345703125)":31,"(Float16(0.948), 0.9582421875)":69},"2":{"(Float16(0.9487), 0.95873046875)":29,"(Float16(0.05026), 0.060262451171875)":71},"10":{"(Float16(0.948), 0.9582421875)":28,"(Float16(0.05023), 0.06023193359375)":72},"18":{"(Float16(0.949), 0.95921875)":61,"(Float16(0.05005), 0.060048828125)":39},"26":{"(Float16(0.05005), 0.060048828125)":55,"(Float16(0.948), 0.9582421875)":45},"27":{"(Float16(0.9487), 0.95873046875)":80,"(Float16(0.05005), 0.060048828125)":20},"42":{"(Float16(0.05032), 0.060323486328125)":73,"(Float16(0.949), 0.95921875)":27},"87":{"(Float16(0.05005), 0.060048828125)":47,"(Float16(0.948), 0.9582421875)":53},"100":{"(Float16(0.948), 0.9582421875)":37,"(Float16(0.05014), 0.060140380859375)":63},"79":{"(Float16(0.9487), 0.95873046875)":37,"(Float16(0.05008), 0.060079345703125)":63},"16":{"(Float16(0.949), 0.95921875)":53,"(Float16(0.05005), 0.060048828125)":47},"20":{"(Float16(0.949), 0.95921875)":39,"(Float16(0.05), 0.05998779296875)":61},"81":{"(Float16(0.05023), 0.06023193359375)":72,"(Float16(0.9473), 0.957265625)":28},"19":{"(Float16(0.9487), 0.95873046875)":61,"(Float16(0.05002), 0.060018310546875)":39},"49":{"(Float16(0.949), 0.95921875)":47,"(Float16(0.05014), 0.060140380859375)":53},"44":{"(Float16(0.0503), 0.06029296875)":55,"(Float16(0.949), 0.95921875)":45},"9":{"(Float16(0.05008), 0.060079345703125)":39,"(Float16(0.948), 0.9582421875)":61},"31":{"(Float16(0.948), 0.9582421875)":32,"(Float16(0.05023), 0.06023193359375)":68},"74":{"(Float16(0.0502), 0.060201416015625)":68,"(Float16(0.948), 0.9582421875)":32},"61":{"(Float16(0.949), 0.95921875)":37,"(Float16(0.05014), 0.060140380859375)":63},"29":{"(Float16(0.949), 0.95921875)":65,"(Float16(0.05005), 0.060048828125)":35},"94":{"(Float16(0.05002), 0.060018310546875)":53,"(Float16(0.949), 0.95921875)":47},"46":{"(Float16(0.05017), 0.0601708984375)":62,"(Float16(0.949), 0.95921875)":38},"57":{"(Float16(0.949), 0.95921875)":27,"(Float16(0.05023), 0.06023193359375)":73},"70":{"(Float16(0.0502), 0.060201416015625)":58,"(Float16(0.948), 0.9582421875)":42},"21":{"(Float16(0.05002), 0.060018310546875)":53,"(Float16(0.949), 0.95921875)":47},"38":{"(Float16(0.05005), 0.060048828125)":54,"(Float16(0.948), 0.9582421875)":46},"88":{"(Float16(0.0501), 0.06010986328125)":33,"(Float16(0.948), 0.9582421875)":67},"78":{"(Float16(0.05002), 0.060018310546875)":62,"(Float16(0.949), 0.95921875)":38},"72":{"(Float16(0.9487), 0.95873046875)":55,"(Float16(0.05005), 0.060048828125)":45},"24":{"(Float16(0.05035), 0.06035400390625)":64,"(Float16(0.949), 0.95921875)":36},"8":{"(Float16(0.05005), 0.060048828125)":41,"(Float16(0.948), 0.9582421875)":59},"17":{"(Float16(0.0501), 0.06010986328125)":28,"(Float16(0.948), 0.9582421875)":72},"37":{"(Float16(0.0503), 0.06029296875)":70,"(Float16(0.949), 0.95921875)":30},"1":{"(Float16(0.05017), 0.0601708984375)":45,"(Float16(0.948), 0.9582421875)":55},"53":{"(Float16(0.948), 0.9582421875)":72,"(Float16(0.05014), 0.060140380859375)":28},"22":{"(Float16(0.05017), 0.0601708984375)":53,"(Float16(0.948), 0.9582421875)":47},"47":{"(Float16(0.948), 0.9582421875)":35,"(Float16(0.05023), 0.06023193359375)":65},"83":{"(Float16(0.9487), 0.95873046875)":67,"(Float16(0.05002), 0.060018310546875)":33},"99":{"(Float16(0.9487), 0.95873046875)":45,"(Float16(0.0501), 0.06010986328125)":55},"89":{"(Float16(0.05005), 0.060048828125)":40,"(Float16(0.948), 0.9582421875)":60},"14":{"(Float16(0.949), 0.95921875)":55,"(Float16(0.05005), 0.060048828125)":45},"3":{"(Float16(0.05008), 0.060079345703125)":64,"(Float16(0.949), 0.95921875)":36},"80":{"(Float16(0.949), 0.95921875)":56,"(Float16(0.05005), 0.060048828125)":44},"96":{"(Float16(0.949), 0.95921875)":52,"(Float16(0.05005), 0.060048828125)":48},"51":{"(Float16(0.9497), 0.95970703125)":32,"(Float16(0.0502), 0.060201416015625)":68},"33":{"(Float16(0.9478), 0.95775390625)":52,"(Float16(0.05014), 0.060140380859375)":48},"40":{"(Float16(0.0501), 0.06010986328125)":45,