{"5":{"(Float16(0.9854), 0.9953515625)":2,"(Float16(0.4673), 0.47728515625)":98},"56":{"(Float16(0.519), 0.52904296875)":21,"(Float16(0.509), 0.5187890625)":79},"35":{"(Float16(0.5156), 0.525625)":100},"55":{"(Float16(0.5312), 0.54125)":70,"(Float16(0.5415), 0.55150390625)":30},"60":{"(Float16(0.562), 0.57201171875)":26,"(Float16(0.552), 0.5617578125)":74},"30":{"(Float16(0.461), 0.4709375)":100},"32":{"(Float16(0.4556), 0.46556640625)":100},"6":{"(Float16(0.4824), 0.492421875)":100},"67":{"(Float16(0.4502), 0.4601953125)":100},"45":{"(Float16(0.4648), 0.47484375)":100},"73":{"(Float16(0.4688), 0.47875)":100},"64":{"(Float16(0.3926), 0.402578125)":100},"90":{"(Float16(0.4902), 0.500234375)":100},"4":{"(Float16(0.4976), 0.50755859375)":97,"(Float16(0.508), 0.5178125)":3},"13":{"(Float16(0.501), 0.5109765625)":79,"(Float16(0.511), 0.52123046875)":21},"54":{"(Float16(0.4604), 0.47044921875)":100},"63":{"(Float16(0.505), 0.5148828125)":100},"86":{"(Float16(0.4614), 0.47142578125)":100},"91":{"(Float16(0.523), 0.53294921875)":23,"(Float16(0.5127), 0.5226953125)":77},"62":{"(Float16(0.4907), 0.50072265625)":100},"58":{"(Float16(0.5312), 0.54125)":82,"(Float16(0.5415), 0.55150390625)":18},"52":{"(Float16(0.483), 0.49291015625)":100},"12":{"(Float16(0.436), 0.44603515625)":100},"28":{"(Float16(0.545), 0.554921875)":82,"(Float16(0.555), 0.56517578125)":18},"75":{"(Float16(0.46), 0.4699609375)":100},"23":{"(Float16(0.519), 0.52904296875)":32,"(Float16(0.509), 0.5187890625)":68},"92":{"(Float16(0.4639), 0.4738671875)":100},"41":{"(Float16(0.4746), 0.484609375)":100},"43":{"(Float16(0.503), 0.5129296875)":86,"(Float16(0.513), 0.52318359375)":14},"11":{"(Float16(0.484), 0.49388671875)":100},"36":{"(Float16(0.4116), 0.42162109375)":97,"(Float16(0.9717), 0.9816796875)":3},"68":{"(Float16(0.4888), 0.49876953125)":100},"69":{"(Float16(0.5176), 0.527578125)":100},"98":{"(Float16(0.503), 0.5129296875)":84,"(Float16(0.513), 0.52318359375)":16},"82":{"(Float16(0.5156), 0.525625)":88,"(Float16(0.526), 0.53587890625)":12},"85":{"(Float16(0.5317), 0.54173828125)":29,"(Float16(0.5215), 0.531484375)":71},"39":{"(Float16(0.4448), 0.45482421875)":100},"84":{"(Float16(0.501), 0.5109765625)":79,"(Float16(0.511), 0.52123046875)":21},"77":{"(Float16(0.5356), 0.54564453125)":30,"(Float16(0.5254), 0.535390625)":70},"7":{"(Float16(0.4556), 0.46556640625)":100},"25":{"(Float16(0.4956), 0.50560546875)":100},"95":{"(Float16(0.506), 0.515859375)":70,"(Float16(0.516), 0.52611328125)":30},"71":{"(Float16(0.5273), 0.53734375)":85,"(Float16(0.5376), 0.54759765625)":15},"66":{"(Float16(0.4575), 0.46751953125)":100},"76":{"(Float16(0.5435), 0.55345703125)":19,"(Float16(0.533), 0.543203125)":81},"34":{"(Float16(0.512), 0.52220703125)":7,"(Float16(0.502), 0.511953125)":93},"50":{"(Float16(0.4644), 0.47435546875)":100},"59":{"(Float16(0.4404), 0.4504296875)":100},"93":{"(Float16(0.4932), 0.5031640625)":100},"2":{"(Float16(0.4966), 0.50658203125)":100},"10":{"(Float16(0.459), 0.468984375)":100},"18":{"(Float16(0.479), 0.48900390625)":100},"26":{"(Float16(0.4653), 0.47533203125)":100},"27":{"(Float16(0.5503), 0.56029296875)":6,"(Float16(0.54), 0.5500390625)":94},"42":{"(Float16(0.5356), 0.54564453125)":22,"(Float16(0.5254), 0.535390625)":78},"87":{"(Float16(0.483), 0.49291015625)":100},"100":{"(Float16(0.51), 0.519765625)":81,"(Float16(0.52), 0.53001953125)":19},"79":{"(Float16(0.504), 0.51390625)":100},"16":{"(Float16(0.542), 0.5519921875)":76,"(Float16(0.5522), 0.56224609375)":24},"20":{"(Float16(0.4565), 0.46654296875)":100},"81":{"(Float16(0.5293), 0.539296875)":26,"(Float16(0.5186), 0.5285546875)":74},"19":{"(Float16(0.5327), 0.54271484375)":25,"(Float16(0.5225), 0.5324609375)":75},"49":{"(Float16(0.4907), 0.50072265625)":100},"44":{"(Float16(0.5137), 0.523671875)":93,"(Float16(0.524), 0.53392578125)":7},"9":{"(Float16(0.4707), 0.480703125)":100},"31":{"(Float16(0.4868), 0.49681640625)":100},"74":{"(Float16(0.4692), 0.47923828125)":100},"61":{"(Float16(0.456), 0.4660546875)":100},"29":{"(Float16(0.5327), 0.54271484375)":28,"(Float16(0.5225), 0.5324609375)":72},"94":{"(Float16(0.4841), 0.494130859375)":100},"46":{"(Float16(0.512), 0.52220703125)":16,"(Float16(0.502), 0.511953125)":84},"57":{"(Float16(0.4937), 0.50365234375)":100},"70":{"(Float16(0.55), 0.5598046875)":77,"(Float16(0.56), 0.57005859375)":23},"21":{"(Float16(0.4873), 0.4973046875)":100},"38":{"(Float16(0.5273), 0.53734375)":73,"(Float16(0.5376), 0.54759765625)":27},"88":{"(Float16(0.4966), 0.50658203125)":100},"78":{"(Float16(0.4639), 0.4738671875)":100},"72":{"(Float16(0.543), 0.55296875)":74,"(Float16(0.553), 0.56322265625)":26},"24":{"(Float16(0.5503), 0.56029296875)":22,"(Float16(0.54), 0.5500390625)":78},"8":{"(Float16(0.4883), 0.49828125)":100},"17":{"(Float16(0.5), 0.51)":76,"(Float16(0.5103), 0.52025390625)":24},"37":{"(Float16(0.5166), 0.5266015625)":78,"(Float16(0.527), 0.53685546875)":22},"1":{"(Float16(0.4937), 0.50365234375)":100},"53":{"(Float16(0.5347), 0.54466796875)":8,"(Float16(0.5244), 0.5344140625)":92},"22":{"(Float16(0.497), 0.5070703125)":100},"47":{"(Float16(0.505), 0.5148828125)":76,"(Float16(0.515), 0.52513671875)":24},"83":{"(Float16(0.4678), 0.4777734375)":100},"99":{"(Float16(0.4849), 0.49486328125)":100},"89":{"(Float16(0.4883), 0.49828125)":100},"14":{"(Float16(0.544), 0.5539453125)":70,"(Float16(0.554), 0.56419921875)":30},"3":{"(Float16(0.4492), 0.45921875)":100},"80":{"(Float16(0.531), 0.54076171875)":38,"(Float16(0.5205), 0.5305078125)":62},"96":{"(Float16(0.4438), 0.45384765625)":100},"51":{"(Float16(0.4844), 0.494375)":100},"33":{"(Float16(0.506), 0.515859375)":86,"(Float16(0.516), 0.52611328125)":14},"40":{"(Float16(0.4976), 0.50755859375)":81,"(Float16(0.508), 0.5178125)":19},"48":{"(Float16(0.503), 0.5129296875)":83,"(Float16(0.513), 0.52318359375)":17},"15":{"(Float16(0.4668), 0.476796875)":100},"65":{"(Float16(0.4902), 0.500234375)":100},"97":{"(Float16(0.5283), 0.5383203125)":88,"(Float16(0.5386), 0.54857421875)":12}}