{"32":{"(Float16(0.0001419), Float16(0.3))":16,"(Float16(0.586), Float16(0.8857))":84},"29":{"(Float16(0.4644), Float16(0.764))":75,"(Float16(0.0001273), Float16(0.3))":24,"(Float16(0.8403), Float16(1.141))":1},"1":{"(Float16(0.6675), Float16(0.9673))":68,"(Float16(0.3582), Float16(0.658))":1,"(Float16(5.2e-5), Float16(0.3))":31},"54":{"(Float16(0.0003183), Float16(0.3003))":38,"(Float16(0.709), Float16(1.009))":62},"78":{"(Float16(0.0001993), Float16(0.3003))":32,"(Float16(0.6445), Float16(0.9443))":68},"81":{"(Float16(0.561), Float16(0.861))":59,"(Float16(9.95e-6), Float16(0.3))":41},"2":{"(Float16(0.0003037), Float16(0.3003))":87,"(Float16(0.8184), Float16(1.118))":13},"74":{"(Float16(0.000144), Float16(0.3))":36,"(Float16(0.635), Float16(0.9346))":64},"41":{"(Float16(0.000293), Float16(0.3003))":10,"(Float16(0.815), Float16(1.115))":12,"(Float16(0.4702), Float16(0.77))":78},"65":{"(Float16(0.6064), Float16(0.9062))":73,"(Float16(0.0002193), Float16(0.3003))":27},"51":{"(Float16(0.6514), Float16(0.951))":66,"(Float16(0.0001285), Float16(0.3))":34},"53":{"(Float16(0.7417), Float16(1.042))":18,"(Float16(0.0002704), Float16(0.3003))":41,"(Float16(0.441), Float16(0.7407))":41},"27":{"(Float16(0.0002875), Float16(0.3003))":18,"(Float16(0.621), Float16(0.921))":82},"75":{"(Float16(0.00010186), Float16(0.3))":30,"(Float16(0.6426), Float16(0.9424))":70},"42":{"(Float16(0.0001986), Float16(0.3003))":79,"(Float16(0.799), Float16(1.099))":21},"33":{"(Float16(0.6436), Float16(0.9434))":76,"(Float16(0.0004282), Float16(0.3005))":24},"28":{"(Float16(0.0001643), Float16(0.3))":26,"(Float16(0.63), Float16(0.9297))":74},"50":{"(Float16(0.6797), Float16(0.9795))":68,"(Float16(0.0002346), Float16(0.3003))":32},"52":{"(Float16(0.7324), Float16(1.032))":52,"(Float16(0.0002148), Float16(0.3003))":46,"(Float16(0.3848), Float16(0.6846))":2},"63":{"(Float16(0.0001327), Float16(0.3))":31,"(Float16(0.3452), Float16(0.645))":1,"(Float16(0.662), Float16(0.962))":68},"92":{"(Float16(8.87e-5), Float16(0.3))":31,"(Float16(0.6484), Float16(0.948))":69},"88":{"(Float16(0.0), Float16(0.3))":30,"(Float16(0.6113), Float16(0.911))":70},"93":{"(Float16(0.000249), Float16(0.3003))":35,"(Float16(0.6924), Float16(0.992))":65},"26":{"(Float16(0.0001876), Float16(0.3003))":41,"(Float16(0.708), Float16(1.008))":59},"10":{"(Float16(0.0001326), Float16(0.3))":32,"(Float16(0.6377), Float16(0.9375))":68},"77":{"(Float16(0.0002944), Float16(0.3003))":36,"(Float16(0.6426), Float16(0.9424))":64},"24":{"(Float16(0.711), Float16(1.011))":49,"(Float16(0.00010955), Float16(0.3))":51},"87":{"(Float16(0.617), Float16(0.917))":79,"(Float16(6.11e-5), Float16(0.3))":21},"58":{"(Float16(0.382), Float16(0.682))":1,"(Float16(9.644e-5), Float16(0.3))":40,"(Float16(0.741), Float16(1.041))":59},"25":{"(Float16(0.7734), Float16(1.073))":2,"(Float16(0.467), Float16(0.767))":71,"(Float16(0.0003033), Float16(0.3003))":27},"23":{"(Float16(0.6943), Float16(0.994))":67,"(Float16(0.0003598), Float16(0.3003))":32,"(Float16(0.3618), Float16(0.6616))":1},"49":{"(Float16(0.925), Float16(1.225))":9,"(Float16(0.0003574), Float16(0.3003))":63,"(Float16(0.621), Float16(0.921))":28},"59":{"(Float16(0.886), Float16(1.187))":2,"(Float16(0.4888), Float16(0.7886))":64,"(Float16(0.000451), Float16(0.3005))":34},"5":{"(Float16(0.6494), Float16(0.949))":67,"(Float16(0.989), Float16(1.289))":1,"(Float16(0.0002156), Float16(0.3003))":32},"31":{"(Float16(0.6475), Float16(0.9473))":77,"(Float16(0.0002584), Float16(0.3003))":23},"89":{"(Float16(0.542), Float16(0.842))":71,"(Float16(0.0001717), Float16(0.3003))":25,"(Float16(0.9067), Float16(1.207))":4},"62":{"(Float16(0.0001965), Float16(0.3003))":37,"(Float16(0.676), Float16(0.9756))":63},"43":{"(Float16(0.7295), Float16(1.029))":59,"(Float16(0.0001824), Float16(0.3003))":41},"90":{"(Float16(0.372), Float16(0.672))":2,"(Float16(0.0004103), Float16(0.3003))":38,"(Float16(0.7188), Float16(1.019))":60},"39":{"(Float16(0.0003197), Float16(0.3003))":45,"(Float16(0.39), Float16(0.69))":2,"(Float16(0.743), Float16(1.043))":53},"34":{"(Float16(0.6543), Float16(0.954))":61,"(Float16(0.9854), Float16(1.285))":1,"(Float16(0.000361), Float16(0.3003))":38},"44":{"(Float16(0.0001036), Float16(0.3))":26,"(Float16(0.5156), Float16(0.8154))":70,"(Float16(0.924), Float16(1.224))":4},"94":{"(Float16(0.0003936), Float16(0.3003))":52,"(Float16(0.538), Float16(0.838))":48},"55":{"(Float16(0.0001535), Float16(0.3))":33,"(Float16(0.573), Float16(0.873))":67},"86":{"(Float16(0.6523), Float16(0.952))":73,"(Float16(0.0004318), Float16(0.3005))":27},"17":{"(Float16(0.0002484), Float16(0.3003))":27,"(Float16(0.6553), Float16(0.955))":73},"99":{"(Float16(0.712), Float16(1.012))":58,"(Float16(0.0001205), Float16(0.3))":42},"71":{"(Float16(0.0001988), Float16(0.3003))":47,"(Float16(0.6885), Float16(0.9883))":53},"37":{"(Float16(0.0003371), Float16(0.3003))":37,"(Float16(0.6074), Float16(0.907))":63},"47":{"(Float16(0.6396), Float16(0.9395))":72,"(Float16(0.000357), Float16(0.3003))":28},"9":{"(Float16(0.0002854), Float16(0.3003))":31,"(Float16(0.622), Float16(0.922))":69},"73":{"(Float16(0.624), Float16(0.924))":74,"(Float16(0.0002114), Float16(0.3003))":26},"82":{"(Float16(0.6367), Float16(0.9365))":71,"(Float16(0.0001775), Float16(0.3003))":29},"12":{"(Float16(0.0002434), Float16(0.3003))":25,"(Float16(0.675), Float16(0.9746))":75},"79":{"(Float16(0.0003343), Float16(0.3003))":30,"(Float16(0.6562), Float16(0.956))":70},"20":{"(Float16(0.0003703), Float16(0.3003))":31,"(Float16(0.657), Float16(0.957))":69},"6":{"(Float16(0.0001647), Float16(0.3))":37,"(Float16(0.617), Float16(0.917))":62,"(Float16(0.954), Float16(1.254))":1},"84":{"(Float16(6.914e-5), Float16(0.3))":34,"(Float16(0.6143), Float16(0.914))":66},"80":{"(Float16(0.6455), Float16(0.9453))":59,"(Float16(0.0002928), Float16(0.3003))":41},"98":{"(Float16(0.631), Float16(0.9307))":64,"(Float16(0.0003932), Float16(0.3003))":36},"70":{"(Float16(0.0002015), Float16(0.3003))":44,"(Float16(0.373), Float16(0.673))":1,"(Float16(0.6787), Float16(0.9785))":55},"14":{"(Float16(0.0005198), Float16(0.3005))":42,"(Float16(0.4565), Float16(0.7563))":50,"(Float16(0.7866), Float16(1.087))":8},"7":{"(Float16(0.4565), Float16(0.7563))":35,"(Float16(0.7573), Float16(1.058))":25,"(Float16(0.000255), Float16(0.3003))":40},"96":{"(Float16(0.667), Float16(0.967))":57,"(Float16(0.0003312), Float16(0.3003))":43},"57":{"(Float16(0.609), Float16(0.9087))":67,"(Float16(0.9395), Float16(1.239))":2,"(Float16(0.0001801), Float16(0.3003))":31},"8":{"(Float16(0.627), Float16(0.927))":58,"(Float16(0.0001445), Float16(0.3))":42},"64":{"(Float16(0.000268), Float16(0.3003))":66,"(Float16(0.634), Float16(0.9336))":34},"19":{"(Float16(0.0003107), Float16(0.3003))":31,"(Float16(0.624), Float16(0.924))":69},"91":{"(Float16(2.4e-7), Float16(0.3))":16,"(Float16(0.574), Float16(0.874))":81,"(Float16(0.9424), Float16(1.242))":3},"69":{"(Float16(0.0003285), Float16(0.3003))":33,"(Float16(0.6816), Float16(0.9814))":67},"60":{"(Float16(0.7476), Float16(1.048))":23,"(Float16(0.0001653), Float16(0.3))":51,"(Float16(0.4453), Float16(0.745))":26},"97":{"(Float16(0.0001156), Float16(0.3))":31,"(Float16(0.6426), Float16(0.9424))":69},"4":{"(Float16(0.0002296), Float16(0.3003))":25,"(Float16(0.6484), Float16(0.948))":75},"22":{"(Float16(0.0003538), Float16(0.3003))":52,"(Float16(0.615), Float16(0.915))":48},"11":{"(Float16(0.0001985), Float16(0.3003))":29,"(Float16(0.6123), Float16(0.912))":71},"35":{"(Float16(0.6494), Float16(0.949))":71,"(Float16(0.3408), Float16(0.6406))":1,"(Float16(0.0001688), Float16(0.3))":28},"13":{"(Float16(0.0001309), Float16(0.3))":24,"(Float16(0.659), Float16(0.959))":76},"15":{"(Float16(0.0001748), Float16(0.3003))":28,"(Float16(0.634), Float16(0.9336))":72},"61":{"(Float16(0.5703), Float16(0.87))":72,"(Float16(0.0002385), Float16(0.3003))":28},"67":{"(Float16(0.5693), Float16(0.869))":76,"(Float16(0.0002751), Float16(0.3003))":24},"16":{"(Float16(0.0001607), Float16(0.3))":39,