{"32":{"(Float16(0.506), Float16(0.8057))":72,"(Float16(0.0002211), Float16(0.3003))":27,"(Float16(0.997), Float16(1.297))":1},"29":{"(Float16(0.000246), Float16(0.3003))":44,"(Float16(0.703), Float16(1.003))":56},"1":{"(Float16(0.0001545), Float16(0.3))":59,"(Float16(0.7783), Float16(1.078))":41},"54":{"(Float16(0.0002813), Float16(0.3003))":56,"(Float16(0.7637), Float16(1.063))":44},"78":{"(Float16(0.6553), Float16(0.955))":67,"(Float16(0.0002284), Float16(0.3003))":33},"81":{"(Float16(0.0003486), Float16(0.3003))":49,"(Float16(0.705), Float16(1.005))":51},"2":{"(Float16(0.0001678), Float16(0.3))":62,"(Float16(0.74), Float16(1.04))":38},"74":{"(Float16(0.6406), Float16(0.9404))":61,"(Float16(0.0002025), Float16(0.3003))":39},"41":{"(Float16(0.6797), Float16(0.9795))":54,"(Float16(0.0002227), Float16(0.3003))":46},"65":{"(Float16(0.0002034), Float16(0.3003))":27,"(Float16(0.591), Float16(0.8906))":73},"51":{"(Float16(6.77e-5), Float16(0.3))":27,"(Float16(0.632), Float16(0.9316))":73},"53":{"(Float16(0.707), Float16(1.007))":55,"(Float16(0.0001534), Float16(0.3))":45},"27":{"(Float16(0.000129), Float16(0.3))":36,"(Float16(0.7), Float16(1.0))":64},"75":{"(Float16(0.7275), Float16(1.027))":42,"(Float16(0.0002909), Float16(0.3003))":58},"42":{"(Float16(0.7246), Float16(1.024))":55,"(Float16(0.0002058), Float16(0.3003))":45},"33":{"(Float16(0.705), Float16(1.005))":43,"(Float16(0.0001605), Float16(0.3))":57},"28":{"(Float16(0.000288), Float16(0.3003))":59,"(Float16(0.7363), Float16(1.036))":41},"50":{"(Float16(0.6084), Float16(0.908))":72,"(Float16(9.286e-5), Float16(0.3))":28},"52":{"(Float16(0.6436), Float16(0.9434))":82,"(Float16(3.123e-5), Float16(0.3))":18},"63":{"(Float16(0.6006), Float16(0.9004))":80,"(Float16(0.0002071), Float16(0.3003))":20},"92":{"(Float16(0.0001876), Float16(0.3003))":49,"(Float16(0.6904), Float16(0.99))":51},"88":{"(Float16(0.0002584), Float16(0.3003))":61,"(Float16(0.7764), Float16(1.076))":39},"93":{"(Float16(0.0001252), Float16(0.3))":47,"(Float16(0.704), Float16(1.004))":53},"26":{"(Float16(0.617), Float16(0.917))":72,"(Float16(7.61e-5), Float16(0.3))":28},"10":{"(Float16(0.0003045), Float16(0.3003))":38,"(Float16(0.708), Float16(1.008))":62},"77":{"(Float16(0.6445), Float16(0.9443))":66,"(Float16(8.02e-5), Float16(0.3))":34},"24":{"(Float16(0.0001198), Float16(0.3))":25,"(Float16(0.6377), Float16(0.9375))":75},"87":{"(Float16(0.00010175), Float16(0.3))":42,"(Float16(0.705), Float16(1.005))":58},"58":{"(Float16(0.752), Float16(1.052))":45,"(Float16(0.000309), Float16(0.3003))":55},"25":{"(Float16(0.0003486), Float16(0.3003))":43,"(Float16(0.6484), Float16(0.948))":57},"23":{"(Float16(9.12e-5), Float16(0.3))":27,"(Float16(0.664), Float16(0.964))":73},"49":{"(Float16(0.0002077), Float16(0.3003))":35,"(Float16(0.698), Float16(0.998))":65},"59":{"(Float16(0.7734), Float16(1.073))":26,"(Float16(5.776e-5), Float16(0.3))":74},"5":{"(Float16(0.0001134), Float16(0.3))":25,"(Float16(0.6143), Float16(0.914))":75},"31":{"(Float16(9.0e-7), Float16(0.3))":22,"(Float16(0.588), Float16(0.8877))":76,"(Float16(0.9917), Float16(1.292))":2},"89":{"(Float16(0.6465), Float16(0.9463))":56,"(Float16(0.0002363), Float16(0.3003))":44},"62":{"(Float16(0.7207), Float16(1.0205))":52,"(Float16(0.0002027), Float16(0.3003))":48},"43":{"(Float16(0.0001328), Float16(0.3))":27,"(Float16(0.6475), Float16(0.9473))":73},"90":{"(Float16(8.01e-5), Float16(0.3))":45,"(Float16(0.744), Float16(1.044))":55},"39":{"(Float16(0.372), Float16(0.672))":1,"(Float16(0.0003142), Float16(0.3003))":41,"(Float16(0.718), Float16(1.018))":58},"34":{"(Float16(0.0001485), Float16(0.3))":15,"(Float16(0.538), Float16(0.838))":85},"44":{"(Float16(0.6865), Float16(0.9863))":62,"(Float16(9.704e-5), Float16(0.3))":38},"94":{"(Float16(0.0002038), Float16(0.3003))":38,"(Float16(0.6045), Float16(0.9043))":62},"55":{"(Float16(0.0002254), Float16(0.3003))":44,"(Float16(0.6797), Float16(0.9795))":56},"86":{"(Float16(0.0001729), Float16(0.3003))":22,"(Float16(0.591), Float16(0.8906))":78},"17":{"(Float16(0.6836), Float16(0.9834))":61,"(Float16(9.596e-5), Float16(0.3))":39},"99":{"(Float16(0.669), Float16(0.9688))":56,"(Float16(0.0004234), Float16(0.3005))":44},"71":{"(Float16(0.615), Float16(0.915))":52,"(Float16(0.0005026), Float16(0.3005))":48},"37":{"(Float16(0.6973), Float16(0.997))":60,"(Float16(0.0001752), Float16(0.3003))":40},"47":{"(Float16(0.6436), Float16(0.9434))":74,"(Float16(8.273e-5), Float16(0.3))":26},"9":{"(Float16(0.6475), Float16(0.9473))":43,"(Float16(0.0002513), Float16(0.3003))":57},"73":{"(Float16(0.6006), Float16(0.9004))":68,"(Float16(0.0004416), Float16(0.3005))":32},"82":{"(Float16(9.88e-5), Float16(0.3))":29,"(Float16(0.626), Float16(0.926))":71},"12":{"(Float16(0.8096), Float16(1.109))":47,"(Float16(0.0002153), Float16(0.3003))":52,"(Float16(0.4492), Float16(0.749))":1},"79":{"(Float16(0.0004377), Float16(0.3005))":30,"(Float16(0.6895), Float16(0.9893))":70},"20":{"(Float16(0.0005445), Float16(0.3005))":46,"(Float16(0.6816), Float16(0.9814))":54},"6":{"(Float16(0.6533), Float16(0.953))":60,"(Float16(0.0001943), Float16(0.3003))":40},"84":{"(Float16(0.0001954), Float16(0.3003))":42,"(Float16(0.6895), Float16(0.9893))":58},"80":{"(Float16(0.0001488), Float16(0.3))":39,"(Float16(0.7246), Float16(1.024))":61},"98":{"(Float16(0.0001707), Float16(0.3))":27,"(Float16(0.6553), Float16(0.955))":73},"70":{"(Float16(0.00011903), Float16(0.3))":48,"(Float16(0.7), Float16(1.0))":52},"14":{"(Float16(0.6855), Float16(0.9854))":56,"(Float16(0.00011784), Float16(0.3))":44},"7":{"(Float16(0.6973), Float16(0.997))":57,"(Float16(0.0001345), Float16(0.3))":43},"96":{"(Float16(0.6973), Float16(0.997))":54,"(Float16(0.0003648), Float16(0.3003))":46},"57":{"(Float16(0.0001199), Float16(0.3))":45,"(Float16(0.62), Float16(0.92))":55},"8":{"(Float16(0.0002193), Float16(0.3003))":39,"(Float16(0.6973), Float16(0.997))":61},"64":{"(Float16(0.6826), Float16(0.9824))":65,"(Float16(0.0001945), Float16(0.3003))":35},"19":{"(Float16(0.6865), Float16(0.9863))":56,"(Float16(0.0003102), Float16(0.3003))":44},"91":{"(Float16(0.439), Float16(0.739))":87,"(Float16(0.0), Float16(0.3))":7,"(Float16(0.834), Float16(1.134))":6},"69":{"(Float16(0.0001546), Float16(0.3))":38,"(Float16(0.634), Float16(0.9336))":62},"60":{"(Float16(0.717), Float16(1.017))":48,"(Float16(0.0001707), Float16(0.3))":52},"97":{"(Float16(0.6855), Float16(0.9854))":55,"(Float16(0.0001843), Float16(0.3003))":45},"4":{"(Float16(0.0001714), Float16(0.3003))":38,"(Float16(0.703), Float16(1.003))":62},"22":{"(Float16(0.706), Float16(1.006))":51,"(Float16(0.000393), Float16(0.3003))":49},"11":{"(Float16(0.0001814), Float16(0.3003))":58,"(Float16(0.791), Float16(1.091))":42},"35":{"(Float16(0.0002484), Float16(0.3003))":50,"(Float16(0.709), Float16(1.009))":50},"13":{"(Float16(0.0001595), Float16(0.3))":42,"(Float16(0.7256), Float16(1.025))":58},"15":{"(Float16(0.618), Float16(0.918))":72,"(Float16(0.0002468), Float16(0.3003))":28},"61":{"(Float16(0.6777), Float16(0.9775))":64,"(Float16(0.000317), Float16(0.3003))":36},"67":{"(Float16(0.6455), Float16(0.9453))":60,"(Float16(7.516e-5), Float16(0.3))":40},"16":{"(Float16(0.62), Float16(0.92))":64,"(Float16(0.0001674), Float16(0.3))":36},"100":{"(Float16(6.425e-5), Float16(0.3))":27,"(Float16(0.616), Float16(0.916))":73},"40":{"(Float16(0.0003586), Float16(0.3003))":42,"(Float16(0.6445), Float16(0.9443))":58},"21":{"(Float16(0.6543), Float16(0.954))":57,"(Float16(5.72e-5), Float16(0.3))":43},"38":{"(Float16(1.12e-5), Float16(0.3))":25,"(Float16(0.6006), Float16(0.9004))":75},"46":{"(Float16(0.000166), Float16(0.3))":23,"(Float16(0.4849), Float16(0.7847))":77},"72":{"(Float16(0.0001622), Float16(0.3))":33,"(Float16(0.6367), Float16(0.9365))":67},"83":{"(Float16(0.664), Float16(0.964))":60,"(Float16(0.000211), Float16(0.3003))":40},"45":{"(Float16(0.0002933), Float16(0.3003))":44,"(Float16(0.6406), Float16(0.9404))":56},"68":{"(Float16(0.0001864), Float16(0.3003))":50,