{"1": [0.501, 0.501, 0.948, 0.5005, 0.501, 0.05, 0.0501, 0.5005, 0.9487, 0.5005, 0.501, 0.9497, 0.5005, 0.5005, 0.5005, 0.5005, 0.5005, 0.5, 0.5, 0.5, 0.5, 0.5, 0.95, 0.5, 0.5, 0.95, 0.5, 0.05, 0.5, 0.5, 0.5, 0.05005, 0.5, 0.05002, 0.949, 0.05005, 0.5, 0.05002, 0.05005, 0.5, 0.5, 0.5, 0.9497, 0.5, 0.05005, 0.9497, 0.5, 0.2737, 0.5, 0.95, 0.5, 0.948, 0.949, 0.95, 0.5, 0.5, 0.948, 0.5, 0.5, 0.5, 0.5, 0.5, 0.05, 0.5, 0.5, 0.5, 0.5, 0.05002, 0.5, 0.5, 0.2737, 0.95, 0.5, 0.5, 0.5, 0.05005, 0.5, 0.95, 0.5, 0.0501, 0.05, 0.5, 0.5, 0.5, 0.95, 0.0501, 0.05, 0.5, 0.5, 0.949, 0.5, 0.9497, 0.95, 0.5005, 0.5005, 0.9497, 0.501, 0.501, 0.9497, 0.95], "2": [0.5, 0.5, 0.95, 0.5, 0.05005, 0.95, 0.05005, 0.05014, 0.05023, 0.05002, 0.5, 0.05005, 0.05008, 0.9497, 0.05002, 0.5, 0.0503, 0.5, 0.95, 0.05048, 0.05008, 0.5, 0.95, 0.05017, 0.5, 0.5, 0.949, 0.949, 0.5, 0.95, 0.5005, 0.501, 0.95, 0.95, 0.949, 0.5005, 0.949, 0.501, 0.5005, 0.9497, 0.949, 0.95, 0.501, 0.949, 0.05023, 0.95, 0.5005, 0.501, 0.5005, 0.5005, 0.5005, 0.5, 0.0502, 0.5, 0.05054, 0.05005, 0.5, 0.5, 0.05017, 0.5, 0.95, 0.9497, 0.5, 0.05023, 0.5, 0.05002, 0.5, 0.05002, 0.5, 0.5, 0.05005, 0.5, 0.5, 0.5, 0.5, 0.95, 0.05005, 0.9497, 0.05008, 0.05008, 0.5, 0.9497, 0.5, 0.9497, 0.5, 0.5, 0.95, 0.95, 0.5, 0.95, 0.5, 0.949, 0.95, 0.5, 0.5, 0.95, 0.0503, 0.5, 0.0501, 0.5], "3": [0.0501, 0.05017, 0.0501, 0.5, 0.05026, 0.05026, 0.05026, 0.05023, 0.5, 0.05017, 0.05005, 0.05005, 0.5, 0.0502, 0.0502, 0.0501, 0.05017, 0.05014, 0.5, 0.5005, 0.0501, 0.0501, 0.5, 0.0501, 0.5, 0.5, 0.501, 0.501, 0.95, 0.0502, 0.5005, 0.5, 0.5, 0.5, 0.5005, 0.949, 0.05005, 0.05017, 0.95, 0.5, 0.948, 0.5, 0.0501, 0.0502, 0.0501, 0.5, 0.5005, 0.95, 0.5, 0.05008, 0.05023, 0.5, 0.948, 0.5005, 0.5, 0.5, 0.501, 0.5, 0.949, 0.5, 0.0501, 0.05008, 0.5005, 0.501, 0.5, 0.05026, 0.95, 0.5, 0.05008, 0.501, 0.0501, 0.05008, 0.5, 0.501, 0.95, 0.05017, 0.5, 0.05017, 0.5005, 0.05017, 0.5, 0.0502, 0.05014, 0.05017, 0.501, 0.5, 0.5005, 0.95, 0.0501, 0.05005, 0.5, 0.95, 0.948, 0.0501, 0.0501, 0.5005, 0.5, 0.949, 0.5, 0.5], "4": [0.9487, 0.9497, 0.5005, 0.949, 0.0501, 0.05054, 0.5005, 0.5, 0.05032, 0.949, 0.949, 0.949, 0.949, 0.949, 0.949, 0.05026, 0.4998, 0.05032, 0.949, 0.5, 0.05026, 0.5, 0.5, 0.9497, 0.5, 0.5, 0.9497, 0.0501, 0.949, 0.5, 0.5, 0.0501, 0.5, 0.949, 0.5, 0.5, 0.05057, 0.5, 0.9497, 0.5, 0.5, 0.949, 0.9487, 0.4998, 0.949, 0.949, 0.0509, 0.9497, 0.0504, 0.5005, 0.949, 0.9487, 0.5, 0.05005, 0.05072, 0.05057, 0.949, 0.949, 0.949, 0.9473, 0.05115, 0.05063, 0.05017, 0.5, 0.948, 0.948, 0.05026, 0.5, 0.5, 0.949, 0.05072, 0.949, 0.4998, 0.9487, 0.5, 0.949, 0.5, 0.5, 0.949, 0.949, 0.949, 0.5, 0.05045, 0.05057, 0.949, 0.5, 0.948, 0.949, 0.5, 0.0504, 0.05063, 0.948, 0.5, 0.05017, 0.05017, 0.949, 0.5, 0.5, 0.2788, 0.5], "5": [0.949, 0.949, 0.949, 0.05057, 0.949, 0.5, 0.5, 0.5, 0.4998, 0.5, 0.5, 0.05057, 0.949, 0.0501, 0.9497, 0.949, 0.949, 0.5, 0.05096, 0.9497, 0.949, 0.4998, 0.5, 0.05023, 0.0503, 0.5, 0.949, 0.0501, 0.949, 0.05002, 0.5, 0.949, 0.949, 0.949, 0.5, 0.05087, 0.05023, 0.949, 0.949, 0.949, 0.0501, 0.5, 0.05023, 0.949, 0.5, 0.5, 0.05005, 0.05026, 0.949, 0.5, 0.5, 0.5, 0.5, 0.0506, 0.5, 0.5, 0.05, 0.5, 0.05005, 0.051, 0.05038, 0.05048, 0.5, 0.5, 0.0504, 0.5, 0.5, 0.5, 0.5, 0.05096, 0.05048, 0.5, 0.949, 0.949, 0.05038, 0.9497, 0.9497, 0.5, 0.4998, 0.949, 0.5, 0.5, 0.5, 0.5, 0.05048, 0.5, 0.5, 0.05096, 0.9497, 0.949, 0.5, 0.9497, 0.9497, 0.949, 0.05002, 0.949, 0.5, 0.5, 0.5, 0.949], "6": [0.501, 0.95, 0.5005, 0.0501, 0.949, 0.501, 0.05066, 0.9497, 0.501, 0.501, 0.5005, 0.501, 0.949, 0.0502, 0.05057, 0.5005, 0.95, 0.501, 0.5005, 0.95, 0.5005, 0.05005, 0.501, 0.501, 0.501, 0.05032, 0.05023, 0.05096, 0.9487, 0.95, 0.5005, 0.948, 0.5005, 0.501, 0.5005, 0.95, 0.5005, 0.501, 0.949, 0.05066, 0.5005, 0.05023, 0.501, 0.5005, 0.9497, 0.05078, 0.268, 0.501, 0.95, 0.9497, 0.05066, 0.05072, 0.5005, 0.05072, 0.949, 0.501, 0.501, 0.0502, 0.5005, 0.501, 0.05066, 0.95, 0.9497, 0.501, 0.95, 0.05005, 0.5005, 0.5005, 0.5005, 0.948, 0.501, 0.9497, 0.501, 0.949, 0.05048, 0.501, 0.501, 0.501, 0.949, 0.5005, 0.501, 0.5005, 0.0501, 0.5005, 0.05048, 0.95, 0.501, 0.05038, 0.501, 0.501, 0.948, 0.501, 0.95, 0.268, 0.5005, 0.95, 0.05032, 0.501, 0.5005, 0.95], "7": [0.949, 0.9497, 0.9497, 0.9497, 0.0515, 0.05035, 0.5, 0.949, 0.05023, 0.5, 0.0501, 0.05084, 0.05145, 0.5, 0.5, 0.949, 0.0511, 0.9497, 0.949, 0.05032, 0.5, 0.5, 0.9497, 0.949, 0.949, 0.9487, 0.9497, 0.05026, 0.5, 0.5, 0.05008, 0.05035, 0.5, 0.0503, 0.949, 0.05045, 0.05048, 0.9497, 0.5, 0.5, 0.5, 0.5, 0.949, 0.5, 0.05084, 0.5, 0.949, 0.5, 0.0503, 0.5, 0.9497, 0.05023, 0.949, 0.0504, 0.9497, 0.4998, 0.949, 0.949, 0.9497, 0.5, 0.4998, 0.949, 0.9497, 0.5, 0.949, 0.949, 0.5, 0.05045, 0.9497, 0.05048, 0.05026, 0.5, 0.05023, 0.949, 0.9497, 0.949, 0.5, 0.0501, 0.0503, 0.949, 0.9497, 0.5, 0.5, 0.5, 0.5, 0.5, 0.949, 0.5, 0.05145, 0.949, 0.949, 0.949, 0.5, 0.0511, 0.5, 0.949, 0.0504, 0.9497, 0.5, 0.949], "8": [0.5, 0.5, 0.05133, 0.051, 0.5, 0.949, 0.5, 0.9497, 0.5, 0.9497, 0.5, 0.5, 0.5, 0.5, 0.95, 0.5, 0.05078, 0.05017, 0.5, 0.5, 0.5, 0.5, 0.5, 0.949, 0.95, 0.5, 0.5, 0.9487, 0.5, 0.05038, 0.5, 0.5, 0.948, 0.05035, 0.5, 0.5, 0.5, 0.5, 0.5, 0.5, 0.9497, 0.5005, 0.5005, 0.501, 0.501, 0.9487, 0.0503, 0.501, 0.501, 0.501, 0.5005, 0.501, 0.949, 0.5005, 0.0503, 0.501, 0.05072, 0.5005, 0.0511, 0.05106, 0.501, 0.501, 0.0511, 0.501, 0.501, 0.501, 0.5005, 0.5005, 0.9497, 0.05008, 0.5005, 0.05078, 0.949, 0.0511, 0.5005, 0.5005, 0.948, 0.5005, 0.501, 0.501, 0.05054, 0.5, 0.5, 0.95, 0.949, 0.05054, 0.5, 0.5, 0.5, 0.05054, 0.05026, 0.05078, 0.95, 0.5, 0.5, 0.05035, 0.5, 0.5, 0.5, 0.05038], "9": [0.949, 0.9497, 0.5, 0.5, 0.5, 0.5, 0.949, 0.9487, 0.05167, 0.949, 0.949, 0.9497, 0.05023, 0.9497, 0.5, 0.9497, 0.05167, 0.0515, 0.5, 0.5, 0.5, 0.288, 0.949, 0.0508, 0.5, 0.5, 0.5, 0.0517, 0.5, 0.949, 0.4998, 0.5, 0.5, 0.5, 0.949, 0.0504, 0.949, 0.5, 0.948, 0.288, 0.948, 0.0504, 0.5, 0.948, 0.0517, 0.05038, 0.05038, 0.05133, 0.4995, 0.0502, 0.949, 0.949, 0.5, 0.2754, 0.949, 0.0509, 0.4998, 0.5, 0.4998, 0.9497, 0.949, 0.948, 0.949, 0.05038, 0.0515, 0.5, 0.949, 0.5, 0.948, 0.949, 0.948, 0.05075, 0.949, 0.05038, 0.05133, 0.5, 0.5, 0.949, 0.5, 0.9497, 0.9497, 0.5, 0.5, 0.0501, 0.5, 0.5, 0.9497, 0.5, 0.949, 0.05005, 0.4998, 0.949, 0.5, 0.5, 0.5, 0.2754, 0.5, 0.5, 0.5, 0.05023], "10": [0.501, 0.95, 0.5, 0.0501, 0.95, 0.5, 0.0502, 0.5, 0.95, 0.5, 0.5005, 0.949, 0.5005, 0.05005, 0.5, 0.949, 0.501, 0.05005, 0.95, 0.501, 0.501, 0.0504, 0.05096, 0.0501, 0.5005, 0.5005, 0.5005, 0.05005, 0.501, 0.95, 0.95, 0.501, 0.501, 0.5005, 0.501, 0.5005, 0.0502, 0.949, 0.9487, 0.5005, 0.5005, 0.05008, 0.95, 0.501, 0.0502, 0.05023, 0.501, 0.5005, 0.0501, 0.5005, 0.0501, 0.05005, 0.9497, 0.501, 0.0501, 0.5005, 0.5005, 0.501, 0.501, 0.5005, 0.0501, 0.501, 0.949, 0.5005, 0.5005, 0.5005, 0.501, 0.0501, 0.501, 0.05023, 0.5005, 0.95, 0.5005, 0.5005, 0.501, 0.0505, 0.501, 0.05005, 0.05023, 0.0501, 0.95, 0.05048, 0.501, 0.95, 0.0501, 0.501, 0.501, 0.95, 0.949, 0.501, 0.5005, 0.949, 0.501, 0.0504, 0.9497, 0.0501, 0.0504, 0.501, 0.95, 0.05048]}