{"5":{"(Float16(0.533), 0.543203125)":100},"56":{"(Float16(0.4705), 0.480458984375)":100},"35":{"(Float16(0.541), 0.551015625)":100},"55":{"(Float16(0.5073), 0.51732421875)":100},"60":{"(Float16(0.4917), 0.50169921875)":100},"30":{"(Float16(0.546), 0.5558984375)":100},"32":{"(Float16(0.5195), 0.52953125)":100},"6":{"(Float16(0.4995), 0.50951171875)":100},"67":{"(Float16(0.4727), 0.48265625)":100},"45":{"(Float16(0.4595), 0.46947265625)":100},"73":{"(Float16(0.4746), 0.484609375)":100},"64":{"(Float16(0.5723), 0.582265625)":100},"90":{"(Float16(0.4521), 0.4621484375)":100},"4":{"(Float16(0.4893), 0.4992578125)":100},"13":{"(Float16(0.5083), 0.51830078125)":100},"54":{"(Float16(0.4568), 0.466787109375)":100},"63":{"(Float16(0.4785), 0.488515625)":100},"86":{"(Float16(0.4998), 0.509755859375)":100},"91":{"(Float16(0.5615), 0.5715234375)":100},"62":{"(Float16(0.4976), 0.50755859375)":100},"58":{"(Float16(0.479), 0.48900390625)":100},"52":{"(Float16(0.49), 0.499990234375)":100},"12":{"(Float16(0.5083), 0.51830078125)":100},"28":{"(Float16(0.4814), 0.4914453125)":100},"75":{"(Float16(0.506), 0.515859375)":100},"23":{"(Float16(0.4768), 0.486806640625)":100},"92":{"(Float16(0.475), 0.48509765625)":100},"41":{"(Float16(0.484), 0.49388671875)":100},"43":{"(Float16(0.47), 0.479970703125)":100},"11":{"(Float16(0.5376), 0.54759765625)":100},"36":{"(Float16(0.4785), 0.488515625)":100},"68":{"(Float16(0.515), 0.52513671875)":100},"69":{"(Float16(0.4492), 0.45921875)":100},"98":{"(Float16(0.4888), 0.49876953125)":100},"82":{"(Float16(0.509), 0.5187890625)":100},"85":{"(Float16(0.4705), 0.480458984375)":100},"39":{"(Float16(0.5093), 0.51927734375)":100},"84":{"(Float16(0.4968), 0.506826171875)":100},"77":{"(Float16(0.4902), 0.500234375)":100},"7":{"(Float16(0.456), 0.4660546875)":100},"25":{"(Float16(0.4573), 0.467275390625)":100},"95":{"(Float16(0.5063), 0.51634765625)":100},"71":{"(Float16(0.4792), 0.489248046875)":100},"66":{"(Float16(0.513), 0.52318359375)":100},"76":{"(Float16(0.4587), 0.468740234375)":100},"34":{"(Float16(0.503), 0.5129296875)":100},"50":{"(Float16(0.534), 0.5441796875)":100},"59":{"(Float16(0.5186), 0.5285546875)":100},"93":{"(Float16(0.54), 0.5500390625)":100},"2":{"(Float16(0.5645), 0.574453125)":100},"10":{"(Float16(0.483), 0.49291015625)":100},"18":{"(Float16(0.5547), 0.5646875)":99,"(Float16(0.0447), 0.054708251953125)":1},"26":{"(Float16(0.4395), 0.449453125)":100},"27":{"(Float16(0.5376), 0.54759765625)":100},"42":{"(Float16(0.5107), 0.5207421875)":100},"87":{"(Float16(0.543), 0.55296875)":100},"100":{"(Float16(0.4417), 0.451650390625)":100},"79":{"(Float16(0.548), 0.5578515625)":100},"16":{"(Float16(0.4768), 0.486806640625)":100},"20":{"(Float16(0.4727), 0.48265625)":100},"81":{"(Float16(0.5347), 0.54466796875)":100},"19":{"(Float16(0.509), 0.5187890625)":100},"49":{"(Float16(0.5645), 0.574453125)":100},"44":{"(Float16(0.4875), 0.497548828125)":100},"9":{"(Float16(0.506), 0.515859375)":100},"31":{"(Float16(0.4944), 0.504384765625)":100},"74":{"(Float16(0.5107), 0.5207421875)":100},"61":{"(Float16(0.4897), 0.49974609375)":100},"29":{"(Float16(0.504), 0.51390625)":100},"94":{"(Float16(0.4712), 0.48119140625)":100},"46":{"(Float16(0.4932), 0.5031640625)":100},"57":{"(Float16(0.4797), 0.489736328125)":100},"70":{"(Float16(0.509), 0.5187890625)":100},"21":{"(Float16(0.52), 0.53001953125)":100},"38":{"(Float16(0.5254), 0.535390625)":100},"88":{"(Float16(0.4595), 0.46947265625)":100},"78":{"(Float16(0.5093), 0.51927734375)":100},"72":{"(Float16(0.4204), 0.43041015625)":100},"24":{"(Float16(0.5005), 0.51048828125)":100},"8":{"(Float16(0.5176), 0.527578125)":100},"17":{"(Float16(0.4905), 0.500478515625)":100},"37":{"(Float16(0.586), 0.5959375)":98,"(Float16(0.04657), 0.05656982421875)":2},"1":{"(Float16(0.4707), 0.480703125)":100},"53":{"(Float16(0.5117), 0.52171875)":100},"22":{"(Float16(0.566), 0.57591796875)":100},"47":{"(Float16(0.518), 0.52806640625)":100},"83":{"(Float16(0.4565), 0.46654296875)":100},"99":{"(Float16(0.4502), 0.4601953125)":100},"89":{"(Float16(0.5), 0.51)":100},"14":{"(Float16(0.482), 0.49193359375)":100},"3":{"(Float16(0.442), 0.45189453125)":99,"(Float16(0.9834), 0.9933984375)":1},"80":{"(Float16(0.4624), 0.47240234375)":100},"96":{"(Float16(0.4805), 0.49046875)":100},"51":{"(Float16(0.498), 0.508046875)":100},"33":{"(Float16(0.491), 0.500966796875)":100},"40":{"(Float16(0.529), 0.53880859375)":100},"48":{"(Float16(0.4614), 0.47142578125)":100},"15":{"(Float16(0.4824), 0.492421875)":100},"65":{"(Float16(0.4941), 0.504140625)":100},"97":{"(Float16(0.5234), 0.5334375)":100}}