{"5":{"(Float16(0.742), Float16(1.042))":50,"(Float16(0.000494), Float16(0.3005))":50},"56":{"(Float16(0.711), Float16(1.011))":57,"(Float16(0.000928), Float16(0.301))":43},"35":{"(Float16(0.000879), Float16(0.3008))":46,"(Float16(0.6855), Float16(0.9854))":54},"55":{"(Float16(0.7197), Float16(1.02))":48,"(Float16(0.000927), Float16(0.301))":52},"60":{"(Float16(0.000557), Float16(0.3005))":50,"(Float16(0.7666), Float16(1.066))":50},"30":{"(Float16(0.000534), Float16(0.3005))":38,"(Float16(0.6875), Float16(0.9873))":62},"32":{"(Float16(0.001157), Float16(0.3013))":33,"(Float16(0.62), Float16(0.92))":67},"6":{"(Float16(0.7393), Float16(1.039))":57,"(Float16(0.0006037), Float16(0.3005))":43},"67":{"(Float16(0.000617), Float16(0.3005))":35,"(Float16(0.6504), Float16(0.95))":65},"45":{"(Float16(0.753), Float16(1.053))":47,"(Float16(0.000785), Float16(0.3008))":53},"73":{"(Float16(0.0007157), Float16(0.3008))":45,"(Float16(0.623), Float16(0.923))":55},"64":{"(Float16(0.0005627), Float16(0.3005))":59,"(Float16(0.7695), Float16(1.069))":41},"90":{"(Float16(0.7686), Float16(1.068))":42,"(Float16(0.0007725), Float16(0.3008))":58},"4":{"(Float16(0.7285), Float16(1.028))":42,"(Float16(0.0008163), Float16(0.3008))":58},"13":{"(Float16(0.000668), Float16(0.3008))":37,"(Float16(0.709), Float16(1.009))":63},"54":{"(Float16(0.0006495), Float16(0.3005))":65,"(Float16(0.7812), Float16(1.081))":35},"63":{"(Float16(0.001266), Float16(0.3013))":34,"(Float16(0.63), Float16(0.9297))":66},"86":{"(Float16(0.5293), Float16(0.829))":81,"(Float16(0.001141), Float16(0.301))":19},"91":{"(Float16(0.7227), Float16(1.022))":62,"(Float16(0.000576), Float16(0.3005))":38},"62":{"(Float16(0.001053), Float16(0.301))":31,"(Float16(0.6426), Float16(0.9424))":69},"58":{"(Float16(0.0007806), Float16(0.3008))":36,"(Float16(0.6895), Float16(0.9893))":64},"52":{"(Float16(0.000939), Float16(0.301))":60,"(Float16(0.747), Float16(1.047))":40},"12":{"(Float16(0.748), Float16(1.048))":46,"(Float16(0.000751), Float16(0.3008))":54},"28":{"(Float16(0.000789), Float16(0.3008))":45,"(Float16(0.6934), Float16(0.993))":55},"75":{"(Float16(0.746), Float16(1.046))":46,"(Float16(0.0006533), Float16(0.3005))":54},"23":{"(Float16(0.711), Float16(1.011))":59,"(Float16(0.0005183), Float16(0.3005))":41},"92":{"(Float16(0.000599), Float16(0.3005))":26,"(Float16(0.5645), Float16(0.8643))":74},"41":{"(Float16(0.6084), Float16(0.908))":79,"(Float16(0.000638), Float16(0.3005))":21},"43":{"(Float16(0.001171), Float16(0.3013))":40,"(Float16(0.6396), Float16(0.9395))":60},"11":{"(Float16(0.0008297), Float16(0.3008))":33,"(Float16(0.673), Float16(0.9727))":67},"36":{"(Float16(0.0007133), Float16(0.3008))":46,"(Float16(0.6787), Float16(0.9785))":54},"68":{"(Float16(0.621), Float16(0.921))":74,"(Float16(0.00102), Float16(0.301))":26},"69":{"(Float16(0.0005393), Float16(0.3005))":63,"(Float16(0.787), Float16(1.087))":37},"98":{"(Float16(0.0017185), Float16(0.3018))":11,"(Float16(0.5596), Float16(0.8594))":89},"82":{"(Float16(0.001081), Float16(0.301))":25,"(Float16(0.5635), Float16(0.8633))":75},"85":{"(Float16(0.6855), Float16(0.9854))":56,"(Float16(0.000863), Float16(0.3008))":44},"39":{"(Float16(0.0007753), Float16(0.3008))":31,"(Float16(0.6113), Float16(0.911))":69},"84":{"(Float16(0.000652), Float16(0.3005))":51,"(Float16(0.7305), Float16(1.03))":49},"77":{"(Float16(0.665), Float16(0.965))":71,"(Float16(0.000855), Float16(0.3008))":29},"7":{"(Float16(0.0008955), Float16(0.3008))":31,"(Float16(0.5596), Float16(0.8594))":69},"25":{"(Float16(0.0008755), Float16(0.3008))":27,"(Float16(0.6562), Float16(0.956))":73},"95":{"(Float16(0.749), Float16(1.049))":40,"(Float16(0.000697), Float16(0.3008))":60},"71":{"(Float16(0.0005293), Float16(0.3005))":43,"(Float16(0.6953), Float16(0.995))":57},"66":{"(Float16(0.6836), Float16(0.9834))":52,"(Float16(0.0007296), Float16(0.3008))":48},"76":{"(Float16(0.6436), Float16(0.9434))":58,"(Float16(0.001076), Float16(0.301))":42},"34":{"(Float16(0.000665), Float16(0.3008))":60,"(Float16(0.7793), Float16(1.079))":40},"50":{"(Float16(0.000673), Float16(0.3008))":48,"(Float16(0.6797), Float16(0.9795))":52},"59":{"(Float16(0.00072), Float16(0.3008))":53,"(Float16(0.7285), Float16(1.028))":47},"93":{"(Float16(0.665), Float16(0.965))":57,"(Float16(0.001047), Float16(0.301))":43},"2":{"(Float16(0.0007887), Float16(0.3008))":48,"(Float16(0.7227), Float16(1.022))":52},"10":{"(Float16(0.000654), Float16(0.3005))":37,"(Float16(0.5547), Float16(0.8545))":63},"18":{"(Float16(0.000853), Float16(0.3008))":44,"(Float16(0.704), Float16(1.004))":56},"26":{"(Float16(0.8076), Float16(1.107))":32,"(Float16(0.000738), Float16(0.3008))":68},"27":{"(Float16(0.753), Float16(1.053))":51,"(Float16(0.000551), Float16(0.3005))":49},"42":{"(Float16(0.001335), Float16(0.3013))":25,"(Float16(0.6377), Float16(0.9375))":75},"87":{"(Float16(0.0004475), Float16(0.3005))":51,"(Float16(0.7715), Float16(1.071))":49},"100":{"(Float16(0.0006957), Float16(0.3008))":28,"(Float16(0.629), Float16(0.9287))":72},"79":{"(Float16(0.0006843), Float16(0.3008))":31,"(Float16(0.616), Float16(0.916))":69},"16":{"(Float16(0.000841), Float16(0.3008))":43,"(Float16(0.6895), Float16(0.9893))":57},"20":{"(Float16(0.4297), Float16(0.7295))":100},"81":{"(Float16(0.000984), Float16(0.301))":36,"(Float16(0.6426), Float16(0.9424))":64},"19":{"(Float16(0.625), Float16(0.925))":68,"(Float16(0.000762), Float16(0.3008))":32},"49":{"(Float16(0.6377), Float16(0.9375))":60,"(Float16(0.0006285), Float16(0.3005))":40},"44":{"(Float16(0.787), Float16(1.087))":39,"(Float16(0.0008736), Float16(0.3008))":61},"9":{"(Float16(0.0008206), Float16(0.3008))":32,"(Float16(0.59), Float16(0.8896))":68},"31":{"(Float16(0.4624), Float16(0.762))":85,"(Float16(0.001071), Float16(0.301))":15},"74":{"(Float16(0.617), Float16(0.917))":70,"(Float16(0.001026), Float16(0.301))":30},"61":{"(Float16(0.000699), Float16(0.3008))":48,"(Float16(0.7227), Float16(1.022))":52},"29":{"(Float16(0.0006905), Float16(0.3008))":49,"(Float16(0.7314), Float16(1.031))":51},"94":{"(Float16(0.0009623), Float16(0.301))":24,"(Float16(0.6514), Float16(0.951))":76},"46":{"(Float16(0.0008326), Float16(0.3008))":48,"(Float16(0.743), Float16(1.043))":52},"57":{"(Float16(0.663), Float16(0.963))":67,"(Float16(0.001032), Float16(0.301))":33},"70":{"(Float16(0.0005403), Float16(0.3005))":54,"(Float16(0.79), Float16(1.09))":46},"21":{"(Float16(0.6416), Float16(0.9414))":58,"(Float16(0.000578), Float16(0.3005))":42},"38":{"(Float16(0.0007076), Float16(0.3008))":36,"(Float16(0.5938), Float16(0.8936))":64},"88":{"(Float16(0.000998), Float16(0.301))":35,"(Float16(0.6816), Float16(0.9814))":65},"78":{"(Float16(0.0007963), Float16(0.3008))":41,"(Float16(0.6816), Float16(0.9814))":59},"72":{"(Float16(0.0007772), Float16(0.3008))":50,"(Float16(0.668), Float16(0.968))":50},"24":{"(Float16(0.0008965), Float16(0.3008))":42,"(Float16(0.576), Float16(0.876))":58},"8":{"(Float16(0.0007024), Float16(0.3008))":48,"(Float16(0.6816), Float16(0.9814))":52},"17":{"(Float16(0.000619), Float16(0.3005))":41,"(Float16(0.698), Float16(0.998))":59},"37":{"(Float16(0.6455), Float16(0.9453))":67,"(Float16(0.000565), Float16(0.3005))":33},"1":{"(Float16(0.6963), Float16(0.996))":63,"(Float16(0.0006924), Float16(0.3008))":37},"53":{"(Float16(0.789), Float16(1.089))":42,"(Float16(0.0008636), Float16(0.3008))":58},"22":{"(Float16(0.000602), Float16(0.3005))":54,"(Float16(0.7793), Float16(1.079))":46},"47":{"(Float16(0.0006046), Float16(0.3005))":35,"(Float16(0.624), Float16(0.924))":65},"83":{"(Float16(0.7363), Float16(1.036))":54,"(Float16(0.000593), Float16(0.3005))":46},"99":{"(Float16(0.0009575), Float16(0.301))":44,"(Float16(0.7607), Float16(1.061))":56},"89":{"(Float16(0.666), Float16(0.966))":62,"(Float16(0.001149), Float16(0.3013))":38},"14":{"(Float16(0.0006623), Float16(0.3008))":59,"(Float16(0.794), Float16(1.094))":41},"3":{"(Float16(0.755), Float16(1.055))":41,"(Float16(0.0005846), Float16(0.3005))":59},