{"5":{"(Float16(0.7), Float16(1.0))":52,"(Float16(0.0001365), Float16(0.3))":47,"(Float16(0.3896), Float16(0.6895))":1},"56":{"(Float16(0.0002317), Float16(0.3003))":42,"(Float16(0.6924), Float16(0.992))":58},"35":{"(Float16(0.0001231), Float16(0.3))":28,"(Float16(0.593), Float16(0.8926))":72},"55":{"(Float16(0.0001428), Float16(0.3))":30,"(Float16(0.6562), Float16(0.956))":70},"60":{"(Float16(0.7007), Float16(1.001))":49,"(Float16(0.0002027), Float16(0.3003))":51},"30":{"(Float16(4.06e-5), Float16(0.3))":18,"(Float16(0.534), Float16(0.834))":82},"32":{"(Float16(0.0002556), Float16(0.3003))":28,"(Float16(0.668), Float16(0.968))":72},"6":{"(Float16(0.3853), Float16(0.685))":1,"(Float16(0.716), Float16(1.016))":63,"(Float16(0.0002608), Float16(0.3003))":36},"67":{"(Float16(0.000196), Float16(0.3003))":41,"(Float16(0.702), Float16(1.002))":59},"45":{"(Float16(0.0002191), Float16(0.3003))":20,"(Float16(0.616), Float16(0.916))":80},"73":{"(Float16(8.87e-5), Float16(0.3))":31,"(Float16(0.659), Float16(0.959))":69},"64":{"(Float16(0.694), Float16(0.9937))":61,"(Float16(0.0001515), Float16(0.3))":39},"90":{"(Float16(0.5503), Float16(0.85))":66,"(Float16(6.187e-5), Float16(0.3))":34},"4":{"(Float16(0.9727), Float16(1.272))":2,"(Float16(0.0), Float16(0.3))":37,"(Float16(0.5938), Float16(0.8936))":61},"13":{"(Float16(0.674), Float16(0.9736))":60,"(Float16(7.665e-5), Float16(0.3))":40},"54":{"(Float16(0.00016), Float16(0.3))":44,"(Float16(0.7393), Float16(1.039))":56},"63":{"(Float16(0.4358), Float16(0.736))":1,"(Float16(0.7563), Float16(1.057))":56,"(Float16(0.0001297), Float16(0.3))":43},"86":{"(Float16(9.6e-5), Float16(0.3))":31,"(Float16(0.6533), Float16(0.953))":69},"91":{"(Float16(0.0001794), Float16(0.3003))":33,"(Float16(0.675), Float16(0.9746))":67},"62":{"(Float16(0.5576), Float16(0.8574))":58,"(Float16(0.0001385), Float16(0.3))":41,"(Float16(0.901), Float16(1.201))":1},"58":{"(Float16(0.4248), Float16(0.7246))":3,"(Float16(0.0), Float16(0.3))":52,"(Float16(0.801), Float16(1.101))":45},"52":{"(Float16(0.0002271), Float16(0.3003))":47,"(Float16(0.7026), Float16(1.003))":53},"12":{"(Float16(0.0001878), Float16(0.3003))":37,"(Float16(0.658), Float16(0.958))":63},"28":{"(Float16(0.0001825), Float16(0.3003))":33,"(Float16(0.589), Float16(0.8887))":67},"75":{"(Float16(0.0001863), Float16(0.3003))":32,"(Float16(0.582), Float16(0.882))":68},"23":{"(Float16(7.963e-5), Float16(0.3))":32,"(Float16(0.6494), Float16(0.949))":68},"92":{"(Float16(9.77e-5), Float16(0.3))":45,"(Float16(0.5703), Float16(0.87))":55},"41":{"(Float16(0.631), Float16(0.9307))":70,"(Float16(0.0001371), Float16(0.3))":29,"(Float16(0.997), Float16(1.297))":1},"43":{"(Float16(0.616), Float16(0.916))":72,"(Float16(0.0001104), Float16(0.3))":28},"11":{"(Float16(0.0001035), Float16(0.3))":34,"(Float16(0.6816), Float16(0.9814))":66},"36":{"(Float16(0.0001944), Float16(0.3003))":27,"(Float16(0.633), Float16(0.9326))":73},"68":{"(Float16(0.0001705), Float16(0.3))":31,"(Float16(0.629), Float16(0.9287))":69},"69":{"(Float16(0.6357), Float16(0.9355))":60,"(Float16(0.0001559), Float16(0.3))":40},"98":{"(Float16(0.0001553), Float16(0.3))":52,"(Float16(0.6904), Float16(0.99))":48},"82":{"(Float16(0.00010866), Float16(0.3))":26,"(Float16(0.664), Float16(0.964))":74},"85":{"(Float16(0.5234), Float16(0.823))":77,"(Float16(6.64e-5), Float16(0.3))":23},"39":{"(Float16(3.54e-5), Float16(0.3))":64,"(Float16(0.372), Float16(0.672))":1,"(Float16(0.708), Float16(1.008))":35},"84":{"(Float16(0.659), Float16(0.959))":72,"(Float16(0.0001705), Float16(0.3))":28},"77":{"(Float16(0.000169), Float16(0.3))":46,"(Float16(0.688), Float16(0.988))":54},"7":{"(Float16(0.6406), Float16(0.9404))":50,"(Float16(0.0001894), Float16(0.3003))":50},"25":{"(Float16(0.7437), Float16(1.044))":63,"(Float16(0.4268), Float16(0.7266))":1,"(Float16(0.00011194), Float16(0.3))":36},"95":{"(Float16(0.6523), Float16(0.952))":66,"(Float16(0.0001112), Float16(0.3))":34},"71":{"(Float16(0.0002083), Float16(0.3003))":37,"(Float16(0.616), Float16(0.916))":63},"66":{"(Float16(0.4346), Float16(0.7344))":1,"(Float16(0.0001354), Float16(0.3))":38,"(Float16(0.7637), Float16(1.063))":61},"76":{"(Float16(0.6436), Float16(0.9434))":51,"(Float16(0.0001621), Float16(0.3))":49},"34":{"(Float16(0.0001228), Float16(0.3))":48,"(Float16(0.662), Float16(0.962))":52},"50":{"(Float16(0.0002253), Float16(0.3003))":27,"(Float16(0.5586), Float16(0.8584))":71,"(Float16(0.99), Float16(1.29))":2},"59":{"(Float16(0.0002161), Float16(0.3003))":56,"(Float16(0.7295), Float16(1.029))":44},"93":{"(Float16(0.6826), Float16(0.9824))":53,"(Float16(0.0001762), Float16(0.3003))":47},"2":{"(Float16(0.6494), Float16(0.949))":77,"(Float16(0.00011665), Float16(0.3))":23},"10":{"(Float16(0.6855), Float16(0.9854))":69,"(Float16(6.485e-5), Float16(0.3))":31},"18":{"(Float16(0.619), Float16(0.919))":55,"(Float16(0.0001457), Float16(0.3))":45},"26":{"(Float16(0.699), Float16(0.999))":56,"(Float16(0.0001377), Float16(0.3))":44},"27":{"(Float16(0.739), Float16(1.039))":49,"(Float16(0.0002407), Float16(0.3003))":51},"42":{"(Float16(0.000133), Float16(0.3))":48,"(Float16(0.7344), Float16(1.034))":52},"87":{"(Float16(0.0002215), Float16(0.3003))":34,"(Float16(0.581), Float16(0.881))":66},"100":{"(Float16(0.000165), Float16(0.3))":58,"(Float16(0.725), Float16(1.025))":42},"79":{"(Float16(0.000158), Float16(0.3))":37,"(Float16(0.9844), Float16(1.284))":1,"(Float16(0.667), Float16(0.967))":62},"16":{"(Float16(0.6973), Float16(0.997))":62,"(Float16(0.0001401), Float16(0.3))":38},"20":{"(Float16(0.7334), Float16(1.033))":58,"(Float16(0.0001818), Float16(0.3003))":42},"81":{"(Float16(0.6377), Float16(0.9375))":60,"(Float16(0.0001558), Float16(0.3))":40},"19":{"(Float16(0.6406), Float16(0.9404))":54,"(Float16(0.0001694), Float16(0.3))":46},"49":{"(Float16(0.0001693), Float16(0.3))":41,"(Float16(0.7), Float16(1.0))":59},"44":{"(Float16(0.6826), Float16(0.9824))":57,"(Float16(0.0001281), Float16(0.3))":43},"9":{"(Float16(0.0002728), Float16(0.3003))":36,"(Float16(0.701), Float16(1.001))":64},"31":{"(Float16(8.19e-5), Float16(0.3))":63,"(Float16(0.7837), Float16(1.084))":37},"74":{"(Float16(0.0002918), Float16(0.3003))":25,"(Float16(0.623), Float16(0.923))":75},"61":{"(Float16(9.084e-5), Float16(0.3))":43,"(Float16(0.66), Float16(0.96))":57},"29":{"(Float16(9.25e-5), Float16(0.3))":33,"(Float16(0.6377), Float16(0.9375))":67},"94":{"(Float16(0.6577), Float16(0.9575))":55,"(Float16(0.0002584), Float16(0.3003))":45},"46":{"(Float16(0.65), Float16(0.9497))":44,"(Float16(0.0001403), Float16(0.3))":56},"57":{"(Float16(0.0001445), Float16(0.3))":39,"(Float16(0.62), Float16(0.92))":61},"70":{"(Float16(0.0002266), Float16(0.3003))":37,"(Float16(0.9766), Float16(1.276))":1,"(Float16(0.626), Float16(0.926))":62},"21":{"(Float16(0.0001114), Float16(0.3))":30,"(Float16(0.663), Float16(0.963))":70},"38":{"(Float16(0.0001512), Float16(0.3))":41,"(Float16(0.671), Float16(0.9707))":59},"88":{"(Float16(0.00010973), Float16(0.3))":40,"(Float16(0.7324), Float16(1.032))":60},"78":{"(Float16(7.83e-5), Float16(0.3))":27,"(Float16(0.664), Float16(0.964))":73},"72":{"(Float16(0.7104), Float16(1.011))":59,"(Float16(0.0002062), Float16(0.3003))":41},"24":{"(Float16(3.326e-5), Float16(0.3))":31,"(Float16(0.6133), Float16(0.913))":69},"8":{"(Float16(0.0001225), Float16(0.3))":37,"(Float16(0.6787), Float16(0.9785))":63},"17":{"(Float16(0.0003371), Float16(0.3003))":43,"(Float16(0.709), Float16(1.009))":57},"37":{"(Float16(0.9297), Float16(1.2295))":1,"(Float16(0.5703), Float16(0.87))":75,"(Float16(0.0001237), Float16(0.3))":24},"1":{"(Float16(0.00011486), Float16(0.3))":23,"(Float16(0.6143), Float16(0.914))":77},"53":{"(Float16(0.622), Float16(0.922))":60,"(Float16(0.0002277), Float16(0.3003))":40},"22":{"(Float16(0.59), Float16(0.8896))":65,"(Float16(0.0), Float16(0.3))":32,"(Float16(0.9834), Float16(1.283))":3},"47":{"(Float16(0.0002078), Float16(0.3003))":35,"(Float16(0.71), Float16(1.01))":65},