{"8":[0.9497,0.5,0.5,0.5,0.5,0.5,0.9497,0.5,0.5,0.95,0.5,0.05023,0.5,0.95,0.5,0.0505,0.5,0.05023,0.9497,0.5,0.9497,0.949,0.5,0.9497,0.5,0.5,0.9497,0.9497,0.5,0.5,0.9497,0.5,0.949,0.5,0.949,0.9497,0.9497,0.0501,0.949,0.949,0.05035,0.5,0.05023,0.05023,0.5,0.5,0.5,0.5,0.0506,0.949,0.9497,0.5,0.949,0.5,0.5,0.5,0.5,0.949,0.5,0.949,0.9497,0.9497,0.9497,0.5,0.5,0.949,0.949,0.5,0.949,0.5,0.05005,0.5,0.5,0.949,0.95,0.05017,0.95,0.5,0.5,0.0503,0.95,0.95,0.95,0.95,0.5,0.5,0.05023,0.5,0.0505,0.95,0.5,0.05023,0.5,0.5,0.95,0.5,0.5,0.95,0.5,0.05002],"4":[0.949,0.5,0.5,0.5,0.0503,0.05103,0.4998,0.5,0.5,0.5,0.95,0.5005,0.9497,0.5005,0.0504,0.95,0.5,0.5,0.5,0.5,0.2673,0.5,0.5,0.95,0.9497,0.949,0.5,0.0501,0.5,0.05078,0.5,0.5,0.05084,0.5,0.9497,0.9497,0.05066,0.0502,0.9497,0.9497,0.9497,0.949,0.5,0.05066,0.5,0.9497,0.5,0.9497,0.949,0.949,0.5005,0.0505,0.949,0.05136,0.949,0.9497,0.949,0.9497,0.05078,0.05057,0.5005,0.5005,0.05017,0.05084,0.05066,0.05038,0.05096,0.5,0.5,0.5,0.5,0.949,0.9497,0.5,0.0504,0.05038,0.0504,0.5,0.0502,0.05035,0.0503,0.5,0.9497,0.05066,0.5,0.5,0.9497,0.05014,0.05066,0.05023,0.9497,0.5,0.5,0.05084,0.9497,0.5,0.5,0.2673,0.05032,0.0503],"1":[0.501,0.501,0.5005,0.05023,0.501,0.05063,0.2705,0.05035,0.501,0.949,0.0501,0.5005,0.5005,0.501,0.05127,0.501,0.95,0.501,0.501,0.501,0.501,0.949,0.05045,0.5005,0.95,0.2812,0.501,0.05038,0.501,0.501,0.949,0.5005,0.5005,0.95,0.95,0.501,0.05017,0.0505,0.05026,0.5005,0.501,0.9497,0.05008,0.501,0.501,0.05054,0.05005,0.501,0.05017,0.5005,0.2705,0.0506,0.05017,0.0507,0.05127,0.5005,0.5005,0.5005,0.05063,0.5005,0.949,0.95,0.9487,0.5005,0.9497,0.05026,0.501,0.05026,0.5005,0.95,0.05038,0.5005,0.05008,0.949,0.501,0.5005,0.05035,0.949,0.5005,0.05054,0.0507,0.05017,0.05005,0.05032,0.9487,0.5005,0.501,0.0501,0.5005,0.5005,0.2812,0.5005,0.05017,0.95,0.0505,0.05017,0.5005,0.5005,0.949,0.5005],"5":[0.4995,0.4995,0.05045,0.05048,0.4995,0.4995,0.05078,0.4998,0.4995,0.05014,0.05023,0.05014,0.0503,0.05005,0.4995,0.4998,0.05023,0.4998,0.9487,0.4998,0.4995,0.9497,0.4998,0.4995,0.949,0.4995,0.95,0.05078,0.949,0.4998,0.05072,0.4995,0.05048,0.05032,0.4995,0.4998,0.9487,0.05005,0.4998,0.05045,0.949,0.4998,0.4995,0.4995,0.4998,0.4995,0.4998,0.4998,0.4998,0.948,0.95,0.4995,0.4998,0.05023,0.0502,0.4998,0.95,0.949,0.4995,0.4995,0.4998,0.9487,0.4995,0.05017,0.4995,0.4998,0.05023,0.4995,0.949,0.4998,0.0505,0.4998,0.4998,0.4998,0.4998,0.05023,0.0503,0.0501,0.4998,0.4995,0.4995,0.05008,0.949,0.05014,0.949,0.949,0.0501,0.0501,0.4995,0.949,0.05048,0.4998,0.4995,0.4995,0.05035,0.05023,0.4998,0.949,0.4998,0.05023],"2":[0.949,0.0503,0.0505,0.949,0.9497,0.0509,0.9497,0.9487,0.949,0.0509,0.5,0.5,0.948,0.9487,0.5,0.05118,0.5,0.05026,0.948,0.05023,0.05048,0.0506,0.05026,0.949,0.9497,0.05045,0.0506,0.0501,0.5,0.05023,0.5,0.949,0.05008,0.949,0.5,0.949,0.0509,0.5,0.05072,0.949,0.05096,0.5,0.949,0.949,0.05017,0.9487,0.949,0.5,0.0512,0.948,0.949,0.05072,0.949,0.05017,0.5,0.0504,0.5,0.949,0.05072,0.9487,0.05078,0.05045,0.0506,0.948,0.9487,0.948,0.05045,0.5,0.9497,0.0506,0.948,0.5,0.05035,0.0502,0.5,0.5,0.9487,0.948,0.05026,0.05008,0.05072,0.05017,0.05078,0.05023,0.948,0.948,0.0503,0.0506,0.5,0.5,0.0503,0.05014,0.5,0.5,0.9487,0.9497,0.5,0.05035,0.949,0.9497],"6":[0.05054,0.501,0.948,0.5005,0.5,0.0504,0.949,0.5,0.5,0.9497,0.949,0.05045,0.9497,0.05023,0.95,0.05075,0.5,0.5015,0.0504,0.5,0.5,0.7305,0.5,0.5,0.9497,0.0501,0.95,0.5,0.5,0.949,0.5,0.5,0.95,0.949,0.95,0.501,0.05054,0.501,0.0503,0.05084,0.0504,0.0506,0.05078,0.05023,0.95,0.05035,0.95,0.05054,0.05035,0.95,0.05054,0.5,0.0503,0.5,0.05093,0.05084,0.0504,0.5,0.95,0.0503,0.5,0.949,0.949,0.5,0.051,0.5,0.5005,0.5,0.0506,0.5,0.949,0.05087,0.05078,0.5015,0.5,0.5005,0.5,0.5,0.9497,0.5,0.0504,0.95,0.5015,0.0503,0.5,0.05038,0.051,0.5,0.5,0.5,0.949,0.0507,0.7305,0.05054,0.05032,0.5,0.9497,0.05026,0.5,0.05078],"7":[0.949,0.5,0.05005,0.05005,0.5,0.4998,0.949,0.2754,0.949,0.5,0.4998,0.05005,0.4998,0.949,0.9497,0.949,0.4998,0.9497,0.4995,0.9497,0.4995,0.4998,0.5,0.05,0.9497,0.4995,0.5,0.4995,0.4998,0.949,0.9497,0.949,0.4995,0.949,0.949,0.949,0.949,0.9497,0.5,0.0504,0.949,0.5,0.949,0.4998,0.4998,0.949,0.9497,0.949,0.05005,0.9497,0.949,0.2754,0.4998,0.05017,0.05014,0.05005,0.949,0.949,0.05002,0.949,0.4993,0.9497,0.5,0.5,0.4998,0.5,0.949,0.4995,0.5,0.05014,0.05002,0.949,0.4993,0.4998,0.949,0.9497,0.5,0.9497,0.5,0.949,0.0504,0.9497,0.949,0.0501,0.949,0.4998,0.0501,0.05002,0.9497,0.05005,0.4993,0.5,0.4995,0.05008,0.949,0.0501,0.4995,0.5,0.9497,0.5],"10":[0.5,0.95,0.5,0.95,0.05054,0.5,0.95,0.5,0.5,0.5,0.05005,0.5,0.5,0.5,0.95,0.5,0.5,0.95,0.05045,0.95,0.05017,0.5,0.5,0.05054,0.05032,0.95,0.5,0.95,0.5,0.0501,0.95,0.95,0.95,0.5,0.05032,0.05038,0.05017,0.05032,0.95,0.5,0.95,0.05054,0.95,0.5,0.5,0.05038,0.05078,0.05048,0.5,0.95,0.05017,0.5,0.5,0.95,0.95,0.5,0.5,0.05017,0.05017,0.5,0.95,0.05008,0.5,0.5,0.5,0.95,0.05038,0.5,0.5,0.95,0.05017,0.95,0.5,0.5,0.5,0.5,0.95,0.05084,0.95,0.5,0.05054,0.5,0.5,0.05048,0.95,0.5,0.95,0.95,0.5,0.5,0.05084,0.5,0.05008,0.05017,0.5,0.05026,0.5,0.5,0.95,0.95],"9":[0.05017,0.9497,0.5,0.501,0.05035,0.9487,0.949,0.05017,0.5005,0.05023,0.5,0.9487,0.949,0.5,0.5,0.949,0.05035,0.0503,0.5,0.9497,0.5,0.0501,0.95,0.05023,0.5,0.05026,0.05014,0.05023,0.95,0.95,0.95,0.5,0.05008,0.501,0.5005,0.5,0.5,0.5,0.5,0.05008,0.95,0.5,0.5,0.5,0.5,0.501,0.0501,0.0502,0.949,0.95,0.5,0.5,0.5,0.949,0.95,0.5,0.5,0.0505,0.5,0.5,0.0503,0.95,0.5,0.95,0.9487,0.05023,0.5,0.95,0.95,0.95,0.5,0.0501,0.5005,0.0503,0.5,0.5,0.9487,0.501,0.0502,0.95,0.05014,0.95,0.5,0.5,0.05026,0.95,0.5005,0.0501,0.501,0.95,0.05017,0.501,0.9487,0.0501,0.9497,0.5,0.05017,0.5,0.5,0.5],"3":[0.949,0.949,0.5,0.949,0.5,0.4998,0.5,0.0503,0.05014,0.5,0.4998,0.0503,0.499,0.4995,0.05032,0.05005,0.4995,0.05078,0.5,0.05014,0.05035,0.949,0.05017,0.949,0.05048,0.949,0.4998,0.5,0.9497,0.949,0.05008,0.05005,0.271,0.05017,0.05014,0.4995,0.9497,0.4998,0.499,0.05035,0.9497,0.05038,0.5,0.5,0.9497,0.5,0.9497,0.9497,0.5,0.05017,0.05005,0.5,0.4995,0.499,0.05005,0.949,0.05032,0.949,0.9497,0.05017,0.9497,0.05005,0.949,0.5,0.949,0.9497,0.949,0.5,0.9497,0.5,0.949,0.05005,0.9497,0.5,0.05023,0.05005,0.5,0.05038,0.9497,0.271,0.05017,0.9497,0.5,0.949,0.5,0.5,0.5,0.949,0.5,0.5,0.4998,0.5,0.5,0.5,0.05008,0.949,0.5,0.5,0.05017,0.4998]}