{"5":{"(Float16(0.754), 0.76390625)":59,"(Float16(0.503), 0.5129296875)":2,"(Float16(0.2343), 0.2442529296875)":39},"56":{"(Float16(0.2988), 0.308828125)":39,"(Float16(0.963), 0.972890625)":1,"(Float16(0.708), 0.7180078125)":60},"35":{"(Float16(0.8203), 0.8303125)":35,"(Float16(0.0734), 0.08342529296875)":3,"(Float16(0.3252), 0.3351953125)":62},"55":{"(Float16(0.2659), 0.275869140625)":51,"(Float16(0.978), 0.98802734375)":1,"(Float16(0.4922), 0.5021875)":1,"(Float16(0.742), 0.7521875)":47},"60":{"(Float16(0.03946), 0.049459228515625)":2,"(Float16(0.782), 0.7922265625)":49,"(Float16(0.3096), 0.3195703125)":49},"30":{"(Float16(0.751), 0.7609765625)":38,"(Float16(0.3203), 0.3303125)":62},"32":{"(Float16(0.2142), 0.2242333984375)":46,"(Float16(0.4763), 0.486318359375)":28,"(Float16(0.8706), 0.88060546875)":26},"6":{"(Float16(0.883), 0.8928125)":21,"(Float16(0.4878), 0.49779296875)":55,"(Float16(0.1714), 0.18138671875)":24},"67":{"(Float16(0.3286), 0.33861328125)":60,"(Float16(0.8213), 0.8312890625)":38,"(Float16(0.549), 0.558828125)":2},"45":{"(Float16(0.2126), 0.222646484375)":43,"(Float16(0.6914), 0.70140625)":57},"73":{"(Float16(0.826), 0.836171875)":31,"(Float16(0.535), 0.54515625)":40,"(Float16(0.1763), 0.18626953125)":29},"64":{"(Float16(0.576), 0.586171875)":51,"(Float16(0.1378), 0.1478173828125)":29,"(Float16(0.8984), 0.9084375)":20},"90":{"(Float16(0.2617), 0.27171875)":50,"(Float16(0.5215), 0.531484375)":4,"(Float16(0.7373), 0.7473046875)":46},"4":{"(Float16(0.5586), 0.56859375)":20,"(Float16(0.2263), 0.236318359375)":51,"(Float16(0.881), 0.890859375)":29},"13":{"(Float16(0.2296), 0.2396142578125)":41,"(Float16(0.6914), 0.70140625)":59},"54":{"(Float16(0.8203), 0.8303125)":36,"(Float16(0.48), 0.48998046875)":32,"(Float16(0.1345), 0.144521484375)":32},"63":{"(Float16(0.0282), 0.0381982421875)":1,"(Float16(0.2725), 0.2824609375)":51,"(Float16(0.7705), 0.7805078125)":48},"86":{"(Float16(0.744), 0.754140625)":55,"(Float16(0.2257), 0.2357080078125)":42,"(Float16(0.4995), 0.50951171875)":3},"91":{"(Float16(0.662), 0.672109375)":65,"(Float16(0.1545), 0.164541015625)":35},"62":{"(Float16(0.6865), 0.6965234375)":59,"(Float16(0.1987), 0.20873046875)":41},"58":{"(Float16(0.8105), 0.820546875)":29,"(Float16(0.1189), 0.128896484375)":24,"(Float16(0.5156), 0.525625)":47},"52":{"(Float16(0.2443), 0.2542626953125)":52,"(Float16(0.7666), 0.7766015625)":48},"12":{"(Float16(0.2988), 0.308828125)":58,"(Float16(0.7314), 0.7414453125)":40,"(Float16(0.9897), 0.99974609375)":1,"(Float16(0.07214), 0.0821435546875)":1},"28":{"(Float16(0.138), 0.147939453125)":2,"(Float16(0.3525), 0.3625390625)":68,"(Float16(0.7705), 0.7805078125)":30},"75":{"(Float16(0.5264), 0.5363671875)":37,"(Float16(0.799), 0.808828125)":30,"(Float16(0.177), 0.187001953125)":33},"23":{"(Float16(0.697), 0.70677734375)":59,"(Float16(0.1691), 0.1790673828125)":41},"92":{"(Float16(0.248), 0.258046875)":49,"(Float16(0.8193), 0.8293359375)":41,"(Float16(0.4863), 0.496328125)":10},"41":{"(Float16(0.358), 0.36791015625)":62,"(Float16(0.797), 0.806875)":38},"43":{"(Float16(0.1196), 0.12962890625)":22,"(Float16(0.6445), 0.65453125)":78},"11":{"(Float16(0.795), 0.804921875)":41,"(Float16(0.287), 0.297109375)":59},"36":{"(Float16(0.8594), 0.869375)":30,"(Float16(0.1602), 0.17015625)":31,"(Float16(0.5044), 0.51439453125)":39},"68":{"(Float16(0.784), 0.7941796875)":50,"(Float16(0.554), 0.56419921875)":2,"(Float16(0.2362), 0.2462060546875)":48},"69":{"(Float16(0.6514), 0.6613671875)":71,"(Float16(0.1503), 0.1602685546875)":29},"98":{"(Float16(0.94), 0.94994140625)":2,"(Float16(0.1605), 0.1705224609375)":32,"(Float16(0.657), 0.6672265625)":66},"82":{"(Float16(0.547), 0.556875)":36,"(Float16(0.8545), 0.8644921875)":20,"(Float16(0.2185), 0.228505859375)":44},"85":{"(Float16(0.4219), 0.431875)":1,"(Float16(0.2078), 0.217763671875)":37,"(Float16(0.694), 0.70384765625)":62},"39":{"(Float16(0.4768), 0.486806640625)":46,"(Float16(0.837), 0.8469140625)":26,"(Float16(0.12146), 0.1314599609375)":28},"84":{"(Float16(0.5312), 0.54125)":60,"(Float16(0.9014), 0.9113671875)":14,"(Float16(0.1462), 0.156240234375)":26},"77":{"(Float16(0.0703), 0.0803125)":7,"(Float16(0.394), 0.40404296875)":53,"(Float16(0.709), 0.718984375)":38,"(Float16(0.9785), 0.988515625)":2},"7":{"(Float16(0.2103), 0.2203271484375)":35,"(Float16(0.4539), 0.463857421875)":2,"(Float16(0.718), 0.7277734375)":63},"25":{"(Float16(0.2466), 0.25658203125)":34,"(Float16(0.6357), 0.6457421875)":66},"95":{"(Float16(0.2607), 0.2707421875)":48,"(Float16(0.823), 0.8332421875)":36,"(Float16(0.5156), 0.525625)":16},"71":{"(Float16(0.3188), 0.32884765625)":60,"(Float16(0.7637), 0.773671875)":39,"(Float16(0.05975), 0.06975341796875)":1},"66":{"(Float16(0.7793), 0.789296875)":46,"(Float16(0.2236), 0.2336328125)":52,"(Float16(0.498), 0.508046875)":2},"76":{"(Float16(0.1001), 0.11009765625)":22,"(Float16(0.784), 0.7941796875)":39,"(Float16(0.4258), 0.43578125)":39},"34":{"(Float16(0.2046), 0.21458984375)":48,"(Float16(0.7217), 0.7316796875)":52},"50":{"(Float16(0.9375), 0.9475)":2,"(Float16(0.7085), 0.71849609375)":55,"(Float16(0.2427), 0.25267578125)":43},"59":{"(Float16(0.3208), 0.33080078125)":59,"(Float16(0.7837), 0.79369140625)":41},"93":{"(Float16(0.366), 0.375966796875)":56,"(Float16(0.825), 0.8351953125)":44},"2":{"(Float16(0.836), 0.8459375)":43,"(Float16(0.2795), 0.289541015625)":57},"10":{"(Float16(0.457), 0.46703125)":13,"(Float16(0.7334), 0.7433984375)":44,"(Float16(0.1887), 0.198720703125)":43},"18":{"(Float16(0.6387), 0.648671875)":79,"(Float16(0.1653), 0.175283203125)":21},"26":{"(Float16(0.835), 0.8449609375)":33,"(Float16(0.3542), 0.364248046875)":67},"27":{"(Float16(0.6826), 0.6926171875)":64,"(Float16(0.4224), 0.43236328125)":1,"(Float16(0.1948), 0.20482421875)":35},"42":{"(Float16(0.8516), 0.8615625)":25,"(Float16(0.3433), 0.35326171875)":75},"87":{"(Float16(0.7676), 0.777578125)":50,"(Float16(0.2998), 0.3098046875)":42,"(Float16(1.0), 1.01)":1,"(Float16(0.05374), 0.063741455078125)":6,"(Float16(0.5176), 0.527578125)":1},"100":{"(Float16(0.2773), 0.28734375)":53,"(Float16(0.543), 0.55296875)":3,"(Float16(0.791), 0.801015625)":44},"79":{"(Float16(0.1311), 0.141103515625)":28,"(Float16(0.393), 0.40306640625)":2,"(Float16(0.6465), 0.656484375)":70},"16":{"(Float16(0.1371), 0.1470849609375)":30,"(Float16(0.4731), 0.48314453125)":38,"(Float16(0.863), 0.87279296875)":32},"20":{"(Float16(0.8135), 0.8234765625)":40,"(Float16(0.3042), 0.31419921875)":60},"81":{"(Float16(0.2286), 0.2386376953125)":36,"(Float16(0.707), 0.71703125)":64},"19":{"(Float16(0.6885), 0.6984765625)":60,"(Float16(0.1611), 0.1711328125)":35,"(Float16(0.409), 0.418935546875)":5},"49":{"(Float16(0.3145), 0.324453125)":60,"(Float16(0.792), 0.8019921875)":39,"(Float16(0.5527), 0.562734375)":1},"44":{"(Float16(0.936), 0.94603515625)":1,"(Float16(0.189), 0.19896484375)":41,"(Float16(0.4336), 0.44359375)":2,"(Float16(0.684), 0.69408203125)":56},"9":{"(Float16(0.4075), 0.417470703125)":1,"(Float16(0.675), 0.6848046875)":67,"(Float16(0.1754), 0.1854150390625)":32},"31":{"(Float16(0.4976), 0.50755859375)":2,"(Float16(0.2427), 0.25267578125)":50,"(Float16(0.7646), 0.7746484375)":48},"74":{"(Float16(0.7573), 0.76732421875)":41,"(Float16(0.2703), 0.280263671875)":59},"61":{"(Float16(0.2295), 0.2394921875)":44,"(Float16(0.615), 0.625234375)":51,"(Float16(0.9043), 0.914296875)":5},"29":{"(Float16(0.8584), 0.8683984375)":31,"(Float16(0.1333), 0.14330078125)":25,"(Float16(0.4614), 0.47142578125)":44},"94":{"(Float16(0.4214), 0.43138671875)":10,"(Float16(0.1594), 0.169423828125)":40,"(Float16(0.7617), 0.77171875)":50},"46":{"(Float16(0.779), 0.78880859375)":36,"(Float16(0.2837), 0.29369140625)":63,"(Float16(0.541), 0.551015625)":1},"57":{"(Float16(0.433), 0.44310546875)":48,"(Float16(0.10333), 0.11333251953125)":17,"(Float16(0.825), 0.8351953125)":35},"70":{"(Float16(0.7637), 0.773671875)":43,"(Float16(0.05035), 0.06035400390625)":2,"(Float16(0.3252), 0.3351953125)":55},"21":{"(Float16(0.533), 0.543203125)":64,