{"5":{"(Float16(9.98e-5), Float16(0.0101))":100},"56":{"(Float16(7.15e-6), Float16(0.01001))":31,"(Float16(0.617), Float16(0.627))":69},"55":{"(Float16(0.6055), Float16(0.615))":74,"(Float16(0.000159), Float16(0.01016))":26},"35":{"(Float16(0.631), Float16(0.6406))":2,"(Float16(0.834), Float16(0.8438))":2,"(Float16(0.8193), Float16(0.829))":2,"(Float16(0.0001777), Float16(0.01018))":69,"(Float16(0.802), Float16(0.8115))":4,"(Float16(0.667), Float16(0.677))":3,"(Float16(0.786), Float16(0.796))":6,"(Float16(0.714), Float16(0.7236))":2,"(Float16(0.6953), Float16(0.705))":2,"(Float16(0.6816), Float16(0.6914))":2,"(Float16(0.7666), Float16(0.7764))":6},"60":{"(Float16(0.5513), Float16(0.561))":2,"(Float16(0.6006), Float16(0.6104))":2,"(Float16(0.5757), Float16(0.5854))":2,"(Float16(0.0001769), Float16(0.01018))":92,"(Float16(0.759), Float16(0.7686))":2},"30":{"(Float16(8.774e-5), Float16(0.010086))":100},"32":{"(Float16(0.0001612), Float16(0.01016))":97,"(Float16(0.714), Float16(0.7236))":3},"6":{"(Float16(0.709), Float16(0.7188))":56,"(Float16(5.41e-5), Float16(0.010056))":44},"67":{"(Float16(3.19e-5), Float16(0.01003))":24,"(Float16(0.617), Float16(0.627))":76},"45":{"(Float16(0.0002189), Float16(0.01022))":93,"(Float16(0.634), Float16(0.6436))":2,"(Float16(0.789), Float16(0.799))":2,"(Float16(0.6475), Float16(0.657))":3},"73":{"(Float16(0.6494), Float16(0.659))":74,"(Float16(8.786e-5), Float16(0.01009))":26},"64":{"(Float16(0.914), Float16(0.924))":3,"(Float16(9.054e-5), Float16(0.01009))":94,"(Float16(0.759), Float16(0.7686))":3},"90":{"(Float16(0.626), Float16(0.6357))":68,"(Float16(3.11e-5), Float16(0.01003))":32},"4":{"(Float16(0.9805), Float16(0.99))":3,"(Float16(0.699), Float16(0.709))":2,"(Float16(6.574e-5), Float16(0.01007))":93,"(Float16(0.884), Float16(0.8936))":2},"13":{"(Float16(0.0001649), Float16(0.01017))":44,"(Float16(0.7334), Float16(0.743))":56},"54":{"(Float16(6.75e-5), Float16(0.01007))":100},"63":{"(Float16(0.0001506), Float16(0.010155))":95,"(Float16(0.8193), Float16(0.829))":3,"(Float16(0.983), Float16(0.9927))":2},"86":{"(Float16(0.703), Float16(0.713))":5,"(Float16(0.5215), Float16(0.5312))":2,"(Float16(0.671), Float16(0.6807))":4,"(Float16(0.7603), Float16(0.77))":6,"(Float16(0.0001919), Float16(0.01019))":42,"(Float16(0.8926), Float16(0.9023))":2,"(Float16(0.5806), Float16(0.5903))":2,"(Float16(0.7314), Float16(0.741))":4,"(Float16(0.6543), Float16(0.664))":7,"(Float16(0.6025), Float16(0.6123))":2,"(Float16(0.717), Float16(0.7266))":5,"(Float16(0.623), Float16(0.633))":9,"(Float16(0.784), Float16(0.794))":6,"(Float16(0.5684), Float16(0.578))":2,"(Float16(0.6816), Float16(0.6914))":2},"91":{"(Float16(0.593), Float16(0.6025))":61,"(Float16(1.66e-5), Float16(0.01002))":39},"62":{"(Float16(5.2e-6), Float16(0.01001))":37,"(Float16(0.6104), Float16(0.62))":63},"58":{"(Float16(0.538), Float16(0.548))":83,"(Float16(5.0e-7), Float16(0.01))":17},"52":{"(Float16(4.137e-5), Float16(0.01004))":45,"(Float16(0.6885), Float16(0.698))":55},"12":{"(Float16(0.5967), Float16(0.6064))":70,"(Float16(8.41e-5), Float16(0.010086))":30},"28":{"(Float16(0.0001655), Float16(0.01017))":100},"75":{"(Float16(0.00011736), Float16(0.01012))":100},"23":{"(Float16(0.801), Float16(0.8105))":2,"(Float16(0.6914), Float16(0.701))":2,"(Float16(0.6323), Float16(0.642))":2,"(Float16(0.82), Float16(0.8296))":2,"(Float16(0.7188), Float16(0.7285))":4,"(Float16(0.664), Float16(0.674))":2,"(Float16(0.749), Float16(0.759))":4,"(Float16(0.4905), Float16(0.5005))":2,"(Float16(0.92), Float16(0.9297))":3,"(Float16(0.6084), Float16(0.618))":2,"(Float16(0.839), Float16(0.8486))":3,"(Float16(0.8604), Float16(0.87))":5,"(Float16(0.0001676), Float16(0.01017))":52,"(Float16(0.7764), Float16(0.786))":2,"(Float16(0.7314), Float16(0.741))":13},"92":{"(Float16(0.6396), Float16(0.6494))":57,"(Float16(8.08e-5), Float16(0.010086))":43},"41":{"(Float16(0.0001605), Float16(0.01016))":100},"43":{"(Float16(0.504), Float16(0.5137))":79,"(Float16(6.0e-8), Float16(0.01))":21},"69":{"(Float16(0.5244), Float16(0.534))":79,"(Float16(1.36e-5), Float16(0.01002))":21},"11":{"(Float16(0.0001122), Float16(0.01012))":100},"68":{"(Float16(0.6504), Float16(0.66))":74,"(Float16(0.0002892), Float16(0.01029))":26},"98":{"(Float16(0.6934), Float16(0.703))":63,"(Float16(2.57e-5), Float16(0.010025))":37},"36":{"(Float16(6.59e-5), Float16(0.01007))":26,"(Float16(0.538), Float16(0.548))":74},"82":{"(Float16(0.6406), Float16(0.6504))":69,"(Float16(0.00012136), Float16(0.010124))":31},"85":{"(Float16(8.345e-5), Float16(0.010086))":100},"39":{"(Float16(0.535), Float16(0.545))":72,"(Float16(0.0001299), Float16(0.01013))":28},"84":{"(Float16(0.5557), Float16(0.5654))":72,"(Float16(1.633e-5), Float16(0.01002))":28},"77":{"(Float16(0.0001562), Float16(0.010155))":100},"7":{"(Float16(0.0001307), Float16(0.01013))":100},"25":{"(Float16(0.0001875), Float16(0.01019))":96,"(Float16(0.4902), Float16(0.5))":2,"(Float16(0.5605), Float16(0.5703))":2},"95":{"(Float16(0.635), Float16(0.6445))":67,"(Float16(4.73e-5), Float16(0.01005))":33},"71":{"(Float16(0.0001386), Float16(0.01014))":29,"(Float16(0.6494), Float16(0.659))":71},"66":{"(Float16(6.73e-5), Float16(0.01007))":100},"76":{"(Float16(0.0001549), Float16(0.010155))":99,"(Float16(0.7754), Float16(0.785))":1},"93":{"(Float16(0.589), Float16(0.5986))":8,"(Float16(0.7007), Float16(0.7104))":2,"(Float16(0.573), Float16(0.583))":4,"(Float16(0.0001776), Float16(0.01018))":33,"(Float16(0.767), Float16(0.777))":2,"(Float16(0.802), Float16(0.8115))":2,"(Float16(0.6143), Float16(0.624))":10,"(Float16(0.6016), Float16(0.6113))":3,"(Float16(0.552), Float16(0.5615))":4,"(Float16(0.6655), Float16(0.6753))":10,"(Float16(0.498), Float16(0.508))":2,"(Float16(0.536), Float16(0.546))":2,"(Float16(0.635), Float16(0.6445))":6,"(Float16(0.7393), Float16(0.749))":2,"(Float16(0.6465), Float16(0.6562))":2,"(Float16(0.6846), Float16(0.6943))":8},"50":{"(Float16(0.0001972), Float16(0.0102))":32,"(Float16(0.5977), Float16(0.6074))":68},"59":{"(Float16(0.657), Float16(0.667))":72,"(Float16(0.000139), Float16(0.01014))":28},"34":{"(Float16(6.3e-5), Float16(0.01006))":40,"(Float16(0.635), Float16(0.6445))":60},"2":{"(Float16(4.065e-5), Float16(0.01004))":34,"(Float16(0.6465), Float16(0.6562))":66},"27":{"(Float16(0.586), Float16(0.5957))":71,"(Float16(7.26e-5), Float16(0.01008))":29},"10":{"(Float16(0.9795), Float16(0.9893))":2,"(Float16(0.86), Float16(0.8696))":2,"(Float16(0.922), Float16(0.9316))":2,"(Float16(0.901), Float16(0.9106))":2,"(Float16(0.9673), Float16(0.977))":2,"(Float16(0.0001268), Float16(0.01013))":90},"26":{"(Float16(0.0001502), Float16(0.010155))":100},"18":{"(Float16(0.0001359), Float16(0.01014))":100},"42":{"(Float16(2.813e-5), Float16(0.01003))":34,"(Float16(0.618), Float16(0.628))":66},"87":{"(Float16(0.7197), Float16(0.7295))":62,"(Float16(0.0001566), Float16(0.01016))":38},"100":{"(Float16(0.00010884), Float16(0.01011))":100},"79":{"(Float16(0.632), Float16(0.6416))":64,"(Float16(0.0001174), Float16(0.01012))":36},"16":{"(Float16(6.81e-5), Float16(0.01007))":43,"(Float16(0.703), Float16(0.713))":57},"81":{"(Float16(0.6133), Float16(0.623))":65,"(Float16(2.027e-5), Float16(0.010025))":35},"20":{"(Float16(5.35e-5), Float16(0.010056))":32,"(Float16(0.5703), Float16(0.58))":68},"19":{"(Float16(1.717e-5), Float16(0.01002))":35,"(Float16(0.592), Float16(0.6016))":65},"49":{"(Float16(8.86e-5), Float16(0.01009))":39,"(Float16(0.704), Float16(0.714))":61},"44":{"(Float16(7.325e-5), Float16(0.01008))":22,"(Float16(0.6436), Float16(0.6533))":78},"31":{"(Float16(5.38e-5), Float16(0.010056))":41,"(Float16(0.617), Float16(0.627))":59},"9":{"(Float16(0.0001552), Float16(0.010155))":100},"74":{"(Float16(0.00010496), Float16(0.01011))":31,"(Float16(0.585), Float16(0.5947))":69},"61":{"(Float16(0.6514), Float16(0.661))":77,"(Float16(4.35e-6), Float16(0.01001))":23},"29":{"(Float16(6.08e-5), Float16(0.01006))":30,"(Float16(0.628), Float16(0.6377))":70},