{"5":{"(Float16(0.05005), Float16(0.06006))":60,"(Float16(0.949), Float16(0.959))":40},"56":{"(Float16(0.05005), Float16(0.06006))":24,"(Float16(0.948), Float16(0.958))":76},"35":{"(Float16(0.05005), Float16(0.06006))":37,"(Float16(0.948), Float16(0.958))":63},"55":{"(Float16(0.05002), Float16(0.06003))":19,"(Float16(0.9487), Float16(0.9585))":81},"60":{"(Float16(0.05005), Float16(0.06006))":11,"(Float16(0.948), Float16(0.958))":89},"30":{"(Float16(0.05), Float16(0.06))":9,"(Float16(0.949), Float16(0.959))":91},"32":{"(Float16(0.9473), Float16(0.957))":76,"(Float16(0.0501), Float16(0.06012))":24},"6":{"(Float16(0.05023), Float16(0.06024))":75,"(Float16(0.948), Float16(0.958))":25},"67":{"(Float16(0.948), Float16(0.958))":65,"(Float16(0.05002), Float16(0.06003))":35},"45":{"(Float16(0.0503), Float16(0.0603))":9,"(Float16(0.949), Float16(0.959))":91},"73":{"(Float16(0.05005), Float16(0.06006))":16,"(Float16(0.948), Float16(0.958))":84},"64":{"(Float16(0.9497), Float16(0.9595))":5,"(Float16(0.05017), Float16(0.06018))":95},"90":{"(Float16(0.948), Float16(0.958))":88,"(Float16(0.05008), Float16(0.0601))":12},"4":{"(Float16(0.05017), Float16(0.06018))":14,"(Float16(0.948), Float16(0.958))":86},"13":{"(Float16(0.05014), Float16(0.06015))":93,"(Float16(0.948), Float16(0.958))":7},"54":{"(Float16(0.05023), Float16(0.06024))":79,"(Float16(0.949), Float16(0.959))":21},"63":{"(Float16(0.0501), Float16(0.06012))":33,"(Float16(0.949), Float16(0.959))":67},"86":{"(Float16(0.05017), Float16(0.06018))":85,"(Float16(0.949), Float16(0.959))":15},"91":{"(Float16(0.0502), Float16(0.0602))":74,"(Float16(0.9497), Float16(0.9595))":26},"62":{"(Float16(0.05002), Float16(0.06003))":18,"(Float16(0.9487), Float16(0.9585))":82},"58":{"(Float16(0.05017), Float16(0.06018))":81,"(Float16(0.9487), Float16(0.9585))":19},"52":{"(Float16(0.05005), Float16(0.06006))":24,"(Float16(0.949), Float16(0.959))":76},"12":{"(Float16(0.05014), Float16(0.06015))":95,"(Float16(0.95), Float16(0.96))":5},"28":{"(Float16(0.9497), Float16(0.9595))":7,"(Float16(0.05023), Float16(0.06024))":93},"75":{"(Float16(0.05005), Float16(0.06006))":28,"(Float16(0.949), Float16(0.959))":72},"23":{"(Float16(0.05017), Float16(0.06018))":92,"(Float16(0.95), Float16(0.96))":8},"92":{"(Float16(0.0502), Float16(0.0602))":19,"(Float16(0.949), Float16(0.959))":81},"41":{"(Float16(0.05014), Float16(0.06015))":20,"(Float16(0.9473), Float16(0.957))":80},"43":{"(Float16(0.05017), Float16(0.06018))":4,"(Float16(0.948), Float16(0.958))":96},"11":{"(Float16(0.9497), Float16(0.9595))":20,"(Float16(0.05017), Float16(0.06018))":80},"36":{"(Float16(0.05008), Float16(0.0601))":54,"(Float16(0.949), Float16(0.959))":46},"68":{"(Float16(0.948), Float16(0.958))":80,"(Float16(0.05002), Float16(0.06003))":20},"69":{"(Float16(0.05014), Float16(0.06015))":11,"(Float16(0.9478), Float16(0.9575))":89},"98":{"(Float16(0.05008), Float16(0.0601))":58,"(Float16(0.949), Float16(0.959))":42},"82":{"(Float16(0.05023), Float16(0.06024))":87,"(Float16(0.949), Float16(0.959))":13},"85":{"(Float16(0.05014), Float16(0.06015))":71,"(Float16(0.9487), Float16(0.9585))":29},"39":{"(Float16(0.0502), Float16(0.0602))":87,"(Float16(0.949), Float16(0.959))":13},"84":{"(Float16(0.05), Float16(0.06))":8,"(Float16(0.948), Float16(0.958))":92},"77":{"(Float16(0.05005), Float16(0.06006))":32,"(Float16(0.949), Float16(0.959))":68},"7":{"(Float16(0.05026), Float16(0.06027))":71,"(Float16(0.9487), Float16(0.9585))":29},"25":{"(Float16(0.0501), Float16(0.06012))":88,"(Float16(0.949), Float16(0.959))":12},"95":{"(Float16(0.05005), Float16(0.06006))":16,"(Float16(0.949), Float16(0.959))":84},"71":{"(Float16(0.05), Float16(0.06))":11,"(Float16(0.948), Float16(0.958))":89},"66":{"(Float16(0.05005), Float16(0.06006))":21,"(Float16(0.948), Float16(0.958))":79},"76":{"(Float16(0.05014), Float16(0.06015))":5,"(Float16(0.948), Float16(0.958))":95},"34":{"(Float16(0.948), Float16(0.958))":76,"(Float16(0.0501), Float16(0.06012))":24},"50":{"(Float16(0.0503), Float16(0.0603))":86,"(Float16(0.949), Float16(0.959))":14},"59":{"(Float16(0.948), Float16(0.958))":56,"(Float16(0.05008), Float16(0.0601))":44},"93":{"(Float16(0.9473), Float16(0.957))":81,"(Float16(0.05008), Float16(0.0601))":19},"2":{"(Float16(0.05017), Float16(0.06018))":39,"(Float16(0.9478), Float16(0.9575))":61},"10":{"(Float16(0.05023), Float16(0.06024))":79,"(Float16(0.948), Float16(0.958))":21},"18":{"(Float16(0.05008), Float16(0.0601))":25,"(Float16(0.949), Float16(0.959))":75},"26":{"(Float16(0.0502), Float16(0.0602))":6,"(Float16(0.949), Float16(0.959))":94},"27":{"(Float16(0.05014), Float16(0.06015))":11,"(Float16(0.948), Float16(0.958))":89},"42":{"(Float16(0.0502), Float16(0.0602))":75,"(Float16(0.949), Float16(0.959))":25},"87":{"(Float16(0.0502), Float16(0.0602))":77,"(Float16(0.949), Float16(0.959))":23},"100":{"(Float16(0.9497), Float16(0.9595))":9,"(Float16(0.05017), Float16(0.06018))":91},"79":{"(Float16(0.0502), Float16(0.0602))":94,"(Float16(0.95), Float16(0.96))":6},"16":{"(Float16(0.0502), Float16(0.0602))":83,"(Float16(0.948), Float16(0.958))":17},"20":{"(Float16(0.05023), Float16(0.06024))":94,"(Float16(0.95), Float16(0.96))":6},"81":{"(Float16(0.05), Float16(0.06))":8,"(Float16(0.948), Float16(0.958))":92},"19":{"(Float16(0.0504), Float16(0.06042))":8,"(Float16(0.9487), Float16(0.9585))":92},"49":{"(Float16(0.05017), Float16(0.06018))":84,"(Float16(0.949), Float16(0.959))":16},"44":{"(Float16(0.05026), Float16(0.06027))":87,"(Float16(0.95), Float16(0.96))":13},"9":{"(Float16(0.0503), Float16(0.0603))":90,"(Float16(0.949), Float16(0.959))":10},"31":{"(Float16(0.9497), Float16(0.9595))":10,"(Float16(0.05017), Float16(0.06018))":90},"74":{"(Float16(0.05005), Float16(0.06006))":31,"(Float16(0.9487), Float16(0.9585))":69},"61":{"(Float16(0.05), Float16(0.06))":15,"(Float16(0.9478), Float16(0.9575))":85},"29":{"(Float16(0.05023), Float16(0.06024))":22,"(Float16(0.948), Float16(0.958))":78},"94":{"(Float16(0.05014), Float16(0.06015))":85,"(Float16(0.95), Float16(0.96))":15},"46":{"(Float16(0.05014), Float16(0.06015))":93,"(Float16(0.949), Float16(0.959))":7},"57":{"(Float16(0.05005), Float16(0.06006))":19,"(Float16(0.9478), Float16(0.9575))":81},"70":{"(Float16(0.0501), Float16(0.06012))":4,"(Float16(0.9487), Float16(0.9585))":96},"21":{"(Float16(0.05), Float16(0.06))":32,"(Float16(0.948), Float16(0.958))":68},"38":{"(Float16(0.05017), Float16(0.06018))":82,"(Float16(0.9487), Float16(0.9585))":18},"88":{"(Float16(0.05014), Float16(0.06015))":88,"(Float16(0.948), Float16(0.958))":12},"78":{"(Float16(0.05026), Float16(0.06027))":82,"(Float16(0.95), Float16(0.96))":18},"72":{"(Float16(0.05023), Float16(0.06024))":80,"(Float16(0.949), Float16(0.959))":20},"24":{"(Float16(0.05014), Float16(0.06015))":11,"(Float16(0.948), Float16(0.958))":89},"8":{"(Float16(0.0502), Float16(0.0602))":83,"(Float16(0.949), Float16(0.959))":17},"17":{"(Float16(0.05032), Float16(0.06033))":76,"(Float16(0.949), Float16(0.959))":24},"37":{"(Float16(0.05014), Float16(0.06015))":93,"(Float16(0.9487), Float16(0.9585))":7},"1":{"(Float16(0.95), Float16(0.96))":9,"(Float16(0.0503), Float16(0.0603))":91},"53":{"(Float16(0.05017), Float16(0.06018))":86,"(Float16(0.9487), Float16(0.9585))":14},"22":{"(Float16(0.0502), Float16(0.0602))":82,"(Float16(0.949), Float16(0.959))":18},"47":{"(Float16(0.05017), Float16(0.06018))":46,"(Float16(0.949), Float16(0.959))":54},"83":{"(Float16(0.05008), Float16(0.0601))":27,"(Float16(0.949), Float16(0.959))":73},"99":{"(Float16(0.05026), Float16(0.06027))":78,"(Float16(0.948), Float16(0.958))":22},"89":{"(Float16(0.05017), Float16(0.06018))":20,"(Float16(0.9478), Float16(0.9575))":80},"14":{"(Float16(0.05014), Float16(0.06015))":24,"(Float16(0.948), Float16(0.958))":76},"3":{"(Float16(0.948), Float16(0.958))":59,"(Float16(0.05008), Float16(0.0601))":41},"80":{"(Float16(0.05023), Float16(0.06024))":86,"(Float16(0.949), Float16(0.959))":14},"96":{"(Float16(0.9497), Float16(0.9595))":29,