{"5":{"(Float16(0.3906), Float16(0.4907))":28,"(Float16(0.501), Float16(0.601))":14,"(Float16(0.05008), Float16(0.15))":16,"(Float16(0.7305), Float16(0.8306))":11,"(Float16(0.9463), Float16(1.046))":31},"56":{"(Float16(0.05127), Float16(0.1512))":18,"(Float16(0.501), Float16(0.601))":48,"(Float16(0.949), Float16(1.049))":27,"(Float16(0.3667), Float16(0.4668))":7},"35":{"(Float16(0.0509), Float16(0.1509))":20,"(Float16(0.3994), Float16(0.4995))":18,"(Float16(0.266), Float16(0.3662))":7,"(Float16(0.951), Float16(1.051))":10,"(Float16(0.501), Float16(0.601))":24,"(Float16(0.787), Float16(0.887))":21},"55":{"(Float16(0.306), Float16(0.406))":10,"(Float16(0.502), Float16(0.602))":32,"(Float16(0.801), Float16(0.901))":42,"(Float16(0.05176), Float16(0.1517))":16},"60":{"(Float16(0.8486), Float16(0.9487))":31,"(Float16(0.357), Float16(0.457))":27,"(Float16(0.503), Float16(0.603))":19,"(Float16(0.04962), Float16(0.1497))":17,"(Float16(0.716), Float16(0.816))":6},"30":{"(Float16(0.25), Float16(0.35))":29,"(Float16(0.952), Float16(1.052))":8,"(Float16(0.0514), Float16(0.1514))":11,"(Float16(0.501), Float16(0.601))":33,"(Float16(0.783), Float16(0.8833))":19},"32":{"(Float16(0.19), Float16(0.29))":37,"(Float16(0.5015), Float16(0.6016))":37,"(Float16(0.9478), Float16(1.048))":26},"6":{"(Float16(0.3164), Float16(0.4165))":10,"(Float16(0.0521), Float16(0.1521))":15,"(Float16(0.699), Float16(0.7993))":27,"(Float16(0.948), Float16(1.048))":18,"(Float16(0.501), Float16(0.601))":30},"67":{"(Float16(0.9453), Float16(1.045))":4,"(Float16(0.3872), Float16(0.4873))":31,"(Float16(0.5024), Float16(0.6025))":12,"(Float16(0.7686), Float16(0.8687))":28,"(Float16(0.05045), Float16(0.1504))":25},"45":{"(Float16(0.7656), Float16(0.8657))":22,"(Float16(0.4995), Float16(0.5996))":23,"(Float16(0.949), Float16(1.049))":16,"(Float16(0.05136), Float16(0.1514))":39},"73":{"(Float16(0.05176), Float16(0.1517))":8,"(Float16(0.952), Float16(1.052))":15,"(Float16(0.4976), Float16(0.5977))":19,"(Float16(0.2244), Float16(0.3245))":33,"(Float16(0.784), Float16(0.8843))":25},"64":{"(Float16(0.0502), Float16(0.1501))":4,"(Float16(0.9517), Float16(1.052))":16,"(Float16(0.4976), Float16(0.5977))":32,"(Float16(0.2358), Float16(0.336))":32,"(Float16(0.7627), Float16(0.863))":16},"90":{"(Float16(0.1626), Float16(0.2627))":21,"(Float16(0.799), Float16(0.899))":47,"(Float16(0.5024), Float16(0.6025))":15,"(Float16(0.3667), Float16(0.4668))":17},"4":{"(Float16(0.796), Float16(0.896))":17,"(Float16(0.6074), Float16(0.7075))":15,"(Float16(0.2812), Float16(0.3813))":16,"(Float16(0.949), Float16(1.049))":12,"(Float16(0.05017), Float16(0.1501))":16,"(Float16(0.4966), Float16(0.5967))":24},"13":{"(Float16(0.6787), Float16(0.779))":24,"(Float16(0.949), Float16(1.049))":18,"(Float16(0.0527), Float16(0.1527))":16,"(Float16(0.4985), Float16(0.5986))":42},"54":{"(Float16(0.667), Float16(0.767))":17,"(Float16(0.9463), Float16(1.046))":23,"(Float16(0.497), Float16(0.597))":23,"(Float16(0.05087), Float16(0.1509))":27,"(Float16(0.2283), Float16(0.3284))":10},"63":{"(Float16(0.3096), Float16(0.4097))":6,"(Float16(0.05127), Float16(0.1512))":31,"(Float16(0.501), Float16(0.601))":25,"(Float16(0.798), Float16(0.898))":38},"86":{"(Float16(0.3555), Float16(0.4556))":11,"(Float16(0.4995), Float16(0.5996))":19,"(Float16(0.6865), Float16(0.7866))":27,"(Float16(0.9463), Float16(1.046))":18,"(Float16(0.05054), Float16(0.1505))":25},"91":{"(Float16(0.2202), Float16(0.3203))":24,"(Float16(0.948), Float16(1.048))":34,"(Float16(0.499), Float16(0.599))":37,"(Float16(0.05313), Float16(0.1531))":5},"62":{"(Float16(0.0521), Float16(0.1521))":20,"(Float16(0.951), Float16(1.051))":11,"(Float16(0.269), Float16(0.3691))":12,"(Float16(0.708), Float16(0.808))":30,"(Float16(0.4966), Float16(0.5967))":27},"58":{"(Float16(0.2039), Float16(0.304))":10,"(Float16(0.05005), Float16(0.15))":8,"(Float16(0.363), Float16(0.4631))":19,"(Float16(0.501), Float16(0.601))":33,"(Float16(0.9463), Float16(1.046))":30},"52":{"(Float16(0.615), Float16(0.7153))":33,"(Float16(0.0511), Float16(0.1511))":23,"(Float16(0.35), Float16(0.4502))":19,"(Float16(0.949), Float16(1.049))":25},"12":{"(Float16(0.2014), Float16(0.3015))":29,"(Float16(0.05173), Float16(0.1517))":15,"(Float16(0.5024), Float16(0.6025))":32,"(Float16(0.949), Float16(1.049))":13,"(Float16(0.7847), Float16(0.885))":11},"28":{"(Float16(0.3662), Float16(0.4663))":14,"(Float16(0.502), Float16(0.602))":29,"(Float16(0.05176), Float16(0.1517))":32,"(Float16(0.949), Float16(1.049))":10,"(Float16(0.745), Float16(0.845))":15},"75":{"(Float16(0.4988), Float16(0.5986))":21,"(Float16(0.8184), Float16(0.9185))":15,"(Float16(0.05188), Float16(0.1519))":20,"(Float16(0.3252), Float16(0.4253))":21,"(Float16(0.949), Float16(1.049))":7,"(Float16(0.669), Float16(0.769))":16},"23":{"(Float16(0.3555), Float16(0.4556))":19,"(Float16(0.948), Float16(1.048))":11,"(Float16(0.5024), Float16(0.6025))":12,"(Float16(0.1755), Float16(0.2756))":33,"(Float16(0.7666), Float16(0.8667))":25},"92":{"(Float16(0.7607), Float16(0.861))":31,"(Float16(0.9453), Float16(1.045))":12,"(Float16(0.3516), Float16(0.4517))":34,"(Float16(0.1572), Float16(0.2573))":23},"41":{"(Float16(0.05273), Float16(0.1527))":18,"(Float16(0.502), Float16(0.602))":18,"(Float16(0.7925), Float16(0.8926))":36,"(Float16(0.272), Float16(0.372))":28},"43":{"(Float16(0.392), Float16(0.4922))":19,"(Float16(0.6826), Float16(0.7827))":21,"(Float16(0.949), Float16(1.049))":26,"(Float16(0.05133), Float16(0.1514))":34},"11":{"(Float16(0.04944), Float16(0.1494))":27,"(Float16(0.7793), Float16(0.8794))":40,"(Float16(0.497), Float16(0.597))":25,"(Float16(0.949), Float16(1.049))":8},"36":{"(Float16(0.6826), Float16(0.7827))":35,"(Float16(0.05176), Float16(0.1517))":20,"(Float16(0.371), Float16(0.4712))":28,"(Float16(0.949), Float16(1.049))":17},"68":{"(Float16(0.3892), Float16(0.4893))":26,"(Float16(0.502), Float16(0.602))":20,"(Float16(0.05014), Float16(0.1501))":8,"(Float16(0.9478), Float16(1.048))":11,"(Float16(0.1931), Float16(0.2932))":18,"(Float16(0.784), Float16(0.8843))":17},"69":{"(Float16(0.2458), Float16(0.346))":25,"(Float16(0.749), Float16(0.849))":15,"(Float16(0.501), Float16(0.601))":20,"(Float16(0.9463), Float16(1.046))":21,"(Float16(0.0506), Float16(0.1506))":19},"98":{"(Float16(0.9473), Float16(1.047))":16,"(Float16(0.05005), Float16(0.15))":17,"(Float16(0.5015), Float16(0.6016))":12,"(Float16(0.3203), Float16(0.4204))":25,"(Float16(0.7095), Float16(0.8096))":30},"82":{"(Float16(0.2812), Float16(0.3813))":29,"(Float16(0.5015), Float16(0.6016))":26,"(Float16(0.05008), Float16(0.15))":14,"(Float16(0.947), Float16(1.047))":31},"85":{"(Float16(0.717), Float16(0.817))":12,"(Float16(0.501), Float16(0.601))":26,"(Float16(0.27), Float16(0.37))":18,"(Float16(0.949), Float16(1.049))":21,"(Float16(0.05035), Float16(0.1504))":23},"39":{"(Float16(0.498), Float16(0.598))":24,"(Float16(0.8027), Float16(0.903))":16,"(Float16(0.05188), Float16(0.1519))":14,"(Float16(0.253), Float16(0.353))":18,"(Float16(0.948), Float16(1.048))":14,"(Float16(0.625), Float16(0.725))":14},"84":{"(Float16(0.9473), Float16(1.047))":20,"(Float16(0.699), Float16(0.7993))":26,"(Float16(0.05127), Float16(0.1512))":25,"(Float16(0.3909), Float16(0.491))":29},"77":{"(Float16(0.8203), Float16(0.9204))":17,"(Float16(0.2751), Float16(0.3752))":22,"(Float16(0.0511), Float16(0.1511))":10,"(Float16(0.6523), Float16(0.7524))":17,"(Float16(0.948), Float16(1.048))":10,"(Float16(0.4966), Float16(0.5967))":24},"7":{"(Float16(0.05023), Float16(0.1503))":7,"(Float16(0.79), Float16(0.89))":30,"(Float16(0.393), Float16(0.4932))":6,"(Float16(0.95), Float16(1.05))":7,"(Float16(0.5024), Float16(0.6025))":18,"(Float16(0.2249), Float16(0.325))":32},"25":{"(Float16(0.2312), Float16(0.3313))":13,"(Float16(0.7256), Float16(0.8257))":19,"(Float16(0.4963), Float16(0.596))":33,"(Float16(0.05048), Float16(0.1505))":13,"(Float16(0.9478), Float16(1.048))":22},"95":{"(Float16(0.498), Float16(0.598))":26,"(Float16(0.7783), Float16(0.8784))":17,