{"5":[0.9487,0.4985,0.948,0.9487,0.948,0.948,0.949,0.4995,0.05093,0.948,0.5,0.2886,0.05048,0.0512,0.0501,0.4998,0.05075,0.4993,0.0504,0.5,0.948,0.4998,0.5,0.05017,0.4995,0.5,0.949,0.499,0.949,0.5,0.4998,0.949,0.948,0.499,0.948,0.5,0.05008,0.949,0.4995,0.499,0.4998,0.05206,0.948,0.948,0.0506,0.4998,0.05017,0.949,0.948,0.949,0.9497,0.9487,0.948,0.05176,0.05087,0.05023,0.5,0.4998,0.05005,0.499,0.0502,0.4998,0.949,0.4998,0.2886,0.4993,0.4995,0.4995,0.9487,0.4993,0.948,0.5,0.949,0.948,0.949,0.05017,0.949,0.2886,0.949,0.499,0.05118,0.4998,0.949,0.4998,0.9497,0.499,0.5,0.5,0.4995,0.5,0.949,0.9497,0.4995,0.9487,0.5,0.0512,0.949,0.05206,0.5,0.5],"4":[0.5,0.5,0.5,0.5,0.276,0.5,0.05054,0.5,0.5,0.95,0.95,0.95,0.5,0.5,0.5,0.276,0.0505,0.5005,0.501,0.9497,0.95,0.0512,0.501,0.5005,0.95,0.501,0.95,0.0503,0.95,0.9497,0.5005,0.0503,0.5005,0.05026,0.501,0.95,0.0503,0.5005,0.501,0.725,0.95,0.501,0.0511,0.501,0.725,0.95,0.05124,0.05115,0.5005,0.05017,0.95,0.5005,0.9497,0.501,0.949,0.05124,0.95,0.95,0.9497,0.0503,0.501,0.05023,0.95,0.501,0.501,0.0501,0.95,0.501,0.95,0.5005,0.95,0.5005,0.95,0.95,0.5005,0.949,0.05026,0.501,0.501,0.501,0.95,0.501,0.5005,0.95,0.5005,0.501,0.5005,0.5,0.9497,0.5,0.0511,0.5,0.9497,0.5,0.5,0.5,0.0518,0.0518,0.0501,0.95],"6":[0.5,0.5,0.5,0.05157,0.05072,0.949,0.0501,0.5,0.5,0.95,0.05038,0.5,0.5005,0.2585,0.5005,0.2585,0.501,0.501,0.95,0.501,0.95,0.05054,0.95,0.95,0.949,0.05133,0.05045,0.95,0.501,0.05133,0.501,0.501,0.501,0.501,0.501,0.95,0.501,0.95,0.05023,0.501,0.95,0.501,0.95,0.95,0.95,0.95,0.5005,0.501,0.501,0.95,0.5,0.0502,0.05026,0.5,0.05157,0.5,0.95,0.95,0.5,0.5,0.95,0.95,0.95,0.95,0.5,0.5,0.95,0.0503,0.5,0.5,0.5,0.05023,0.5,0.05038,0.95,0.05054,0.0501,0.5,0.05054,0.5,0.0501,0.95,0.05145,0.5,0.5,0.95,0.0504,0.95,0.5,0.0502,0.5,0.05014,0.5,0.05078,0.5,0.05078,0.05145,0.5,0.5,0.5],"7":[0.949,0.0506,0.0503,0.0503,0.5,0.5,0.05005,0.2854,0.949,0.5,0.4998,0.949,0.501,0.4998,0.05048,0.949,0.05133,0.0503,0.5005,0.9497,0.05005,0.5005,0.2854,0.949,0.9497,0.9497,0.05014,0.5005,0.05026,0.949,0.0502,0.0501,0.05063,0.949,0.502,0.949,0.5,0.502,0.05093,0.0501,0.5,0.949,0.949,0.292,0.949,0.9497,0.9497,0.5,0.5,0.501,0.05133,0.5,0.9497,0.949,0.9497,0.292,0.05078,0.0504,0.0503,0.05057,0.5,0.05035,0.05005,0.949,0.9497,0.949,0.5,0.5,0.501,0.4998,0.4998,0.05014,0.0501,0.949,0.501,0.9497,0.5,0.5,0.9497,0.05038,0.501,0.5,0.4998,0.502,0.5,0.5,0.5005,0.949,0.4998,0.5,0.5,0.949,0.0503,0.5,0.949,0.949,0.5,0.0502,0.05057,0.949],"2":[0.949,0.4998,0.05072,0.05035,0.5,0.5,0.949,0.4985,0.0503,0.5,0.4985,0.5,0.949,0.4998,0.949,0.5,0.0501,0.949,0.949,0.949,0.05005,0.5,0.5,0.05023,0.05023,0.9497,0.949,0.5,0.4995,0.05005,0.05,0.05096,0.949,0.5,0.9497,0.949,0.05008,0.9497,0.05,0.2505,0.05002,0.05,0.5,0.949,0.949,0.949,0.05048,0.5,0.4998,0.949,0.0504,0.9497,0.5,0.9497,0.05048,0.05,0.5,0.949,0.05005,0.2505,0.949,0.9497,0.05002,0.05002,0.5,0.9497,0.4995,0.05005,0.949,0.0504,0.0504,0.4995,0.05048,0.5,0.5,0.4985,0.5,0.5,0.9497,0.949,0.949,0.949,0.5,0.2505,0.5,0.05017,0.5,0.949,0.05,0.5,0.05,0.05,0.4995,0.4995,0.5,0.5,0.4995,0.5,0.05035,0.949],"10":[0.949,0.5,0.5,0.5,0.9497,0.05118,0.4995,0.949,0.9497,0.4998,0.949,0.05017,0.949,0.5,0.5,0.9497,0.949,0.0502,0.949,0.5,0.949,0.949,0.05072,0.949,0.5,0.05035,0.949,0.5,0.949,0.949,0.949,0.5,0.9497,0.4995,0.0512,0.9487,0.0504,0.5,0.949,0.949,0.5,0.0502,0.4995,0.5,0.9497,0.9497,0.4998,0.9487,0.949,0.05035,0.9487,0.0504,0.9497,0.5,0.949,0.5,0.5,0.949,0.949,0.4995,0.5,0.949,0.949,0.949,0.4998,0.949,0.5,0.5,0.949,0.5,0.9497,0.949,0.949,0.9497,0.05017,0.0504,0.05005,0.949,0.949,0.05005,0.0511,0.05035,0.4995,0.4995,0.949,0.949,0.949,0.0512,0.05118,0.5,0.949,0.5,0.9497,0.4998,0.949,0.5,0.9497,0.9497,0.5,0.0501],"9":[0.05103,0.949,0.05103,0.95,0.5,0.95,0.05035,0.0511,0.0506,0.05023,0.05084,0.95,0.9497,0.05054,0.051,0.4995,0.9497,0.948,0.95,0.5,0.05072,0.5,0.05084,0.501,0.0508,0.5,0.4995,0.5005,0.05084,0.05087,0.95,0.95,0.95,0.05154,0.5,0.5,0.95,0.4998,0.5,0.0511,0.501,0.949,0.95,0.0506,0.5,0.95,0.948,0.95,0.5005,0.501,0.5,0.05133,0.95,0.9497,0.5,0.949,0.95,0.5,0.95,0.5,0.05093,0.5,0.95,0.05136,0.5,0.0508,0.9497,0.0508,0.0506,0.9497,0.5,0.5,0.05048,0.5,0.5,0.95,0.05054,0.0509,0.5,0.949,0.05063,0.9497,0.9497,0.5,0.5005,0.5005,0.05154,0.05103,0.501,0.5005,0.5,0.5,0.5,0.95,0.5,0.05087,0.5005,0.05136,0.95,0.5],"8":[0.949,0.9497,0.5,0.949,0.05005,0.5,0.9497,0.05063,0.5,0.949,0.9497,0.5,0.9497,0.9497,0.5,0.5,0.05008,0.5,0.05017,0.5,0.5,0.0501,0.05017,0.0517,0.05048,0.05133,0.0509,0.05017,0.05002,0.05063,0.4998,0.05008,0.0507,0.5,0.5,0.5,0.5,0.4998,0.0506,0.0501,0.05002,0.5,0.0503,0.05048,0.5,0.949,0.5,0.5,0.0503,0.5,0.949,0.949,0.949,0.949,0.5,0.949,0.5,0.949,0.5,0.949,0.949,0.5,0.9497,0.5,0.5,0.5,0.5,0.949,0.949,0.5,0.949,0.5,0.949,0.5,0.0503,0.4998,0.05026,0.05005,0.5,0.05045,0.5,0.949,0.5,0.949,0.5,0.949,0.05133,0.05054,0.5,0.05008,0.9497,0.5,0.05017,0.5,0.5,0.05026,0.949,0.949,0.949,0.5],"3":[0.501,0.9497,0.501,0.501,0.9497,0.0501,0.501,0.501,0.501,0.5005,0.501,0.95,0.95,0.0504,0.501,0.05032,0.501,0.501,0.5005,0.501,0.501,0.501,0.5005,0.501,0.501,0.949,0.95,0.95,0.5005,0.501,0.95,0.501,0.05035,0.95,0.9497,0.501,0.9497,0.95,0.05026,0.501,0.05136,0.5005,0.05136,0.501,0.501,0.501,0.501,0.9497,0.05035,0.501,0.5005,0.501,0.501,0.501,0.501,0.0501,0.501,0.0504,0.949,0.501,0.0504,0.95,0.5005,0.501,0.501,0.949,0.501,0.05072,0.501,0.501,0.05093,0.501,0.501,0.501,0.0501,0.95,0.5005,0.501,0.05045,0.501,0.95,0.501,0.05023,0.05093,0.05035,0.95,0.95,0.0502,0.9497,0.05045,0.5005,0.0502,0.501,0.501,0.9497,0.501,0.5005,0.705,0.5005,0.501],"1":[0.949,0.5,0.5,0.949,0.5,0.5,0.4998,0.05084,0.5,0.949,0.5,0.4998,0.05096,0.4995,0.5,0.5,0.275,0.05032,0.5,0.9497,0.05017,0.5,0.4995,0.5,0.4998,0.949,0.4993,0.05005,0.499,0.9497,0.9497,0.499,0.4993,0.0517,0.05005,0.5,0.4995,0.0508,0.949,0.5,0.949,0.5,0.05106,0.5,0.949,0.949,0.275,0.5005,0.0508,0.9497,0.5,0.05017,0.949,0.949,0.949,0.5005,0.5005,0.5,0.5005,0.05084,0.9497,0.949,0.949,0.05008,0.05008,0.05066,0.05054,0.05054,0.949,0.05008,0.05005,0.5,0.05066,0.5,0.5005,0.949,0.949,0.5,0.5,0.949,0.5005,0.5,0.05005,0.4993,0.05017,0.5,0.0517,0.9497,0.05005,0.4998,0.9497,0.949,0.4998,0.05008,0.05106,0.9497,0.9497,0.949,0.9497,0.5]}