{"1": [0.499, 0.4995, 0.4995, 0.499, 0.4995, 0.499, 0.4995, 0.499, 0.499, 0.499, 0.499, 0.499, 0.499, 0.499, 0.4995, 0.499, 0.499, 0.949, 0.05045, 0.4993, 0.499, 0.4993, 0.499, 0.4995, 0.05045, 0.4993, 0.499, 0.499, 0.499, 0.499, 0.499, 0.499, 0.4993, 0.499, 0.499, 0.499, 0.499, 0.4993, 0.499, 0.4993, 0.499, 0.4995, 0.4993, 0.499, 0.4993, 0.4993, 0.949, 0.499, 0.499, 0.4993, 0.0503, 0.499, 0.4993, 0.9497, 0.499, 0.499, 0.499, 0.4993, 0.499, 0.499, 0.4993, 0.499, 0.499, 0.4993, 0.499, 0.499, 0.499, 0.499, 0.4995, 0.0501, 0.499, 0.499, 0.499, 0.499, 0.4993, 0.499, 0.499, 0.4993, 0.499, 0.499, 0.499, 0.499, 0.499, 0.05023, 0.9487, 0.499, 0.4993, 0.9497, 0.499, 0.4993, 0.499, 0.4993, 0.499, 0.499, 0.4995, 0.499, 0.499, 0.4993, 0.95, 0.4993], "2": [0.4995, 0.4995, 0.4995, 0.95, 0.4995, 0.4995, 0.4995, 0.4995, 0.4995, 0.05017, 0.4995, 0.4995, 0.4995, 0.4995, 0.4995, 0.4995, 0.4998, 0.05017, 0.4995, 0.948, 0.4995, 0.4995, 0.4995, 0.4995, 0.4995, 0.9473, 0.4995, 0.4995, 0.4995, 0.4995, 0.4995, 0.05002, 0.4995, 0.9487, 0.4995, 0.4995, 0.4995, 0.4995, 0.4995, 0.4995, 0.4995, 0.4995, 0.4995, 0.4995, 0.4995, 0.4995, 0.4995, 0.4995, 0.4995, 0.4995, 0.4998, 0.4995, 0.4995, 0.4995, 0.4998, 0.4995, 0.4998, 0.4995, 0.4995, 0.4995, 0.4995, 0.4995, 0.4995, 0.4995, 0.4995, 0.4995, 0.4995, 0.4998, 0.4998, 0.4995, 0.4995, 0.4995, 0.4995, 0.4995, 0.4995, 0.4995, 0.4995, 0.4995, 0.4995, 0.4995, 0.4995, 0.4995, 0.4995, 0.4995, 0.4995, 0.5, 0.4995, 0.4995, 0.4995, 0.9487, 0.4995, 0.05005, 0.4998, 0.948, 0.4995, 0.4995, 0.4995, 0.4998, 0.4995, 0.4995], "3": [0.05066, 0.501, 0.5015, 0.5015, 0.501, 0.5015, 0.501, 0.05026, 0.05084, 0.502, 0.5015, 0.0511, 0.5015, 0.5015, 0.501, 0.501, 0.501, 0.501, 0.501, 0.5015, 0.501, 0.5015, 0.5015, 0.501, 0.501, 0.501, 0.0503, 0.501, 0.501, 0.5015, 0.5015, 0.501, 0.5015, 0.5015, 0.501, 0.05045, 0.5015, 0.05026, 0.501, 0.501, 0.5015, 0.5015, 0.05045, 0.05038, 0.5015, 0.501, 0.501, 0.5015, 0.501, 0.502, 0.501, 0.5005, 0.5005, 0.501, 0.501, 0.501, 0.5015, 0.501, 0.05017, 0.5005, 0.05023, 0.05054, 0.501, 0.5015, 0.0504, 0.5015, 0.501, 0.5005, 0.501, 0.501, 0.05054, 0.501, 0.501, 0.5015, 0.501, 0.501, 0.05017, 0.501, 0.501, 0.501, 0.501, 0.5015, 0.501, 0.501, 0.501, 0.501, 0.5015, 0.05084, 0.501, 0.501, 0.501, 0.501, 0.501, 0.501, 0.5005, 0.5005, 0.501, 0.501, 0.05035, 0.501], "4": [0.499, 0.948, 0.949, 0.499, 0.499, 0.4993, 0.499, 0.499, 0.4993, 0.4993, 0.499, 0.9487, 0.499, 0.499, 0.948, 0.4995, 0.4995, 0.4993, 0.4995, 0.499, 0.4993, 0.499, 0.4993, 0.499, 0.499, 0.9497, 0.499, 0.499, 0.499, 0.499, 0.948, 0.9473, 0.499, 0.948, 0.05017, 0.4993, 0.499, 0.9497, 0.4995, 0.4995, 0.499, 0.499, 0.4993, 0.4995, 0.949, 0.499, 0.499, 0.9487, 0.4993, 0.4993, 0.499, 0.4995, 0.499, 0.499, 0.4993, 0.4995, 0.499, 0.499, 0.4993, 0.4993, 0.949, 0.499, 0.499, 0.949, 0.499, 0.4995, 0.4995, 0.499, 0.499, 0.4995, 0.499, 0.499, 0.4995, 0.9473, 0.499, 0.499, 0.499, 0.499, 0.499, 0.499, 0.499, 0.499, 0.499, 0.499, 0.499, 0.4995, 0.499, 0.4995, 0.499, 0.499, 0.499, 0.499, 0.4993, 0.499, 0.499, 0.499, 0.4995, 0.499, 0.4995, 0.4995], "5": [0.5015, 0.501, 0.501, 0.501, 0.05072, 0.501, 0.502, 0.501, 0.501, 0.05078, 0.501, 0.501, 0.501, 0.05032, 0.501, 0.501, 0.5005, 0.501, 0.501, 0.5015, 0.5005, 0.5005, 0.05048, 0.501, 0.501, 0.501, 0.501, 0.501, 0.501, 0.501, 0.501, 0.5015, 0.501, 0.5015, 0.501, 0.501, 0.95, 0.501, 0.5015, 0.05054, 0.5015, 0.501, 0.0507, 0.501, 0.501, 0.501, 0.501, 0.501, 0.501, 0.501, 0.05048, 0.05084, 0.5005, 0.501, 0.05026, 0.5015, 0.501, 0.501, 0.5005, 0.5005, 0.05032, 0.5015, 0.501, 0.501, 0.501, 0.05035, 0.0508, 0.5015, 0.501, 0.501, 0.501, 0.501, 0.501, 0.501, 0.5005, 0.0504, 0.501, 0.501, 0.5015, 0.501, 0.501, 0.501, 0.5015, 0.5005, 0.501, 0.501, 0.05072, 0.501, 0.501, 0.5005, 0.501, 0.501, 0.5015, 0.5015, 0.501, 0.501, 0.5015, 0.501, 0.501, 0.501], "6": [0.5015, 0.502, 0.502, 0.501, 0.502, 0.502, 0.05032, 0.05032, 0.502, 0.05078, 0.5015, 0.501, 0.501, 0.502, 0.501, 0.5015, 0.5015, 0.05093, 0.502, 0.5015, 0.501, 0.502, 0.502, 0.501, 0.5015, 0.05048, 0.502, 0.5015, 0.501, 0.5015, 0.501, 0.501, 0.05048, 0.5015, 0.5015, 0.5015, 0.5015, 0.501, 0.501, 0.05096, 0.5015, 0.501, 0.502, 0.05072, 0.5005, 0.501, 0.501, 0.05093, 0.502, 0.502, 0.05008, 0.502, 0.5015, 0.05032, 0.502, 0.501, 0.05078, 0.501, 0.502, 0.5015, 0.501, 0.501, 0.501, 0.05057, 0.05078, 0.502, 0.502, 0.502, 0.5015, 0.05032, 0.05066, 0.5015, 0.05072, 0.502, 0.501, 0.5005, 0.5015, 0.5015, 0.501, 0.501, 0.501, 0.502, 0.5015, 0.0507, 0.502, 0.5005, 0.05048, 0.05017, 0.501, 0.502, 0.05078, 0.5005, 0.05063, 0.05048, 0.501, 0.05096, 0.502, 0.05078, 0.5015, 0.5015], "7": [0.502, 0.501, 0.501, 0.502, 0.501, 0.502, 0.501, 0.502, 0.501, 0.5015, 0.0515, 0.5015, 0.05112, 0.501, 0.5015, 0.502, 0.5015, 0.502, 0.5015, 0.501, 0.5015, 0.0504, 0.502, 0.502, 0.502, 0.501, 0.501, 0.501, 0.5015, 0.05084, 0.501, 0.5015, 0.501, 0.501, 0.0505, 0.502, 0.502, 0.502, 0.501, 0.502, 0.502, 0.5015, 0.501, 0.501, 0.5015, 0.05133, 0.501, 0.501, 0.501, 0.05115, 0.05005, 0.501, 0.501, 0.502, 0.05145, 0.501, 0.0511, 0.501, 0.5015, 0.05048, 0.5015, 0.501, 0.5015, 0.5005, 0.501, 0.501, 0.501, 0.5015, 0.501, 0.5015, 0.5015, 0.501, 0.501, 0.502, 0.501, 0.5005, 0.05075, 0.502, 0.502, 0.501, 0.502, 0.05115, 0.05075, 0.501, 0.501, 0.05048, 0.501, 0.501, 0.05145, 0.501, 0.0511, 0.501, 0.5015, 0.501, 0.501, 0.501, 0.501, 0.502, 0.501, 0.502], "8": [0.501, 0.501, 0.501, 0.05057, 0.501, 0.501, 0.501, 0.501, 0.501, 0.501, 0.501, 0.501, 0.0514, 0.501, 0.501, 0.5005, 0.501, 0.05115, 0.501, 0.501, 0.501, 0.501, 0.501, 0.501, 0.501, 0.501, 0.501, 0.501, 0.501, 0.501, 0.501, 0.501, 0.5005, 0.501, 0.501, 0.501, 0.05127, 0.501, 0.501, 0.501, 0.501, 0.501, 0.501, 0.501, 0.501, 0.501, 0.501, 0.05096, 0.501, 0.501, 0.501, 0.501, 0.5005, 0.501, 0.501, 0.501, 0.501, 0.501, 0.501, 0.501, 0.501, 0.501, 0.501, 0.501, 0.501, 0.501, 0.501, 0.501, 0.501, 0.0504, 0.501, 0.501, 0.5005, 0.501, 0.5005, 0.501, 0.501, 0.5005, 0.5005, 0.501, 0.501, 0.501, 0.501, 0.5005, 0.501, 0.501, 0.501, 0.501, 0.501, 0.501, 0.5005, 0.501, 0.05127, 0.501, 0.501, 0.05096, 0.501, 0.501, 0.501, 0.501], "9": [0.502, 0.5015, 0.05023, 0.051, 0.502, 0.501, 0.5015, 0.502, 0.0504, 0.502, 0.5015, 0.502, 0.502, 0.5015, 0.05066, 0.05035, 0.0504, 0.502, 0.5015, 0.502, 0.05066, 0.501, 0.501, 0.502, 0.502, 0.501, 0.5015, 0.5015, 0.501, 0.95, 0.5015, 0.501, 0.502, 0.5015, 0.502, 0.502, 0.502, 0.501, 0.5005, 0.5015, 0.502, 0.5015, 0.502, 0.5015, 0.502, 0.5015, 0.501, 0.501, 0.5015, 0.5015, 0.05106, 0.5015, 0.05075, 0.501, 0.501, 0.501, 0.501, 0.502, 0.501, 0.501, 0.501, 0.95, 0.0509, 0.5015, 0.0504, 0.5015, 0.05075, 0.5015, 0.0504, 0.501, 0.05078, 0.5015, 0.501, 0.0503, 0.0509, 0.05038, 0.05072, 0.05072, 0.501, 0.501, 0.501, 0.501, 0.0504, 0.05084, 0.501, 0.501, 0.502, 0.501, 0.0507, 0.502, 0.0509, 0.501, 0.05096, 0.5015, 0.501, 0.502, 0.5005, 0.0509, 0.502, 0.501], "10": [0.502, 0.501, 0.5015, 0.501, 0.0501, 0.5015, 0.5015, 0.5015, 0.502, 0.5015, 0.5005, 0.501, 0.501, 0.501, 0.5015, 0.501, 0.5015, 0.5015, 0.5015, 0.501, 0.501, 0.05035, 0.502, 0.5015, 0.501, 0.501, 0.501, 0.502, 0.502, 0.5015, 0.501, 0.05078, 0.5015, 0.5015, 0.5015, 0.501, 0.501, 0.501, 0.5015, 0.5015, 0.501, 0.501, 0.5015, 0.502, 0.501, 0.501, 0.501, 0.5005, 0.501, 0.502, 0.501, 0.05035, 0.501, 0.5005, 0.501, 0.501, 0.5005, 0.9497, 0.5015, 0.05142, 0.502, 0.501, 0.501, 0.501, 0.501, 0.501, 0.501, 0.501, 0.501, 0.501, 0.05023, 0.0503, 0.501, 0.501, 0.502, 0.0506, 0.5015, 0.501, 0.501, 0.501, 0.0516, 0.501, 0.501, 0.5015, 0.5015, 0.0509, 0.501, 0.501, 0.5015, 0.502, 0.502, 0.5015, 0.5015, 0.501, 0.501, 0.501, 0.501, 0.501, 0.501, 0.501]}