{"5":{"(Float16(5.406e-5), Float16(0.3))":29,"(Float16(0.629), Float16(0.9287))":71},"56":{"(Float16(0.000414), Float16(0.3003))":42,"(Float16(0.4548), Float16(0.755))":58},"35":{"(Float16(0.5186), Float16(0.8184))":79,"(Float16(0.0001743), Float16(0.3003))":21},"55":{"(Float16(8.07e-5), Float16(0.3))":33,"(Float16(0.6797), Float16(0.9795))":67},"60":{"(Float16(0.0004613), Float16(0.3005))":48,"(Float16(0.595), Float16(0.895))":52},"30":{"(Float16(0.0001869), Float16(0.3003))":35,"(Float16(0.6484), Float16(0.948))":65},"32":{"(Float16(0.6436), Float16(0.9434))":66,"(Float16(7.26e-5), Float16(0.3))":34},"6":{"(Float16(0.0002918), Float16(0.3003))":21,"(Float16(0.615), Float16(0.915))":79},"67":{"(Float16(0.479), Float16(0.779))":96,"(Float16(0.8086), Float16(1.108))":3,"(Float16(1.2e-6), Float16(0.3))":1},"45":{"(Float16(0.618), Float16(0.918))":74,"(Float16(0.0001464), Float16(0.3))":26},"73":{"(Float16(0.0004358), Float16(0.3005))":28,"(Float16(0.4543), Float16(0.7544))":72},"64":{"(Float16(0.6494), Float16(0.949))":74,"(Float16(7.25e-5), Float16(0.3))":26},"90":{"(Float16(0.0002697), Float16(0.3003))":14,"(Float16(0.615), Float16(0.915))":86},"4":{"(Float16(0.6875), Float16(0.9873))":65,"(Float16(0.3296), Float16(0.6294))":2,"(Float16(0.00012124), Float16(0.3))":33},"13":{"(Float16(0.000527), Float16(0.3005))":74,"(Float16(0.703), Float16(1.003))":26},"54":{"(Float16(0.00010836), Float16(0.3))":27,"(Float16(0.63), Float16(0.9297))":73},"63":{"(Float16(0.3022), Float16(0.602))":6,"(Float16(0.785), Float16(1.085))":36,"(Float16(2.74e-5), Float16(0.3))":58},"86":{"(Float16(0.592), Float16(0.8916))":74,"(Float16(0.0001345), Float16(0.3))":26},"91":{"(Float16(0.0004659), Float16(0.3005))":31,"(Float16(0.456), Float16(0.756))":69},"62":{"(Float16(0.5527), Float16(0.8525))":76,"(Float16(0.00025), Float16(0.3003))":24},"58":{"(Float16(0.4395), Float16(0.7393))":90,"(Float16(0.0004299), Float16(0.3005))":6,"(Float16(0.8647), Float16(1.165))":4},"52":{"(Float16(7.2e-5), Float16(0.3))":42,"(Float16(0.6846), Float16(0.9844))":58},"12":{"(Float16(0.618), Float16(0.918))":73,"(Float16(0.0002484), Float16(0.3003))":27},"28":{"(Float16(0.000122), Float16(0.3))":18,"(Float16(0.534), Float16(0.834))":77,"(Float16(0.855), Float16(1.155))":5},"75":{"(Float16(0.617), Float16(0.917))":80,"(Float16(0.0001771), Float16(0.3003))":18,"(Float16(0.3154), Float16(0.615))":2},"23":{"(Float16(8.607e-5), Float16(0.3))":35,"(Float16(0.313), Float16(0.613))":10,"(Float16(0.7812), Float16(1.081))":55},"92":{"(Float16(0.0003688), Float16(0.3003))":75,"(Float16(0.6704), Float16(0.97))":25},"41":{"(Float16(0.3184), Float16(0.618))":4,"(Float16(0.6855), Float16(0.9854))":71,"(Float16(0.0002358), Float16(0.3003))":25},"43":{"(Float16(0.0001352), Float16(0.3))":30,"(Float16(0.549), Float16(0.8486))":70},"11":{"(Float16(7.09e-5), Float16(0.3))":32,"(Float16(0.3037), Float16(0.6035))":2,"(Float16(0.676), Float16(0.9756))":66},"36":{"(Float16(0.000661), Float16(0.3008))":5,"(Float16(0.767), Float16(1.067))":15,"(Float16(0.4097), Float16(0.7095))":80},"68":{"(Float16(0.0002813), Float16(0.3003))":22,"(Float16(0.6143), Float16(0.914))":78},"69":{"(Float16(0.0001853), Float16(0.3003))":30,"(Float16(0.593), Float16(0.8926))":70},"98":{"(Float16(0.967), Float16(1.267))":3,"(Float16(0.521), Float16(0.821))":91,"(Float16(0.0005608), Float16(0.3005))":6},"82":{"(Float16(8.06e-5), Float16(0.3))":36,"(Float16(0.708), Float16(1.008))":64},"85":{"(Float16(0.5117), Float16(0.8115))":83,"(Float16(0.0002333), Float16(0.3003))":12,"(Float16(0.9287), Float16(1.229))":5},"39":{"(Float16(0.5723), Float16(0.872))":34,"(Float16(0.0002685), Float16(0.3003))":66},"84":{"(Float16(0.0002823), Float16(0.3003))":21,"(Float16(0.616), Float16(0.916))":79},"77":{"(Float16(0.6074), Float16(0.907))":72,"(Float16(0.0001725), Float16(0.3003))":28},"7":{"(Float16(0.536), Float16(0.836))":84,"(Float16(0.0001235), Float16(0.3))":16},"25":{"(Float16(0.882), Float16(1.182))":13,"(Float16(0.398), Float16(0.6978))":87},"95":{"(Float16(0.661), Float16(0.961))":68,"(Float16(0.0001632), Float16(0.3))":32},"71":{"(Float16(0.669), Float16(0.9688))":82,"(Float16(0.0001508), Float16(0.3))":16,"(Float16(0.3125), Float16(0.6123))":2},"66":{"(Float16(0.338), Float16(0.6377))":8,"(Float16(6.52e-5), Float16(0.3))":35,"(Float16(0.743), Float16(1.043))":57},"76":{"(Float16(0.6797), Float16(0.9795))":61,"(Float16(9.39e-5), Float16(0.3))":39},"34":{"(Float16(0.593), Float16(0.8926))":73,"(Float16(0.0002), Float16(0.3003))":27},"50":{"(Float16(0.7275), Float16(1.027))":65,"(Float16(0.000175), Float16(0.3003))":22,"(Float16(0.3125), Float16(0.6123))":13},"59":{"(Float16(0.484), Float16(0.7837))":46,"(Float16(0.000619), Float16(0.3005))":54},"93":{"(Float16(0.0001389), Float16(0.3))":17,"(Float16(0.5215), Float16(0.8213))":83},"2":{"(Float16(0.001232), Float16(0.3013))":5,"(Float16(0.4897), Float16(0.7896))":95},"10":{"(Float16(0.00099), Float16(0.301))":3,"(Float16(0.4414), Float16(0.741))":97},"18":{"(Float16(0.315), Float16(0.6147))":3,"(Float16(7.44e-5), Float16(0.3))":37,"(Float16(0.669), Float16(0.9688))":60},"26":{"(Float16(0.666), Float16(0.966))":71,"(Float16(0.0002322), Float16(0.3003))":29},"27":{"(Float16(0.0001256), Float16(0.3))":27,"(Float16(0.574), Float16(0.874))":73},"42":{"(Float16(0.5576), Float16(0.8574))":71,"(Float16(0.92), Float16(1.22))":2,"(Float16(0.0003114), Float16(0.3003))":27},"87":{"(Float16(0.000557), Float16(0.3005))":66,"(Float16(0.667), Float16(0.967))":34},"100":{"(Float16(2.79e-5), Float16(0.3))":24,"(Float16(0.616), Float16(0.916))":76},"79":{"(Float16(0.5293), Float16(0.829))":88,"(Float16(0.00051), Float16(0.3005))":12},"16":{"(Float16(0.0001219), Float16(0.3))":35,"(Float16(0.59), Float16(0.8896))":61,"(Float16(0.92), Float16(1.22))":4},"20":{"(Float16(0.983), Float16(1.283))":2,"(Float16(0.541), Float16(0.841))":77,"(Float16(0.0005), Float16(0.3005))":21},"81":{"(Float16(0.6025), Float16(0.9023))":22,"(Float16(0.0003724), Float16(0.3003))":76,"(Float16(0.949), Float16(1.249))":2},"19":{"(Float16(0.76), Float16(1.06))":25,"(Float16(0.0004873), Float16(0.3005))":75},"49":{"(Float16(0.0001228), Float16(0.3))":23,"(Float16(0.586), Float16(0.8857))":77},"44":{"(Float16(0.6777), Float16(0.9775))":65,"(Float16(6.08e-5), Float16(0.3))":35},"9":{"(Float16(0.6436), Float16(0.9434))":66,"(Float16(4.97e-5), Float16(0.3))":34},"31":{"(Float16(0.843), Float16(1.143))":10,"(Float16(0.5254), Float16(0.825))":31,"(Float16(0.0004587), Float16(0.3005))":59},"74":{"(Float16(0.9297), Float16(1.2295))":5,"(Float16(0.0004158), Float16(0.3005))":54,"(Float16(0.6094), Float16(0.909))":41},"61":{"(Float16(0.000328), Float16(0.3003))":60,"(Float16(0.5854), Float16(0.8853))":38,"(Float16(0.8857), Float16(1.186))":2},"29":{"(Float16(0.582), Float16(0.882))":73,"(Float16(0.0002625), Float16(0.3003))":27},"94":{"(Float16(0.8975), Float16(1.197))":7,"(Float16(0.4316), Float16(0.7314))":89,"(Float16(0.001087), Float16(0.301))":4},"46":{"(Float16(0.627), Float16(0.927))":72,"(Float16(7.653e-5), Float16(0.3))":28},"57":{"(Float16(0.001408), Float16(0.3015))":4,"(Float16(0.3955), Float16(0.6953))":73,"(Float16(0.7373), Float16(1.037))":23},"70":{"(Float16(0.5977), Float16(0.8975))":23,"(Float16(0.0003896), Float16(0.3003))":77},"21":{"(Float16(0.629), Float16(0.9287))":74,"(Float16(9.036e-5), Float16(0.3))":26},"38":{"(Float16(9.98e-5), Float16(0.3))":28,"(Float16(0.6094), Float16(0.909))":72},"88":{"(Float16(2.58e-5), Float16(0.3))":32,"(Float16(0.677), Float16(0.9766))":68},"78":{"(Float16(0.000596), Float16(0.3005))":37,"(Float16(0.5605), Float16(0.8604))":63},"72":{"(Float16(0.0002196), Float16(0.3003))":25,"(Float16(0.591), Float16(0.8906))":75},"24":{"(Float16(0.308), Float16(0.608))":19,"(Float16(0.7705), Float16(1.07))":43,"(Float16(0.0001662), Float16(0.3))":38},"8":{"(Float16(0.922), Float16(1.222))":2,"(Float16(0.551), Float16(0.8506))":82,"(Float16(0.0001904), Float16(0.3003))":16},