{"1": [0.501, 0.501, 0.05026, 0.501, 0.501, 0.951, 0.501, 0.951, 0.501, 0.0501, 0.501, 0.501, 0.0501, 0.501, 0.501, 0.501, 0.05078, 0.5005, 0.951, 0.501, 0.501, 0.5005, 0.501, 0.5005, 0.501, 0.0501, 0.0503, 0.501, 0.05072, 0.0501, 0.0503, 0.501, 0.501, 0.5005, 0.501, 0.501, 0.501, 0.501, 0.501, 0.5005, 0.05045, 0.501, 0.05072, 0.5005, 0.05017, 0.0506, 0.501, 0.501, 0.501, 0.501, 0.5005, 0.5005, 0.501, 0.0501, 0.0501, 0.501, 0.501, 0.501, 0.05045, 0.501, 0.501, 0.05078, 0.05038, 0.501, 0.0505, 0.501, 0.501, 0.05005, 0.501, 0.0505, 0.501, 0.501, 0.501, 0.501, 0.501, 0.05002, 0.5005, 0.501, 0.501, 0.501, 0.05182, 0.501, 0.5005, 0.501, 0.05182, 0.501, 0.05005, 0.501, 0.501, 0.501, 0.05023, 0.05035, 0.0503, 0.501, 0.501, 0.501, 0.05026, 0.05072, 0.501, 0.501], "2": [0.4995, 0.4995, 0.95, 0.4998, 0.4998, 0.4998, 0.4995, 0.4995, 0.4995, 0.4995, 0.4995, 0.4995, 0.4995, 0.4995, 0.4998, 0.4995, 0.95, 0.4995, 0.4995, 0.4998, 0.4998, 0.4995, 0.4995, 0.4995, 0.4995, 0.4995, 0.4995, 0.4998, 0.4995, 0.05005, 0.9497, 0.4995, 0.4998, 0.4998, 0.4995, 0.4995, 0.4998, 0.4995, 0.4998, 0.4995, 0.4995, 0.4995, 0.05, 0.05, 0.4998, 0.4995, 0.4995, 0.4998, 0.4995, 0.4995, 0.4995, 0.949, 0.05002, 0.05, 0.05005, 0.4998, 0.4995, 0.4995, 0.4995, 0.4995, 0.95, 0.4995, 0.949, 0.4995, 0.949, 0.4995, 0.4995, 0.95, 0.4995, 0.4995, 0.4995, 0.9497, 0.05005, 0.4995, 0.95, 0.4995, 0.9487, 0.4995, 0.05005, 0.9497, 0.4995, 0.4995, 0.4995, 0.9487, 0.4995, 0.4995, 0.4995, 0.4995, 0.4998, 0.4995, 0.05005, 0.95, 0.4995, 0.9487, 0.95, 0.4995, 0.4995, 0.4995, 0.4995, 0.949], "3": [0.502, 0.502, 0.502, 0.502, 0.502, 0.502, 0.05005, 0.502, 0.501, 0.502, 0.5005, 0.0501, 0.501, 0.5015, 0.502, 0.502, 0.501, 0.5015, 0.502, 0.05005, 0.502, 0.502, 0.502, 0.05002, 0.502, 0.502, 0.501, 0.501, 0.502, 0.501, 0.0501, 0.502, 0.501, 0.502, 0.502, 0.05005, 0.502, 0.05002, 0.502, 0.5015, 0.5005, 0.5005, 0.501, 0.05002, 0.0501, 0.501, 0.05005, 0.05002, 0.05, 0.5015, 0.501, 0.501, 0.5005, 0.501, 0.502, 0.05, 0.502, 0.502, 0.501, 0.5015, 0.502, 0.502, 0.5015, 0.502, 0.5015, 0.502, 0.05002, 0.502, 0.502, 0.502, 0.501, 0.05, 0.502, 0.05023, 0.5015, 0.502, 0.501, 0.502, 0.5015, 0.5005, 0.5005, 0.501, 0.5015, 0.5005, 0.05005, 0.5015, 0.501, 0.5015, 0.5015, 0.501, 0.501, 0.501, 0.501, 0.0501, 0.501, 0.5015, 0.05, 0.502, 0.0501, 0.502], "4": [0.501, 0.5005, 0.05026, 0.5005, 0.501, 0.5005, 0.5005, 0.501, 0.501, 0.0505, 0.5005, 0.05038, 0.501, 0.501, 0.501, 0.5015, 0.5005, 0.502, 0.5024, 0.5024, 0.05038, 0.502, 0.502, 0.501, 0.05045, 0.5024, 0.502, 0.502, 0.502, 0.502, 0.501, 0.95, 0.05005, 0.501, 0.501, 0.05023, 0.05023, 0.501, 0.05026, 0.501, 0.501, 0.501, 0.501, 0.05, 0.501, 0.05023, 0.501, 0.0505, 0.0506, 0.501, 0.5015, 0.502, 0.05005, 0.0501, 0.0506, 0.502, 0.501, 0.05023, 0.05045, 0.502, 0.5015, 0.502, 0.501, 0.502, 0.501, 0.501, 0.501, 0.0506, 0.5005, 0.501, 0.501, 0.501, 0.501, 0.501, 0.501, 0.501, 0.501, 0.501, 0.501, 0.05, 0.0501, 0.501, 0.501, 0.501, 0.501, 0.0506, 0.05038, 0.501, 0.0501, 0.05045, 0.501, 0.05023, 0.501, 0.5015, 0.502, 0.502, 0.502, 0.502, 0.501, 0.501], "5": [0.5, 0.5, 0.5, 0.0512, 0.5, 0.05145, 0.5, 0.5, 0.5, 0.5, 0.5, 0.948, 0.05072, 0.5, 0.05035, 0.5, 0.949, 0.5, 0.5, 0.5, 0.5, 0.5, 0.5, 0.5005, 0.501, 0.501, 0.501, 0.5005, 0.501, 0.5005, 0.501, 0.501, 0.501, 0.948, 0.5005, 0.501, 0.501, 0.501, 0.501, 0.501, 0.501, 0.501, 0.501, 0.501, 0.5005, 0.5005, 0.9478, 0.948, 0.501, 0.501, 0.949, 0.501, 0.949, 0.501, 0.501, 0.5005, 0.501, 0.949, 0.501, 0.9478, 0.501, 0.949, 0.501, 0.501, 0.501, 0.501, 0.501, 0.501, 0.501, 0.501, 0.05078, 0.948, 0.501, 0.5005, 0.501, 0.501, 0.05035, 0.501, 0.501, 0.949, 0.501, 0.5005, 0.5, 0.5, 0.5, 0.5, 0.948, 0.0512, 0.5, 0.5, 0.5, 0.5, 0.5, 0.5, 0.05035, 0.05078, 0.5, 0.5, 0.5, 0.05145], "6": [0.4995, 0.4995, 0.4998, 0.4998, 0.4998, 0.4995, 0.95, 0.4995, 0.9497, 0.4995, 0.4995, 0.4995, 0.949, 0.4998, 0.4995, 0.05072, 0.4995, 0.949, 0.4995, 0.95, 0.4995, 0.4995, 0.4995, 0.95, 0.4998, 0.4995, 0.4995, 0.95, 0.4995, 0.4995, 0.4998, 0.4995, 0.4995, 0.4995, 0.4995, 0.4995, 0.05038, 0.4995, 0.4995, 0.4995, 0.0506, 0.4995, 0.95, 0.4995, 0.4995, 0.4998, 0.4995, 0.9497, 0.4995, 0.4995, 0.4995, 0.4995, 0.4995, 0.9487, 0.4998, 0.4995, 0.4995, 0.4995, 0.9497, 0.4995, 0.4995, 0.05133, 0.95, 0.0512, 0.949, 0.4998, 0.4995, 0.4998, 0.4995, 0.4995, 0.9497, 0.4995, 0.949, 0.0506, 0.9497, 0.95, 0.95, 0.949, 0.95, 0.4998, 0.0506, 0.05078, 0.4995, 0.05133, 0.4995, 0.4995, 0.4995, 0.4995, 0.95, 0.4998, 0.4995, 0.4995, 0.4998, 0.4995, 0.05078, 0.949, 0.4998, 0.4995, 0.95, 0.4995], "7": [0.501, 0.501, 0.501, 0.0502, 0.501, 0.501, 0.9497, 0.05066, 0.501, 0.501, 0.5005, 0.95, 0.5005, 0.501, 0.501, 0.949, 0.5005, 0.501, 0.501, 0.501, 0.501, 0.501, 0.949, 0.9497, 0.5015, 0.5005, 0.501, 0.05115, 0.0504, 0.501, 0.501, 0.501, 0.501, 0.501, 0.501, 0.9497, 0.501, 0.5015, 0.501, 0.5015, 0.501, 0.501, 0.95, 0.05054, 0.949, 0.05066, 0.501, 0.95, 0.501, 0.501, 0.9497, 0.501, 0.5005, 0.501, 0.501, 0.5015, 0.95, 0.501, 0.501, 0.949, 0.05035, 0.501, 0.501, 0.501, 0.501, 0.5015, 0.05115, 0.05072, 0.5015, 0.5015, 0.05035, 0.501, 0.501, 0.0502, 0.05066, 0.501, 0.5005, 0.501, 0.05035, 0.501, 0.0504, 0.05066, 0.5005, 0.501, 0.501, 0.5005, 0.501, 0.501, 0.501, 0.501, 0.501, 0.501, 0.5005, 0.5005, 0.501, 0.501, 0.501, 0.501, 0.501, 0.501], "8": [0.501, 0.5005, 0.501, 0.501, 0.95, 0.501, 0.501, 0.5005, 0.0504, 0.501, 0.501, 0.501, 0.501, 0.9497, 0.5005, 0.5005, 0.95, 0.501, 0.0502, 0.0503, 0.501, 0.501, 0.501, 0.5005, 0.501, 0.501, 0.501, 0.501, 0.501, 0.501, 0.949, 0.9497, 0.501, 0.501, 0.501, 0.501, 0.501, 0.5005, 0.05206, 0.5005, 0.9497, 0.05084, 0.501, 0.501, 0.501, 0.501, 0.5005, 0.501, 0.501, 0.0509, 0.95, 0.95, 0.949, 0.501, 0.501, 0.501, 0.5005, 0.95, 0.501, 0.501, 0.501, 0.501, 0.5005, 0.0503, 0.5005, 0.501, 0.501, 0.501, 0.501, 0.501, 0.95, 0.501, 0.05103, 0.501, 0.0503, 0.5005, 0.05026, 0.05026, 0.95, 0.949, 0.501, 0.5005, 0.501, 0.95, 0.05054, 0.05026, 0.501, 0.501, 0.501, 0.05084, 0.5005, 0.501, 0.0509, 0.05026, 0.501, 0.501, 0.501, 0.05084, 0.501, 0.5005], "9": [0.5015, 0.501, 0.501, 0.501, 0.0503, 0.05112, 0.5015, 0.501, 0.5005, 0.0515, 0.501, 0.0504, 0.501, 0.501, 0.501, 0.05115, 0.05017, 0.501, 0.05017, 0.501, 0.501, 0.5005, 0.501, 0.501, 0.501, 0.501, 0.501, 0.5005, 0.501, 0.5005, 0.501, 0.05063, 0.501, 0.5015, 0.5015, 0.0509, 0.05084, 0.502, 0.502, 0.502, 0.502, 0.502, 0.0503, 0.502, 0.501, 0.05054, 0.501, 0.501, 0.501, 0.5005, 0.0509, 0.501, 0.05063, 0.501, 0.501, 0.501, 0.05057, 0.501, 0.501, 0.0509, 0.501, 0.501, 0.501, 0.5005, 0.05048, 0.501, 0.05255, 0.05093, 0.5005, 0.501, 0.5005, 0.05093, 0.05072, 0.501, 0.501, 0.502, 0.5015, 0.05142, 0.502, 0.502, 0.501, 0.5015, 0.502, 0.05127, 0.502, 0.502, 0.5015, 0.05048, 0.05072, 0.502, 0.05084, 0.502, 0.5015, 0.502, 0.5015, 0.5015, 0.5015, 0.0509, 0.05072, 0.0515], "10": [0.4988, 0.4985, 0.4988, 0.949, 0.95, 0.4985, 0.4985, 0.4983, 0.498, 0.4985, 0.05225, 0.949, 0.498, 0.499, 0.498, 0.949, 0.4985, 0.4983, 0.4985, 0.4988, 0.4985, 0.4983, 0.499, 0.4983, 0.498, 0.498, 0.9497, 0.498, 0.498, 0.4985, 0.499, 0.95, 0.95, 0.498, 0.498, 0.4983, 0.95, 0.499, 0.95, 0.949, 0.95, 0.498, 0.4983, 0.949, 0.4988, 0.499, 0.4993, 0.499, 0.4995, 0.4995, 0.4995, 0.4995, 0.4995, 0.499, 0.499, 0.499, 0.949, 0.4993, 0.4995, 0.95, 0.499, 0.9497, 0.4993, 0.499, 0.4988, 0.499, 0.4988, 0.4985, 0.4993, 0.95, 0.499, 0.4988, 0.4985, 0.05112, 0.4993, 0.4985, 0.949, 0.4985, 0.949, 0.4985, 0.4985, 0.9497, 0.4985, 0.4995, 0.949, 0.949, 0.4985, 0.95, 0.9497, 0.4983, 0.4983, 0.4985, 0.4988, 0.499, 0.499, 0.4993, 0.4993, 0.4995, 0.4988, 0.949]}