{"5":{"(Float16(0.501), Float16(0.701))":45,"(Float16(0.948), Float16(1.148))":32,"(Float16(0.05084), Float16(0.2507))":23},"56":{"(Float16(0.4995), Float16(0.6997))":50,"(Float16(0.05103), Float16(0.251))":33,"(Float16(0.9473), Float16(1.147))":17},"35":{"(Float16(0.5015), Float16(0.7017))":53,"(Float16(0.947), Float16(1.146))":31,"(Float16(0.05048), Float16(0.2505))":16},"55":{"(Float16(0.0514), Float16(0.2515))":30,"(Float16(0.949), Float16(1.149))":34,"(Float16(0.499), Float16(0.699))":36},"60":{"(Float16(0.501), Float16(0.701))":57,"(Float16(0.948), Float16(1.148))":23,"(Float16(0.0511), Float16(0.251))":20},"30":{"(Float16(0.497), Float16(0.6973))":73,"(Float16(0.0513), Float16(0.2512))":9,"(Float16(0.949), Float16(1.149))":18},"32":{"(Float16(0.05133), Float16(0.2512))":25,"(Float16(0.949), Float16(1.149))":22,"(Float16(0.499), Float16(0.699))":53},"6":{"(Float16(0.4995), Float16(0.6997))":42,"(Float16(0.0509), Float16(0.251))":35,"(Float16(0.949), Float16(1.149))":23},"67":{"(Float16(0.05127), Float16(0.2512))":38,"(Float16(0.4995), Float16(0.6997))":38,"(Float16(0.949), Float16(1.149))":24},"45":{"(Float16(0.948), Float16(1.148))":32,"(Float16(0.05115), Float16(0.2512))":30,"(Float16(0.4985), Float16(0.6987))":38},"73":{"(Float16(0.501), Float16(0.701))":51,"(Float16(0.9487), Float16(1.148))":18,"(Float16(0.05133), Float16(0.2512))":31},"64":{"(Float16(0.948), Float16(1.148))":17,"(Float16(0.05087), Float16(0.251))":26,"(Float16(0.4995), Float16(0.6997))":57},"90":{"(Float16(0.501), Float16(0.701))":28,"(Float16(0.948), Float16(1.148))":31,"(Float16(0.0509), Float16(0.251))":41},"4":{"(Float16(0.948), Float16(1.148))":44,"(Float16(0.0504), Float16(0.2505))":33,"(Float16(0.4988), Float16(0.6987))":23},"13":{"(Float16(0.947), Float16(1.146))":22,"(Float16(0.05103), Float16(0.251))":25,"(Float16(0.499), Float16(0.699))":53},"54":{"(Float16(0.05127), Float16(0.2512))":19,"(Float16(0.4995), Float16(0.6997))":50,"(Float16(0.949), Float16(1.149))":31},"63":{"(Float16(0.05087), Float16(0.251))":31,"(Float16(0.4995), Float16(0.6997))":42,"(Float16(0.9487), Float16(1.148))":27},"86":{"(Float16(0.501), Float16(0.701))":40,"(Float16(0.947), Float16(1.146))":37,"(Float16(0.05048), Float16(0.2505))":23},"91":{"(Float16(0.948), Float16(1.148))":29,"(Float16(0.05072), Float16(0.2507))":34,"(Float16(0.5), Float16(0.7))":37},"62":{"(Float16(0.948), Float16(1.148))":31,"(Float16(0.4995), Float16(0.6997))":41,"(Float16(0.0507), Float16(0.2507))":28},"58":{"(Float16(0.501), Float16(0.701))":42,"(Float16(0.948), Float16(1.148))":31,"(Float16(0.05084), Float16(0.2507))":27},"52":{"(Float16(0.4995), Float16(0.6997))":51,"(Float16(0.0511), Float16(0.251))":23,"(Float16(0.949), Float16(1.149))":26},"12":{"(Float16(0.501), Float16(0.701))":53,"(Float16(0.948), Float16(1.148))":17,"(Float16(0.05087), Float16(0.251))":30},"28":{"(Float16(0.4995), Float16(0.6997))":38,"(Float16(0.0504), Float16(0.2505))":34,"(Float16(0.9478), Float16(1.147))":28},"75":{"(Float16(0.948), Float16(1.148))":27,"(Float16(0.05124), Float16(0.2512))":33,"(Float16(0.4976), Float16(0.6978))":40},"23":{"(Float16(0.948), Float16(1.148))":32,"(Float16(0.4995), Float16(0.6997))":41,"(Float16(0.05115), Float16(0.2512))":27},"92":{"(Float16(0.948), Float16(1.148))":20,"(Float16(0.4993), Float16(0.699))":63,"(Float16(0.0511), Float16(0.251))":17},"41":{"(Float16(0.498), Float16(0.698))":47,"(Float16(0.9473), Float16(1.147))":22,"(Float16(0.0505), Float16(0.2505))":31},"43":{"(Float16(0.501), Float16(0.701))":34,"(Float16(0.0512), Float16(0.2512))":34,"(Float16(0.9473), Float16(1.147))":32},"11":{"(Float16(0.948), Float16(1.148))":32,"(Float16(0.4995), Float16(0.6997))":37,"(Float16(0.05133), Float16(0.2512))":31},"36":{"(Float16(0.501), Float16(0.701))":43,"(Float16(0.05078), Float16(0.2507))":29,"(Float16(0.949), Float16(1.149))":28},"68":{"(Float16(0.501), Float16(0.701))":53,"(Float16(0.948), Float16(1.148))":18,"(Float16(0.0506), Float16(0.2505))":29},"69":{"(Float16(0.501), Float16(0.701))":40,"(Float16(0.05103), Float16(0.251))":37,"(Float16(0.949), Float16(1.149))":23},"98":{"(Float16(0.05072), Float16(0.2507))":22,"(Float16(0.498), Float16(0.698))":48,"(Float16(0.949), Float16(1.149))":30},"82":{"(Float16(0.4978), Float16(0.6978))":51,"(Float16(0.05084), Float16(0.2507))":24,"(Float16(0.949), Float16(1.149))":25},"85":{"(Float16(0.948), Float16(1.148))":23,"(Float16(0.4995), Float16(0.6997))":46,"(Float16(0.0504), Float16(0.2505))":31},"39":{"(Float16(0.948), Float16(1.148))":29,"(Float16(0.4995), Float16(0.6997))":44,"(Float16(0.0513), Float16(0.2512))":27},"84":{"(Float16(0.4995), Float16(0.6997))":47,"(Float16(0.947), Float16(1.146))":20,"(Float16(0.05054), Float16(0.2505))":33},"77":{"(Float16(0.4995), Float16(0.6997))":33,"(Float16(0.05084), Float16(0.2507))":21,"(Float16(0.9478), Float16(1.147))":46},"7":{"(Float16(0.051), Float16(0.251))":28,"(Float16(0.4993), Float16(0.699))":50,"(Float16(0.949), Float16(1.149))":22},"25":{"(Float16(0.501), Float16(0.701))":41,"(Float16(0.9473), Float16(1.147))":31,"(Float16(0.05078), Float16(0.2507))":28},"95":{"(Float16(0.948), Float16(1.148))":33,"(Float16(0.05087), Float16(0.251))":30,"(Float16(0.4995), Float16(0.6997))":37},"71":{"(Float16(0.501), Float16(0.701))":56,"(Float16(0.051), Float16(0.251))":18,"(Float16(0.949), Float16(1.149))":26},"66":{"(Float16(0.501), Float16(0.701))":47,"(Float16(0.0511), Float16(0.251))":32,"(Float16(0.949), Float16(1.149))":21},"76":{"(Float16(0.4995), Float16(0.6997))":48,"(Float16(0.05072), Float16(0.2507))":28,"(Float16(0.9473), Float16(1.147))":24},"34":{"(Float16(0.947), Float16(1.146))":21,"(Float16(0.0511), Float16(0.251))":32,"(Float16(0.4988), Float16(0.6987))":47},"50":{"(Float16(0.948), Float16(1.148))":27,"(Float16(0.4995), Float16(0.6997))":63,"(Float16(0.0509), Float16(0.251))":10},"59":{"(Float16(0.501), Float16(0.701))":36,"(Float16(0.05112), Float16(0.2512))":38,"(Float16(0.949), Float16(1.149))":26},"93":{"(Float16(0.501), Float16(0.701))":53,"(Float16(0.0511), Float16(0.251))":24,"(Float16(0.949), Float16(1.149))":23},"2":{"(Float16(0.501), Float16(0.701))":36,"(Float16(0.948), Float16(1.148))":28,"(Float16(0.05066), Float16(0.2507))":36},"10":{"(Float16(0.948), Float16(1.148))":28,"(Float16(0.05078), Float16(0.2507))":27,"(Float16(0.4976), Float16(0.6978))":45},"18":{"(Float16(0.4995), Float16(0.6997))":49,"(Float16(0.9473), Float16(1.147))":21,"(Float16(0.05078), Float16(0.2507))":30},"26":{"(Float16(0.501), Float16(0.701))":44,"(Float16(0.948), Float16(1.148))":26,"(Float16(0.051), Float16(0.251))":30},"27":{"(Float16(0.501), Float16(0.701))":52,"(Float16(0.9487), Float16(1.148))":30,"(Float16(0.05133), Float16(0.2512))":18},"42":{"(Float16(0.501), Float16(0.701))":52,"(Float16(0.05103), Float16(0.251))":31,"(Float16(0.9473), Float16(1.147))":17},"87":{"(Float16(0.05035), Float16(0.2502))":33,"(Float16(0.501), Float16(0.701))":35,"(Float16(0.9473), Float16(1.147))":32},"100":{"(Float16(0.4995), Float16(0.6997))":54,"(Float16(0.9487), Float16(1.148))":12,"(Float16(0.0511), Float16(0.251))":34},"79":{"(Float16(0.948), Float16(1.148))":29,"(Float16(0.4995), Float16(0.6997))":38,"(Float16(0.05084), Float16(0.2507))":33},"16":{"(Float16(0.05127), Float16(0.2512))":34,"(Float16(0.501), Float16(0.701))":37,"(Float16(0.949), Float16(1.149))":29},"20":{"(Float16(0.05035), Float16(0.2502))":29,"(Float16(0.501), Float16(0.701))":42,"(Float16(0.949), Float16(1.149))":29},"81":{"(Float16(0.501), Float16(0.701))":40,"(Float16(0.948), Float16(1.148))":30,"(Float16(0.05078), Float16(0.2507))":30},"19":{"(Float16(0.948), Float16(1.148))":30,"(Float16(0.4995), Float16(0.6997))":50,"(Float16(0.0507), Float16(0.2507))":20},"49":{"(Float16(0.05087), Float16(0.251))":22,"(Float16(0.9487), Float16(1.148))":26,"(Float16(0.499), Float16(0.699))":52},"44":{"(Float16(0.4995), Float16(0.6997))":29,"(Float16(0.05103), Float16(0.251))":39,"(Float16(0.949), Float16(1.149))":32},"9":{"(Float16(0.501), Float16(0.701))":42,