{"5":{"(Float16(0.95), 0.9601953125)":1,"(Float16(0.05038), 0.060384521484375)":99},"56":{"(Float16(0.05038), 0.060384521484375)":100},"35":{"(Float16(0.948), 0.9582421875)":100},"55":{"(Float16(0.0503), 0.06029296875)":100},"60":{"(Float16(0.05032), 0.060323486328125)":100},"30":{"(Float16(0.05026), 0.060262451171875)":100},"32":{"(Float16(0.0504), 0.0604150390625)":100},"6":{"(Float16(0.05054), 0.060537109375)":100},"67":{"(Float16(0.05032), 0.060323486328125)":99,"(Float16(0.95), 0.9601953125)":1},"45":{"(Float16(0.948), 0.9582421875)":100},"73":{"(Float16(0.05035), 0.06035400390625)":100},"64":{"(Float16(0.948), 0.9582421875)":100},"90":{"(Float16(0.9478), 0.95775390625)":100},"4":{"(Float16(0.948), 0.9582421875)":100},"13":{"(Float16(0.05002), 0.060018310546875)":3,"(Float16(0.948), 0.9582421875)":97},"54":{"(Float16(0.948), 0.9582421875)":100},"63":{"(Float16(0.948), 0.9582421875)":100},"86":{"(Float16(0.948), 0.9582421875)":100},"91":{"(Float16(0.948), 0.9582421875)":100},"62":{"(Float16(0.95), 0.9601953125)":1,"(Float16(0.0504), 0.0604150390625)":99},"58":{"(Float16(0.95), 0.9601953125)":1,"(Float16(0.05038), 0.060384521484375)":99},"52":{"(Float16(0.948), 0.9582421875)":100},"12":{"(Float16(0.948), 0.9582421875)":100},"28":{"(Float16(0.05038), 0.060384521484375)":100},"75":{"(Float16(0.0502), 0.060201416015625)":98,"(Float16(0.95), 0.9601953125)":2},"23":{"(Float16(0.0504), 0.0604150390625)":100},"92":{"(Float16(0.05035), 0.06035400390625)":99,"(Float16(0.95), 0.9601953125)":1},"41":{"(Float16(0.948), 0.9582421875)":100},"43":{"(Float16(0.0505), 0.060506591796875)":100},"11":{"(Float16(0.05035), 0.06035400390625)":100},"36":{"(Float16(0.0504), 0.0604150390625)":100},"68":{"(Float16(0.0504), 0.0604150390625)":100},"69":{"(Float16(0.05005), 0.060048828125)":1,"(Float16(0.948), 0.9582421875)":99},"98":{"(Float16(0.05035), 0.06035400390625)":98,"(Float16(0.949), 0.95921875)":2},"82":{"(Float16(0.05035), 0.06035400390625)":100},"85":{"(Float16(0.0504), 0.0604150390625)":100},"39":{"(Float16(0.948), 0.9582421875)":100},"84":{"(Float16(0.05038), 0.060384521484375)":100},"77":{"(Float16(0.05045), 0.060445556640625)":100},"7":{"(Float16(0.05035), 0.06035400390625)":100},"25":{"(Float16(0.948), 0.9582421875)":100},"95":{"(Float16(0.05045), 0.060445556640625)":100},"71":{"(Float16(0.0503), 0.06029296875)":98,"(Float16(0.95), 0.9601953125)":2},"66":{"(Float16(0.95), 0.9601953125)":1,"(Float16(0.0504), 0.0604150390625)":99},"76":{"(Float16(0.948), 0.9582421875)":100},"34":{"(Float16(0.948), 0.9582421875)":100},"50":{"(Float16(0.9487), 0.95873046875)":99,"(Float16(0.05017), 0.0601708984375)":1},"59":{"(Float16(0.0503), 0.06029296875)":2,"(Float16(0.948), 0.9582421875)":98},"93":{"(Float16(0.948), 0.9582421875)":100},"2":{"(Float16(0.948), 0.9582421875)":100},"10":{"(Float16(0.0504), 0.0604150390625)":100},"18":{"(Float16(0.95), 0.9601953125)":4,"(Float16(0.0504), 0.0604150390625)":96},"26":{"(Float16(0.948), 0.9582421875)":100},"27":{"(Float16(0.9497), 0.95970703125)":1,"(Float16(0.05038), 0.060384521484375)":99},"42":{"(Float16(0.948), 0.9582421875)":99,"(Float16(0.05), 0.05998779296875)":1},"87":{"(Float16(0.9487), 0.95873046875)":100},"100":{"(Float16(0.0503), 0.06029296875)":100},"79":{"(Float16(0.05035), 0.06035400390625)":100},"16":{"(Float16(0.9478), 0.95775390625)":100},"20":{"(Float16(0.9487), 0.95873046875)":99,"(Float16(0.05005), 0.060048828125)":1},"81":{"(Float16(0.948), 0.9582421875)":100},"19":{"(Float16(0.948), 0.9582421875)":100},"49":{"(Float16(0.948), 0.9582421875)":100},"44":{"(Float16(0.9487), 0.95873046875)":100},"9":{"(Float16(0.05035), 0.06035400390625)":99,"(Float16(0.95), 0.9601953125)":1},"31":{"(Float16(0.948), 0.9582421875)":100},"74":{"(Float16(0.0501), 0.06010986328125)":1,"(Float16(0.948), 0.9582421875)":99},"61":{"(Float16(0.05048), 0.06047607421875)":100},"29":{"(Float16(0.05035), 0.06035400390625)":100},"94":{"(Float16(0.05035), 0.06035400390625)":100},"46":{"(Float16(0.948), 0.9582421875)":100},"57":{"(Float16(0.948), 0.9582421875)":100},"70":{"(Float16(0.95), 0.9601953125)":1,"(Float16(0.05045), 0.060445556640625)":99},"21":{"(Float16(0.0503), 0.06029296875)":1,"(Float16(0.948), 0.9582421875)":99},"38":{"(Float16(0.948), 0.9582421875)":99,"(Float16(0.05014), 0.060140380859375)":1},"88":{"(Float16(0.05035), 0.06035400390625)":99,"(Float16(0.949), 0.95921875)":1},"78":{"(Float16(0.948), 0.9582421875)":100},"72":{"(Float16(0.948), 0.9582421875)":100},"24":{"(Float16(0.948), 0.9582421875)":100},"8":{"(Float16(0.05035), 0.06035400390625)":100},"17":{"(Float16(0.0504), 0.0604150390625)":100},"37":{"(Float16(0.9487), 0.95873046875)":100},"1":{"(Float16(0.05035), 0.06035400390625)":100},"53":{"(Float16(0.9487), 0.95873046875)":100},"22":{"(Float16(0.05035), 0.06035400390625)":100},"47":{"(Float16(0.05035), 0.06035400390625)":98,"(Float16(0.95), 0.9601953125)":2},"83":{"(Float16(0.948), 0.9582421875)":100},"99":{"(Float16(0.9487), 0.95873046875)":100},"89":{"(Float16(0.948), 0.9582421875)":95,"(Float16(0.05), 0.05998779296875)":5},"14":{"(Float16(0.0504), 0.0604150390625)":100},"3":{"(Float16(0.0503), 0.06029296875)":100},"80":{"(Float16(0.95), 0.9601953125)":1,"(Float16(0.0504), 0.0604150390625)":99},"96":{"(Float16(0.05038), 0.060384521484375)":100},"51":{"(Float16(0.05048), 0.06047607421875)":100},"33":{"(Float16(0.05038), 0.060384521484375)":100},"40":{"(Float16(0.0503), 0.06029296875)":98,"(Float16(0.9497), 0.95970703125)":2},"48":{"(Float16(0.05045), 0.060445556640625)":100},"15":{"(Float16(0.948), 0.9582421875)":100},"65":{"(Float16(0.95), 0.9601953125)":1,"(Float16(0.05045), 0.060445556640625)":99},"97":{"(Float16(0.9487), 0.95873046875)":100}}