{"5":{"(Float16(0.948), Float16(0.958))":100},"56":{"(Float16(0.05026), Float16(0.06027))":100},"35":{"(Float16(0.05045), Float16(0.06046))":100},"55":{"(Float16(0.05054), Float16(0.06055))":100},"60":{"(Float16(0.05035), Float16(0.06036))":100},"30":{"(Float16(0.05038), Float16(0.0604))":100},"32":{"(Float16(0.948), Float16(0.958))":100},"6":{"(Float16(0.05035), Float16(0.06036))":100},"67":{"(Float16(0.948), Float16(0.958))":100},"45":{"(Float16(0.9478), Float16(0.9575))":100},"73":{"(Float16(0.05048), Float16(0.0605))":100},"64":{"(Float16(0.05), Float16(0.06))":1,"(Float16(0.948), Float16(0.958))":99},"90":{"(Float16(0.0504), Float16(0.06042))":100},"4":{"(Float16(0.0504), Float16(0.06042))":100},"13":{"(Float16(0.05026), Float16(0.06027))":100},"54":{"(Float16(0.0505), Float16(0.06052))":100},"63":{"(Float16(0.05), Float16(0.06))":1,"(Float16(0.9473), Float16(0.957))":99},"86":{"(Float16(0.948), Float16(0.958))":100},"91":{"(Float16(0.05038), Float16(0.0604))":100},"62":{"(Float16(0.0505), Float16(0.06052))":100},"58":{"(Float16(0.9473), Float16(0.957))":100},"52":{"(Float16(0.05005), Float16(0.06006))":99,"(Float16(0.948), Float16(0.958))":1},"12":{"(Float16(0.948), Float16(0.958))":100},"28":{"(Float16(0.05048), Float16(0.0605))":100},"75":{"(Float16(0.9478), Float16(0.9575))":100},"23":{"(Float16(0.9473), Float16(0.957))":100},"92":{"(Float16(0.948), Float16(0.958))":100},"41":{"(Float16(0.948), Float16(0.958))":100},"43":{"(Float16(0.05038), Float16(0.0604))":100},"11":{"(Float16(0.948), Float16(0.958))":100},"36":{"(Float16(0.0504), Float16(0.06042))":100},"68":{"(Float16(0.948), Float16(0.958))":100},"69":{"(Float16(0.05032), Float16(0.06033))":100},"98":{"(Float16(0.9478), Float16(0.9575))":100},"82":{"(Float16(0.9473), Float16(0.957))":100},"85":{"(Float16(0.05045), Float16(0.06046))":100},"39":{"(Float16(0.05035), Float16(0.06036))":100},"84":{"(Float16(0.0504), Float16(0.06042))":100},"77":{"(Float16(0.948), Float16(0.958))":100},"7":{"(Float16(0.9478), Float16(0.9575))":100},"25":{"(Float16(0.948), Float16(0.958))":100},"95":{"(Float16(0.05038), Float16(0.0604))":100},"71":{"(Float16(0.9478), Float16(0.9575))":100},"66":{"(Float16(0.9473), Float16(0.957))":100},"76":{"(Float16(0.9478), Float16(0.9575))":100},"34":{"(Float16(0.9478), Float16(0.9575))":100},"50":{"(Float16(0.948), Float16(0.958))":100},"59":{"(Float16(0.948), Float16(0.958))":100},"93":{"(Float16(0.0504), Float16(0.06042))":100},"2":{"(Float16(0.948), Float16(0.958))":100},"10":{"(Float16(0.9473), Float16(0.957))":100},"18":{"(Float16(0.05038), Float16(0.0604))":100},"26":{"(Float16(0.05038), Float16(0.0604))":100},"27":{"(Float16(0.05035), Float16(0.06036))":100},"42":{"(Float16(0.05035), Float16(0.06036))":100},"87":{"(Float16(0.05038), Float16(0.0604))":100},"100":{"(Float16(0.05048), Float16(0.0605))":100},"79":{"(Float16(0.05048), Float16(0.0605))":100},"16":{"(Float16(0.9478), Float16(0.9575))":100},"20":{"(Float16(0.948), Float16(0.958))":100},"81":{"(Float16(0.9478), Float16(0.9575))":100},"19":{"(Float16(0.948), Float16(0.958))":100},"49":{"(Float16(0.05045), Float16(0.06046))":100},"44":{"(Float16(0.05026), Float16(0.06027))":100},"9":{"(Float16(0.948), Float16(0.958))":100},"31":{"(Float16(0.05038), Float16(0.0604))":100},"74":{"(Float16(0.05035), Float16(0.06036))":100},"61":{"(Float16(0.0505), Float16(0.06052))":100},"29":{"(Float16(0.948), Float16(0.958))":100},"94":{"(Float16(0.05032), Float16(0.06033))":100},"46":{"(Float16(0.948), Float16(0.958))":100},"57":{"(Float16(0.05048), Float16(0.0605))":100},"70":{"(Float16(0.9478), Float16(0.9575))":100},"21":{"(Float16(0.9478), Float16(0.9575))":100},"38":{"(Float16(0.948), Float16(0.958))":100},"88":{"(Float16(0.948), Float16(0.958))":100},"78":{"(Float16(0.0504), Float16(0.06042))":100},"72":{"(Float16(0.9473), Float16(0.957))":100},"24":{"(Float16(0.05048), Float16(0.0605))":100},"8":{"(Float16(0.9473), Float16(0.957))":100},"17":{"(Float16(0.948), Float16(0.958))":100},"37":{"(Float16(0.0504), Float16(0.06042))":100},"1":{"(Float16(0.9473), Float16(0.957))":100},"53":{"(Float16(0.948), Float16(0.958))":100},"22":{"(Float16(0.9478), Float16(0.9575))":100},"47":{"(Float16(0.948), Float16(0.958))":100},"83":{"(Float16(0.05045), Float16(0.06046))":100},"99":{"(Float16(0.05035), Float16(0.06036))":100},"89":{"(Float16(0.05045), Float16(0.06046))":100},"14":{"(Float16(0.9473), Float16(0.957))":100},"3":{"(Float16(0.9473), Float16(0.957))":100},"80":{"(Float16(0.9478), Float16(0.9575))":100},"96":{"(Float16(0.9473), Float16(0.957))":100},"51":{"(Float16(0.05048), Float16(0.0605))":100},"33":{"(Float16(0.05035), Float16(0.06036))":100},"40":{"(Float16(0.95), Float16(0.96))":1,"(Float16(0.05048), Float16(0.0605))":99},"48":{"(Float16(0.0504), Float16(0.06042))":100},"15":{"(Float16(0.05048), Float16(0.0605))":100},"65":{"(Float16(0.0505), Float16(0.06052))":100},"97":{"(Float16(0.05035), Float16(0.06036))":100}}