{"5":{"(Float16(0.0003724), Float16(1.0))":100},"56":{"(Float16(0.0003743), Float16(1.0))":100},"35":{"(Float16(0.0003605), Float16(1.0))":100},"55":{"(Float16(0.0002267), Float16(1.0))":100},"60":{"(Float16(0.0002825), Float16(1.0))":100},"30":{"(Float16(0.000299), Float16(1.0))":100},"32":{"(Float16(0.0002646), Float16(1.0))":100},"6":{"(Float16(0.0003004), Float16(1.0))":100},"67":{"(Float16(0.000386), Float16(1.0))":100},"45":{"(Float16(0.0004582), Float16(1.0))":100},"73":{"(Float16(0.0003161), Float16(1.0))":100},"64":{"(Float16(0.0001886), Float16(1.0))":100},"90":{"(Float16(0.0003142), Float16(1.0))":100},"4":{"(Float16(0.0003462), Float16(1.0))":100},"13":{"(Float16(0.0002265), Float16(1.0))":100},"54":{"(Float16(0.0003963), Float16(1.0))":100},"63":{"(Float16(0.000404), Float16(1.0))":100},"86":{"(Float16(0.0003176), Float16(1.0))":100},"91":{"(Float16(0.00032), Float16(1.0))":100},"62":{"(Float16(0.0002482), Float16(1.0))":100},"58":{"(Float16(0.000261), Float16(1.0))":100},"52":{"(Float16(0.0003138), Float16(1.0))":100},"12":{"(Float16(0.00021), Float16(1.0))":100},"28":{"(Float16(0.000268), Float16(1.0))":100},"75":{"(Float16(0.0002023), Float16(1.0))":100},"23":{"(Float16(0.0002956), Float16(1.0))":100},"92":{"(Float16(0.0004156), Float16(1.0))":100},"41":{"(Float16(0.0002184), Float16(1.0))":100},"43":{"(Float16(0.0002947), Float16(1.0))":100},"11":{"(Float16(0.0003426), Float16(1.0))":100},"36":{"(Float16(0.0002009), Float16(1.0))":100},"68":{"(Float16(0.0002623), Float16(1.0))":100},"69":{"(Float16(0.0002301), Float16(1.0))":100},"98":{"(Float16(0.0002273), Float16(1.0))":100},"82":{"(Float16(0.000408), Float16(1.0))":100},"85":{"(Float16(0.0003045), Float16(1.0))":100},"39":{"(Float16(0.0002747), Float16(1.0))":100},"84":{"(Float16(0.0002232), Float16(1.0))":100},"77":{"(Float16(0.0002338), Float16(1.0))":100},"7":{"(Float16(0.000251), Float16(1.0))":100},"25":{"(Float16(0.0001726), Float16(1.0))":100},"95":{"(Float16(0.0002913), Float16(1.0))":100},"71":{"(Float16(0.0003452), Float16(1.0))":100},"66":{"(Float16(0.0002189), Float16(1.0))":100},"76":{"(Float16(0.0003085), Float16(1.0))":100},"34":{"(Float16(0.0002387), Float16(1.0))":100},"50":{"(Float16(0.0002656), Float16(1.0))":100},"59":{"(Float16(0.0002992), Float16(1.0))":100},"93":{"(Float16(0.0001771), Float16(1.0))":100},"2":{"(Float16(0.0002239), Float16(1.0))":100},"10":{"(Float16(0.0002513), Float16(1.0))":100},"18":{"(Float16(0.0002288), Float16(1.0))":100},"26":{"(Float16(0.0002046), Float16(1.0))":100},"27":{"(Float16(0.0002124), Float16(1.0))":100},"42":{"(Float16(0.0002499), Float16(1.0))":100},"87":{"(Float16(0.0003536), Float16(1.0))":100},"100":{"(Float16(0.0002642), Float16(1.0))":100},"79":{"(Float16(0.0002844), Float16(1.0))":100},"16":{"(Float16(0.0002098), Float16(1.0))":100},"20":{"(Float16(0.0002806), Float16(1.0))":100},"81":{"(Float16(0.000368), Float16(1.0))":100},"19":{"(Float16(0.0003715), Float16(1.0))":100},"49":{"(Float16(0.0002198), Float16(1.0))":100},"44":{"(Float16(0.0002608), Float16(1.0))":100},"9":{"(Float16(0.000264), Float16(1.0))":100},"31":{"(Float16(0.000267), Float16(1.0))":100},"74":{"(Float16(0.0001951), Float16(1.0))":100},"61":{"(Float16(0.00023), Float16(1.0))":100},"29":{"(Float16(0.000308), Float16(1.0))":100},"94":{"(Float16(0.0001943), Float16(1.0))":100},"46":{"(Float16(0.0002024), Float16(1.0))":100},"57":{"(Float16(0.0003467), Float16(1.0))":100},"70":{"(Float16(0.0003793), Float16(1.0))":100},"21":{"(Float16(0.0002174), Float16(1.0))":100},"38":{"(Float16(0.000271), Float16(1.0))":100},"88":{"(Float16(0.000149), Float16(1.0))":100},"78":{"(Float16(0.0002804), Float16(1.0))":100},"72":{"(Float16(0.0002532), Float16(1.0))":100},"24":{"(Float16(0.0002894), Float16(1.0))":100},"8":{"(Float16(0.0002668), Float16(1.0))":100},"17":{"(Float16(0.0003161), Float16(1.0))":100},"37":{"(Float16(0.0003595), Float16(1.0))":100},"1":{"(Float16(0.0003705), Float16(1.0))":100},"53":{"(Float16(0.0002246), Float16(1.0))":100},"22":{"(Float16(0.0002191), Float16(1.0))":100},"47":{"(Float16(0.0002383), Float16(1.0))":100},"83":{"(Float16(0.0002484), Float16(1.0))":100},"99":{"(Float16(0.000309), Float16(1.0))":100},"89":{"(Float16(0.000374), Float16(1.0))":100},"14":{"(Float16(0.0003562), Float16(1.0))":100},"3":{"(Float16(0.0002325), Float16(1.0))":100},"80":{"(Float16(0.0003142), Float16(1.0))":100},"96":{"(Float16(0.0002472), Float16(1.0))":100},"51":{"(Float16(0.0002666), Float16(1.0))":100},"33":{"(Float16(0.000319), Float16(1.0))":100},"40":{"(Float16(0.0002073), Float16(1.0))":100},"48":{"(Float16(0.000283), Float16(1.0))":100},"15":{"(Float16(0.0003443), Float16(1.0))":100},"65":{"(Float16(0.0002494), Float16(1.0))":100},"97":{"(Float16(0.0002823), Float16(1.0))":100}}