{"5":{"(Float16(0.0001673), Float16(0.3))":35,"(Float16(0.632), Float16(0.9316))":64,"(Float16(0.9536), Float16(1.254))":1},"56":{"(Float16(0.9585), Float16(1.259))":1,"(Float16(0.627), Float16(0.927))":72,"(Float16(7.68e-5), Float16(0.3))":27},"35":{"(Float16(3.57e-5), Float16(0.3))":31,"(Float16(0.658), Float16(0.958))":69},"55":{"(Float16(0.6406), Float16(0.9404))":71,"(Float16(5.02e-5), Float16(0.3))":29},"60":{"(Float16(0.6133), Float16(0.913))":67,"(Float16(1.3e-6), Float16(0.3))":33},"30":{"(Float16(0.337), Float16(0.6367))":10,"(Float16(0.0001353), Float16(0.3))":27,"(Float16(0.759), Float16(1.059))":63},"32":{"(Float16(1.9e-6), Float16(0.3))":28,"(Float16(0.6445), Float16(0.9443))":72},"6":{"(Float16(0.0001454), Float16(0.3))":40,"(Float16(0.657), Float16(0.957))":60},"67":{"(Float16(0.6133), Float16(0.913))":71,"(Float16(0.9863), Float16(1.286))":1,"(Float16(0.0001948), Float16(0.3003))":28},"45":{"(Float16(0.0001157), Float16(0.3))":28,"(Float16(0.6035), Float16(0.9033))":72},"73":{"(Float16(0.344), Float16(0.644))":1,"(Float16(1.79e-5), Float16(0.3))":35,"(Float16(0.6895), Float16(0.9893))":64},"64":{"(Float16(4.756e-5), Float16(0.3))":22,"(Float16(0.959), Float16(1.259))":1,"(Float16(0.6387), Float16(0.9385))":77},"90":{"(Float16(5.44e-5), Float16(0.3))":29,"(Float16(0.3596), Float16(0.6597))":3,"(Float16(0.718), Float16(1.018))":68},"4":{"(Float16(0.000184), Float16(0.3003))":64,"(Float16(0.741), Float16(1.041))":36},"13":{"(Float16(0.6455), Float16(0.9453))":69,"(Float16(0.0001182), Float16(0.3))":31},"54":{"(Float16(3.28e-5), Float16(0.3))":29,"(Float16(0.657), Float16(0.957))":71},"63":{"(Float16(4.613e-5), Float16(0.3))":28,"(Float16(0.6787), Float16(0.9785))":72},"86":{"(Float16(0.6133), Float16(0.913))":73,"(Float16(7.6e-6), Float16(0.3))":27},"91":{"(Float16(0.668), Float16(0.968))":65,"(Float16(3.5e-6), Float16(0.3))":35},"62":{"(Float16(0.0), Float16(0.3))":26,"(Float16(0.6445), Float16(0.9443))":74},"58":{"(Float16(0.0001153), Float16(0.3))":45,"(Float16(0.783), Float16(1.083))":39,"(Float16(0.3186), Float16(0.6187))":16},"52":{"(Float16(0.0), Float16(0.3))":25,"(Float16(0.586), Float16(0.8857))":75},"12":{"(Float16(0.0), Float16(0.3))":32,"(Float16(0.673), Float16(0.9727))":68},"28":{"(Float16(2.16e-5), Float16(0.3))":31,"(Float16(0.6963), Float16(0.996))":68,"(Float16(0.3193), Float16(0.619))":1},"75":{"(Float16(0.0001426), Float16(0.3))":35,"(Float16(0.625), Float16(0.925))":65},"23":{"(Float16(0.0001392), Float16(0.3))":30,"(Float16(0.662), Float16(0.962))":70},"92":{"(Float16(0.658), Float16(0.958))":66,"(Float16(0.0001574), Float16(0.3))":34},"41":{"(Float16(7.3e-6), Float16(0.3))":28,"(Float16(0.578), Float16(0.878))":72},"43":{"(Float16(0.0001404), Float16(0.3))":42,"(Float16(0.708), Float16(1.008))":58},"11":{"(Float16(0.665), Float16(0.965))":82,"(Float16(0.0001562), Float16(0.3))":18},"36":{"(Float16(0.9414), Float16(1.241))":1,"(Float16(0.5996), Float16(0.8994))":69,"(Float16(0.00011384), Float16(0.3))":30},"68":{"(Float16(0.633), Float16(0.9326))":65,"(Float16(8.39e-5), Float16(0.3))":35},"69":{"(Float16(0.6543), Float16(0.954))":74,"(Float16(4.98e-5), Float16(0.3))":26},"98":{"(Float16(0.6006), Float16(0.9004))":67,"(Float16(0.0001056), Float16(0.3))":33},"82":{"(Float16(0.675), Float16(0.9746))":62,"(Float16(3.0e-7), Float16(0.3))":38},"85":{"(Float16(0.3123), Float16(0.6123))":1,"(Float16(2.61e-5), Float16(0.3))":33,"(Float16(0.701), Float16(1.001))":66},"39":{"(Float16(0.342), Float16(0.642))":1,"(Float16(0.0001643), Float16(0.3))":34,"(Float16(0.672), Float16(0.9717))":65},"84":{"(Float16(0.623), Float16(0.923))":70,"(Float16(4.6e-6), Float16(0.3))":30},"77":{"(Float16(0.6514), Float16(0.951))":70,"(Float16(0.0), Float16(0.3))":30},"7":{"(Float16(0.6484), Float16(0.948))":57,"(Float16(3.46e-6), Float16(0.3))":43},"25":{"(Float16(0.669), Float16(0.9688))":80,"(Float16(8.81e-5), Float16(0.3))":20},"95":{"(Float16(0.625), Float16(0.925))":69,"(Float16(7.284e-5), Float16(0.3))":31},"71":{"(Float16(0.621), Float16(0.921))":72,"(Float16(7.02e-5), Float16(0.3))":28},"66":{"(Float16(0.5723), Float16(0.872))":77,"(Float16(2.79e-5), Float16(0.3))":23},"76":{"(Float16(0.6416), Float16(0.9414))":65,"(Float16(3.1e-6), Float16(0.3))":35},"34":{"(Float16(0.634), Float16(0.9336))":81,"(Float16(1.8e-6), Float16(0.3))":19},"50":{"(Float16(0.744), Float16(1.044))":27,"(Float16(0.4326), Float16(0.7324))":27,"(Float16(0.0001145), Float16(0.3))":46},"59":{"(Float16(0.587), Float16(0.8867))":78,"(Float16(1.55e-6), Float16(0.3))":22},"93":{"(Float16(0.0001419), Float16(0.3))":41,"(Float16(0.6533), Float16(0.953))":59},"2":{"(Float16(1.71e-5), Float16(0.3))":20,"(Float16(0.6387), Float16(0.9385))":80},"10":{"(Float16(3.04e-6), Float16(0.3))":33,"(Float16(0.6533), Float16(0.953))":67},"18":{"(Float16(0.0), Float16(0.3))":46,"(Float16(0.6484), Float16(0.948))":54},"26":{"(Float16(0.356), Float16(0.656))":1,"(Float16(0.712), Float16(1.012))":60,"(Float16(0.0001554), Float16(0.3))":39},"27":{"(Float16(3.576e-5), Float16(0.3))":22,"(Float16(0.6387), Float16(0.9385))":78},"42":{"(Float16(4.7e-5), Float16(0.3))":23,"(Float16(0.6772), Float16(0.977))":77},"87":{"(Float16(0.717), Float16(1.017))":65,"(Float16(1.55e-5), Float16(0.3))":35},"100":{"(Float16(1.37e-5), Float16(0.3))":29,"(Float16(0.6377), Float16(0.9375))":71},"79":{"(Float16(0.97), Float16(1.2705))":1,"(Float16(0.6396), Float16(0.9395))":69,"(Float16(6.807e-5), Float16(0.3))":30},"16":{"(Float16(0.9766), Float16(1.276))":1,"(Float16(0.588), Float16(0.8877))":75,"(Float16(6.3e-6), Float16(0.3))":24},"20":{"(Float16(0.67), Float16(0.9697))":58,"(Float16(8.0e-7), Float16(0.3))":42},"81":{"(Float16(0.659), Float16(0.959))":66,"(Float16(0.0001075), Float16(0.3))":34},"19":{"(Float16(0.0001055), Float16(0.3))":35,"(Float16(0.33), Float16(0.63))":1,"(Float16(0.6787), Float16(0.9785))":64},"49":{"(Float16(0.989), Float16(1.289))":1,"(Float16(7.14e-5), Float16(0.3))":30,"(Float16(0.6143), Float16(0.914))":69},"44":{"(Float16(0.676), Float16(0.9756))":64,"(Float16(1.0e-6), Float16(0.3))":34,"(Float16(0.3545), Float16(0.6543))":2},"9":{"(Float16(0.6826), Float16(0.9824))":71,"(Float16(7.105e-5), Float16(0.3))":29},"31":{"(Float16(6.473e-5), Float16(0.3))":36,"(Float16(0.673), Float16(0.9727))":63,"(Float16(0.3608), Float16(0.6606))":1},"74":{"(Float16(0.6855), Float16(0.9854))":71,"(Float16(9.614e-5), Float16(0.3))":29},"61":{"(Float16(7.1e-6), Float16(0.3))":21,"(Float16(0.6484), Float16(0.948))":79},"29":{"(Float16(0.0001874), Float16(0.3003))":25,"(Float16(0.677), Float16(0.9766))":75},"94":{"(Float16(0.6543), Float16(0.954))":70,"(Float16(5.0e-7), Float16(0.3))":30},"46":{"(Float16(4.655e-5), Float16(0.3))":35,"(Float16(0.335), Float16(0.635))":15,"(Float16(0.7676), Float16(1.067))":50},"57":{"(Float16(0.7354), Float16(1.035))":62,"(Float16(0.0), Float16(0.3))":38},"70":{"(Float16(0.6494), Float16(0.949))":67,"(Float16(7.56e-5), Float16(0.3))":33},"21":{"(Float16(0.3215), Float16(0.6216))":10,"(Float16(0.757), Float16(1.057))":54,"(Float16(8.5e-6), Float16(0.3))":36},"38":{"(Float16(0.5596), Float16(0.8594))":71,"(Float16(9.93e-5), Float16(0.3))":29},"88":{"(Float16(2.4e-7), Float16(0.3))":35,"(Float16(0.5664), Float16(0.866))":65},"78":{"(Float16(0.635), Float16(0.9346))":73,"(Float16(4.0e-7), Float16(0.3))":27},"72":{"(Float16(0.7207), Float16(1.0205))":47,"(Float16(9.63e-5), Float16(0.3))":41,"(Float16(0.3545), Float16(0.6543))":12},"24":{"(Float16(1.87e-5), Float16(0.3))":22,"(Float16(0.6475), Float16(0.9473))":78},"8":{"(Float16(0.547), Float16(0.8467))":77,"(Float16(1.68e-5), Float16(0.3))":22,"(Float16(0.95), Float16(1.25))":1},"17":{"(Float16(0.0001369), Float16(0.3))":29,"(Float16(0.6387), Float16(0.9385))":71},"37":{"(Float16(0.6367), Float16(0.9365))":83,"(Float16(6.9e-6), Float16(0.3))":17},"1":{"(Float16(7.99e-5), Float16(0.3))":31,"(Float16(0.6133), Float16(0.913))":69},"53":{"(Float16(0.0001192), Float16(0.3))":23,"(Float16(0.672), Float16(0.9717))":77},