{"5":{"(Float16(0.0007563), Float16(0.3008))":41,"(Float16(0.706), Float16(1.006))":59},"56":{"(Float16(0.705), Float16(1.005))":49,"(Float16(0.0004897), Float16(0.3005))":51},"35":{"(Float16(0.6836), Float16(0.9834))":56,"(Float16(0.000597), Float16(0.3005))":44},"55":{"(Float16(0.0009365), Float16(0.301))":38,"(Float16(0.717), Float16(1.017))":62},"60":{"(Float16(0.0005307), Float16(0.3005))":24,"(Float16(0.673), Float16(0.9727))":76},"30":{"(Float16(0.000763), Float16(0.3008))":52,"(Float16(0.663), Float16(0.963))":48},"32":{"(Float16(0.0005355), Float16(0.3005))":44,"(Float16(0.6934), Float16(0.993))":56},"6":{"(Float16(0.0007052), Float16(0.3008))":36,"(Float16(0.6035), Float16(0.9033))":64},"67":{"(Float16(0.0007944), Float16(0.3008))":40,"(Float16(0.6494), Float16(0.949))":60},"45":{"(Float16(0.6826), Float16(0.9824))":60,"(Float16(0.000765), Float16(0.3008))":40},"73":{"(Float16(0.678), Float16(0.978))":57,"(Float16(0.0005546), Float16(0.3005))":43},"64":{"(Float16(0.71), Float16(1.01))":54,"(Float16(0.0004044), Float16(0.3003))":46},"90":{"(Float16(0.698), Float16(0.998))":65,"(Float16(0.0007505), Float16(0.3008))":35},"4":{"(Float16(0.7607), Float16(1.061))":51,"(Float16(0.0008564), Float16(0.3008))":49},"13":{"(Float16(0.0007915), Float16(0.3008))":41,"(Float16(0.704), Float16(1.004))":59},"54":{"(Float16(0.6836), Float16(0.9834))":56,"(Float16(0.0005507), Float16(0.3005))":44},"63":{"(Float16(0.0005574), Float16(0.3005))":43,"(Float16(0.7197), Float16(1.02))":57},"86":{"(Float16(0.6445), Float16(0.9443))":56,"(Float16(0.000696), Float16(0.3008))":44},"91":{"(Float16(0.00066), Float16(0.3008))":44,"(Float16(0.657), Float16(0.957))":56},"62":{"(Float16(0.6943), Float16(0.994))":51,"(Float16(0.000492), Float16(0.3005))":49},"58":{"(Float16(0.000576), Float16(0.3005))":34,"(Float16(0.6904), Float16(0.99))":66},"52":{"(Float16(0.001022), Float16(0.301))":44,"(Float16(0.675), Float16(0.9746))":56},"12":{"(Float16(0.6797), Float16(0.9795))":64,"(Float16(0.000583), Float16(0.3005))":36},"28":{"(Float16(0.6797), Float16(0.9795))":59,"(Float16(0.0005956), Float16(0.3005))":41},"75":{"(Float16(0.000511), Float16(0.3005))":61,"(Float16(0.741), Float16(1.041))":39},"23":{"(Float16(0.000655), Float16(0.3005))":36,"(Float16(0.7305), Float16(1.03))":64},"92":{"(Float16(0.6777), Float16(0.9775))":62,"(Float16(0.000582), Float16(0.3005))":38},"41":{"(Float16(0.7393), Float16(1.039))":65,"(Float16(0.0009665), Float16(0.301))":35},"43":{"(Float16(0.6943), Float16(0.994))":64,"(Float16(0.000828), Float16(0.3008))":36},"11":{"(Float16(0.0007105), Float16(0.3008))":23,"(Float16(0.667), Float16(0.967))":77},"36":{"(Float16(0.671), Float16(0.9707))":54,"(Float16(0.0008683), Float16(0.3008))":46},"68":{"(Float16(0.000918), Float16(0.301))":39,"(Float16(0.659), Float16(0.959))":61},"69":{"(Float16(0.704), Float16(1.004))":52,"(Float16(0.0005946), Float16(0.3005))":48},"98":{"(Float16(0.6797), Float16(0.9795))":46,"(Float16(0.0006113), Float16(0.3005))":54},"82":{"(Float16(0.0006256), Float16(0.3005))":47,"(Float16(0.6904), Float16(0.99))":53},"85":{"(Float16(0.705), Float16(1.005))":58,"(Float16(0.000593), Float16(0.3005))":42},"39":{"(Float16(0.6934), Float16(0.993))":53,"(Float16(0.000586), Float16(0.3005))":47},"84":{"(Float16(0.000617), Float16(0.3005))":40,"(Float16(0.657), Float16(0.957))":60},"77":{"(Float16(0.000605), Float16(0.3005))":45,"(Float16(0.7715), Float16(1.071))":55},"7":{"(Float16(0.667), Float16(0.967))":60,"(Float16(0.0008144), Float16(0.3008))":40},"25":{"(Float16(0.0007243), Float16(0.3008))":36,"(Float16(0.6924), Float16(0.992))":64},"95":{"(Float16(0.6963), Float16(0.996))":54,"(Float16(0.0008464), Float16(0.3008))":46},"71":{"(Float16(0.000618), Float16(0.3005))":39,"(Float16(0.631), Float16(0.9307))":61},"66":{"(Float16(0.0008526), Float16(0.3008))":53,"(Float16(0.6934), Float16(0.993))":47},"76":{"(Float16(0.0008507), Float16(0.3008))":44,"(Float16(0.7236), Float16(1.023))":56},"34":{"(Float16(0.7207), Float16(1.0205))":53,"(Float16(0.000718), Float16(0.3008))":47},"50":{"(Float16(0.00068), Float16(0.3008))":41,"(Float16(0.67), Float16(0.9697))":59},"59":{"(Float16(0.00056), Float16(0.3005))":43,"(Float16(0.671), Float16(0.9707))":57},"93":{"(Float16(0.000932), Float16(0.301))":38,"(Float16(0.659), Float16(0.959))":62},"2":{"(Float16(0.000907), Float16(0.301))":42,"(Float16(0.704), Float16(1.004))":58},"10":{"(Float16(0.708), Float16(1.008))":61,"(Float16(0.0005054), Float16(0.3005))":39},"18":{"(Float16(0.000548), Float16(0.3005))":50,"(Float16(0.7725), Float16(1.072))":50},"26":{"(Float16(0.665), Float16(0.965))":75,"(Float16(0.000608), Float16(0.3005))":25},"27":{"(Float16(0.7734), Float16(1.073))":52,"(Float16(0.0009136), Float16(0.301))":48},"42":{"(Float16(0.0006604), Float16(0.3008))":44,"(Float16(0.715), Float16(1.015))":56},"87":{"(Float16(0.7354), Float16(1.035))":50,"(Float16(0.0008698), Float16(0.3008))":50},"100":{"(Float16(0.759), Float16(1.059))":47,"(Float16(0.000588), Float16(0.3005))":53},"79":{"(Float16(0.6777), Float16(0.9775))":59,"(Float16(0.0009203), Float16(0.301))":41},"16":{"(Float16(0.0006943), Float16(0.3008))":49,"(Float16(0.7256), Float16(1.025))":51},"20":{"(Float16(0.000741), Float16(0.3008))":52,"(Float16(0.708), Float16(1.008))":48},"81":{"(Float16(0.6865), Float16(0.9863))":67,"(Float16(0.0005627), Float16(0.3005))":33},"19":{"(Float16(0.0006456), Float16(0.3005))":39,"(Float16(0.6543), Float16(0.954))":61},"49":{"(Float16(0.0009346), Float16(0.301))":39,"(Float16(0.7188), Float16(1.019))":61},"44":{"(Float16(0.0004532), Float16(0.3005))":32,"(Float16(0.669), Float16(0.9688))":68},"9":{"(Float16(0.6543), Float16(0.954))":73,"(Float16(0.000798), Float16(0.3008))":27},"31":{"(Float16(0.6533), Float16(0.953))":71,"(Float16(0.000813), Float16(0.3008))":29},"74":{"(Float16(0.67), Float16(0.9697))":61,"(Float16(0.0004377), Float16(0.3005))":39},"61":{"(Float16(0.7295), Float16(1.029))":59,"(Float16(0.0004044), Float16(0.3003))":41},"29":{"(Float16(0.71), Float16(1.01))":56,"(Float16(0.001154), Float16(0.3013))":44},"94":{"(Float16(0.000622), Float16(0.3005))":41,"(Float16(0.6934), Float16(0.993))":59},"46":{"(Float16(0.000539), Float16(0.3005))":39,"(Float16(0.591), Float16(0.8906))":61},"57":{"(Float16(0.677), Float16(0.9766))":71,"(Float16(0.0006347), Float16(0.3005))":29},"70":{"(Float16(0.000617), Float16(0.3005))":37,"(Float16(0.71), Float16(1.01))":63},"21":{"(Float16(0.0005198), Float16(0.3005))":50,"(Float16(0.664), Float16(0.964))":50},"38":{"(Float16(0.000835), Float16(0.3008))":36,"(Float16(0.6484), Float16(0.948))":64},"88":{"(Float16(0.000431), Float16(0.3005))":50,"(Float16(0.754), Float16(1.054))":50},"78":{"(Float16(0.673), Float16(0.9727))":49,"(Float16(0.0006304), Float16(0.3005))":51},"72":{"(Float16(0.00072), Float16(0.3008))":54,"(Float16(0.752), Float16(1.052))":46},"24":{"(Float16(0.6787), Float16(0.9785))":70,"(Float16(0.000816), Float16(0.3008))":30},"8":{"(Float16(0.7207), Float16(1.0205))":56,"(Float16(0.0004153), Float16(0.3005))":44},"17":{"(Float16(0.503), Float16(0.8027))":71,"(Float16(0.000707), Float16(0.3008))":29},"37":{"(Float16(0.0006166), Float16(0.3005))":42,"(Float16(0.71), Float16(1.01))":58},"1":{"(Float16(0.6826), Float16(0.9824))":58,"(Float16(0.000605), Float16(0.3005))":42},"53":{"(Float16(0.6523), Float16(0.952))":70,"(Float16(0.000575), Float16(0.3005))":30},"22":{"(Float16(0.6406), Float16(0.9404))":68,"(Float16(0.000565), Float16(0.3005))":32},"47":{"(Float16(0.0005474), Float16(0.3005))":36,"(Float16(0.671), Float16(0.9707))":64},"83":{"(Float16(0.0006466), Float16(0.3005))":27,"(Float16(0.621), Float16(0.921))":73},"99":{"(Float16(0.000814), Float16(0.3008))":44,"(Float16(0.6553), Float16(0.955))":56},"89":{"(Float16(0.000867), Float16(0.3008))":46,"(Float16(0.634), Float16(0.9336))":54},"14":{"(Float16(0.631), Float16(0.9307))":73,"(Float16(0.0007763), Float16(0.3008))":27},"3":{"(Float16(0.705), Float16(1.005))":57,