{"5":{"(Float16(0.001617), Float16(0.3015))":67,"(Float16(0.788), Float16(1.088))":33},"56":{"(Float16(0.7646), Float16(1.064))":51,"(Float16(0.0015), Float16(0.3015))":49},"35":{"(Float16(0.001123), Float16(0.301))":59,"(Float16(0.7197), Float16(1.02))":41},"55":{"(Float16(0.001095), Float16(0.301))":51,"(Float16(0.712), Float16(1.012))":49},"60":{"(Float16(0.792), Float16(1.092))":46,"(Float16(0.001062), Float16(0.301))":54},"30":{"(Float16(0.001095), Float16(0.301))":32,"(Float16(0.6846), Float16(0.9844))":68},"32":{"(Float16(0.001385), Float16(0.3013))":40,"(Float16(0.71), Float16(1.01))":60},"6":{"(Float16(0.4531), Float16(0.753))":100},"67":{"(Float16(0.001387), Float16(0.3013))":50,"(Float16(0.746), Float16(1.046))":50},"45":{"(Float16(0.6357), Float16(0.9355))":68,"(Float16(0.001205), Float16(0.3013))":32},"73":{"(Float16(0.001567), Float16(0.3015))":41,"(Float16(0.6543), Float16(0.954))":59},"64":{"(Float16(0.67), Float16(0.9697))":64,"(Float16(0.001474), Float16(0.3015))":36},"90":{"(Float16(0.001164), Float16(0.3013))":51,"(Float16(0.789), Float16(1.089))":49},"4":{"(Float16(0.001348), Float16(0.3013))":34,"(Float16(0.7256), Float16(1.025))":66},"13":{"(Float16(0.4897), Float16(0.7896))":100},"54":{"(Float16(0.001159), Float16(0.3013))":54,"(Float16(0.7783), Float16(1.078))":46},"63":{"(Float16(0.7783), Float16(1.078))":45,"(Float16(0.325), Float16(0.625))":55},"86":{"(Float16(0.001318), Float16(0.3013))":43,"(Float16(0.7666), Float16(1.066))":57},"91":{"(Float16(0.001139), Float16(0.301))":40,"(Float16(0.669), Float16(0.9688))":60},"62":{"(Float16(0.539), Float16(0.839))":100},"58":{"(Float16(0.718), Float16(1.018))":63,"(Float16(0.001675), Float16(0.3018))":37},"52":{"(Float16(0.4844), Float16(0.784))":100},"12":{"(Float16(0.7246), Float16(1.024))":25,"(Float16(0.001229), Float16(0.3013))":75},"28":{"(Float16(0.477), Float16(0.777))":100},"75":{"(Float16(0.442), Float16(0.7417))":100},"23":{"(Float16(0.4707), Float16(0.7705))":100},"92":{"(Float16(0.7324), Float16(1.032))":45,"(Float16(0.001172), Float16(0.3013))":55},"41":{"(Float16(0.001268), Float16(0.3013))":51,"(Float16(0.748), Float16(1.048))":49},"43":{"(Float16(0.001668), Float16(0.3018))":48,"(Float16(0.741), Float16(1.041))":52},"11":{"(Float16(0.713), Float16(1.013))":55,"(Float16(0.000899), Float16(0.3008))":45},"36":{"(Float16(0.001067), Float16(0.301))":47,"(Float16(0.7275), Float16(1.027))":53},"68":{"(Float16(0.756), Float16(1.056))":56,"(Float16(0.001524), Float16(0.3015))":44},"69":{"(Float16(0.6436), Float16(0.9434))":61,"(Float16(0.001188), Float16(0.3013))":39},"98":{"(Float16(0.4414), Float16(0.741))":100},"82":{"(Float16(0.751), Float16(1.051))":47,"(Float16(0.0009985), Float16(0.301))":53},"85":{"(Float16(0.4731), Float16(0.773))":100},"39":{"(Float16(0.001629), Float16(0.3015))":36,"(Float16(0.7227), Float16(1.022))":64},"84":{"(Float16(0.6943), Float16(0.994))":61,"(Float16(0.001064), Float16(0.301))":39},"77":{"(Float16(0.001546), Float16(0.3015))":39,"(Float16(0.715), Float16(1.015))":61},"7":{"(Float16(0.001551), Float16(0.3015))":54,"(Float16(0.7324), Float16(1.032))":46},"25":{"(Float16(0.001635), Float16(0.3015))":46,"(Float16(0.718), Float16(1.018))":54},"95":{"(Float16(0.705), Float16(1.005))":61,"(Float16(0.001892), Float16(0.302))":39},"71":{"(Float16(0.701), Float16(1.001))":63,"(Float16(0.001379), Float16(0.3013))":37},"66":{"(Float16(0.662), Float16(0.962))":46,"(Float16(0.001072), Float16(0.301))":54},"76":{"(Float16(0.484), Float16(0.7837))":100},"34":{"(Float16(0.7285), Float16(1.028))":53,"(Float16(0.001394), Float16(0.3015))":47},"50":{"(Float16(0.7275), Float16(1.027))":50,"(Float16(0.0009584), Float16(0.301))":50},"59":{"(Float16(0.001123), Float16(0.301))":52,"(Float16(0.7266), Float16(1.026))":48},"93":{"(Float16(0.759), Float16(1.059))":35,"(Float16(0.00125), Float16(0.3013))":65},"2":{"(Float16(0.001145), Float16(0.301))":38,"(Float16(0.6426), Float16(0.9424))":62},"10":{"(Float16(0.42), Float16(0.7197))":100},"18":{"(Float16(0.6943), Float16(0.994))":56,"(Float16(0.001501), Float16(0.3015))":44},"26":{"(Float16(0.7217), Float16(1.021))":56,"(Float16(0.001353), Float16(0.3013))":44},"27":{"(Float16(0.001547), Float16(0.3015))":50,"(Float16(0.747), Float16(1.047))":50},"42":{"(Float16(0.6357), Float16(0.9355))":60,"(Float16(0.001329), Float16(0.3013))":40},"87":{"(Float16(0.001182), Float16(0.3013))":43,"(Float16(0.71), Float16(1.01))":57},"100":{"(Float16(0.4443), Float16(0.744))":100},"79":{"(Float16(0.489), Float16(0.789))":100},"16":{"(Float16(0.6885), Float16(0.9883))":62,"(Float16(0.001184), Float16(0.3013))":38},"20":{"(Float16(0.791), Float16(1.091))":47,"(Float16(0.001142), Float16(0.301))":53},"81":{"(Float16(0.4683), Float16(0.768))":100},"19":{"(Float16(0.674), Float16(0.9736))":55,"(Float16(0.000993), Float16(0.301))":45},"49":{"(Float16(0.001104), Float16(0.301))":51,"(Float16(0.751), Float16(1.051))":49},"44":{"(Float16(0.001541), Float16(0.3015))":44,"(Float16(0.634), Float16(0.9336))":56},"9":{"(Float16(0.001352), Float16(0.3013))":39,"(Float16(0.6484), Float16(0.948))":61},"31":{"(Float16(0.001168), Float16(0.3013))":59,"(Float16(0.7363), Float16(1.036))":41},"74":{"(Float16(0.001815), Float16(0.3018))":44,"(Float16(0.6504), Float16(0.95))":56},"61":{"(Float16(0.659), Float16(0.959))":69,"(Float16(0.001665), Float16(0.3018))":31},"29":{"(Float16(0.002022), Float16(0.302))":13,"(Float16(0.4443), Float16(0.744))":87},"94":{"(Float16(0.4238), Float16(0.7236))":100},"46":{"(Float16(0.4385), Float16(0.7383))":100},"57":{"(Float16(0.317), Float16(0.6167))":61,"(Float16(0.7676), Float16(1.067))":39},"70":{"(Float16(0.001629), Float16(0.3015))":47,"(Float16(0.789), Float16(1.089))":53},"21":{"(Float16(0.666), Float16(0.966))":55,"(Float16(0.00164), Float16(0.3018))":45},"38":{"(Float16(0.001065), Float16(0.301))":34,"(Float16(0.677), Float16(0.9766))":66},"88":{"(Float16(0.755), Float16(1.055))":50,"(Float16(0.001488), Float16(0.3015))":50},"78":{"(Float16(0.4287), Float16(0.7285))":100},"72":{"(Float16(0.5625), Float16(0.8623))":100},"24":{"(Float16(0.000995), Float16(0.301))":47,"(Float16(0.634), Float16(0.9336))":53},"8":{"(Float16(0.001326), Float16(0.3013))":51,"(Float16(0.7773), Float16(1.077))":49},"17":{"(Float16(0.001219), Float16(0.3013))":66,"(Float16(0.792), Float16(1.092))":34},"37":{"(Float16(0.001168), Float16(0.3013))":43,"(Float16(0.7383), Float16(1.038))":57},"1":{"(Float16(0.001488), Float16(0.3015))":37,"(Float16(0.671), Float16(0.9707))":63},"53":{"(Float16(0.002096), Float16(0.302))":27,"(Float16(0.6387), Float16(0.9385))":73},"22":{"(Float16(0.6543), Float16(0.954))":64,"(Float16(0.001339), Float16(0.3013))":36},"47":{"(Float16(0.754), Float16(1.054))":47,"(Float16(0.001191), Float16(0.3013))":53},"83":{"(Float16(0.7617), Float16(1.062))":45,"(Float16(0.001639), Float16(0.3018))":55},"99":{"(Float16(0.6973), Float16(0.997))":57,"(Float16(0.001507), Float16(0.3015))":43},"89":{"(Float16(0.001963), Float16(0.302))":37,"(Float16(0.634), Float16(0.9336))":63},"14":{"(Float16(0.001783), Float16(0.3018))":18,"(Float16(0.6416), Float16(0.9414))":82},"3":{"(Float16(0.001129), Float16(0.301))":31,"(Float16(0.622), Float16(0.922))":69},"80":{"(Float16(0.705), Float16(1.005))":25,"(Float16(0.0009418), Float16(0.301))":75},"96":{"(Float16(0.8), Float16(1.1))":48,"(Float16(0.001347), Float16(0.3013))":52},"51":{"(Float16(0.4907), Float16(0.7905))":100},"33":{"(Float16(0.6416), Float16(0.9414))":72,"(Float16(0.001789), Float16(0.3018))":28},"40":{"(Float16(0.001569), Float16(0.3015))":35,"(Float16(0.671), Float16(0.9707))":65},"48":{"(Float16(0.001458), Float16(0.3015))":22,"(Float16(0.577), Float16(0.877))":78},"15":{"(Float16(0.537), Float16(0.837))":100},"65":{"(Float16(0.001904), Float16(0.302))":25,"(Float16(0.6064), Float16(0.9062))":75},"97":{"(Float16(0.001144), Float16(0.301))":32,"(Float16(0.628), Float16(0.9277))":68}}