{"32":{"(Float16(0.0004458), Float16(0.3005))":50,"(Float16(0.519), Float16(0.819))":48,"(Float16(0.8423), Float16(1.143))":2},"29":{"(Float16(0.000658), Float16(0.3005))":13,"(Float16(0.589), Float16(0.8887))":87},"1":{"(Float16(0.000615), Float16(0.3005))":67,"(Float16(0.672), Float16(0.9717))":33},"54":{"(Float16(0.000635), Float16(0.3005))":68,"(Float16(0.661), Float16(0.961))":32},"78":{"(Float16(0.799), Float16(1.099))":38,"(Float16(0.0002782), Float16(0.3003))":62},"81":{"(Float16(0.001095), Float16(0.301))":1,"(Float16(0.459), Float16(0.759))":99},"2":{"(Float16(0.63), Float16(0.9297))":68,"(Float16(0.0004058), Float16(0.3003))":32},"74":{"(Float16(0.6797), Float16(0.9795))":56,"(Float16(0.000326), Float16(0.3003))":44},"41":{"(Float16(0.5605), Float16(0.8604))":72,"(Float16(0.000718), Float16(0.3008))":28},"65":{"(Float16(0.621), Float16(0.921))":78,"(Float16(0.000948), Float16(0.301))":22},"51":{"(Float16(0.6377), Float16(0.9375))":71,"(Float16(0.000556), Float16(0.3005))":29},"53":{"(Float16(0.0003924), Float16(0.3003))":73,"(Float16(0.783), Float16(1.083))":27},"27":{"(Float16(0.631), Float16(0.9307))":66,"(Float16(0.000298), Float16(0.3003))":34},"75":{"(Float16(0.705), Float16(1.005))":68,"(Float16(0.0003085), Float16(0.3003))":32},"42":{"(Float16(0.0005527), Float16(0.3005))":67,"(Float16(0.6284), Float16(0.928))":33},"33":{"(Float16(0.000577), Float16(0.3005))":39,"(Float16(0.698), Float16(0.998))":61},"28":{"(Float16(0.0006456), Float16(0.3005))":14,"(Float16(0.545), Float16(0.8447))":86},"50":{"(Float16(0.000885), Float16(0.3008))":11,"(Float16(0.4878), Float16(0.7876))":89},"52":{"(Float16(0.6084), Float16(0.908))":81,"(Float16(0.000491), Float16(0.3005))":19},"63":{"(Float16(0.7734), Float16(1.073))":52,"(Float16(0.0002894), Float16(0.3003))":48},"92":{"(Float16(0.0005603), Float16(0.3005))":36,"(Float16(0.6064), Float16(0.9062))":64},"88":{"(Float16(0.6396), Float16(0.9395))":37,"(Float16(0.000784), Float16(0.3008))":61,"(Float16(0.965), Float16(1.265))":2},"93":{"(Float16(0.6396), Float16(0.9395))":76,"(Float16(0.0003357), Float16(0.3003))":24},"26":{"(Float16(0.6826), Float16(0.9824))":77,"(Float16(0.000551), Float16(0.3005))":23},"10":{"(Float16(0.0006347), Float16(0.3005))":56,"(Float16(0.5938), Float16(0.8936))":42,"(Float16(0.895), Float16(1.195))":2},"77":{"(Float16(0.0017185), Float16(0.3018))":2,"(Float16(0.4658), Float16(0.7656))":98},"24":{"(Float16(0.0004206), Float16(0.3005))":46,"(Float16(0.6934), Float16(0.993))":54},"87":{"(Float16(0.5723), Float16(0.872))":63,"(Float16(0.000524), Float16(0.3005))":35,"(Float16(0.908), Float16(1.208))":2},"58":{"(Float16(0.6035), Float16(0.9033))":78,"(Float16(0.0004182), Float16(0.3005))":22},"25":{"(Float16(0.00048), Float16(0.3005))":40,"(Float16(0.663), Float16(0.963))":60},"23":{"(Float16(0.9375), Float16(1.237))":2,"(Float16(0.3965), Float16(0.6963))":98},"49":{"(Float16(0.001074), Float16(0.301))":14,"(Float16(0.5615), Float16(0.8613))":86},"59":{"(Float16(0.6826), Float16(0.9824))":66,"(Float16(0.0004823), Float16(0.3005))":34},"5":{"(Float16(0.505), Float16(0.8047))":100},"31":{"(Float16(0.6064), Float16(0.9062))":42,"(Float16(0.0007224), Float16(0.3008))":58},"89":{"(Float16(0.0003219), Float16(0.3003))":30,"(Float16(0.6113), Float16(0.911))":70},"62":{"(Float16(0.000781), Float16(0.3008))":61,"(Float16(0.6562), Float16(0.956))":39},"43":{"(Float16(0.498), Float16(0.798))":86,"(Float16(0.993), Float16(1.293))":1,"(Float16(0.000641), Float16(0.3005))":13},"90":{"(Float16(0.0003395), Float16(0.3003))":46,"(Float16(0.744), Float16(1.044))":54},"39":{"(Float16(0.4614), Float16(0.761))":94,"(Float16(0.000741), Float16(0.3008))":2,"(Float16(0.875), Float16(1.175))":4},"34":{"(Float16(0.869), Float16(1.169))":18,"(Float16(0.0002074), Float16(0.3003))":82},"44":{"(Float16(0.0005465), Float16(0.3005))":32,"(Float16(0.706), Float16(1.006))":68},"94":{"(Float16(0.0005274), Float16(0.3005))":33,"(Float16(0.6797), Float16(0.9795))":67},"55":{"(Float16(0.474), Float16(0.774))":99,"(Float16(0.001579), Float16(0.3015))":1},"86":{"(Float16(0.7305), Float16(1.03))":42,"(Float16(0.000257), Float16(0.3003))":58},"17":{"(Float16(0.00062), Float16(0.3005))":30,"(Float16(0.6895), Float16(0.9893))":70},"99":{"(Float16(0.495), Float16(0.795))":87,"(Float16(0.893), Float16(1.193))":1,"(Float16(0.001022), Float16(0.301))":12},"71":{"(Float16(0.7324), Float16(1.032))":46,"(Float16(0.0003207), Float16(0.3003))":54},"37":{"(Float16(0.825), Float16(1.125))":4,"(Float16(0.001947), Float16(0.302))":1,"(Float16(0.477), Float16(0.777))":95},"47":{"(Float16(0.5283), Float16(0.828))":55,"(Float16(0.0005713), Float16(0.3005))":45},"9":{"(Float16(0.3665), Float16(0.6665))":72,"(Float16(0.712), Float16(1.012))":28},"73":{"(Float16(0.623), Float16(0.923))":77,"(Float16(0.0002632), Float16(0.3003))":23},"82":{"(Float16(0.0005074), Float16(0.3005))":72,"(Float16(0.6895), Float16(0.9893))":28},"12":{"(Float16(0.623), Float16(0.923))":51,"(Float16(0.0007133), Float16(0.3008))":49},"79":{"(Float16(0.4614), Float16(0.761))":90,"(Float16(0.0011425), Float16(0.301))":10},"20":{"(Float16(0.5107), Float16(0.8105))":91,"(Float16(0.000465), Float16(0.3005))":9},"6":{"(Float16(0.4087), Float16(0.7085))":86,"(Float16(0.7856), Float16(1.086))":12,"(Float16(0.001751), Float16(0.3018))":2},"84":{"(Float16(0.000742), Float16(0.3008))":65,"(Float16(0.7295), Float16(1.029))":35},"80":{"(Float16(0.0006113), Float16(0.3005))":35,"(Float16(0.6387), Float16(0.9385))":65},"98":{"(Float16(0.6055), Float16(0.9053))":75,"(Float16(0.0005183), Float16(0.3005))":25},"70":{"(Float16(0.7383), Float16(1.038))":55,"(Float16(0.0002654), Float16(0.3003))":45},"14":{"(Float16(0.5195), Float16(0.8193))":99,"(Float16(0.912), Float16(1.212))":1},"7":{"(Float16(0.0006747), Float16(0.3008))":36,"(Float16(0.506), Float16(0.8057))":64},"96":{"(Float16(0.8896), Float16(1.189))":6,"(Float16(0.000448), Float16(0.3005))":50,"(Float16(0.577), Float16(0.877))":44},"57":{"(Float16(0.0007067), Float16(0.3008))":54,"(Float16(0.615), Float16(0.915))":46},"8":{"(Float16(0.4473), Float16(0.747))":96,"(Float16(0.9395), Float16(1.239))":2,"(Float16(0.001828), Float16(0.3018))":2},"64":{"(Float16(0.0002897), Float16(0.3003))":49,"(Float16(0.747), Float16(1.047))":51},"19":{"(Float16(0.6816), Float16(0.9814))":56,"(Float16(0.0002244), Float16(0.3003))":44},"91":{"(Float16(0.6284), Float16(0.928))":47,"(Float16(0.0007677), Float16(0.3008))":53},"69":{"(Float16(0.0005445), Float16(0.3005))":47,"(Float16(0.6895), Float16(0.9893))":53},"60":{"(Float16(0.3926), Float16(0.6924))":100},"97":{"(Float16(0.0004), Float16(0.3003))":33,"(Float16(0.955), Float16(1.255))":2,"(Float16(0.6006), Float16(0.9004))":65},"4":{"(Float16(0.000793), Float16(0.3008))":9,"(Float16(0.4883), Float16(0.788))":91},"22":{"(Float16(0.667), Float16(0.967))":56,"(Float16(0.0002419), Float16(0.3003))":44},"11":{"(Float16(0.802), Float16(1.102))":6,"(Float16(0.4448), Float16(0.7446))":94},"35":{"(Float16(0.675), Float16(0.9746))":59,"(Float16(0.0004687), Float16(0.3005))":41},"13":{"(Float16(0.4922), Float16(0.792))":96,"(Float16(0.0004423), Float16(0.3005))":4},"15":{"(Float16(0.0004208), Float16(0.3005))":36,"(Float16(0.74), Float16(1.04))":64},"61":{"(Float16(0.0004525), Float16(0.3005))":34,"(Float16(0.675), Float16(0.9746))":66},"67":{"(Float16(0.4587), Float16(0.759))":100},"16":{"(Float16(0.0007277), Float16(0.3008))":43,"(Float16(0.6934), Float16(0.993))":57},"100":{"(Float16(0.001206), Float16(0.3013))":3,"(Float16(0.831), Float16(1.131))":2,"(Float16(0.4277), Float16(0.7275))":95},"40":{"(Float16(0.5635), Float16(0.8633))":90,"(Float16(0.0007954), Float16(0.3008))":10},"21":{"(Float16(0.705), Float16(1.005))":23,"(Float16(0.000445), Float16(0.3005))":77},"38":{"(Float16(0.0002306), Float16(0.3003))":30,"(Float16(0.6387), Float16(0.9385))":70},"46":{"(Float16(0.582), Float16(0.882))":83,"(Float16(0.0003088), Float16(0.3003))":17},"72":{"(Float16(0.0002806), Float16(0.3003))":26,