{"5":{"(Float16(0.408), Float16(0.418))":1,"(Float16(0.05005), Float16(0.06006))":39,"(Float16(0.948), Float16(0.958))":60},"56":{"(Float16(0.05), Float16(0.06))":53,"(Float16(0.95), Float16(0.96))":44,"(Float16(0.4863), Float16(0.4963))":3},"35":{"(Float16(0.95), Float16(0.96))":22,"(Float16(0.0503), Float16(0.0603))":78},"55":{"(Float16(0.05), Float16(0.06))":25,"(Float16(0.5215), Float16(0.5312))":1,"(Float16(0.9487), Float16(0.9585))":74},"60":{"(Float16(0.527), Float16(0.5366))":2,"(Float16(0.4944), Float16(0.5044))":2,"(Float16(0.05002), Float16(0.06003))":41,"(Float16(0.949), Float16(0.959))":48,"(Float16(0.5503), Float16(0.56))":2,"(Float16(0.507), Float16(0.5166))":5},"30":{"(Float16(0.4336), Float16(0.4436))":2,"(Float16(0.05005), Float16(0.06006))":62,"(Float16(0.5874), Float16(0.597))":2,"(Float16(0.949), Float16(0.959))":34},"32":{"(Float16(0.05017), Float16(0.06018))":58,"(Float16(0.9487), Float16(0.9585))":40,"(Float16(0.552), Float16(0.5615))":2},"6":{"(Float16(0.05026), Float16(0.06027))":63,"(Float16(0.949), Float16(0.959))":37},"67":{"(Float16(0.5264), Float16(0.536))":2,"(Float16(0.05002), Float16(0.06003))":53,"(Float16(0.949), Float16(0.959))":45},"45":{"(Float16(0.9497), Float16(0.9595))":20,"(Float16(0.05026), Float16(0.06027))":80},"73":{"(Float16(0.0502), Float16(0.0602))":58,"(Float16(0.948), Float16(0.958))":42},"64":{"(Float16(0.05017), Float16(0.06018))":62,"(Float16(0.949), Float16(0.959))":38},"90":{"(Float16(0.9478), Float16(0.9575))":59,"(Float16(0.05002), Float16(0.06003))":41},"4":{"(Float16(0.05), Float16(0.06))":36,"(Float16(0.948), Float16(0.958))":64},"13":{"(Float16(0.05), Float16(0.06))":46,"(Float16(0.537), Float16(0.547))":2,"(Float16(0.9478), Float16(0.9575))":52},"54":{"(Float16(0.0502), Float16(0.0602))":59,"(Float16(0.6074), Float16(0.617))":2,"(Float16(0.949), Float16(0.959))":39},"63":{"(Float16(0.05), Float16(0.06))":29,"(Float16(0.9478), Float16(0.9575))":71},"86":{"(Float16(0.5654), Float16(0.575))":3,"(Float16(0.541), Float16(0.551))":3,"(Float16(0.95), Float16(0.96))":39,"(Float16(0.05002), Float16(0.06003))":55},"91":{"(Float16(0.05), Float16(0.06))":28,"(Float16(0.949), Float16(0.959))":72},"62":{"(Float16(0.05), Float16(0.06))":48,"(Float16(0.95), Float16(0.96))":47,"(Float16(0.4312), Float16(0.4412))":5},"58":{"(Float16(0.05026), Float16(0.06027))":69,"(Float16(0.948), Float16(0.958))":28,"(Float16(0.5947), Float16(0.6045))":3},"52":{"(Float16(0.948), Float16(0.958))":51,"(Float16(0.05002), Float16(0.06003))":49},"12":{"(Float16(0.9497), Float16(0.9595))":41,"(Float16(0.05023), Float16(0.06024))":58,"(Float16(0.5957), Float16(0.6055))":1},"28":{"(Float16(0.9473), Float16(0.957))":69,"(Float16(0.05002), Float16(0.06003))":30,"(Float16(0.5444), Float16(0.554))":1},"75":{"(Float16(0.5596), Float16(0.5693))":1,"(Float16(0.9473), Float16(0.957))":61,"(Float16(0.05005), Float16(0.06006))":38},"23":{"(Float16(0.05), Float16(0.06))":31,"(Float16(0.948), Float16(0.958))":69},"92":{"(Float16(0.05035), Float16(0.06036))":60,"(Float16(0.949), Float16(0.959))":40},"41":{"(Float16(0.05023), Float16(0.06024))":53,"(Float16(0.949), Float16(0.959))":47},"43":{"(Float16(0.05014), Float16(0.06015))":55,"(Float16(0.949), Float16(0.959))":45},"11":{"(Float16(0.4375), Float16(0.4475))":2,"(Float16(0.4841), Float16(0.4941))":2,"(Float16(0.4727), Float16(0.4827))":4,"(Float16(0.05017), Float16(0.06018))":46,"(Float16(0.949), Float16(0.959))":42,"(Float16(0.46), Float16(0.47))":4},"36":{"(Float16(0.542), Float16(0.552))":2,"(Float16(0.578), Float16(0.588))":2,"(Float16(0.05023), Float16(0.06024))":47,"(Float16(0.948), Float16(0.958))":45,"(Float16(0.5977), Float16(0.6074))":2,"(Float16(0.507), Float16(0.5166))":2},"68":{"(Float16(0.95), Float16(0.96))":39,"(Float16(0.0503), Float16(0.0603))":61},"69":{"(Float16(0.5615), Float16(0.5713))":2,"(Float16(0.05002), Float16(0.06003))":41,"(Float16(0.9487), Float16(0.9585))":57},"98":{"(Float16(0.4917), Float16(0.5015))":3,"(Float16(0.95), Float16(0.96))":29,"(Float16(0.0503), Float16(0.0603))":68},"82":{"(Float16(0.542), Float16(0.552))":5,"(Float16(0.5547), Float16(0.5645))":2,"(Float16(0.579), Float16(0.589))":6,"(Float16(0.5947), Float16(0.6045))":2,"(Float16(0.05002), Float16(0.06003))":44,"(Float16(0.949), Float16(0.959))":41},"85":{"(Float16(0.05), Float16(0.06))":36,"(Float16(0.4739), Float16(0.484))":3,"(Float16(0.949), Float16(0.959))":61},"39":{"(Float16(0.4614), Float16(0.4714))":2,"(Float16(0.532), Float16(0.542))":2,"(Float16(0.05), Float16(0.06))":48,"(Float16(0.95), Float16(0.96))":37,"(Float16(0.4478), Float16(0.4578))":6,"(Float16(0.4902), Float16(0.5))":5},"84":{"(Float16(0.586), Float16(0.5957))":3,"(Float16(0.05002), Float16(0.06003))":41,"(Float16(0.54), Float16(0.55))":2,"(Float16(0.949), Float16(0.959))":51,"(Float16(0.6016), Float16(0.6113))":3},"77":{"(Float16(0.05), Float16(0.06))":28,"(Float16(0.948), Float16(0.958))":72},"7":{"(Float16(0.05), Float16(0.06))":39,"(Float16(0.455), Float16(0.465))":2,"(Float16(0.4346), Float16(0.4446))":5,"(Float16(0.949), Float16(0.959))":54},"25":{"(Float16(0.5244), Float16(0.534))":2,"(Float16(0.05014), Float16(0.06015))":29,"(Float16(0.949), Float16(0.959))":65,"(Float16(0.51), Float16(0.5195))":4},"95":{"(Float16(0.9473), Float16(0.957))":38,"(Float16(0.05017), Float16(0.06018))":58,"(Float16(0.526), Float16(0.5356))":2,"(Float16(0.6143), Float16(0.624))":2},"71":{"(Float16(0.05014), Float16(0.06015))":66,"(Float16(0.95), Float16(0.96))":34},"66":{"(Float16(0.05023), Float16(0.06024))":72,"(Float16(0.95), Float16(0.96))":28},"76":{"(Float16(0.05023), Float16(0.06024))":56,"(Float16(0.949), Float16(0.959))":42,"(Float16(0.552), Float16(0.5615))":2},"34":{"(Float16(0.05005), Float16(0.06006))":48,"(Float16(0.3926), Float16(0.4026))":2,"(Float16(0.439), Float16(0.449))":2,"(Float16(0.949), Float16(0.959))":45,"(Float16(0.4175), Float16(0.4275))":3},"50":{"(Float16(0.4854), Float16(0.4954))":43,"(Float16(0.0501), Float16(0.06012))":23,"(Float16(0.9487), Float16(0.9585))":34},"59":{"(Float16(0.05), Float16(0.06))":36,"(Float16(0.948), Float16(0.958))":64},"93":{"(Float16(0.05023), Float16(0.06024))":44,"(Float16(0.949), Float16(0.959))":56},"2":{"(Float16(0.05), Float16(0.06))":24,"(Float16(0.948), Float16(0.958))":76},"10":{"(Float16(0.05002), Float16(0.06003))":31,"(Float16(0.949), Float16(0.959))":69},"18":{"(Float16(0.05), Float16(0.06))":22,"(Float16(0.9478), Float16(0.9575))":78},"26":{"(Float16(0.948), Float16(0.958))":62,"(Float16(0.05002), Float16(0.06003))":38},"27":{"(Float16(0.4807), Float16(0.4907))":2,"(Float16(0.05017), Float16(0.06018))":67,"(Float16(0.95), Float16(0.96))":29,"(Float16(0.512), Float16(0.522))":2},"42":{"(Float16(0.05), Float16(0.06))":38,"(Float16(0.9478), Float16(0.9575))":62},"87":{"(Float16(0.0502), Float16(0.0602))":63,"(Float16(0.5034), Float16(0.513))":1,"(Float16(0.949), Float16(0.959))":36},"100":{"(Float16(0.4487), Float16(0.4587))":7,"(Float16(0.46), Float16(0.47))":8,"(Float16(0.4858), Float16(0.4958))":2,"(Float16(0.95), Float16(0.96))":24,"(Float16(0.05002), Float16(0.06003))":35,"(Float16(0.4155), Float16(0.4255))":4,"(Float16(0.4023), Float16(0.4124))":4,"(Float16(0.4333), Float16(0.4434))":6,"(Float16(0.383), Float16(0.393))":10},"79":{"(Float16(0.948), Float16(0.958))":71,"(Float16(0.05002), Float16(0.06003))":29},"16":{"(Float16(0.9497), Float16(0.9595))":39,"(Float16(0.0503), Float16(0.0603))":61},"20":{"(Float16(0.9497), Float16(0.9595))":28,"(Float16(0.05026), Float16(0.06027))":72},"81":{"(Float16(0.9478), Float16(0.9575))":59,"(Float16(0.05002), Float16(0.06003))":40,"(Float16(0.4697), Float16(0.4797))":1},"19":{"(Float16(0.05017), Float16(0.06018))":58,"(Float16(0.95), Float16(0.96))":42},"49":{"(Float16(0.534), Float16(0.544))":2,"(Float16(0.05), Float16(0.06))":28,"(Float16(0.516), Float16(0.526))":3,"(Float16(0.95), Float16(0.96))":67},"44":{"(Float16(0.05), Float16(0.06))":42,"(Float16(0.95), Float16(0.96))":53,"(Float16(0.5576), Float16(0.5674))":5},