{"5":{"(Float16(0.0001612), Float16(0.4001))":56,"(Float16(0.615), Float16(1.016))":44},"56":{"(Float16(0.6133), Float16(1.014))":63,"(Float16(0.0001645), Float16(0.4001))":37},"35":{"(Float16(6.0e-8), Float16(0.4))":58,"(Float16(0.623), Float16(1.023))":42},"55":{"(Float16(0.0002389), Float16(0.4001))":100},"60":{"(Float16(6.0e-8), Float16(0.4))":87,"(Float16(0.5483), Float16(0.948))":13},"30":{"(Float16(0.662), Float16(1.0625))":64,"(Float16(0.000231), Float16(0.4001))":36},"32":{"(Float16(3.755e-5), Float16(0.4001))":43,"(Float16(0.622), Float16(1.022))":57},"6":{"(Float16(0.0001385), Float16(0.4001))":49,"(Float16(0.621), Float16(1.021))":51},"67":{"(Float16(1.18e-5), Float16(0.4))":96,"(Float16(0.713), Float16(1.113))":4},"45":{"(Float16(0.588), Float16(0.988))":39,"(Float16(4.673e-5), Float16(0.4001))":61},"73":{"(Float16(9.024e-5), Float16(0.4001))":44,"(Float16(0.6416), Float16(1.042))":56},"64":{"(Float16(0.631), Float16(1.031))":61,"(Float16(7.546e-5), Float16(0.4001))":39},"90":{"(Float16(6.0e-8), Float16(0.4))":97,"(Float16(0.6504), Float16(1.051))":3},"4":{"(Float16(0.63), Float16(1.03))":70,"(Float16(0.0001161), Float16(0.4001))":30},"13":{"(Float16(0.6553), Float16(1.056))":60,"(Float16(0.000143), Float16(0.4001))":40},"54":{"(Float16(0.6377), Float16(1.038))":61,"(Float16(0.00011647), Float16(0.4001))":39},"63":{"(Float16(0.6855), Float16(1.086))":58,"(Float16(0.0001079), Float16(0.4001))":42},"86":{"(Float16(0.0003), Float16(0.4004))":34,"(Float16(0.63), Float16(1.03))":66},"91":{"(Float16(0.6963), Float16(1.097))":56,"(Float16(0.0001593), Float16(0.4001))":44},"62":{"(Float16(8.87e-5), Float16(0.4001))":29,"(Float16(0.631), Float16(1.031))":71},"58":{"(Float16(6.0e-8), Float16(0.4))":74,"(Float16(0.6475), Float16(1.048))":26},"52":{"(Float16(0.634), Float16(1.034))":72,"(Float16(0.0001969), Float16(0.4001))":28},"12":{"(Float16(0.0001324), Float16(0.4001))":31,"(Float16(0.6064), Float16(1.007))":69},"28":{"(Float16(0.0003757), Float16(0.4004))":43,"(Float16(0.5347), Float16(0.9346))":57},"75":{"(Float16(0.659), Float16(1.06))":65,"(Float16(0.0002422), Float16(0.4001))":35},"23":{"(Float16(0.6836), Float16(1.084))":46,"(Float16(0.000129), Float16(0.4001))":54},"92":{"(Float16(0.7627), Float16(1.163))":29,"(Float16(6.175e-5), Float16(0.4001))":71},"41":{"(Float16(0.5723), Float16(0.972))":62,"(Float16(0.0001473), Float16(0.4001))":38},"43":{"(Float16(0.701), Float16(1.102))":53,"(Float16(0.000143), Float16(0.4001))":47},"11":{"(Float16(0.9624), Float16(1.362))":1,"(Float16(0.0001863), Float16(0.4001))":99},"36":{"(Float16(0.0002364), Float16(0.4001))":42,"(Float16(0.7344), Float16(1.135))":58},"68":{"(Float16(0.6416), Float16(1.042))":68,"(Float16(0.0001416), Float16(0.4001))":32},"69":{"(Float16(0.00017), Float16(0.4001))":100},"98":{"(Float16(7.71e-5), Float16(0.4001))":43,"(Float16(0.6475), Float16(1.048))":57},"82":{"(Float16(0.0001279), Float16(0.4001))":37,"(Float16(0.6504), Float16(1.051))":63},"85":{"(Float16(0.62), Float16(1.0205))":74,"(Float16(8.434e-5), Float16(0.4001))":26},"39":{"(Float16(0.000221), Float16(0.4001))":100},"84":{"(Float16(0.0001919), Float16(0.4001))":27,"(Float16(0.55), Float16(0.9497))":73},"77":{"(Float16(0.5703), Float16(0.97))":75,"(Float16(0.0), Float16(0.4))":25},"7":{"(Float16(0.0001695), Float16(0.4001))":31,"(Float16(0.661), Float16(1.062))":69},"25":{"(Float16(0.000212), Float16(0.4001))":27,"(Float16(0.5127), Float16(0.9126))":73},"95":{"(Float16(0.5557), Float16(0.9556))":76,"(Float16(0.0001395), Float16(0.4001))":24},"71":{"(Float16(0.0001867), Float16(0.4001))":40,"(Float16(0.6025), Float16(1.003))":60},"66":{"(Float16(0.0001369), Float16(0.4001))":27,"(Float16(0.532), Float16(0.932))":73},"76":{"(Float16(0.6387), Float16(1.039))":76,"(Float16(0.0001851), Float16(0.4001))":24},"34":{"(Float16(0.0004573), Float16(0.4004))":42,"(Float16(0.6494), Float16(1.05))":58},"50":{"(Float16(8.047e-5), Float16(0.4001))":60,"(Float16(0.7773), Float16(1.178))":40},"59":{"(Float16(0.0001867), Float16(0.4001))":31,"(Float16(0.66), Float16(1.061))":69},"93":{"(Float16(3.35e-5), Float16(0.4001))":55,"(Float16(0.58), Float16(0.98))":45},"2":{"(Float16(0.0001444), Float16(0.4001))":31,"(Float16(0.5957), Float16(0.9956))":69},"10":{"(Float16(0.629), Float16(1.029))":61,"(Float16(0.0001008), Float16(0.4001))":39},"18":{"(Float16(0.0001665), Float16(0.4001))":37,"(Float16(0.5947), Float16(0.9946))":63},"26":{"(Float16(0.6807), Float16(1.081))":63,"(Float16(0.0001626), Float16(0.4001))":37},"27":{"(Float16(0.6875), Float16(1.088))":59,"(Float16(0.0001595), Float16(0.4001))":41},"42":{"(Float16(9.92e-5), Float16(0.4001))":31,"(Float16(0.6006), Float16(1.001))":69},"87":{"(Float16(0.0002518), Float16(0.4001))":100},"100":{"(Float16(0.0002153), Float16(0.4001))":100},"79":{"(Float16(0.665), Float16(1.065))":2,"(Float16(0.0001564), Float16(0.4001))":98},"16":{"(Float16(0.585), Float16(0.985))":60,"(Float16(0.00010777), Float16(0.4001))":40},"20":{"(Float16(0.0002029), Float16(0.4001))":99,"(Float16(0.965), Float16(1.365))":1},"81":{"(Float16(0.000146), Float16(0.4001))":17,"(Float16(0.6133), Float16(1.014))":83},"19":{"(Float16(0.0001907), Float16(0.4001))":49,"(Float16(0.6396), Float16(1.04))":51},"49":{"(Float16(0.6094), Float16(1.01))":55,"(Float16(0.0001683), Float16(0.4001))":45},"44":{"(Float16(0.0001755), Float16(0.4001))":100},"9":{"(Float16(8.51e-5), Float16(0.4001))":62,"(Float16(0.6367), Float16(1.037))":38},"31":{"(Float16(0.0001435), Float16(0.4001))":40,"(Float16(0.6367), Float16(1.037))":60},"74":{"(Float16(0.6465), Float16(1.047))":59,"(Float16(0.000114), Float16(0.4001))":41},"61":{"(Float16(0.7725), Float16(1.173))":48,"(Float16(0.0001359), Float16(0.4001))":52},"29":{"(Float16(0.657), Float16(1.058))":61,"(Float16(9.24e-5), Float16(0.4001))":39},"94":{"(Float16(0.573), Float16(0.973))":59,"(Float16(0.0001614), Float16(0.4001))":41},"46":{"(Float16(0.5493), Float16(0.949))":8,"(Float16(0.0003414), Float16(0.4004))":92},"57":{"(Float16(0.0002556), Float16(0.4001))":35,"(Float16(0.493), Float16(0.893))":65},"70":{"(Float16(0.000209), Float16(0.4001))":30,"(Float16(0.6943), Float16(1.095))":70},"21":{"(Float16(0.0001109), Float16(0.4001))":53,"(Float16(0.743), Float16(1.144))":47},"38":{"(Float16(0.616), Float16(1.017))":53,"(Float16(0.0001402), Float16(0.4001))":47},"88":{"(Float16(0.698), Float16(1.099))":50,"(Float16(0.000251), Float16(0.4001))":50},"78":{"(Float16(8.49e-5), Float16(0.4001))":34,"(Float16(0.6787), Float16(1.079))":66},"72":{"(Float16(9.876e-5), Float16(0.4001))":41,"(Float16(0.6865), Float16(1.087))":59},"24":{"(Float16(0.00010073), Float16(0.4001))":26,"(Float16(0.628), Float16(1.028))":74},"8":{"(Float16(0.6494), Float16(1.05))":1,"(Float16(0.000155), Float16(0.4001))":99},"17":{"(Float16(0.6816), Float16(1.082))":71,"(Float16(0.0001297), Float16(0.4001))":29},"37":{"(Float16(0.0002023), Float16(0.4001))":31,"(Float16(0.661), Float16(1.062))":69},"1":{"(Float16(0.6025), Float16(1.003))":65,"(Float16(0.000164), Float16(0.4001))":35},"53":{"(Float16(9.465e-5), Float16(0.4001))":34,"(Float16(0.5933), Float16(0.993))":66},"22":{"(Float16(0.663), Float16(1.063))":64,"(Float16(0.000258), Float16(0.4001))":36},"47":{"(Float16(0.702), Float16(1.103))":49,"(Float16(0.0001352), Float16(0.4001))":51},"83":{"(Float16(0.6914), Float16(1.092))":50,"(Float16(0.0001347), Float16(0.4001))":50},"99":{"(Float16(0.6387), Float16(1.039))":55,"(Float16(0.0001526), Float16(0.4001))":45},"89":{"(Float16(0.0002044), Float16(0.4001))":37,"(Float16(0.597), Float16(0.997))":63},"14":{"(Float16(0.0002456), Float16(0.4001))":30,"(Float16(0.6416), Float16(1.042))":70},"3":{"(Float16(0.627), Float16(1.027))":59,"(Float16(0.0003471), Float16(0.4004))":41},"80":{"(Float16(0.6865), Float16(1.087))":68,"(Float16(0.0003316), Float16(0.4004))":32},"96":{"(Float16(0.6846), Float16(1.085))":67,"(Float16(9.31e-5), Float16(0.4001))":33},"51":{"(Float16(6.0e-8), Float16(0.4))":75,"(Float16(0.6274), Float16(1.027))":25},