{"5":{"(Float16(0.501), Float16(0.601))":46,"(Float16(0.949), Float16(1.049))":14,"(Float16(0.05017), Float16(0.1501))":16,"(Float16(0.272), Float16(0.372))":24},"56":{"(Float16(0.4995), Float16(0.5996))":21,"(Float16(0.21), Float16(0.31))":44,"(Float16(0.948), Float16(1.048))":17,"(Float16(0.718), Float16(0.818))":18},"35":{"(Float16(0.05096), Float16(0.151))":37,"(Float16(0.501), Float16(0.601))":36,"(Float16(0.949), Float16(1.049))":27},"55":{"(Float16(0.0512), Float16(0.1512))":36,"(Float16(0.4995), Float16(0.5996))":44,"(Float16(0.949), Float16(1.049))":20},"60":{"(Float16(0.05014), Float16(0.1501))":25,"(Float16(0.3157), Float16(0.4158))":16,"(Float16(0.948), Float16(1.048))":38,"(Float16(0.501), Float16(0.601))":21},"30":{"(Float16(0.05145), Float16(0.1515))":37,"(Float16(0.5), Float16(0.6))":19,"(Float16(0.6836), Float16(0.7837))":26,"(Float16(0.949), Float16(1.049))":18},"32":{"(Float16(0.498), Float16(0.598))":62,"(Float16(0.948), Float16(1.048))":25,"(Float16(0.0506), Float16(0.1506))":13},"6":{"(Float16(0.0513), Float16(0.1512))":29,"(Float16(0.949), Float16(1.049))":24,"(Float16(0.499), Float16(0.599))":43,"(Float16(0.698), Float16(0.7983))":4},"67":{"(Float16(0.05084), Float16(0.1509))":35,"(Float16(0.948), Float16(1.048))":33,"(Float16(0.501), Float16(0.601))":32},"45":{"(Float16(0.0502), Float16(0.1501))":22,"(Float16(0.498), Float16(0.598))":40,"(Float16(0.949), Float16(1.049))":13,"(Float16(0.6816), Float16(0.7817))":25},"73":{"(Float16(0.7705), Float16(0.8706))":14,"(Float16(0.4995), Float16(0.5996))":33,"(Float16(0.05118), Float16(0.1511))":34,"(Float16(0.949), Float16(1.049))":19},"64":{"(Float16(0.05005), Float16(0.15))":22,"(Float16(0.4995), Float16(0.5996))":34,"(Float16(0.948), Float16(1.048))":44},"90":{"(Float16(0.05063), Float16(0.1506))":24,"(Float16(0.4995), Float16(0.5996))":34,"(Float16(0.9478), Float16(1.048))":42},"4":{"(Float16(0.715), Float16(0.815))":33,"(Float16(0.9473), Float16(1.047))":6,"(Float16(0.253), Float16(0.353))":24,"(Float16(0.501), Float16(0.601))":24,"(Float16(0.0506), Float16(0.1506))":13},"13":{"(Float16(0.2686), Float16(0.3687))":20,"(Float16(0.05026), Float16(0.1503))":24,"(Float16(0.501), Float16(0.601))":40,"(Float16(0.949), Float16(1.049))":16},"54":{"(Float16(0.4976), Float16(0.5977))":41,"(Float16(0.9487), Float16(1.049))":40,"(Float16(0.05008), Float16(0.15))":19},"63":{"(Float16(0.4995), Float16(0.5996))":25,"(Float16(0.949), Float16(1.049))":29,"(Float16(0.05093), Float16(0.1509))":46},"86":{"(Float16(0.4973), Float16(0.597))":48,"(Float16(0.949), Float16(1.049))":29,"(Float16(0.05017), Float16(0.1501))":23},"91":{"(Float16(0.948), Float16(1.048))":23,"(Float16(0.501), Float16(0.601))":38,"(Float16(0.2007), Float16(0.3008))":39},"62":{"(Float16(0.05032), Float16(0.1503))":13,"(Float16(0.3086), Float16(0.4087))":21,"(Float16(0.948), Float16(1.048))":34,"(Float16(0.501), Float16(0.601))":32},"58":{"(Float16(0.05066), Float16(0.1506))":24,"(Float16(0.501), Float16(0.601))":56,"(Float16(0.949), Float16(1.049))":20},"52":{"(Float16(0.498), Float16(0.598))":45,"(Float16(0.0504), Float16(0.1504))":19,"(Float16(0.948), Float16(1.048))":36},"12":{"(Float16(0.9473), Float16(1.047))":32,"(Float16(0.05005), Float16(0.15))":10,"(Float16(0.2119), Float16(0.312))":10,"(Float16(0.501), Float16(0.601))":48},"28":{"(Float16(0.05023), Float16(0.1503))":13,"(Float16(0.4976), Float16(0.5977))":61,"(Float16(0.949), Float16(1.049))":26},"75":{"(Float16(0.0501), Float16(0.1501))":13,"(Float16(0.4973), Float16(0.597))":31,"(Float16(0.949), Float16(1.049))":17,"(Float16(0.6816), Float16(0.7817))":39},"23":{"(Float16(0.05096), Float16(0.151))":33,"(Float16(0.9478), Float16(1.048))":32,"(Float16(0.4985), Float16(0.5986))":35},"92":{"(Float16(0.5), Float16(0.6))":41,"(Float16(0.05072), Float16(0.1508))":22,"(Float16(0.948), Float16(1.048))":37},"41":{"(Float16(0.9478), Float16(1.048))":33,"(Float16(0.501), Float16(0.601))":29,"(Float16(0.05008), Float16(0.15))":12,"(Float16(0.3018), Float16(0.4019))":26},"43":{"(Float16(0.05066), Float16(0.1506))":30,"(Float16(0.4995), Float16(0.5996))":27,"(Float16(0.9487), Float16(1.049))":43},"11":{"(Float16(0.498), Float16(0.598))":35,"(Float16(0.9487), Float16(1.049))":25,"(Float16(0.7207), Float16(0.821))":17,"(Float16(0.0503), Float16(0.1503))":23},"36":{"(Float16(0.501), Float16(0.601))":21,"(Float16(0.7344), Float16(0.8345))":20,"(Float16(0.949), Float16(1.049))":17,"(Float16(0.05115), Float16(0.1511))":42},"68":{"(Float16(0.948), Float16(1.048))":32,"(Float16(0.501), Float16(0.601))":38,"(Float16(0.05054), Float16(0.1505))":30},"69":{"(Float16(0.3225), Float16(0.4226))":26,"(Float16(0.5015), Float16(0.6016))":29,"(Float16(0.949), Float16(1.049))":23,"(Float16(0.05054), Float16(0.1505))":22},"98":{"(Float16(0.1858), Float16(0.286))":36,"(Float16(0.501), Float16(0.601))":44,"(Float16(0.949), Float16(1.049))":20},"82":{"(Float16(0.9473), Float16(1.047))":36,"(Float16(0.501), Float16(0.601))":28,"(Float16(0.05035), Float16(0.1504))":36},"85":{"(Float16(0.9473), Float16(1.047))":40,"(Float16(0.05023), Float16(0.1503))":24,"(Float16(0.501), Float16(0.601))":24,"(Float16(0.3652), Float16(0.4653))":12},"39":{"(Float16(0.498), Float16(0.598))":37,"(Float16(0.702), Float16(0.8022))":31,"(Float16(0.05005), Float16(0.15))":11,"(Float16(0.949), Float16(1.049))":21},"84":{"(Float16(0.05096), Float16(0.151))":29,"(Float16(0.501), Float16(0.601))":46,"(Float16(0.949), Float16(1.049))":25},"77":{"(Float16(0.4973), Float16(0.597))":40,"(Float16(0.05096), Float16(0.151))":22,"(Float16(0.948), Float16(1.048))":26,"(Float16(0.672), Float16(0.772))":12},"7":{"(Float16(0.0509), Float16(0.1509))":37,"(Float16(0.948), Float16(1.048))":33,"(Float16(0.501), Float16(0.601))":30},"25":{"(Float16(0.05096), Float16(0.151))":34,"(Float16(0.501), Float16(0.601))":36,"(Float16(0.949), Float16(1.049))":30},"95":{"(Float16(0.3237), Float16(0.4238))":29,"(Float16(0.5015), Float16(0.6016))":26,"(Float16(0.948), Float16(1.048))":29,"(Float16(0.05054), Float16(0.1505))":16},"71":{"(Float16(0.747), Float16(0.847))":23,"(Float16(0.4995), Float16(0.5996))":24,"(Float16(0.949), Float16(1.049))":13,"(Float16(0.293), Float16(0.393))":20,"(Float16(0.05115), Float16(0.1511))":20},"66":{"(Float16(0.05066), Float16(0.1506))":33,"(Float16(0.948), Float16(1.048))":31,"(Float16(0.501), Float16(0.601))":36},"76":{"(Float16(0.05048), Float16(0.1505))":19,"(Float16(0.948), Float16(1.048))":39,"(Float16(0.501), Float16(0.601))":26,"(Float16(0.3218), Float16(0.4219))":16},"34":{"(Float16(0.0507), Float16(0.1506))":24,"(Float16(0.501), Float16(0.601))":58,"(Float16(0.949), Float16(1.049))":18},"50":{"(Float16(0.05084), Float16(0.1509))":40,"(Float16(0.501), Float16(0.601))":29,"(Float16(0.949), Float16(1.049))":31},"59":{"(Float16(0.3237), Float16(0.4238))":19,"(Float16(0.05005), Float16(0.15))":11,"(Float16(0.742), Float16(0.8423))":22,"(Float16(0.949), Float16(1.049))":14,"(Float16(0.4978), Float16(0.5977))":34},"93":{"(Float16(0.3289), Float16(0.429))":27,"(Float16(0.948), Float16(1.048))":25,"(Float16(0.501), Float16(0.601))":34,"(Float16(0.05008), Float16(0.15))":14},"2":{"(Float16(0.0501), Float16(0.1501))":20,"(Float16(0.4993), Float16(0.599))":54,"(Float16(0.948), Float16(1.048))":26},"10":{"(Float16(0.9473), Float16(1.047))":22,"(Float16(0.5), Float16(0.6))":62,"(Float16(0.05035), Float16(0.1504))":16},"18":{"(Float16(0.0509), Float16(0.1509))":24,"(Float16(0.501), Float16(0.601))":51,"(Float16(0.949), Float16(1.049))":25},"26":{"(Float16(0.0501), Float16(0.1501))":12,"(Float16(0.4973), Float16(0.597))":51,"(Float16(0.948), Float16(1.048))":37},"27":{"(Float16(0.05014), Float16(0.1501))":23,"(Float16(0.948), Float16(1.048))":33,"(Float16(0.4985), Float16(0.5986))":44},"42":{"(Float16(0.498), Float16(0.598))":67,"(Float16(0.05014), Float16(0.1501))":17,"(Float16(0.949), Float16(1.049))":16},"87":{"(Float16(0.05072), Float16(0.1508))":37,"(Float16(0.501), Float16(0.601))":43,"(Float16(0.949), Float16(1.049))":20},