{"5":{"(Float16(0.05054), Float16(0.06055))":68,"(Float16(0.948), Float16(0.958))":32},"56":{"(Float16(0.05054), Float16(0.06055))":70,"(Float16(0.9487), Float16(0.9585))":30},"55":{"(Float16(0.534), Float16(0.544))":32,"(Float16(0.05017), Float16(0.06018))":4,"(Float16(0.524), Float16(0.5337))":64},"35":{"(Float16(0.0502), Float16(0.0602))":57,"(Float16(0.6045), Float16(0.6143))":3,"(Float16(0.948), Float16(0.958))":40},"60":{"(Float16(0.532), Float16(0.542))":80,"(Float16(0.05005), Float16(0.06006))":14,"(Float16(0.5425), Float16(0.5522))":6},"30":{"(Float16(0.05066), Float16(0.06067))":73,"(Float16(0.9487), Float16(0.9585))":27},"32":{"(Float16(0.05), Float16(0.06))":21,"(Float16(0.9478), Float16(0.9575))":79},"6":{"(Float16(0.948), Float16(0.958))":72,"(Float16(0.05002), Float16(0.06003))":28},"67":{"(Float16(0.05), Float16(0.06))":28,"(Float16(0.948), Float16(0.958))":72},"45":{"(Float16(0.05023), Float16(0.06024))":73,"(Float16(0.949), Float16(0.959))":27},"73":{"(Float16(0.3723), Float16(0.3823))":2,"(Float16(0.05005), Float16(0.06006))":31,"(Float16(0.9478), Float16(0.9575))":64,"(Float16(0.4346), Float16(0.4446))":3},"64":{"(Float16(0.948), Float16(0.958))":74,"(Float16(0.05008), Float16(0.0601))":26},"90":{"(Float16(0.05), Float16(0.06))":29,"(Float16(0.3604), Float16(0.3704))":3,"(Float16(0.9487), Float16(0.9585))":68},"4":{"(Float16(0.05005), Float16(0.06006))":38,"(Float16(0.948), Float16(0.958))":62},"13":{"(Float16(0.9473), Float16(0.957))":82,"(Float16(0.05005), Float16(0.06006))":18},"54":{"(Float16(0.0505), Float16(0.06052))":72,"(Float16(0.949), Float16(0.959))":28},"63":{"(Float16(0.948), Float16(0.958))":75,"(Float16(0.05002), Float16(0.06003))":25},"86":{"(Float16(0.3745), Float16(0.3845))":2,"(Float16(0.557), Float16(0.567))":4,"(Float16(0.3975), Float16(0.4075))":2,"(Float16(0.436), Float16(0.446))":5,"(Float16(0.05002), Float16(0.06003))":47,"(Float16(0.4155), Float16(0.4255))":3,"(Float16(0.949), Float16(0.959))":30,"(Float16(0.471), Float16(0.481))":2,"(Float16(0.4585), Float16(0.4685))":5},"91":{"(Float16(0.05045), Float16(0.06046))":61,"(Float16(0.948), Float16(0.958))":39},"62":{"(Float16(0.3833), Float16(0.3933))":84,"(Float16(0.948), Float16(0.958))":16},"58":{"(Float16(0.356), Float16(0.366))":4,"(Float16(0.05005), Float16(0.06006))":50,"(Float16(0.948), Float16(0.958))":46},"52":{"(Float16(0.05035), Float16(0.06036))":72,"(Float16(0.949), Float16(0.959))":28},"12":{"(Float16(0.6133), Float16(0.623))":2,"(Float16(0.5967), Float16(0.6064))":2,"(Float16(0.6484), Float16(0.658))":2,"(Float16(0.948), Float16(0.958))":46,"(Float16(0.05008), Float16(0.0601))":48},"28":{"(Float16(0.05), Float16(0.06))":22,"(Float16(0.9478), Float16(0.9575))":78},"75":{"(Float16(0.5967), Float16(0.6064))":3,"(Float16(0.948), Float16(0.958))":46,"(Float16(0.574), Float16(0.584))":2,"(Float16(0.0501), Float16(0.06012))":49},"23":{"(Float16(0.05), Float16(0.06))":48,"(Float16(0.4575), Float16(0.4675))":4,"(Float16(0.4355), Float16(0.4456))":2,"(Float16(0.949), Float16(0.959))":46},"92":{"(Float16(0.05032), Float16(0.06033))":71,"(Float16(0.9487), Float16(0.9585))":29},"41":{"(Float16(0.9473), Float16(0.957))":75,"(Float16(0.05005), Float16(0.06006))":25},"43":{"(Float16(0.05023), Float16(0.06024))":64,"(Float16(0.949), Float16(0.959))":36},"69":{"(Float16(0.05005), Float16(0.06006))":33,"(Float16(0.948), Float16(0.958))":67},"11":{"(Float16(0.9473), Float16(0.957))":57,"(Float16(0.05005), Float16(0.06006))":36,"(Float16(0.354), Float16(0.364))":5,"(Float16(0.3992), Float16(0.4092))":2},"68":{"(Float16(0.5176), Float16(0.5273))":64,"(Float16(0.528), Float16(0.5376))":8,"(Float16(0.949), Float16(0.959))":12,"(Float16(0.05008), Float16(0.0601))":16},"98":{"(Float16(0.601), Float16(0.611))":6,"(Float16(0.5483), Float16(0.558))":7,"(Float16(0.647), Float16(0.6567))":2,"(Float16(0.59), Float16(0.5996))":2,"(Float16(0.0501), Float16(0.06012))":40,"(Float16(0.533), Float16(0.543))":2,"(Float16(0.6143), Float16(0.624))":3,"(Float16(0.9487), Float16(0.9585))":30,"(Float16(0.631), Float16(0.6406))":8},"36":{"(Float16(0.05005), Float16(0.06006))":29,"(Float16(0.9478), Float16(0.9575))":71},"82":{"(Float16(0.05005), Float16(0.06006))":36,"(Float16(0.948), Float16(0.958))":64},"85":{"(Float16(0.05002), Float16(0.06003))":32,"(Float16(0.949), Float16(0.959))":65,"(Float16(0.3887), Float16(0.3987))":3},"39":{"(Float16(0.05), Float16(0.06))":46,"(Float16(0.4202), Float16(0.4302))":2,"(Float16(0.948), Float16(0.958))":52},"84":{"(Float16(0.05014), Float16(0.06015))":67,"(Float16(0.639), Float16(0.649))":2,"(Float16(0.6025), Float16(0.6123))":2,"(Float16(0.9487), Float16(0.9585))":29},"77":{"(Float16(0.53), Float16(0.5396))":2,"(Float16(0.05005), Float16(0.06006))":35,"(Float16(0.948), Float16(0.958))":55,"(Float16(0.5503), Float16(0.56))":2,"(Float16(0.618), Float16(0.628))":3,"(Float16(0.578), Float16(0.588))":3},"7":{"(Float16(0.948), Float16(0.958))":71,"(Float16(0.0501), Float16(0.06012))":29},"25":{"(Float16(0.3867), Float16(0.3967))":2,"(Float16(0.9478), Float16(0.9575))":75,"(Float16(0.05008), Float16(0.0601))":23},"95":{"(Float16(0.6274), Float16(0.637))":2,"(Float16(0.05017), Float16(0.06018))":53,"(Float16(0.949), Float16(0.959))":38,"(Float16(0.6426), Float16(0.6523))":3,"(Float16(0.5854), Float16(0.595))":4},"71":{"(Float16(0.05026), Float16(0.06027))":50,"(Float16(0.948), Float16(0.958))":50},"66":{"(Float16(0.05014), Float16(0.06015))":62,"(Float16(0.9487), Float16(0.9585))":38},"76":{"(Float16(0.948), Float16(0.958))":49,"(Float16(0.0501), Float16(0.06012))":49,"(Float16(0.578), Float16(0.588))":2},"93":{"(Float16(0.948), Float16(0.958))":45,"(Float16(0.3633), Float16(0.3733))":4,"(Float16(0.05002), Float16(0.06003))":47,"(Float16(0.4148), Float16(0.4248))":2,"(Float16(0.397), Float16(0.407))":2},"50":{"(Float16(0.6465), Float16(0.6562))":2,"(Float16(0.0501), Float16(0.06012))":40,"(Float16(0.9487), Float16(0.9585))":58},"59":{"(Float16(0.05), Float16(0.06))":11,"(Float16(0.9473), Float16(0.957))":89},"34":{"(Float16(0.05032), Float16(0.06033))":88,"(Float16(0.95), Float16(0.96))":12},"2":{"(Float16(0.05), Float16(0.06))":37,"(Float16(0.948), Float16(0.958))":63},"27":{"(Float16(0.3823), Float16(0.3923))":3,"(Float16(0.4324), Float16(0.4424))":2,"(Float16(0.4702), Float16(0.4802))":3,"(Float16(0.05017), Float16(0.06018))":22,"(Float16(0.948), Float16(0.958))":66,"(Float16(0.3618), Float16(0.3718))":4},"10":{"(Float16(0.3604), Float16(0.3704))":3,"(Float16(0.948), Float16(0.958))":70,"(Float16(0.05002), Float16(0.06003))":27},"26":{"(Float16(0.05072), Float16(0.06073))":70,"(Float16(0.9487), Float16(0.9585))":30},"18":{"(Float16(0.948), Float16(0.958))":58,"(Float16(0.05002), Float16(0.06003))":42},"42":{"(Float16(0.5938), Float16(0.6035))":4,"(Float16(0.6396), Float16(0.6494))":7,"(Float16(0.5615), Float16(0.5713))":2,"(Float16(0.5723), Float16(0.582))":7,"(Float16(0.05002), Float16(0.06003))":29,"(Float16(0.9487), Float16(0.9585))":23,"(Float16(0.498), Float16(0.508))":3,"(Float16(0.5254), Float16(0.535))":3,"(Float16(0.583), Float16(0.593))":7,"(Float16(0.5146), Float16(0.5244))":8,"(Float16(0.548), Float16(0.5576))":7},"87":{"(Float16(0.948), Float16(0.958))":22,"(Float16(0.05048), Float16(0.0605))":78},"100":{"(Float16(0.532), Float16(0.542))":2,"(Float16(0.6494), Float16(0.659))":3,"(Float16(0.05026), Float16(0.06027))":55,"(Float16(0.948), Float16(0.958))":34,"(Float16(0.5576), Float16(0.5674))":2,"(Float16(0.4785), Float16(0.4885))":2,"(Float16(0.624), Float16(0.634))":2},"79":{"(Float16(0.05023), Float16(0.06024))":48,"(Float16(0.5635), Float16(0.573))":3,"(Float16(0.949), Float16(0.959))":46,"(Float16(0.6475), Float16(0.657))":3},"16":{"(Float16(0.05066), Float16(0.06067))":80,"(Float16(0.949), Float16(0.959))":20},"81":{"(Float16(0.05), Float16(0.06))":28,"(Float16(0.948), Float16(0.958))":72},"20":{"(Float16(0.0504), Float16(0.06042))":73,"(Float16(0.949), Float16(0.959))":27},"19":{"(Float16(0.0502), Float16(0.0602))":41,