{"5":{"(Float16(3.18e-5), Float16(0.4001))":44,"(Float16(0.687), Float16(1.087))":56},"56":{"(Float16(8.917e-5), Float16(0.4001))":47,"(Float16(0.6885), Float16(1.089))":53},"35":{"(Float16(9.8e-5), Float16(0.4001))":48,"(Float16(0.7295), Float16(1.13))":52},"55":{"(Float16(5.07e-6), Float16(0.4))":35,"(Float16(0.703), Float16(1.104))":65},"60":{"(Float16(0.698), Float16(1.099))":59,"(Float16(1.9e-6), Float16(0.4))":41},"30":{"(Float16(0.7285), Float16(1.129))":58,"(Float16(3.46e-6), Float16(0.4))":42},"32":{"(Float16(1.0e-7), Float16(0.4))":51,"(Float16(0.7275), Float16(1.128))":49},"6":{"(Float16(0.7695), Float16(1.17))":55,"(Float16(0.00010973), Float16(0.4001))":45},"67":{"(Float16(4.33e-5), Float16(0.4001))":48,"(Float16(0.705), Float16(1.105))":52},"45":{"(Float16(0.746), Float16(1.146))":59,"(Float16(2.253e-5), Float16(0.4))":41},"73":{"(Float16(1.24e-5), Float16(0.4))":46,"(Float16(0.745), Float16(1.1455))":54},"64":{"(Float16(1.43e-6), Float16(0.4))":43,"(Float16(0.6826), Float16(1.083))":57},"90":{"(Float16(0.715), Float16(1.115))":58,"(Float16(7.665e-5), Float16(0.4001))":42},"4":{"(Float16(1.5e-5), Float16(0.4))":38,"(Float16(0.6987), Float16(1.099))":62},"13":{"(Float16(0.703), Float16(1.104))":59,"(Float16(4.464e-5), Float16(0.4001))":41},"54":{"(Float16(6.336e-5), Float16(0.4001))":44,"(Float16(0.704), Float16(1.1045))":56},"63":{"(Float16(0.6963), Float16(1.097))":54,"(Float16(9.54e-6), Float16(0.4))":46},"86":{"(Float16(1.0e-7), Float16(0.4))":43,"(Float16(0.6855), Float16(1.086))":57},"91":{"(Float16(0.716), Float16(1.116))":64,"(Float16(1.943e-5), Float16(0.4))":36},"62":{"(Float16(0.747), Float16(1.147))":63,"(Float16(4.065e-5), Float16(0.4001))":37},"58":{"(Float16(2.36e-5), Float16(0.4))":35,"(Float16(0.699), Float16(1.1))":65},"52":{"(Float16(0.0001909), Float16(0.4001))":46,"(Float16(0.705), Float16(1.105))":54},"12":{"(Float16(5.174e-5), Float16(0.4001))":40,"(Float16(0.715), Float16(1.115))":60},"28":{"(Float16(0.7295), Float16(1.13))":50,"(Float16(0.0002468), Float16(0.4001))":50},"75":{"(Float16(1.854e-5), Float16(0.4))":37,"(Float16(0.737), Float16(1.137))":63},"23":{"(Float16(2.13e-5), Float16(0.4))":48,"(Float16(0.6934), Float16(1.094))":52},"92":{"(Float16(3.4e-5), Float16(0.4001))":41,"(Float16(0.7275), Float16(1.128))":59},"41":{"(Float16(7.19e-5), Float16(0.4001))":45,"(Float16(0.7246), Float16(1.125))":55},"43":{"(Float16(4.69e-5), Float16(0.4001))":42,"(Float16(0.6885), Float16(1.089))":58},"11":{"(Float16(2.67e-5), Float16(0.4001))":42,"(Float16(0.6377), Float16(1.038))":58},"36":{"(Float16(1.353e-5), Float16(0.4))":42,"(Float16(0.703), Float16(1.104))":58},"68":{"(Float16(0.0001198), Float16(0.4001))":50,"(Float16(0.7183), Float16(1.118))":50},"69":{"(Float16(0.715), Float16(1.115))":52,"(Float16(2.795e-5), Float16(0.4001))":48},"98":{"(Float16(0.75), Float16(1.15))":63,"(Float16(2.277e-5), Float16(0.4))":37},"82":{"(Float16(0.711), Float16(1.111))":64,"(Float16(4.2e-6), Float16(0.4))":36},"85":{"(Float16(0.673), Float16(1.073))":49,"(Float16(6.42e-5), Float16(0.4001))":51},"39":{"(Float16(0.732), Float16(1.132))":60,"(Float16(2.086e-5), Float16(0.4))":40},"84":{"(Float16(6.71e-5), Float16(0.4001))":42,"(Float16(0.7197), Float16(1.12))":58},"77":{"(Float16(9.1e-6), Float16(0.4))":52,"(Float16(0.6924), Float16(1.093))":48},"7":{"(Float16(0.7334), Float16(1.134))":54,"(Float16(1.06e-5), Float16(0.4))":46},"25":{"(Float16(1.365e-5), Float16(0.4))":44,"(Float16(0.712), Float16(1.112))":56},"95":{"(Float16(5.47e-5), Float16(0.4001))":48,"(Float16(0.751), Float16(1.151))":52},"71":{"(Float16(3.9e-5), Float16(0.4001))":39,"(Float16(0.6885), Float16(1.089))":61},"66":{"(Float16(4.274e-5), Float16(0.4001))":49,"(Float16(0.6934), Float16(1.094))":51},"76":{"(Float16(8.37e-5), Float16(0.4001))":51,"(Float16(0.7266), Float16(1.127))":49},"34":{"(Float16(2.15e-6), Float16(0.4))":31,"(Float16(0.6875), Float16(1.088))":69},"50":{"(Float16(1.0e-7), Float16(0.4))":35,"(Float16(0.6875), Float16(1.088))":65},"59":{"(Float16(8.33e-5), Float16(0.4001))":43,"(Float16(0.671), Float16(1.071))":57},"93":{"(Float16(3.564e-5), Float16(0.4001))":40,"(Float16(0.6943), Float16(1.095))":60},"2":{"(Float16(0.7363), Float16(1.137))":52,"(Float16(9.3e-6), Float16(0.4))":48},"10":{"(Float16(0.7227), Float16(1.123))":64,"(Float16(1.86e-5), Float16(0.4))":36},"18":{"(Float16(4.625e-5), Float16(0.4001))":41,"(Float16(0.6846), Float16(1.085))":59},"26":{"(Float16(2.795e-5), Float16(0.4001))":44,"(Float16(0.725), Float16(1.125))":56},"27":{"(Float16(1.454e-5), Float16(0.4))":39,"(Float16(0.6943), Float16(1.095))":61},"42":{"(Float16(1.687e-5), Float16(0.4))":52,"(Float16(0.671), Float16(1.071))":48},"87":{"(Float16(6.3e-6), Float16(0.4))":41,"(Float16(0.708), Float16(1.108))":59},"100":{"(Float16(0.724), Float16(1.124))":57,"(Float16(6.56e-6), Float16(0.4))":43},"79":{"(Float16(0.708), Float16(1.108))":47,"(Float16(3.27e-5), Float16(0.4001))":53},"16":{"(Float16(0.709), Float16(1.109))":68,"(Float16(3.76e-6), Float16(0.4))":32},"20":{"(Float16(5.6e-6), Float16(0.4))":37,"(Float16(0.745), Float16(1.1455))":63},"81":{"(Float16(6.69e-5), Float16(0.4001))":62,"(Float16(0.713), Float16(1.113))":38},"19":{"(Float16(4.87e-5), Float16(0.4001))":50,"(Float16(0.7217), Float16(1.122))":50},"49":{"(Float16(0.7207), Float16(1.121))":56,"(Float16(3.8e-6), Float16(0.4))":44},"44":{"(Float16(6.6e-7), Float16(0.4))":37,"(Float16(0.6934), Float16(1.094))":63},"9":{"(Float16(0.7163), Float16(1.116))":53,"(Float16(3.08e-5), Float16(0.4001))":47},"31":{"(Float16(2.575e-5), Float16(0.4001))":38,"(Float16(0.745), Float16(1.1455))":62},"74":{"(Float16(0.0002868), Float16(0.4004))":50,"(Float16(0.6865), Float16(1.087))":50},"61":{"(Float16(0.6904), Float16(1.091))":54,"(Float16(3.6e-6), Float16(0.4))":46},"29":{"(Float16(0.712), Float16(1.112))":49,"(Float16(3.16e-5), Float16(0.4001))":51},"94":{"(Float16(9.125e-5), Float16(0.4001))":49,"(Float16(0.6973), Float16(1.098))":51},"46":{"(Float16(2.91e-5), Float16(0.4001))":50,"(Float16(0.706), Float16(1.106))":50},"57":{"(Float16(0.705), Float16(1.105))":61,"(Float16(6.5e-6), Float16(0.4))":39},"70":{"(Float16(1.395e-5), Float16(0.4))":42,"(Float16(0.693), Float16(1.093))":58},"21":{"(Float16(5.853e-5), Float16(0.4001))":45,"(Float16(0.7314), Float16(1.132))":55},"38":{"(Float16(0.0001488), Float16(0.4001))":39,"(Float16(0.7246), Float16(1.125))":61},"88":{"(Float16(2.825e-5), Float16(0.4001))":45,"(Float16(0.7397), Float16(1.14))":55},"78":{"(Float16(2.44e-6), Float16(0.4))":47,"(Float16(0.7197), Float16(1.12))":53},"72":{"(Float16(0.716), Float16(1.116))":64,"(Float16(1.2e-6), Float16(0.4))":36},"24":{"(Float16(1.514e-5), Float16(0.4))":54,"(Float16(0.719), Float16(1.119))":46},"8":{"(Float16(0.759), Float16(1.159))":55,"(Float16(6.3e-5), Float16(0.4001))":45},"17":{"(Float16(2.66e-5), Float16(0.4001))":46,"(Float16(0.674), Float16(1.074))":54},"37":{"(Float16(0.709), Float16(1.109))":53,"(Float16(9.906e-5), Float16(0.4001))":47},"1":{"(Float16(4.34e-5), Float16(0.4001))":43,"(Float16(0.7324), Float16(1.133))":57},"53":{"(Float16(4.154e-5), Float16(0.4001))":46,"(Float16(0.676), Float16(1.076))":54},"22":{"(Float16(0.00011337), Float16(0.4001))":35,"(Float16(0.6875), Float16(1.088))":65},"47":{"(Float16(0.6816), Float16(1.082))":64,"(Float16(1.13e-6), Float16(0.4))":36},"83":{"(Float16(1.0e-7), Float16(0.4))":41,"(Float16(0.7676), Float16(1.168))":59},"99":{"(Float16(0.698), Float16(1.099))":62,"(Float16(6.586e-5), Float16(0.4001))":38},"89":{"(Float16(0.6924), Float16(1.093))":52,"(Float16(7.09e-5), Float16(0.4001))":48},"14":{"(Float16(0.6885), Float16(1.089))":60,"(Float16(2.11e-5), Float16(0.4))":40},"3":{"(Float16(0.731), Float16(1.131))":57,"(Float16(4.715e-5), Float16(0.4001))":43},"80":{"(Float16(4.97e-5), Float16(0.4001))":54,"(Float16(0.6924), Float16(1.093))":46},"96":{"(Float16(5.66e-6), Float16(0.4))":41,"(Float16(0.7144), Float16(1.114))":59},"51":{"(Float16(1.0e-7), Float16(0.4))":40,