{"8":[0.502,0.5015,0.501,0.05,0.05,0.501,0.501,0.501,0.5024,0.502,0.05,0.501,0.5024,0.501,0.501,0.502,0.502,0.05,0.501,0.502,0.501,0.502,0.502,0.501,0.05,0.05,0.05,0.5015,0.501,0.501,0.502,0.05,0.501,0.05,0.05005,0.05,0.501,0.501,0.501,0.502,0.05,0.502,0.501,0.05,0.05,0.05,0.05005,0.501,0.5015,0.501,0.502,0.05,0.502,0.05,0.5015,0.501,0.05,0.501,0.501,0.501,0.5015,0.502,0.502,0.501,0.501,0.05,0.5005,0.501,0.501,0.05,0.05,0.5005,0.501,0.5005,0.05,0.5005,0.05,0.5005,0.501,0.05,0.501,0.501,0.502,0.05,0.5015,0.502,0.05,0.05,0.05,0.501,0.501,0.5005,0.05,0.501,0.501,0.501,0.5015,0.05,0.05,0.502],"4":[0.5015,0.501,0.501,0.5005,0.501,0.502,0.05008,0.05,0.501,0.501,0.05,0.501,0.501,0.5005,0.5015,0.501,0.501,0.05,0.501,0.502,0.05,0.05,0.05,0.05,0.05,0.05,0.502,0.5015,0.501,0.501,0.5015,0.501,0.501,0.501,0.5005,0.05,0.5005,0.5005,0.05,0.05,0.05,0.5005,0.05,0.501,0.05,0.501,0.05,0.05,0.5005,0.501,0.05,0.501,0.05,0.05008,0.5005,0.05,0.501,0.5015,0.502,0.501,0.05,0.5005,0.501,0.5015,0.5005,0.501,0.5005,0.5015,0.502,0.501,0.05,0.5015,0.502,0.5015,0.05,0.05,0.05,0.501,0.05,0.501,0.05,0.501,0.05,0.501,0.5015,0.502,0.5015,0.05,0.502,0.501,0.5015,0.501,0.501,0.5005,0.501,0.501,0.05,0.501,0.05,0.501],"1":[0.501,0.95,0.95,0.5005,0.5005,0.9497,0.5005,0.501,0.501,0.05103,0.0504,0.5005,0.0501,0.501,0.9497,0.501,0.501,0.5005,0.501,0.501,0.5005,0.05096,0.5005,0.501,0.9497,0.501,0.501,0.501,0.501,0.05096,0.501,0.501,0.95,0.5005,0.9497,0.5005,0.95,0.5005,0.5005,0.501,0.501,0.501,0.95,0.5005,0.05225,0.949,0.95,0.501,0.949,0.0501,0.5005,0.501,0.5005,0.501,0.501,0.501,0.501,0.95,0.05054,0.05038,0.5005,0.05112,0.05096,0.501,0.501,0.501,0.0502,0.501,0.95,0.5005,0.5005,0.501,0.9497,0.501,0.5005,0.501,0.5005,0.501,0.5005,0.501,0.501,0.501,0.501,0.0502,0.501,0.501,0.501,0.501,0.501,0.501,0.5005,0.501,0.5005,0.501,0.0501,0.05072,0.501,0.95,0.5005,0.05096],"5":[0.501,0.05,0.5005,0.5005,0.05014,0.501,0.501,0.5005,0.5005,0.05,0.5005,0.5005,0.501,0.5005,0.05,0.5005,0.5015,0.05014,0.05002,0.05005,0.5015,0.5005,0.5005,0.501,0.501,0.05,0.501,0.05005,0.5005,0.5005,0.502,0.502,0.502,0.501,0.05005,0.501,0.05,0.05,0.05,0.5005,0.501,0.5015,0.05,0.501,0.05,0.501,0.502,0.05,0.05005,0.501,0.502,0.501,0.502,0.501,0.05014,0.05002,0.502,0.5015,0.05,0.501,0.501,0.5005,0.5015,0.501,0.501,0.5015,0.501,0.501,0.501,0.501,0.05,0.501,0.501,0.501,0.5005,0.05,0.5005,0.501,0.5005,0.501,0.5005,0.5015,0.501,0.05,0.5015,0.5015,0.501,0.5005,0.05002,0.05002,0.501,0.05002,0.05005,0.5005,0.501,0.05,0.501,0.05002,0.501,0.05],"2":[0.5015,0.5015,0.502,0.05,0.502,0.05,0.5015,0.502,0.05,0.502,0.05,0.5015,0.05,0.501,0.501,0.5005,0.501,0.501,0.5015,0.05,0.502,0.501,0.501,0.05005,0.5015,0.5005,0.501,0.05,0.05,0.05002,0.501,0.501,0.5005,0.5005,0.501,0.501,0.05,0.501,0.501,0.5005,0.5005,0.501,0.501,0.5015,0.501,0.05,0.501,0.501,0.501,0.05,0.5015,0.502,0.502,0.5015,0.5005,0.501,0.05002,0.5005,0.5015,0.05,0.501,0.05002,0.501,0.502,0.05,0.502,0.05,0.05,0.5015,0.05,0.501,0.501,0.05,0.501,0.501,0.5005,0.501,0.05,0.5005,0.05002,0.501,0.05,0.05,0.05002,0.5005,0.501,0.05002,0.05,0.501,0.501,0.501,0.5005,0.501,0.501,0.05,0.501,0.05002,0.5005,0.05,0.5015],"6":[0.948,0.05,0.949,0.05,0.9487,0.9478,0.05,0.05005,0.948,0.949,0.05,0.9497,0.05,0.949,0.05,0.9487,0.949,0.949,0.05,0.948,0.05,0.05005,0.949,0.9497,0.949,0.05,0.9497,0.05,0.9497,0.05,0.9487,0.948,0.949,0.9487,0.949,0.05,0.949,0.9487,0.948,0.05,0.05,0.948,0.05002,0.05,0.948,0.05,0.949,0.05,0.9487,0.949,0.05002,0.05,0.948,0.9487,0.948,0.949,0.9487,0.05,0.949,0.948,0.9487,0.05,0.949,0.05,0.948,0.9478,0.949,0.05,0.948,0.948,0.05002,0.9487,0.05,0.05002,0.948,0.948,0.05,0.949,0.949,0.9487,0.948,0.05,0.949,0.05,0.05,0.05002,0.9487,0.949,0.05,0.9497,0.9497,0.949,0.948,0.9487,0.948,0.9487,0.948,0.05005,0.948,0.948],"7":[0.501,0.0506,0.501,0.501,0.501,0.501,0.5005,0.5005,0.501,0.501,0.05014,0.5005,0.95,0.501,0.501,0.501,0.0501,0.949,0.501,0.501,0.501,0.501,0.05075,0.05023,0.5005,0.0506,0.501,0.5005,0.501,0.501,0.9497,0.501,0.501,0.05017,0.501,0.5005,0.501,0.501,0.501,0.501,0.05063,0.5005,0.05023,0.05072,0.5005,0.501,0.501,0.5005,0.501,0.5005,0.05035,0.05084,0.501,0.05078,0.501,0.0506,0.05072,0.501,0.5005,0.5005,0.5005,0.5005,0.501,0.501,0.501,0.501,0.501,0.501,0.9497,0.501,0.9497,0.0501,0.501,0.501,0.5005,0.0503,0.501,0.05078,0.501,0.95,0.501,0.05084,0.0501,0.501,0.501,0.501,0.5005,0.0501,0.5005,0.5005,0.501,0.501,0.0501,0.95,0.5005,0.5005,0.501,0.501,0.0506,0.05014],"10":[0.499,0.4993,0.4995,0.499,0.95,0.4995,0.95,0.4988,0.499,0.499,0.4993,0.4995,0.4993,0.499,0.4995,0.499,0.95,0.95,0.95,0.499,0.4995,0.4995,0.4995,0.4995,0.499,0.4995,0.95,0.499,0.499,0.499,0.499,0.95,0.499,0.4995,0.499,0.95,0.95,0.499,0.4988,0.95,0.4983,0.4985,0.4983,0.4983,0.4993,0.4995,0.4985,0.4985,0.95,0.4985,0.499,0.4995,0.4995,0.4985,0.499,0.4985,0.4988,0.4985,0.499,0.4995,0.95,0.95,0.4988,0.4995,0.499,0.499,0.4988,0.95,0.499,0.4985,0.95,0.4988,0.499,0.4988,0.95,0.4995,0.499,0.95,0.499,0.4985,0.4993,0.4985,0.4985,0.4985,0.4985,0.4985,0.4995,0.95,0.95,0.95,0.95,0.95,0.4995,0.4993,0.499,0.499,0.4988,0.499,0.499,0.4995],"9":[0.05005,0.5,0.95,0.5005,0.05005,0.5,0.95,0.5,0.05002,0.502,0.5,0.502,0.502,0.05005,0.5,0.5,0.5,0.502,0.95,0.05005,0.05005,0.5,0.5,0.5,0.95,0.5,0.5,0.05005,0.95,0.5,0.5,0.05005,0.5,0.501,0.502,0.05002,0.5,0.501,0.95,0.5,0.95,0.5005,0.05005,0.501,0.05005,0.5005,0.502,0.501,0.502,0.05002,0.05005,0.95,0.5,0.05005,0.5,0.05005,0.5,0.5005,0.5,0.501,0.501,0.5,0.5,0.5,0.05002,0.5,0.05005,0.95,0.5,0.5,0.5,0.05005,0.5005,0.5,0.5,0.502,0.501,0.502,0.05005,0.5005,0.5,0.95,0.5,0.05005,0.05002,0.05002,0.5,0.05002,0.95,0.95,0.05005,0.05002,0.5,0.5,0.502,0.05005,0.5,0.5,0.05002,0.5],"3":[0.499,0.499,0.4993,0.95,0.4995,0.499,0.499,0.499,0.95,0.05096,0.4988,0.499,0.4993,0.499,0.4993,0.4998,0.4995,0.4998,0.4993,0.948,0.499,0.4995,0.949,0.4995,0.4995,0.9497,0.949,0.948,0.4995,0.4993,0.9497,0.4995,0.9497,0.949,0.499,0.949,0.95,0.95,0.05048,0.499,0.499,0.499,0.95,0.4988,0.499,0.4995,0.4995,0.499,0.499,0.499,0.4995,0.4995,0.949,0.9497,0.4995,0.4995,0.05038,0.4993,0.4998,0.4995,0.949,0.4993,0.4993,0.4993,0.499,0.4993,0.4995,0.499,0.4993,0.499,0.499,0.4993,0.05096,0.4995,0.948,0.949,0.05017,0.4995,0.95,0.9497,0.05057,0.95,0.499,0.4993,0.95,0.05096,0.499,0.499,0.4995,0.499,0.4995,0.4988,0.499,0.499,0.499,0.949,0.499,0.4995,0.9497,0.499]}