{"1": [0.4983, 0.949, 0.4985, 0.4988, 0.95, 0.499, 0.499, 0.4988, 0.4985, 0.4985, 0.9497, 0.949, 0.4993, 0.4985, 0.499, 0.4993, 0.4985, 0.4985, 0.949, 0.4985, 0.4985, 0.499, 0.4988, 0.949, 0.4995, 0.4985, 0.95, 0.4988, 0.4985, 0.4995, 0.4985, 0.4988, 0.4983, 0.499, 0.498, 0.499, 0.4983, 0.4985, 0.4985, 0.4993, 0.4985, 0.4985, 0.9497, 0.4985, 0.95, 0.9497, 0.499, 0.499, 0.4985, 0.499, 0.4985, 0.4988, 0.4993, 0.4983, 0.498, 0.498, 0.949, 0.498, 0.949, 0.498, 0.499, 0.4983, 0.95, 0.498, 0.498, 0.498, 0.4985, 0.4985, 0.949, 0.4983, 0.499, 0.499, 0.498, 0.498, 0.4993, 0.4995, 0.499, 0.499, 0.499, 0.4993, 0.4998, 0.4993, 0.4995, 0.9497, 0.4995, 0.4995, 0.4993, 0.4995, 0.499, 0.95, 0.4985, 0.4985, 0.4985, 0.4983, 0.4985, 0.949, 0.4993, 0.4983, 0.4983, 0.949], "2": [0.501, 0.501, 0.05048, 0.501, 0.501, 0.501, 0.501, 0.05084, 0.05048, 0.5005, 0.5005, 0.05035, 0.05032, 0.501, 0.5005, 0.05127, 0.05066, 0.501, 0.501, 0.05103, 0.501, 0.501, 0.501, 0.501, 0.501, 0.501, 0.501, 0.051, 0.5005, 0.5005, 0.501, 0.501, 0.05066, 0.05023, 0.501, 0.05048, 0.501, 0.501, 0.5005, 0.501, 0.5005, 0.501, 0.05066, 0.05127, 0.501, 0.501, 0.5005, 0.5005, 0.5015, 0.05084, 0.501, 0.501, 0.501, 0.5015, 0.501, 0.501, 0.501, 0.501, 0.5005, 0.501, 0.501, 0.501, 0.501, 0.501, 0.5005, 0.5005, 0.05023, 0.501, 0.501, 0.501, 0.5005, 0.501, 0.05035, 0.05048, 0.501, 0.501, 0.501, 0.5005, 0.501, 0.501, 0.05017, 0.501, 0.5005, 0.501, 0.501, 0.501, 0.501, 0.501, 0.501, 0.501, 0.501, 0.501, 0.501, 0.501, 0.5005, 0.501, 0.501, 0.501, 0.5005, 0.501], "3": [0.501, 0.05017, 0.501, 0.501, 0.501, 0.501, 0.501, 0.501, 0.501, 0.501, 0.501, 0.95, 0.5005, 0.501, 0.501, 0.501, 0.5005, 0.05005, 0.501, 0.501, 0.501, 0.5005, 0.501, 0.501, 0.5015, 0.05023, 0.502, 0.05002, 0.502, 0.502, 0.501, 0.5015, 0.501, 0.05002, 0.05023, 0.501, 0.501, 0.501, 0.501, 0.501, 0.5015, 0.0502, 0.502, 0.5015, 0.502, 0.501, 0.5015, 0.502, 0.502, 0.5015, 0.5005, 0.501, 0.501, 0.501, 0.501, 0.501, 0.5005, 0.501, 0.501, 0.5005, 0.501, 0.5015, 0.501, 0.501, 0.501, 0.501, 0.502, 0.502, 0.502, 0.502, 0.501, 0.502, 0.502, 0.5015, 0.5015, 0.502, 0.05002, 0.502, 0.502, 0.502, 0.5015, 0.0502, 0.05017, 0.501, 0.502, 0.502, 0.502, 0.502, 0.0502, 0.502, 0.502, 0.502, 0.502, 0.502, 0.501, 0.502, 0.5015, 0.501, 0.05005, 0.501], "4": [0.502, 0.05, 0.0502, 0.05005, 0.0501, 0.5015, 0.501, 0.0501, 0.5024, 0.05023, 0.502, 0.05014, 0.502, 0.5024, 0.502, 0.501, 0.0501, 0.5015, 0.502, 0.502, 0.5024, 0.5024, 0.0502, 0.501, 0.5024, 0.5024, 0.5024, 0.05, 0.0501, 0.502, 0.0501, 0.502, 0.5015, 0.501, 0.501, 0.05017, 0.501, 0.501, 0.0501, 0.501, 0.05002, 0.501, 0.501, 0.5015, 0.501, 0.501, 0.501, 0.05008, 0.5015, 0.501, 0.502, 0.502, 0.0502, 0.5015, 0.502, 0.0501, 0.501, 0.502, 0.0503, 0.05008, 0.5015, 0.05005, 0.502, 0.5015, 0.5015, 0.5015, 0.0503, 0.501, 0.501, 0.501, 0.5005, 0.501, 0.5015, 0.05005, 0.502, 0.05017, 0.502, 0.05023, 0.502, 0.502, 0.502, 0.502, 0.502, 0.5015, 0.05023, 0.05023, 0.0501, 0.5015, 0.502, 0.501, 0.05014, 0.502, 0.5015, 0.05002, 0.501, 0.502, 0.05002, 0.502, 0.05002, 0.0501], "5": [0.499, 0.499, 0.499, 0.95, 0.499, 0.4988, 0.499, 0.499, 0.95, 0.499, 0.499, 0.4995, 0.499, 0.499, 0.95, 0.4988, 0.4988, 0.4995, 0.4988, 0.4993, 0.4993, 0.499, 0.4993, 0.499, 0.4995, 0.499, 0.499, 0.4995, 0.4985, 0.4985, 0.4985, 0.95, 0.4985, 0.498, 0.4985, 0.4985, 0.499, 0.95, 0.4985, 0.4985, 0.95, 0.9497, 0.4988, 0.4985, 0.4993, 0.4993, 0.4985, 0.4993, 0.4993, 0.4985, 0.4985, 0.4988, 0.498, 0.4993, 0.9497, 0.4993, 0.4985, 0.4995, 0.4988, 0.4985, 0.4993, 0.4985, 0.4988, 0.4993, 0.4988, 0.499, 0.499, 0.4988, 0.4995, 0.4988, 0.499, 0.499, 0.499, 0.4995, 0.499, 0.499, 0.95, 0.4985, 0.499, 0.95, 0.4993, 0.498, 0.499, 0.499, 0.498, 0.4983, 0.498, 0.95, 0.498, 0.498, 0.4983, 0.4985, 0.95, 0.4993, 0.4988, 0.4995, 0.95, 0.499, 0.499, 0.95], "6": [0.502, 0.05115, 0.502, 0.05017, 0.5015, 0.5015, 0.501, 0.501, 0.05054, 0.501, 0.501, 0.501, 0.501, 0.5005, 0.5015, 0.502, 0.502, 0.05054, 0.05124, 0.502, 0.501, 0.501, 0.05096, 0.05014, 0.05023, 0.5015, 0.502, 0.5015, 0.05026, 0.502, 0.502, 0.502, 0.502, 0.502, 0.5015, 0.05032, 0.501, 0.5015, 0.05096, 0.502, 0.502, 0.5015, 0.05115, 0.05032, 0.501, 0.0504, 0.05035, 0.501, 0.501, 0.501, 0.501, 0.501, 0.05124, 0.5015, 0.502, 0.05054, 0.5015, 0.5005, 0.5015, 0.502, 0.5024, 0.502, 0.5015, 0.502, 0.502, 0.502, 0.502, 0.502, 0.501, 0.05017, 0.502, 0.05084, 0.0502, 0.5015, 0.05096, 0.502, 0.502, 0.501, 0.501, 0.5015, 0.501, 0.501, 0.05035, 0.501, 0.502, 0.5024, 0.503, 0.503, 0.503, 0.5015, 0.5024, 0.502, 0.5015, 0.501, 0.0504, 0.501, 0.501, 0.501, 0.5015, 0.502], "7": [0.499, 0.4985, 0.4993, 0.4988, 0.4985, 0.4985, 0.4988, 0.948, 0.4993, 0.949, 0.4993, 0.4985, 0.4985, 0.4985, 0.4985, 0.4985, 0.4988, 0.499, 0.949, 0.499, 0.04987, 0.499, 0.499, 0.499, 0.9487, 0.948, 0.499, 0.499, 0.4993, 0.4995, 0.499, 0.4988, 0.4985, 0.4985, 0.4988, 0.499, 0.499, 0.499, 0.4995, 0.949, 0.4988, 0.4993, 0.4985, 0.0498, 0.4993, 0.4995, 0.4988, 0.948, 0.499, 0.4995, 0.499, 0.499, 0.499, 0.4995, 0.4993, 0.4998, 0.4993, 0.4995, 0.499, 0.949, 0.4988, 0.4985, 0.4985, 0.4985, 0.499, 0.4988, 0.4995, 0.4993, 0.4985, 0.4985, 0.4985, 0.4985, 0.948, 0.948, 0.4988, 0.4995, 0.499, 0.4993, 0.4995, 0.4988, 0.948, 0.4985, 0.949, 0.0498, 0.4995, 0.4995, 0.4988, 0.4985, 0.4993, 0.949, 0.4985, 0.4985, 0.4993, 0.4985, 0.4985, 0.4985, 0.04987, 0.4985, 0.499, 0.499], "8": [0.502, 0.5015, 0.502, 0.502, 0.502, 0.501, 0.501, 0.05054, 0.501, 0.05035, 0.501, 0.5005, 0.0501, 0.501, 0.501, 0.502, 0.5015, 0.5015, 0.502, 0.502, 0.502, 0.05017, 0.502, 0.502, 0.502, 0.5015, 0.501, 0.5005, 0.5015, 0.501, 0.5015, 0.501, 0.501, 0.501, 0.502, 0.05005, 0.0502, 0.05023, 0.502, 0.502, 0.501, 0.502, 0.502, 0.5015, 0.502, 0.501, 0.502, 0.502, 0.05017, 0.05035, 0.502, 0.502, 0.5015, 0.501, 0.0501, 0.501, 0.501, 0.501, 0.501, 0.5005, 0.501, 0.502, 0.5005, 0.501, 0.501, 0.501, 0.5005, 0.501, 0.501, 0.5005, 0.5005, 0.501, 0.05005, 0.05032, 0.501, 0.501, 0.501, 0.501, 0.05054, 0.5005, 0.501, 0.501, 0.501, 0.05032, 0.501, 0.5005, 0.0501, 0.501, 0.501, 0.501, 0.5005, 0.5015, 0.502, 0.5015, 0.502, 0.501, 0.5015, 0.502, 0.502, 0.502], "9": [0.949, 0.5, 0.5, 0.5, 0.5, 0.5, 0.5, 0.4998, 0.4995, 0.949, 0.949, 0.4995, 0.5, 0.949, 0.4998, 0.9497, 0.4998, 0.499, 0.5, 0.5, 0.949, 0.4995, 0.4995, 0.949, 0.5, 0.949, 0.4988, 0.4998, 0.5, 0.4988, 0.5, 0.949, 0.4988, 0.499, 0.4995, 0.5, 0.949, 0.949, 0.4995, 0.949, 0.949, 0.949, 0.499, 0.5, 0.4995, 0.949, 0.949, 0.4995, 0.5, 0.5, 0.4995, 0.4995, 0.5, 0.4998, 0.4995, 0.4988, 0.5, 0.499, 0.4998, 0.4995, 0.4995, 0.5, 0.4995, 0.5, 0.949, 0.949, 0.4998, 0.949, 0.4998, 0.05005, 0.949, 0.4998, 0.5, 0.5, 0.949, 0.949, 0.949, 0.4995, 0.4998, 0.4995, 0.9497, 0.05002, 0.4995, 0.5, 0.949, 0.5, 0.5, 0.5, 0.4998, 0.4995, 0.949, 0.4998, 0.4995, 0.5, 0.5, 0.9497, 0.5, 0.4998, 0.4995, 0.4995], "10": [0.4995, 0.4998, 0.4995, 0.4995, 0.4995, 0.949, 0.4995, 0.05023, 0.4995, 0.4998, 0.4995, 0.4998, 0.4995, 0.4995, 0.4995, 0.4995, 0.4995, 0.9497, 0.4995, 0.4995, 0.4995, 0.4995, 0.4995, 0.4995, 0.4995, 0.4995, 0.4998, 0.4998, 0.4995, 0.4998, 0.4995, 0.4995, 0.4995, 0.4998, 0.4995, 0.4995, 0.4995, 0.4998, 0.4995, 0.4995, 0.4995, 0.05118, 0.4995, 0.4995, 0.9497, 0.4995, 0.4995, 0.4995, 0.4995, 0.4995, 0.9497, 0.4995, 0.4995, 0.4995, 0.4995, 0.4995, 0.4995, 0.4998, 0.4995, 0.4995, 0.4998, 0.4995, 0.4995, 0.4998, 0.0503, 0.9497, 0.4998, 0.4995, 0.4995, 0.4995, 0.4995, 0.4995, 0.4995, 0.4998, 0.05215, 0.4998, 0.4995, 0.4995, 0.05115, 0.4995, 0.4995, 0.4995, 0.05115, 0.4995, 0.05032, 0.4995, 0.4995, 0.4995, 0.4995, 0.05173, 0.4995, 0.4995, 0.0511, 0.0506, 0.4998, 0.4995, 0.4995, 0.4998, 0.4995, 0.4995]}