{"5":{"(Float16(0.777), Float16(0.977))":44,"(Float16(5.29e-5), Float16(0.2001))":34,"(Float16(0.4443), Float16(0.6445))":22},"56":{"(Float16(0.802), Float16(1.002))":42,"(Float16(0.0002985), Float16(0.2003))":27,"(Float16(0.4314), Float16(0.6313))":31},"35":{"(Float16(0.792), Float16(0.992))":46,"(Float16(0.0005207), Float16(0.2006))":16,"(Float16(0.3735), Float16(0.5737))":38},"55":{"(Float16(7.0e-7), Float16(0.2))":36,"(Float16(0.709), Float16(0.909))":64},"60":{"(Float16(0.84), Float16(1.04))":37,"(Float16(0.4702), Float16(0.6704))":41,"(Float16(0.0001552), Float16(0.2002))":22},"30":{"(Float16(0.8457), Float16(1.046))":33,"(Float16(0.0003767), Float16(0.2003))":29,"(Float16(0.2876), Float16(0.4875))":4,"(Float16(0.5), Float16(0.7))":34},"32":{"(Float16(6.21e-5), Float16(0.2001))":19,"(Float16(0.881), Float16(1.081))":30,"(Float16(0.4658), Float16(0.666))":51},"6":{"(Float16(0.0001754), Float16(0.2002))":15,"(Float16(0.398), Float16(0.598))":41,"(Float16(0.797), Float16(0.997))":44},"67":{"(Float16(0.715), Float16(0.915))":57,"(Float16(3.59e-5), Float16(0.2001))":43},"45":{"(Float16(7.72e-5), Float16(0.2001))":11,"(Float16(0.3872), Float16(0.5874))":48,"(Float16(0.8145), Float16(1.015))":41},"73":{"(Float16(0.0002785), Float16(0.2003))":33,"(Float16(0.541), Float16(0.741))":47,"(Float16(0.8213), Float16(1.021))":20},"64":{"(Float16(0.00031), Float16(0.2003))":26,"(Float16(0.788), Float16(0.9883))":31,"(Float16(0.3657), Float16(0.566))":43},"90":{"(Float16(0.3896), Float16(0.59))":27,"(Float16(0.753), Float16(0.953))":47,"(Float16(0.0001913), Float16(0.2002))":26},"4":{"(Float16(0.3782), Float16(0.578))":45,"(Float16(2.6e-6), Float16(0.2))":22,"(Float16(0.783), Float16(0.9834))":33},"13":{"(Float16(0.4834), Float16(0.6836))":35,"(Float16(0.828), Float16(1.028))":40,"(Float16(0.0002159), Float16(0.2002))":25},"54":{"(Float16(0.0002315), Float16(0.2002))":18,"(Float16(0.4136), Float16(0.614))":44,"(Float16(0.798), Float16(0.998))":38},"63":{"(Float16(4.33e-5), Float16(0.2001))":23,"(Float16(0.44), Float16(0.64))":40,"(Float16(0.8076), Float16(1.008))":37},"86":{"(Float16(0.828), Float16(1.028))":39,"(Float16(0.3525), Float16(0.5527))":42,"(Float16(0.0007477), Float16(0.2008))":19},"91":{"(Float16(0.755), Float16(0.955))":54,"(Float16(2.86e-6), Float16(0.2))":22,"(Float16(0.4194), Float16(0.6196))":24},"62":{"(Float16(0.0001268), Float16(0.2001))":37,"(Float16(0.3506), Float16(0.551))":14,"(Float16(0.6885), Float16(0.8887))":49},"58":{"(Float16(0.6904), Float16(0.8906))":71,"(Float16(1.0e-7), Float16(0.2))":29},"52":{"(Float16(0.828), Float16(1.028))":35,"(Float16(0.0002537), Float16(0.2002))":29,"(Float16(0.5283), Float16(0.7285))":36},"12":{"(Float16(0.000277), Float16(0.2003))":21,"(Float16(0.7734), Float16(0.9736))":45,"(Float16(0.4517), Float16(0.652))":34},"28":{"(Float16(0.0001553), Float16(0.2002))":20,"(Float16(0.788), Float16(0.9883))":39,"(Float16(0.4783), Float16(0.678))":41},"75":{"(Float16(0.3833), Float16(0.5835))":29,"(Float16(1.0e-7), Float16(0.2))":14,"(Float16(0.7393), Float16(0.9395))":57},"23":{"(Float16(0.802), Float16(1.002))":30,"(Float16(0.00011635), Float16(0.2001))":28,"(Float16(0.4229), Float16(0.623))":42},"92":{"(Float16(0.496), Float16(0.6963))":42,"(Float16(0.0002997), Float16(0.2003))":33,"(Float16(0.8545), Float16(1.055))":25},"41":{"(Float16(0.441), Float16(0.641))":50,"(Float16(0.825), Float16(1.025))":32,"(Float16(0.0001945), Float16(0.2002))":18},"43":{"(Float16(0.3755), Float16(0.5757))":41,"(Float16(0.7754), Float16(0.9756))":40,"(Float16(0.0002732), Float16(0.2003))":19},"11":{"(Float16(0.3687), Float16(0.569))":48,"(Float16(0.7725), Float16(0.9727))":39,"(Float16(0.0001261), Float16(0.2001))":13},"36":{"(Float16(0.7744), Float16(0.9746))":49,"(Float16(0.3384), Float16(0.5386))":26,"(Float16(9.12e-5), Float16(0.2001))":25},"68":{"(Float16(0.8496), Float16(1.05))":29,"(Float16(4.12e-5), Float16(0.2001))":20,"(Float16(0.483), Float16(0.683))":51},"69":{"(Float16(0.482), Float16(0.682))":42,"(Float16(0.8584), Float16(1.059))":32,"(Float16(7.933e-5), Float16(0.2001))":26},"98":{"(Float16(0.8457), Float16(1.046))":25,"(Float16(3.18e-5), Float16(0.2001))":26,"(Float16(0.477), Float16(0.6772))":49},"82":{"(Float16(0.616), Float16(0.8164))":43,"(Float16(0.2725), Float16(0.4724))":17,"(Float16(0.868), Float16(1.068))":19,"(Float16(0.0006466), Float16(0.2007))":21},"85":{"(Float16(0.5493), Float16(0.7495))":46,"(Float16(8.243e-5), Float16(0.2001))":39,"(Float16(0.9043), Float16(1.1045))":15},"39":{"(Float16(6.62e-5), Float16(0.2001))":25,"(Float16(0.4473), Float16(0.6475))":30,"(Float16(0.783), Float16(0.9834))":45},"84":{"(Float16(0.782), Float16(0.9824))":34,"(Float16(0.0003462), Float16(0.2003))":14,"(Float16(0.4238), Float16(0.624))":52},"77":{"(Float16(0.413), Float16(0.6133))":46,"(Float16(0.833), Float16(1.033))":33,"(Float16(0.0001347), Float16(0.2002))":21},"7":{"(Float16(0.8135), Float16(1.014))":28,"(Float16(0.0001203), Float16(0.2001))":24,"(Float16(0.4785), Float16(0.6787))":48},"25":{"(Float16(0.6396), Float16(0.84))":69,"(Float16(1.0e-7), Float16(0.2))":31},"95":{"(Float16(0.0002823), Float16(0.2003))":26,"(Float16(0.406), Float16(0.606))":40,"(Float16(0.799), Float16(0.999))":34},"71":{"(Float16(0.0004144), Float16(0.2004))":28,"(Float16(0.4756), Float16(0.676))":35,"(Float16(0.795), Float16(0.995))":37},"66":{"(Float16(0.7686), Float16(0.9688))":32,"(Float16(0.398), Float16(0.598))":45,"(Float16(0.0002383), Float16(0.2002))":23},"76":{"(Float16(0.0001273), Float16(0.2001))":25,"(Float16(0.839), Float16(1.039))":28,"(Float16(0.427), Float16(0.627))":47},"34":{"(Float16(0.872), Float16(1.072))":20,"(Float16(0.0002282), Float16(0.2002))":23,"(Float16(0.46), Float16(0.66))":57},"50":{"(Float16(0.6475), Float16(0.8477))":62,"(Float16(3.684e-5), Float16(0.2001))":38},"59":{"(Float16(0.784), Float16(0.9844))":40,"(Float16(0.0002718), Float16(0.2003))":26,"(Float16(0.4446), Float16(0.6445))":34},"93":{"(Float16(0.907), Float16(1.107))":14,"(Float16(0.4727), Float16(0.673))":61,"(Float16(3.97e-5), Float16(0.2001))":25},"2":{"(Float16(0.88), Float16(1.08))":32,"(Float16(9.4e-6), Float16(0.2))":26,"(Float16(0.478), Float16(0.678))":42},"10":{"(Float16(0.0001173), Float16(0.2001))":19,"(Float16(0.7275), Float16(0.9277))":42,"(Float16(0.3154), Float16(0.5156))":39},"18":{"(Float16(0.3452), Float16(0.5454))":33,"(Float16(0.7446), Float16(0.945))":47,"(Float16(7.01e-5), Float16(0.2001))":20},"26":{"(Float16(0.8066), Float16(1.007))":34,"(Float16(0.000191), Float16(0.2002))":19,"(Float16(0.465), Float16(0.665))":47},"27":{"(Float16(8.05e-6), Float16(0.2))":32,"(Float16(0.7266), Float16(0.927))":56,"(Float16(0.4238), Float16(0.624))":12},"42":{"(Float16(4.29e-5), Float16(0.2001))":12,"(Float16(0.3574), Float16(0.5576))":46,"(Float16(0.806), Float16(1.006))":42},"87":{"(Float16(0.8203), Float16(1.0205))":22,"(Float16(0.0004811), Float16(0.2004))":26,"(Float16(0.421), Float16(0.621))":52},"100":{"(Float16(0.7666), Float16(0.967))":48,"(Float16(0.0001296), Float16(0.2001))":26,"(Float16(0.3503), Float16(0.5503))":26},"79":{"(Float16(0.000285), Float16(0.2003))":27,"(Float16(0.4373), Float16(0.637))":48,"(Float16(0.827), Float16(1.027))":25},"16":{"(Float16(0.0002446), Float16(0.2002))":28,"(Float16(0.413), Float16(0.6133))":37,"(Float16(0.8135), Float16(1.014))":35},"20":{"(Float16(0.87), Float16(1.07))":21,"(Float16(4.33e-5), Float16(0.2001))":32,"(Float16(0.5146), Float16(0.715))":47},"81":{"(Float16(0.0003185), Float16(0.2003))":19,"(Float16(0.788), Float16(0.9883))":36,"(Float16(0.3784), Float16(0.5786))":45},"19":{"(Float16(0.74), Float16(0.9404))":50,"(Float16(0.0004935), Float16(0.2004))":28,"(Float16(0.4336), Float16(0.634))":22},"49":{"(Float16(0.7793), Float16(0.9795))":37,"(Float16(0.0002613), Float16(0.2003))":25,"(Float16(0.4658), Float16(0.666))":38},"44":{"(Float16(0.000368), Float16(0.2003))":30,"(Float16(0.441), Float16(0.641))":40,"(Float16(0.8438), Float16(1.044))":30},