{"5":[0.6846,0.000466,0.001568,0.000747,0.0001371,0.0001917,0.0005193,0.6836,8.16e-5,0.0007334,0.0002756,0.0003736,0.001156,0.000138,0.0001061,0.0008173,0.001212,0.000283,0.000338,0.000536,0.6836,0.001027,0.001113,0.6836,0.0009527,0.000599,0.000489,0.000719,0.000554,0.000901,7.61e-5,0.0003006,0.6836,0.6855,0.0006666,0.000489,0.0006895,0.685,0.0003333,0.6846,4.363e-5,0.0002096,0.685,0.6855,0.0006156,0.0009527,0.0002534,0.0001693,0.0001659,0.001193,0.685,0.0003016,0.0001469,0.0006647,7.343e-5,0.6846,0.000385,0.685,0.0001925,0.6855,0.0002257,0.0002131,0.000578,0.0001355,0.0001066,0.686,0.686,0.0001048,0.6865,0.686,0.6865,0.0003667,8.16e-5,0.001193,0.686,0.0001508,0.6855,0.0001223,9.584e-5,0.6836,0.0002904,0.000268,8.297e-5,0.0002797,0.0002797,0.6846,0.0004506,0.000998,0.0003028,0.000499,0.0002257,0.0006647,0.000554,9.39e-5,0.0001514,0.0005136,0.0004034,0.0004034,0.000169,0.0001267],"4":[0.6953,0.6953,1.25e-6,0.696,1.2e-6,0.6963,0.697,0.6973,0.6978,0.698,0.6963,0.698,6.26e-6,0.698,0.6987,0.699,4.9e-6,0.699,0.699,0.699,0.6987,1.67e-6,0.698,5.6e-6,2.5e-6,2.86e-6,2.44e-6,3.0e-6,1.8e-6,0.698,0.6978,1.8e-6,7.0e-7,0.6973,1.3e-6,0.6973,0.6973,2.2e-6,0.6973,1.6e-6,0.6973,9.0e-7,0.6973,2.6e-6,0.6973,3.6e-7,0.697,0.6963,0.6963,0.696,0.6953,7.0e-7,0.6943,1.8e-6,0.6943,0.6943,2.86e-6,1.55e-6,0.694,0.6934,0.6934,2.8e-6,0.693,0.6924,0.692,1.55e-6,1.2e-6,0.6914,0.6914,0.6914,2.6e-6,0.6914,3.0e-6,0.6914,0.6914,3.6e-7,0.692,0.6924,1.764e-5,0.693,2.5e-6,0.6934,0.6934,0.694,0.6943,0.6943,0.6943,0.6943,0.6943,0.6943,0.6943,0.6943,8.8e-6,0.6943,0.6943,0.6963,6.6e-7,3.1e-6,0.695,0.6953],"6":[0.0008307,0.0006084,0.00032,0.0003042,0.0007706,0.000144,6.68e-5,0.000217,0.0004463,0.0001335,0.001022,0.594,0.00044,0.0003023,0.0003438,0.000763,0.001082,0.000424,0.0001388,0.000506,0.0003805,0.0003939,0.000617,0.000689,0.0002065,0.0004086,0.0009317,0.0004282,0.0001948,0.001066,0.0003614,0.000965,0.000414,0.0004804,0.0001793,0.0007353,0.00038,0.0002594,0.000916,0.000844,0.0003815,0.001188,0.0008535,0.000414,0.00125,0.5625,0.000953,0.000629,0.000965,0.594,6.84e-5,0.0003183,0.00010324,0.000579,0.000424,0.000633,0.0003812,0.0001596,0.5625,0.0008564,0.0002923,0.0006485,0.000428,0.000819,0.0006466,0.0003042,0.0001719,0.001319,0.0005984,0.000313,0.0004997,0.000365,0.000481,0.0002141,0.0009317,0.000401,0.0003233,0.000381,0.000767,0.0004597,0.0002928,0.0002227,0.00086,0.0001724,0.000763,0.0002137,0.000428,0.000317,0.000541,0.0008535,0.000424,0.0001583,0.00011134,0.0001583,0.0002978,0.000313,0.000365,0.0002992,0.0003445,0.0008307],"7":[0.6206,0.6196,0.619,0.0001193,0.6187,0.618,0.000377,0.619,0.6177,0.617,0.000249,0.0001903,0.0001185,0.617,0.0001903,0.617,0.617,0.617,0.617,0.6167,0.616,0.616,0.6157,3.03e-5,0.615,9.6e-5,0.000475,0.0001421,0.615,0.615,6.22e-5,0.0001903,0.615,0.615,3.07e-5,0.000475,0.0001559,5.925e-5,0.615,0.6157,0.616,0.616,0.000249,0.0001164,5.82e-5,0.6167,0.0004983,0.617,0.618,0.619,0.6196,0.6196,0.619,0.619,4.21e-5,7.856e-5,0.0003457,0.6187,0.00011456,0.0001471,0.0001729,0.0002503,0.0001254,0.0002627,0.618,0.0002627,3.54e-5,5.865e-5,0.617,0.0001903,7.2e-5,6.27e-5,0.0001559,0.0002506,0.6167,0.616,0.616,0.616,0.616,0.6167,0.617,0.618,0.6187,0.619,0.619,0.6196,0.62,0.62,0.00011456,3.93e-5,0.6196,0.62,0.6206,0.621,0.621,3.6e-5,0.621,0.0001253,0.6206,7.105e-5],"2":[0.001223,0.0006533,0.0004404,0.0004003,0.0002954,0.0003953,0.0002856,0.001306,0.000938,0.001513,0.001291,0.000799,0.001157,0.0004313,0.0003,0.0001338,0.000688,0.0001419,0.0002675,0.0007386,0.0002434,0.0002141,0.000421,0.000249,0.000799,0.0005283,0.00129,0.001448,0.001068,0.0005264,0.0002985,0.0001334,0.0001941,0.00042,0.000287,0.629,0.0004833,0.000328,0.000615,0.0001416,0.0006404,0.0003886,0.0004306,0.0004559,0.0002918,0.0003176,0.0002438,0.000651,0.0002565,0.0003948,0.0009346,0.000663,0.0005198,0.0002599,0.0003,0.0004673,0.0004003,0.000571,0.0002128,0.0005283,0.000499,0.0003839,0.0001941,0.0002207,0.001286,0.0004833,0.0001653,0.0004702,0.0003285,0.000542,0.0002885,0.0001973,0.0004516,0.0009007,0.0002201,0.000653,0.000164,0.000451,0.0009346,0.0003948,0.000663,0.0001336,0.0002321,0.0004754,0.0003202,0.0006013,0.0006824,0.0003285,0.0001442,0.0002105,0.0002918,0.0004404,0.000271,0.000642,0.000581,7.09e-5,0.0004666,0.0004559,0.0004313,0.0006113],"10":[0.0008793,0.0004177,0.0004354,0.00056,0.000392,0.0006247,0.0004156,0.0007076,0.0008626,0.0006714,0.0002942,0.0005383,0.000245,0.000738,0.000213,0.000522,0.000257,0.0003424,0.001217,0.0003695,0.0002584,0.001109,0.00011396,0.0008655,0.0006714,0.0006247,0.000946,0.0004168,0.000196,0.0002503,0.0006957,0.001092,0.0003104,0.000559,0.0001962,0.0003836,0.0004334,0.000807,0.000594,6.056e-5,0.000553,0.0005565,0.0003104,0.0001919,0.0004091,0.0001827,0.001068,0.0005226,0.0005665,9.86e-5,0.0003836,0.001118,0.000539,0.000358,0.0002186,0.0002794,0.000859,0.000738,0.0002078,0.0001721,0.000261,0.000327,0.0003438,0.00052,0.0003223,0.000691,0.000518,0.0007367,0.0004177,0.000286,0.0002387,0.0002337,0.0006123,0.0002613,0.0003903,0.0006084,0.0008626,0.0004334,0.0002859,0.0005445,0.00042,0.0003903,0.000413,0.000327,0.0004106,0.0003872,0.0003424,0.0003805,0.0003052,0.000542,0.0002337,0.00026,0.0002053,0.0001252,0.0002613,0.0002766,0.0008793,0.0003684,0.0003479,0.0001429],"9":[0.0004158,0.0006075,0.0008473,0.000477,0.0004144,0.0003347,0.000111,0.0008545,0.001242,0.000782,0.0002356,0.0004044,0.0008154,0.0001114,0.0003314,0.000795,0.0006695,0.000821,0.0003884,0.0002341,0.0008783,0.0001867,0.0002964,0.001087,0.000952,0.0001055,0.0001433,0.0002385,0.0008936,0.0002289,0.0004148,0.0005074,0.000903,0.0004182,0.0003743,0.0009356,0.000787,0.0004106,0.0007124,0.00067,0.000482,0.0007744,0.0004408,0.0006037,0.0004663,0.000678,0.0005007,0.0006924,0.000436,0.0004072,0.0004678,0.0001253,0.0003872,0.0002403,0.000781,0.0004587,0.0003839,0.0007463,0.0002204,0.0003648,0.00094,0.0002105,0.0003576,0.0002091,0.000554,0.0002565,0.0001675,0.00073,0.0001788,0.0004148,0.000302,0.000279,0.0005302,0.0002127,0.0001931,0.0002035,0.0004475,0.0004468,0.0001283,0.0008783,0.0003934,0.000782,0.000391,0.0006695,0.00010633,0.0003328,0.0003731,0.000499,0.0001253,0.0002356,0.0004144,0.000554,0.0002079,0.0007267,0.0003142,0.0003633,0.0003018,0.0001114,0.0003884,0.0001571],"8":[0.7344,0.7344,0.7344,0.0003257,0.735,0.7354,0.7354,0.7354,0.0001819,0.735,0.7344,0.0001,0.000996,0.0004191,4.54e-5,0.7344,0.0003872,0.735,0.7354,0.0002694,0.7354,0.7354,0.0001997,0.7354,0.7354,0.736,0.7363,0.0002642,0.0003872,0.7363,0.000342,6.324e-5,0.7363,0.736,0.0003495,0.0006957,0.0001601,0.7354,0.7354,0.0006957,0.000527,0.0003197,0.7354,0.7354,0.0005407,9.227e-5,0.000407,0.7354,0.7354,0.7354,0.7354,0.736,0.0003257,0.7363,0.737,0.0001526,0.7373,0.7373,0.7373,0.7373,0.000527,0.7373,0.0001526,0.7373,0.738,0.7383,2.27e-5,0.000654,0.7383,0.7383,0.7383,0.0001667,0.7383,0.7383,4.613e-5,0.738,0.7373,0.0002035,0.737,0.7363,0.0005407,2.78e-5,0.736,0.7354,6.324e-5,9.096e-5,9.984e-5,0.7354,0.736,0.7363,0.7363,0.7363,0.736,0.7354,8.33e-5,0.7354,0.735,0.7344,0.000654,0.7344],"3":[0.000682,0.001381,0.0004199,0.001001,0.0003176,0.0005436,0.0002339,0.000348,0.000785,0.0003614,0.0002248,0.000411,0.0005007,0.000678,0.0002847,0.0002396,0.0004344,0.6816,0.000492,0.000779,0.0013,0.0005746,0.000873,0.001104,0.0001124,0.0001936,0.000676,0.000368,0.000574,0.0003443,0.000654,0.000569,0.0001645,0.0004363,0.0001504,0.0002847,0.000975,0.0003192,0.000583,0.0005994,0.0004258,0.000549,0.0003414,0.001144,0.0003035,0.0002937,0.0004153,0.0003514,0.0007806,0.6816,0.000555,0.000382,0.0004983,0.0004437,0.000535,0.000545,8.225e-5,0.0002937,0.0007806,0.0005975,0.0004714,0.0002396,0.0003035,0.00027,0.0006857,0.0006266,0.000549,0.000873,0.0002408,9.68e-5,0.00027,0.0006266,0.0007834,0.0002651,0.000583,0.0005713,0.0002837,0.0002596,0.0002384,0.0002828,0.0001326,0.000464,0.0002966,0.0004983,0.000464,0.0001707,0.0002165,0.0002055,0.000578,0.000484,0.000564,0.000289,0.001117,0.0004,0.0001483,0.0002663,0.0005975,0.000572,0.000287,0.000682],