{"5":{"(Float16(0.05002), 0.060018310546875)":30,"(Float16(0.948), 0.9582421875)":70},"56":{"(Float16(0.0503), 0.06029296875)":10,"(Float16(0.948), 0.9582421875)":90},"35":{"(Float16(0.05014), 0.060140380859375)":8,"(Float16(0.9473), 0.957265625)":92},"55":{"(Float16(0.05005), 0.060048828125)":32,"(Float16(0.948), 0.9582421875)":68},"60":{"(Float16(0.0503), 0.06029296875)":94,"(Float16(0.948), 0.9582421875)":6},"30":{"(Float16(0.05017), 0.0601708984375)":17,"(Float16(0.9473), 0.957265625)":83},"32":{"(Float16(0.95), 0.9601953125)":8,"(Float16(0.05026), 0.060262451171875)":92},"6":{"(Float16(0.05005), 0.060048828125)":39,"(Float16(0.948), 0.9582421875)":61},"67":{"(Float16(0.948), 0.9582421875)":36,"(Float16(0.05023), 0.06023193359375)":64},"45":{"(Float16(0.0503), 0.06029296875)":90,"(Float16(0.95), 0.9601953125)":10},"73":{"(Float16(0.05063), 0.060628662109375)":5,"(Float16(0.948), 0.9582421875)":95},"64":{"(Float16(0.0503), 0.06029296875)":84,"(Float16(0.9497), 0.95970703125)":16},"90":{"(Float16(0.948), 0.9582421875)":74,"(Float16(0.05), 0.05998779296875)":26},"4":{"(Float16(0.05008), 0.060079345703125)":14,"(Float16(0.9478), 0.95775390625)":86},"13":{"(Float16(0.0503), 0.06029296875)":91,"(Float16(0.949), 0.95921875)":9},"54":{"(Float16(0.0503), 0.06029296875)":7,"(Float16(0.948), 0.9582421875)":93},"63":{"(Float16(0.05005), 0.060048828125)":15,"(Float16(0.9473), 0.957265625)":85},"86":{"(Float16(0.05005), 0.060048828125)":11,"(Float16(0.948), 0.9582421875)":89},"91":{"(Float16(0.0501), 0.06010986328125)":7,"(Float16(0.9473), 0.957265625)":93},"62":{"(Float16(0.05008), 0.060079345703125)":3,"(Float16(0.9478), 0.95775390625)":97},"58":{"(Float16(0.05035), 0.06035400390625)":91,"(Float16(0.949), 0.95921875)":9},"52":{"(Float16(0.949), 0.95921875)":9,"(Float16(0.05005), 0.060048828125)":91},"12":{"(Float16(0.05), 0.05998779296875)":11,"(Float16(0.9473), 0.957265625)":89},"28":{"(Float16(0.05032), 0.060323486328125)":85,"(Float16(0.949), 0.95921875)":15},"75":{"(Float16(0.9487), 0.95873046875)":51,"(Float16(0.05008), 0.060079345703125)":49},"23":{"(Float16(0.9478), 0.95775390625)":92,"(Float16(0.05014), 0.060140380859375)":8},"92":{"(Float16(0.05026), 0.060262451171875)":78,"(Float16(0.949), 0.95921875)":22},"41":{"(Float16(0.05017), 0.0601708984375)":79,"(Float16(0.9497), 0.95970703125)":21},"43":{"(Float16(0.05002), 0.060018310546875)":44,"(Float16(0.949), 0.95921875)":56},"11":{"(Float16(0.05), 0.05998779296875)":15,"(Float16(0.9473), 0.957265625)":85},"36":{"(Float16(0.05035), 0.06035400390625)":73,"(Float16(0.949), 0.95921875)":27},"68":{"(Float16(0.9497), 0.95970703125)":6,"(Float16(0.0502), 0.060201416015625)":94},"69":{"(Float16(0.05005), 0.060048828125)":19,"(Float16(0.948), 0.9582421875)":81},"98":{"(Float16(0.9497), 0.95970703125)":6,"(Float16(0.05026), 0.060262451171875)":94},"82":{"(Float16(0.0503), 0.06029296875)":83,"(Float16(0.949), 0.95921875)":17},"85":{"(Float16(0.9497), 0.95970703125)":11,"(Float16(0.05026), 0.060262451171875)":89},"39":{"(Float16(0.05), 0.05998779296875)":22,"(Float16(0.9473), 0.957265625)":78},"84":{"(Float16(0.0502), 0.060201416015625)":6,"(Float16(0.9473), 0.957265625)":94},"77":{"(Float16(0.95), 0.9601953125)":9,"(Float16(0.05026), 0.060262451171875)":91},"7":{"(Float16(0.949), 0.95921875)":51,"(Float16(0.05), 0.05998779296875)":49},"25":{"(Float16(0.0501), 0.06010986328125)":56,"(Float16(0.949), 0.95921875)":44},"95":{"(Float16(0.05038), 0.060384521484375)":8,"(Float16(0.9478), 0.95775390625)":92},"71":{"(Float16(0.0503), 0.06029296875)":97,"(Float16(0.949), 0.95921875)":3},"66":{"(Float16(0.949), 0.95921875)":2,"(Float16(0.05023), 0.06023193359375)":98},"76":{"(Float16(0.0503), 0.06029296875)":67,"(Float16(0.948), 0.9582421875)":33},"34":{"(Float16(0.9487), 0.95873046875)":85,"(Float16(0.05), 0.05998779296875)":15},"50":{"(Float16(0.05035), 0.06035400390625)":87,"(Float16(0.949), 0.95921875)":13},"59":{"(Float16(0.05008), 0.060079345703125)":13,"(Float16(0.9478), 0.95775390625)":87},"93":{"(Float16(0.95), 0.9601953125)":13,"(Float16(0.05038), 0.060384521484375)":87},"2":{"(Float16(0.9487), 0.95873046875)":16,"(Float16(0.05038), 0.060384521484375)":84},"10":{"(Float16(0.9487), 0.95873046875)":9,"(Float16(0.05017), 0.0601708984375)":91},"18":{"(Float16(0.948), 0.9582421875)":72,"(Float16(0.05), 0.05998779296875)":28},"26":{"(Float16(0.9497), 0.95970703125)":16,"(Float16(0.05035), 0.06035400390625)":84},"27":{"(Float16(0.0503), 0.06029296875)":83,"(Float16(0.949), 0.95921875)":17},"42":{"(Float16(0.949), 0.95921875)":85,"(Float16(0.05005), 0.060048828125)":15},"87":{"(Float16(0.05002), 0.060018310546875)":39,"(Float16(0.948), 0.9582421875)":61},"100":{"(Float16(0.9487), 0.95873046875)":63,"(Float16(0.0501), 0.06010986328125)":37},"79":{"(Float16(0.05008), 0.060079345703125)":16,"(Float16(0.948), 0.9582421875)":84},"16":{"(Float16(0.05026), 0.060262451171875)":75,"(Float16(0.949), 0.95921875)":25},"20":{"(Float16(0.05035), 0.06035400390625)":91,"(Float16(0.948), 0.9582421875)":9},"81":{"(Float16(0.05005), 0.060048828125)":14,"(Float16(0.948), 0.9582421875)":86},"19":{"(Float16(0.9497), 0.95970703125)":17,"(Float16(0.05035), 0.06035400390625)":83},"49":{"(Float16(0.05026), 0.060262451171875)":91,"(Float16(0.949), 0.95921875)":9},"44":{"(Float16(0.05035), 0.06035400390625)":90,"(Float16(0.949), 0.95921875)":10},"9":{"(Float16(0.0501), 0.06010986328125)":4,"(Float16(0.948), 0.9582421875)":96},"31":{"(Float16(0.05005), 0.060048828125)":16,"(Float16(0.9478), 0.95775390625)":84},"74":{"(Float16(0.05005), 0.060048828125)":17,"(Float16(0.9473), 0.957265625)":83},"61":{"(Float16(0.0501), 0.06010986328125)":19,"(Float16(0.948), 0.9582421875)":81},"29":{"(Float16(0.0503), 0.06029296875)":79,"(Float16(0.949), 0.95921875)":21},"94":{"(Float16(0.0501), 0.06010986328125)":57,"(Float16(0.948), 0.9582421875)":43},"46":{"(Float16(0.0501), 0.06010986328125)":11,"(Float16(0.9478), 0.95775390625)":89},"57":{"(Float16(0.0502), 0.060201416015625)":97,"(Float16(0.949), 0.95921875)":3},"70":{"(Float16(0.948), 0.9582421875)":12,"(Float16(0.05045), 0.060445556640625)":88},"21":{"(Float16(0.949), 0.95921875)":76,"(Float16(0.05005), 0.060048828125)":24},"38":{"(Float16(0.05032), 0.060323486328125)":95,"(Float16(0.95), 0.9601953125)":5},"88":{"(Float16(0.9497), 0.95970703125)":13,"(Float16(0.05035), 0.06035400390625)":87},"78":{"(Float16(0.95), 0.9601953125)":1,"(Float16(0.05023), 0.06023193359375)":99},"72":{"(Float16(0.9487), 0.95873046875)":63,"(Float16(0.05), 0.05998779296875)":37},"24":{"(Float16(0.05017), 0.0601708984375)":91,"(Float16(0.948), 0.9582421875)":9},"8":{"(Float16(0.949), 0.95921875)":8,"(Float16(0.05023), 0.06023193359375)":92},"17":{"(Float16(0.9478), 0.95775390625)":93,"(Float16(0.05014), 0.060140380859375)":7},"37":{"(Float16(0.949), 0.95921875)":10,"(Float16(0.05023), 0.06023193359375)":90},"1":{"(Float16(0.9487), 0.95873046875)":17,"(Float16(0.05026), 0.060262451171875)":83},"53":{"(Float16(0.949), 0.95921875)":2,"(Float16(0.05023), 0.06023193359375)":98},"22":{"(Float16(0.9497), 0.95970703125)":16,"(Float16(0.05035), 0.06035400390625)":84},"47":{"(Float16(0.949), 0.95921875)":42,"(Float16(0.05005), 0.060048828125)":58},"83":{"(Float16(0.9497), 0.95970703125)":14,"(Float16(0.05023), 0.06023193359375)":86},"99":{"(Float16(0.05005), 0.060048828125)":20,"(Float16(0.948), 0.9582421875)":80},"89":{"(Float16(0.05005), 0.060048828125)":6,"(Float16(0.9478), 0.95775390625)":94},"14":{"(Float16(0.05054), 0.060537109375)":4,"(Float16(0.948), 0.9582421875)":96},"3":{"(Float16(0.0503), 0.06029296875)":89,"(Float16(0.95), 0.9601953125)":11},"80":{"(Float16(0.949), 0.95921875)":4,"(Float16(0.05023), 0.06023193359375)":96},"96":{"(Float16(0.05032), 0.060323486328125)":9,"(Float16(0.9478), 0.95775390625)":91},"51":{"(Float16(0.05026), 0.060262451171875)":93,"(Float16(0.948), 0.9582421875)":7},"33":{"(Float16(0.95), 0.9601953125)":5,"(Float16(0.05054), 0.060537109375)":95},"40":{"(Float16(0.0501), 0.06010986328125)":65,