{"5":{"(Float16(0.6855), Float16(0.8857))":56,"(Float16(0.0002388), Float16(0.2002))":44},"56":{"(Float16(0.8496), Float16(1.05))":40,"(Float16(0.549), Float16(0.749))":29,"(Float16(0.0003014), Float16(0.2003))":31},"35":{"(Float16(0.3394), Float16(0.5396))":37,"(Float16(0.000938), Float16(0.2009))":11,"(Float16(0.7427), Float16(0.943))":52},"55":{"(Float16(0.4023), Float16(0.6025))":36,"(Float16(0.7354), Float16(0.9355))":42,"(Float16(6.51e-5), Float16(0.2001))":22},"60":{"(Float16(0.793), Float16(0.993))":38,"(Float16(0.3809), Float16(0.581))":41,"(Float16(0.000575), Float16(0.2006))":21},"30":{"(Float16(0.4937), Float16(0.694))":45,"(Float16(0.83), Float16(1.03))":26,"(Float16(0.0005493), Float16(0.2006))":29},"32":{"(Float16(0.84), Float16(1.04))":42,"(Float16(0.4224), Float16(0.6226))":44,"(Float16(0.0004058), Float16(0.2004))":14},"6":{"(Float16(0.00068), Float16(0.2007))":31,"(Float16(0.62), Float16(0.8203))":32,"(Float16(0.3545), Float16(0.5547))":22,"(Float16(0.8936), Float16(1.094))":15},"67":{"(Float16(0.7188), Float16(0.919))":51,"(Float16(0.0001619), Float16(0.2002))":22,"(Float16(0.37), Float16(0.5703))":27},"45":{"(Float16(0.0009127), Float16(0.2009))":19,"(Float16(0.4888), Float16(0.689))":43,"(Float16(0.8086), Float16(1.009))":38},"73":{"(Float16(0.0003667), Float16(0.2003))":30,"(Float16(0.4067), Float16(0.607))":30,"(Float16(0.7695), Float16(0.9697))":40},"64":{"(Float16(0.0005374), Float16(0.2006))":18,"(Float16(0.4258), Float16(0.626))":41,"(Float16(0.8174), Float16(1.018))":41},"90":{"(Float16(0.793), Float16(0.993))":37,"(Float16(0.4077), Float16(0.608))":45,"(Float16(0.0002594), Float16(0.2003))":18},"4":{"(Float16(0.675), Float16(0.875))":79,"(Float16(3.6e-7), Float16(0.2))":21},"13":{"(Float16(0.838), Float16(1.038))":37,"(Float16(1.29e-5), Float16(0.2001))":23,"(Float16(0.4995), Float16(0.6997))":40},"54":{"(Float16(0.0005875), Float16(0.2006))":40,"(Float16(0.5264), Float16(0.7266))":32,"(Float16(0.8438), Float16(1.044))":28},"63":{"(Float16(0.0003257), Float16(0.2003))":34,"(Float16(0.4585), Float16(0.6587))":28,"(Float16(0.8076), Float16(1.008))":38},"86":{"(Float16(0.000411), Float16(0.2004))":40,"(Float16(0.718), Float16(0.918))":60},"91":{"(Float16(0.8447), Float16(1.045))":29,"(Float16(0.0001535), Float16(0.2002))":15,"(Float16(0.394), Float16(0.594))":56},"62":{"(Float16(0.0004675), Float16(0.2004))":49,"(Float16(0.5176), Float16(0.718))":15,"(Float16(0.835), Float16(1.035))":36},"58":{"(Float16(0.704), Float16(0.9043))":65,"(Float16(6.1e-6), Float16(0.2))":35},"52":{"(Float16(0.0009255), Float16(0.2009))":19,"(Float16(0.312), Float16(0.512))":31,"(Float16(0.9355), Float16(1.136))":9,"(Float16(0.6777), Float16(0.878))":41},"12":{"(Float16(0.000639), Float16(0.2007))":26,"(Float16(0.4536), Float16(0.654))":41,"(Float16(0.8184), Float16(1.019))":33},"28":{"(Float16(0.801), Float16(1.001))":25,"(Float16(0.495), Float16(0.6953))":46,"(Float16(0.0003865), Float16(0.2004))":29},"75":{"(Float16(0.0007915), Float16(0.2008))":22,"(Float16(0.4614), Float16(0.6616))":39,"(Float16(0.783), Float16(0.9834))":39},"23":{"(Float16(0.3975), Float16(0.5977))":41,"(Float16(0.754), Float16(0.954))":37,"(Float16(0.001106), Float16(0.201))":22},"92":{"(Float16(0.0005403), Float16(0.2006))":30,"(Float16(0.7275), Float16(0.9277))":46,"(Float16(0.3848), Float16(0.585))":24},"41":{"(Float16(0.4727), Float16(0.673))":27,"(Float16(0.8057), Float16(1.006))":41,"(Float16(0.0005555), Float16(0.2006))":32},"43":{"(Float16(0.4326), Float16(0.633))":46,"(Float16(0.0002906), Float16(0.2003))":15,"(Float16(0.788), Float16(0.9883))":39},"11":{"(Float16(0.7646), Float16(0.965))":47,"(Float16(0.372), Float16(0.5723))":33,"(Float16(0.0006046), Float16(0.2006))":20},"36":{"(Float16(0.6934), Float16(0.8936))":60,"(Float16(0.0004144), Float16(0.2004))":40},"68":{"(Float16(0.33), Float16(0.5303))":15,"(Float16(0.7246), Float16(0.925))":64,"(Float16(0.000534), Float16(0.2006))":21},"69":{"(Float16(0.836), Float16(1.036))":31,"(Float16(0.536), Float16(0.7363))":34,"(Float16(0.0004346), Float16(0.2004))":35},"98":{"(Float16(5.0e-7), Float16(0.2))":30,"(Float16(0.356), Float16(0.556))":10,"(Float16(0.676), Float16(0.876))":60},"82":{"(Float16(0.87), Float16(1.07))":32,"(Float16(0.0003886), Float16(0.2004))":40,"(Float16(0.5176), Float16(0.718))":28},"85":{"(Float16(0.576), Float16(0.7764))":39,"(Float16(0.8604), Float16(1.061))":27,"(Float16(0.000568), Float16(0.2006))":34},"39":{"(Float16(1.0e-7), Float16(0.2))":18,"(Float16(0.5967), Float16(0.797))":82},"84":{"(Float16(0.4868), Float16(0.687))":35,"(Float16(0.8), Float16(1.0))":40,"(Float16(0.000588), Float16(0.2006))":25},"77":{"(Float16(0.000583), Float16(0.2006))":34,"(Float16(0.4863), Float16(0.6865))":26,"(Float16(0.8223), Float16(1.022))":40},"7":{"(Float16(0.784), Float16(0.9844))":36,"(Float16(0.0004785), Float16(0.2004))":24,"(Float16(0.434), Float16(0.6343))":40},"25":{"(Float16(0.0004642), Float16(0.2004))":26,"(Float16(0.414), Float16(0.6143))":27,"(Float16(0.7236), Float16(0.924))":47},"95":{"(Float16(0.000537), Float16(0.2006))":19,"(Float16(0.796), Float16(0.996))":32,"(Float16(0.4033), Float16(0.6035))":49},"71":{"(Float16(0.7666), Float16(0.967))":40,"(Float16(0.379), Float16(0.579))":34,"(Float16(0.000506), Float16(0.2006))":26},"66":{"(Float16(0.7754), Float16(0.9756))":42,"(Float16(0.0001888), Float16(0.2002))":27,"(Float16(0.3745), Float16(0.5747))":31},"76":{"(Float16(0.000692), Float16(0.2007))":13,"(Float16(0.3945), Float16(0.5947))":45,"(Float16(0.746), Float16(0.9463))":42},"34":{"(Float16(0.8555), Float16(1.056))":37,"(Float16(0.498), Float16(0.698))":44,"(Float16(0.000564), Float16(0.2006))":19},"50":{"(Float16(0.715), Float16(0.915))":56,"(Float16(0.000251), Float16(0.2002))":44},"59":{"(Float16(0.4841), Float16(0.684))":43,"(Float16(0.798), Float16(0.998))":31,"(Float16(0.0003734), Float16(0.2003))":26},"93":{"(Float16(0.834), Float16(1.034))":21,"(Float16(0.000393), Float16(0.2004))":34,"(Float16(0.545), Float16(0.745))":45},"2":{"(Float16(0.3818), Float16(0.582))":44,"(Float16(0.7666), Float16(0.967))":36,"(Float16(0.0002358), Float16(0.2002))":20},"10":{"(Float16(0.802), Float16(1.002))":38,"(Float16(0.0004888), Float16(0.2004))":21,"(Float16(0.3794), Float16(0.5796))":41},"18":{"(Float16(0.4724), Float16(0.6724))":46,"(Float16(0.8135), Float16(1.014))":28,"(Float16(0.000635), Float16(0.2007))":26},"26":{"(Float16(0.834), Float16(1.034))":29,"(Float16(0.0003605), Float16(0.2003))":35,"(Float16(0.5615), Float16(0.7617))":36},"27":{"(Float16(0.0006204), Float16(0.2006))":35,"(Float16(0.7725), Float16(0.9727))":43,"(Float16(0.4966), Float16(0.697))":22},"42":{"(Float16(0.8057), Float16(1.006))":36,"(Float16(0.441), Float16(0.641))":47,"(Float16(0.000557), Float16(0.2006))":17},"87":{"(Float16(0.0004835), Float16(0.2004))":23,"(Float16(0.3896), Float16(0.59))":33,"(Float16(0.7676), Float16(0.968))":44},"100":{"(Float16(0.836), Float16(1.036))":39,"(Float16(0.5093), Float16(0.7095))":37,"(Float16(0.000757), Float16(0.2008))":24},"79":{"(Float16(0.867), Float16(1.067))":25,"(Float16(0.0005565), Float16(0.2006))":31,"(Float16(0.5254), Float16(0.7256))":44},"16":{"(Float16(0.879), Float16(1.079))":32,"(Float16(0.434), Float16(0.6343))":46,"(Float16(0.0003924), Float16(0.2004))":22},"20":{"(Float16(0.0003228), Float16(0.2003))":25,"(Float16(0.5225), Float16(0.7227))":49,"(Float16(0.8545), Float16(1.055))":26},"81":{"(Float16(0.0004253), Float16(0.2004))":12,"(Float16(0.3784), Float16(0.5786))":41,"(Float16(0.789), Float16(0.9893))":47},"19":{"(Float16(0.4102), Float16(0.6104))":33,"(Float16(0.0003715), Float16(0.2003))":19,"(Float16(0.798), Float16(0.998))":48},"49":{"(Float16(0.8057), Float16(1.006))":44,"(Float16(0.3896), Float16(0.59))":32,"(Float16(0.000597), Float16(0.2006))":24},"44":{"(Float16(0.3862), Float16(0.5864))":29,"(Float16(9.8e-6), Float16(0.2))":18,"(Float16(0.7217), Float16(0.922))":53},"9":{"(Float16(0.7734), Float16(0.9736))":47,