{"5":{"(Float16(0.0001743), Float16(1.0))":100},"56":{"(Float16(0.000247), Float16(1.0))":100},"35":{"(Float16(0.0003147), Float16(1.0))":100},"55":{"(Float16(0.000239), Float16(1.0))":100},"60":{"(Float16(0.00011635), Float16(1.0))":100},"30":{"(Float16(0.00036), Float16(1.0))":100},"32":{"(Float16(7.856e-5), Float16(1.0))":100},"6":{"(Float16(0.0002439), Float16(1.0))":100},"67":{"(Float16(0.0001302), Float16(1.0))":100},"45":{"(Float16(0.0002933), Float16(1.0))":100},"73":{"(Float16(0.0001255), Float16(1.0))":100},"64":{"(Float16(8.94e-5), Float16(1.0))":100},"90":{"(Float16(0.0001609), Float16(1.0))":100},"4":{"(Float16(0.0003529), Float16(1.0))":100},"13":{"(Float16(0.0002329), Float16(1.0))":100},"54":{"(Float16(0.0001829), Float16(1.0))":100},"63":{"(Float16(0.00024), Float16(1.0))":100},"86":{"(Float16(0.0001799), Float16(1.0))":100},"91":{"(Float16(0.0002615), Float16(1.0))":100},"62":{"(Float16(0.000457), Float16(1.0))":100},"58":{"(Float16(0.0002028), Float16(1.0))":100},"52":{"(Float16(0.0001924), Float16(1.0))":100},"12":{"(Float16(0.000272), Float16(1.0))":100},"28":{"(Float16(0.0002385), Float16(1.0))":100},"75":{"(Float16(0.000209), Float16(1.0))":100},"23":{"(Float16(0.000363), Float16(1.0))":100},"92":{"(Float16(0.0002073), Float16(1.0))":100},"41":{"(Float16(0.0002646), Float16(1.0))":100},"43":{"(Float16(0.0001299), Float16(1.0))":100},"11":{"(Float16(0.0002166), Float16(1.0))":100},"36":{"(Float16(0.0002421), Float16(1.0))":100},"68":{"(Float16(0.000335), Float16(1.0))":100},"69":{"(Float16(0.0002003), Float16(1.0))":100},"98":{"(Float16(0.0002184), Float16(1.0))":100},"82":{"(Float16(0.000249), Float16(1.0))":100},"85":{"(Float16(0.0001695), Float16(1.0))":100},"39":{"(Float16(0.0002875), Float16(1.0))":100},"84":{"(Float16(0.000166), Float16(1.0))":100},"77":{"(Float16(0.0002255), Float16(1.0))":100},"7":{"(Float16(0.0001289), Float16(1.0))":100},"25":{"(Float16(0.0001915), Float16(1.0))":100},"95":{"(Float16(0.00010705), Float16(1.0))":100},"71":{"(Float16(0.0002759), Float16(1.0))":100},"66":{"(Float16(0.0002708), Float16(1.0))":100},"76":{"(Float16(0.0002625), Float16(1.0))":100},"34":{"(Float16(0.0001963), Float16(1.0))":100},"50":{"(Float16(0.0003061), Float16(1.0))":100},"59":{"(Float16(0.000262), Float16(1.0))":100},"93":{"(Float16(0.000319), Float16(1.0))":100},"2":{"(Float16(0.0001462), Float16(1.0))":100},"10":{"(Float16(0.0001781), Float16(1.0))":100},"18":{"(Float16(0.0002937), Float16(1.0))":100},"26":{"(Float16(0.0003004), Float16(1.0))":100},"27":{"(Float16(0.0001628), Float16(1.0))":100},"42":{"(Float16(0.0002956), Float16(1.0))":100},"87":{"(Float16(0.0001605), Float16(1.0))":100},"100":{"(Float16(0.0002704), Float16(1.0))":100},"79":{"(Float16(0.0001035), Float16(1.0))":100},"16":{"(Float16(0.0002732), Float16(1.0))":100},"20":{"(Float16(0.0002415), Float16(1.0))":100},"81":{"(Float16(0.0002435), Float16(1.0))":100},"19":{"(Float16(0.000285), Float16(1.0))":100},"49":{"(Float16(0.000316), Float16(1.0))":100},"44":{"(Float16(0.0001853), Float16(1.0))":100},"9":{"(Float16(0.0002742), Float16(1.0))":100},"31":{"(Float16(0.0002), Float16(1.0))":100},"74":{"(Float16(0.0003107), Float16(1.0))":100},"61":{"(Float16(0.0001745), Float16(1.0))":100},"29":{"(Float16(0.000289), Float16(1.0))":100},"94":{"(Float16(0.0003276), Float16(1.0))":100},"46":{"(Float16(0.0002034), Float16(1.0))":100},"57":{"(Float16(0.0002062), Float16(1.0))":100},"70":{"(Float16(0.0001795), Float16(1.0))":100},"21":{"(Float16(0.0001374), Float16(1.0))":100},"38":{"(Float16(0.0001323), Float16(1.0))":100},"88":{"(Float16(0.0002413), Float16(1.0))":100},"78":{"(Float16(0.0002959), Float16(1.0))":100},"72":{"(Float16(0.0001433), Float16(1.0))":100},"24":{"(Float16(0.0002112), Float16(1.0))":100},"8":{"(Float16(0.0002344), Float16(1.0))":100},"17":{"(Float16(0.0001581), Float16(1.0))":100},"37":{"(Float16(0.0003846), Float16(1.0))":100},"1":{"(Float16(0.0002642), Float16(1.0))":100},"53":{"(Float16(0.0003), Float16(1.0))":100},"22":{"(Float16(0.000341), Float16(1.0))":100},"47":{"(Float16(0.0002005), Float16(1.0))":100},"83":{"(Float16(0.000244), Float16(1.0))":100},"99":{"(Float16(0.0002906), Float16(1.0))":100},"89":{"(Float16(0.0003176), Float16(1.0))":100},"14":{"(Float16(0.0002928), Float16(1.0))":100},"3":{"(Float16(0.0001698), Float16(1.0))":100},"80":{"(Float16(0.0002079), Float16(1.0))":100},"96":{"(Float16(0.0001884), Float16(1.0))":100},"51":{"(Float16(0.0002482), Float16(1.0))":100},"33":{"(Float16(0.0003653), Float16(1.0))":100},"40":{"(Float16(0.0003614), Float16(1.0))":100},"48":{"(Float16(0.0002432), Float16(1.0))":100},"15":{"(Float16(0.000279), Float16(1.0))":100},"65":{"(Float16(0.0002737), Float16(1.0))":100},"97":{"(Float16(0.0001533), Float16(1.0))":100}}