{"5":{"(Float16(0.0002309), Float16(1.0))":100},"56":{"(Float16(0.00010777), Float16(1.0))":100},"35":{"(Float16(0.0003033), Float16(1.0))":100},"55":{"(Float16(0.0002887), Float16(1.0))":100},"60":{"(Float16(0.0002508), Float16(1.0))":100},"30":{"(Float16(0.0002503), Float16(1.0))":100},"32":{"(Float16(0.0001652), Float16(1.0))":100},"6":{"(Float16(0.0002978), Float16(1.0))":100},"67":{"(Float16(0.0002747), Float16(1.0))":100},"45":{"(Float16(0.0002315), Float16(1.0))":100},"73":{"(Float16(0.0001805), Float16(1.0))":100},"64":{"(Float16(0.00023), Float16(1.0))":100},"90":{"(Float16(0.0002139), Float16(1.0))":100},"4":{"(Float16(0.0004873), Float16(1.0))":100},"13":{"(Float16(0.0001957), Float16(1.0))":100},"54":{"(Float16(0.00021), Float16(1.0))":100},"63":{"(Float16(0.0002332), Float16(1.0))":100},"86":{"(Float16(0.0002327), Float16(1.0))":100},"91":{"(Float16(0.000155), Float16(1.0))":100},"62":{"(Float16(0.0003264), Float16(1.0))":100},"58":{"(Float16(0.0001898), Float16(1.0))":100},"52":{"(Float16(0.0002768), Float16(1.0))":100},"12":{"(Float16(0.000139), Float16(1.0))":100},"28":{"(Float16(0.0001713), Float16(1.0))":100},"75":{"(Float16(0.0002155), Float16(1.0))":100},"23":{"(Float16(0.0002575), Float16(1.0))":100},"92":{"(Float16(0.0002599), Float16(1.0))":100},"41":{"(Float16(0.0002847), Float16(1.0))":100},"43":{"(Float16(0.000337), Float16(1.0))":100},"11":{"(Float16(0.0002592), Float16(1.0))":100},"36":{"(Float16(0.000511), Float16(1.001))":100},"68":{"(Float16(0.0003037), Float16(1.0))":100},"69":{"(Float16(0.0002326), Float16(1.0))":100},"98":{"(Float16(0.0002381), Float16(1.0))":100},"82":{"(Float16(0.000247), Float16(1.0))":100},"85":{"(Float16(0.0002518), Float16(1.0))":100},"39":{"(Float16(0.0002025), Float16(1.0))":100},"84":{"(Float16(0.00011575), Float16(1.0))":100},"77":{"(Float16(0.0001881), Float16(1.0))":100},"7":{"(Float16(0.0002644), Float16(1.0))":100},"25":{"(Float16(0.0001911), Float16(1.0))":100},"95":{"(Float16(0.0002837), Float16(1.0))":100},"71":{"(Float16(0.0002434), Float16(1.0))":100},"66":{"(Float16(0.0002267), Float16(1.0))":100},"76":{"(Float16(0.0001671), Float16(1.0))":100},"34":{"(Float16(0.0002067), Float16(1.0))":100},"50":{"(Float16(0.0002353), Float16(1.0))":100},"59":{"(Float16(0.0002114), Float16(1.0))":100},"93":{"(Float16(0.0002565), Float16(1.0))":100},"2":{"(Float16(0.0002134), Float16(1.0))":100},"10":{"(Float16(0.0002258), Float16(1.0))":100},"18":{"(Float16(0.0002923), Float16(1.0))":100},"26":{"(Float16(0.0001819), Float16(1.0))":100},"27":{"(Float16(0.0001674), Float16(1.0))":100},"42":{"(Float16(0.0002642), Float16(1.0))":100},"87":{"(Float16(0.0002398), Float16(1.0))":100},"100":{"(Float16(0.000205), Float16(1.0))":100},"79":{"(Float16(9.26e-5), Float16(1.0))":100},"16":{"(Float16(0.0004463), Float16(1.0))":100},"20":{"(Float16(0.0001848), Float16(1.0))":100},"81":{"(Float16(0.000215), Float16(1.0))":100},"19":{"(Float16(0.0002444), Float16(1.0))":100},"49":{"(Float16(0.0002074), Float16(1.0))":100},"44":{"(Float16(0.0002968), Float16(1.0))":100},"9":{"(Float16(0.000272), Float16(1.0))":100},"31":{"(Float16(0.0002308), Float16(1.0))":100},"74":{"(Float16(0.0002165), Float16(1.0))":100},"61":{"(Float16(0.0002428), Float16(1.0))":100},"29":{"(Float16(0.0002518), Float16(1.0))":100},"94":{"(Float16(0.000491), Float16(1.001))":100},"46":{"(Float16(0.000307), Float16(1.0))":100},"57":{"(Float16(0.0001856), Float16(1.0))":100},"70":{"(Float16(0.0003023), Float16(1.0))":100},"21":{"(Float16(0.0002363), Float16(1.0))":100},"38":{"(Float16(0.0002794), Float16(1.0))":100},"88":{"(Float16(0.000302), Float16(1.0))":100},"78":{"(Float16(0.0003104), Float16(1.0))":100},"72":{"(Float16(0.0002277), Float16(1.0))":100},"24":{"(Float16(0.0003123), Float16(1.0))":100},"8":{"(Float16(0.0001379), Float16(1.0))":100},"17":{"(Float16(0.0002737), Float16(1.0))":100},"37":{"(Float16(0.0001936), Float16(1.0))":100},"1":{"(Float16(0.0002365), Float16(1.0))":100},"53":{"(Float16(0.0002154), Float16(1.0))":100},"22":{"(Float16(0.0002632), Float16(1.0))":100},"47":{"(Float16(0.000142), Float16(1.0))":100},"83":{"(Float16(0.0002685), Float16(1.0))":100},"99":{"(Float16(0.0002666), Float16(1.0))":100},"89":{"(Float16(0.0002015), Float16(1.0))":100},"14":{"(Float16(0.0002563), Float16(1.0))":100},"3":{"(Float16(0.00021), Float16(1.0))":100},"80":{"(Float16(0.0002311), Float16(1.0))":100},"96":{"(Float16(0.0002785), Float16(1.0))":100},"51":{"(Float16(0.0001969), Float16(1.0))":100},"33":{"(Float16(0.0002573), Float16(1.0))":100},"40":{"(Float16(9.25e-5), Float16(1.0))":100},"48":{"(Float16(0.0001862), Float16(1.0))":100},"15":{"(Float16(0.0002061), Float16(1.0))":100},"65":{"(Float16(0.0003119), Float16(1.0))":100},"97":{"(Float16(0.0002226), Float16(1.0))":100}}