{"5":{"(Float16(0.6436), Float16(0.9434))":68,"(Float16(8.243e-5), Float16(0.3))":32},"56":{"(Float16(0.0006647), Float16(0.3008))":61,"(Float16(0.6787), Float16(0.9785))":39},"35":{"(Float16(0.4597), Float16(0.76))":58,"(Float16(0.7656), Float16(1.065))":2,"(Float16(0.000472), Float16(0.3005))":40},"55":{"(Float16(0.6826), Float16(0.9824))":67,"(Float16(0.0001466), Float16(0.3))":31,"(Float16(0.3027), Float16(0.6025))":2},"60":{"(Float16(0.4868), Float16(0.7866))":77,"(Float16(0.0001643), Float16(0.3))":17,"(Float16(0.8706), Float16(1.171))":6},"30":{"(Float16(5.76e-5), Float16(0.3))":30,"(Float16(0.621), Float16(0.921))":70},"32":{"(Float16(7.045e-5), Float16(0.3))":43,"(Float16(0.658), Float16(0.958))":57},"6":{"(Float16(0.0001252), Float16(0.3))":23,"(Float16(0.8984), Float16(1.198))":2,"(Float16(0.54), Float16(0.84))":75},"67":{"(Float16(0.7646), Float16(1.064))":47,"(Float16(0.3096), Float16(0.6094))":3,"(Float16(5.14e-5), Float16(0.3))":50},"45":{"(Float16(0.0004323), Float16(0.3005))":39,"(Float16(0.8047), Float16(1.1045))":10,"(Float16(0.4844), Float16(0.784))":51},"73":{"(Float16(0.0001307), Float16(0.3))":26,"(Float16(0.3013), Float16(0.601))":4,"(Float16(0.669), Float16(0.9688))":70},"64":{"(Float16(0.585), Float16(0.885))":77,"(Float16(8.345e-5), Float16(0.3))":23},"90":{"(Float16(0.0001512), Float16(0.3))":10,"(Float16(0.534), Float16(0.834))":90},"4":{"(Float16(0.6543), Float16(0.954))":29,"(Float16(0.0003278), Float16(0.3003))":71},"13":{"(Float16(0.00011253), Float16(0.3))":36,"(Float16(0.713), Float16(1.013))":62,"(Float16(0.3284), Float16(0.6284))":2},"54":{"(Float16(0.7607), Float16(1.061))":4,"(Float16(0.3872), Float16(0.687))":96},"63":{"(Float16(0.506), Float16(0.8057))":86,"(Float16(0.0001669), Float16(0.3))":14},"86":{"(Float16(0.0001456), Float16(0.3))":18,"(Float16(0.587), Float16(0.8867))":82},"91":{"(Float16(0.506), Float16(0.8057))":87,"(Float16(0.0001385), Float16(0.3))":13},"62":{"(Float16(0.6084), Float16(0.908))":35,"(Float16(0.0003448), Float16(0.3003))":63,"(Float16(0.965), Float16(1.265))":2},"58":{"(Float16(0.4036), Float16(0.7036))":2,"(Float16(0.743), Float16(1.043))":60,"(Float16(0.0002217), Float16(0.3003))":38},"52":{"(Float16(5.7e-5), Float16(0.3))":49,"(Float16(0.31), Float16(0.61))":6,"(Float16(0.7725), Float16(1.072))":45},"12":{"(Float16(0.0002182), Float16(0.3003))":23,"(Float16(0.3271), Float16(0.627))":2,"(Float16(0.629), Float16(0.9287))":75},"28":{"(Float16(0.000443), Float16(0.3005))":25,"(Float16(0.4429), Float16(0.7427))":75},"75":{"(Float16(0.0001264), Float16(0.3))":26,"(Float16(0.623), Float16(0.923))":74},"23":{"(Float16(0.6055), Float16(0.9053))":74,"(Float16(7.5e-5), Float16(0.3))":26},"92":{"(Float16(0.0001512), Float16(0.3))":34,"(Float16(0.6475), Float16(0.9473))":66},"41":{"(Float16(0.001243), Float16(0.3013))":2,"(Float16(0.962), Float16(1.262))":9,"(Float16(0.5), Float16(0.8))":89},"43":{"(Float16(0.0004165), Float16(0.3005))":48,"(Float16(0.719), Float16(1.02))":52},"11":{"(Float16(0.0004206), Float16(0.3005))":72,"(Float16(0.7656), Float16(1.065))":28},"36":{"(Float16(0.3123), Float16(0.6123))":5,"(Float16(6.15e-5), Float16(0.3))":30,"(Float16(0.6846), Float16(0.9844))":65},"68":{"(Float16(0.0001215), Float16(0.3))":35,"(Float16(0.3396), Float16(0.6396))":2,"(Float16(0.704), Float16(1.004))":63},"69":{"(Float16(0.5938), Float16(0.8936))":85,"(Float16(0.0002713), Float16(0.3003))":15},"98":{"(Float16(0.0002644), Float16(0.3003))":29,"(Float16(0.3281), Float16(0.628))":2,"(Float16(0.67), Float16(0.9697))":69},"82":{"(Float16(0.000432), Float16(0.3005))":18,"(Float16(0.551), Float16(0.8506))":82},"85":{"(Float16(0.5957), Float16(0.8955))":79,"(Float16(0.000506), Float16(0.3005))":21},"39":{"(Float16(0.6387), Float16(0.9385))":73,"(Float16(0.000309), Float16(0.3003))":27},"84":{"(Float16(0.00033), Float16(0.3003))":23,"(Float16(0.926), Float16(1.226))":1,"(Float16(0.6045), Float16(0.9043))":76},"77":{"(Float16(0.6475), Float16(0.9473))":66,"(Float16(0.3384), Float16(0.638))":3,"(Float16(0.00010633), Float16(0.3))":31},"7":{"(Float16(0.00010693), Float16(0.3))":23,"(Float16(0.663), Float16(0.963))":77},"25":{"(Float16(0.7344), Float16(1.034))":13,"(Float16(0.0003772), Float16(0.3003))":87},"95":{"(Float16(0.0001363), Float16(0.3))":46,"(Float16(0.7266), Float16(1.026))":54},"71":{"(Float16(0.882), Float16(1.182))":2,"(Float16(0.5166), Float16(0.8164))":59,"(Float16(0.0004525), Float16(0.3005))":39},"66":{"(Float16(0.000133), Float16(0.3))":24,"(Float16(0.588), Float16(0.8877))":76},"76":{"(Float16(0.633), Float16(0.9326))":83,"(Float16(6.4e-6), Float16(0.3))":17},"34":{"(Float16(0.5586), Float16(0.8584))":91,"(Float16(0.0005593), Float16(0.3005))":9},"50":{"(Float16(0.0003848), Float16(0.3003))":67,"(Float16(0.689), Float16(0.989))":33},"59":{"(Float16(0.0002856), Float16(0.3003))":26,"(Float16(0.582), Float16(0.882))":74},"93":{"(Float16(0.537), Float16(0.837))":73,"(Float16(0.0002646), Float16(0.3003))":27},"2":{"(Float16(0.000149), Float16(0.3))":38,"(Float16(0.661), Float16(0.961))":62},"10":{"(Float16(7.21e-5), Float16(0.3))":35,"(Float16(0.6895), Float16(0.9893))":65},"18":{"(Float16(0.3354), Float16(0.6353))":87,"(Float16(0.74), Float16(1.04))":13},"26":{"(Float16(0.0004635), Float16(0.3005))":60,"(Float16(0.5957), Float16(0.8955))":40},"27":{"(Float16(0.0006075), Float16(0.3005))":46,"(Float16(0.5156), Float16(0.8154))":54},"42":{"(Float16(0.7324), Float16(1.032))":64,"(Float16(0.3115), Float16(0.6113))":6,"(Float16(0.0001633), Float16(0.3))":30},"87":{"(Float16(0.5234), Float16(0.823))":90,"(Float16(0.0003324), Float16(0.3003))":10},"100":{"(Float16(0.476), Float16(0.776))":87,"(Float16(0.916), Float16(1.216))":2,"(Float16(5.67e-5), Float16(0.3))":11},"79":{"(Float16(0.6045), Float16(0.9043))":73,"(Float16(0.0001056), Float16(0.3))":27},"16":{"(Float16(0.5146), Float16(0.8145))":58,"(Float16(0.0004416), Float16(0.3005))":42},"20":{"(Float16(5.39e-5), Float16(0.3))":36,"(Float16(0.664), Float16(0.964))":64},"81":{"(Float16(7.784e-5), Float16(0.3))":33,"(Float16(0.621), Float16(0.921))":67},"19":{"(Float16(0.707), Float16(1.007))":48,"(Float16(4.82e-5), Float16(0.3))":50,"(Float16(0.318), Float16(0.618))":2},"49":{"(Float16(0.6963), Float16(0.996))":65,"(Float16(0.3235), Float16(0.6235))":6,"(Float16(0.0002346), Float16(0.3003))":29},"44":{"(Float16(1.93e-5), Float16(0.3))":49,"(Float16(0.6396), Float16(0.9395))":48,"(Float16(0.3052), Float16(0.605))":3},"9":{"(Float16(0.000339), Float16(0.3003))":19,"(Float16(0.588), Float16(0.8877))":81},"31":{"(Float16(2.92e-5), Float16(0.3))":32,"(Float16(0.673), Float16(0.9727))":66,"(Float16(0.31), Float16(0.61))":2},"74":{"(Float16(5.83e-5), Float16(0.3))":30,"(Float16(0.5674), Float16(0.867))":70},"61":{"(Float16(6.723e-5), Float16(0.3))":43,"(Float16(0.6543), Float16(0.954))":57},"29":{"(Float16(0.506), Float16(0.8057))":91,"(Float16(0.000381), Float16(0.3003))":9},"94":{"(Float16(0.7227), Float16(1.022))":63,"(Float16(0.0001447), Float16(0.3))":35,"(Float16(0.3096), Float16(0.6094))":2},"46":{"(Float16(0.966), Float16(1.266))":2,"(Float16(0.585), Float16(0.885))":74,"(Float16(0.0002651), Float16(0.3003))":24},"57":{"(Float16(0.436), Float16(0.736))":87,"(Float16(0.0008945), Float16(0.3008))":9,"(Float16(0.8438), Float16(1.144))":4},"70":{"(Float16(0.3105), Float16(0.6104))":3,"(Float16(0.634), Float16(0.9336))":75,"(Float16(0.0001576), Float16(0.3))":22},"21":{"(Float16(0.5503), Float16(0.85))":53,"(Float16(0.915), Float16(1.215))":3,"(Float16(0.0004282), Float16(0.3005))":44},"38":{"(Float16(0.5186), Float16(0.8184))":86,"(Float16(0.000213), Float16(0.3003))":12,"(Float16(0.908), Float16(1.208))":2},"88":{"(Float16(0.633), Float16(0.9326))":67,"(Float16(0.00010145), Float16(0.3))":33},"78":{"(Float16(7.95e-5), Float16(0.3))":24,"(Float16(0.6074), Float16(0.907))":76},"72":{"(Float16(0.7334), Float16(1.033))":58,"(Float16(0.328), Float16(0.628))":5,"(Float16(4.613e-5), Float16(0.3))":37},