{"5":{"(Float16(0.0007663), Float16(1.001))":100},"56":{"(Float16(0.0007715), Float16(1.001))":100},"35":{"(Float16(0.000856), Float16(1.001))":100},"55":{"(Float16(0.000742), Float16(1.001))":100},"60":{"(Float16(0.000854), Float16(1.001))":100},"30":{"(Float16(0.000833), Float16(1.001))":100},"32":{"(Float16(0.0006714), Float16(1.001))":100},"6":{"(Float16(0.0005693), Float16(1.001))":100},"67":{"(Float16(0.0005875), Float16(1.001))":100},"45":{"(Float16(0.000802), Float16(1.001))":100},"73":{"(Float16(0.00067), Float16(1.001))":100},"64":{"(Float16(0.001022), Float16(1.001))":100},"90":{"(Float16(0.000977), Float16(1.001))":100},"4":{"(Float16(0.0006876), Float16(1.001))":100},"13":{"(Float16(0.0008717), Float16(1.001))":100},"54":{"(Float16(0.000714), Float16(1.001))":100},"63":{"(Float16(0.0006285), Float16(1.001))":100},"86":{"(Float16(0.00072), Float16(1.001))":100},"91":{"(Float16(0.0008717), Float16(1.001))":100},"62":{"(Float16(0.000698), Float16(1.001))":100},"58":{"(Float16(0.000809), Float16(1.001))":100},"52":{"(Float16(0.000864), Float16(1.001))":100},"12":{"(Float16(0.000842), Float16(1.001))":100},"28":{"(Float16(0.000922), Float16(1.001))":100},"75":{"(Float16(0.000974), Float16(1.001))":100},"23":{"(Float16(0.0006356), Float16(1.001))":100},"92":{"(Float16(0.0007935), Float16(1.001))":100},"41":{"(Float16(0.000735), Float16(1.001))":100},"43":{"(Float16(0.000656), Float16(1.001))":100},"11":{"(Float16(0.0008907), Float16(1.001))":100},"36":{"(Float16(0.0008626), Float16(1.001))":100},"68":{"(Float16(0.00108), Float16(1.001))":100},"69":{"(Float16(0.000807), Float16(1.001))":100},"98":{"(Float16(0.0008435), Float16(1.001))":100},"82":{"(Float16(0.0009303), Float16(1.001))":100},"85":{"(Float16(0.000576), Float16(1.001))":100},"39":{"(Float16(0.000783), Float16(1.001))":100},"84":{"(Float16(0.0008726), Float16(1.001))":100},"77":{"(Float16(0.0006666), Float16(1.001))":100},"7":{"(Float16(0.000875), Float16(1.001))":100},"25":{"(Float16(0.0007358), Float16(1.001))":100},"95":{"(Float16(0.000688), Float16(1.001))":100},"71":{"(Float16(0.000658), Float16(1.001))":100},"66":{"(Float16(0.000967), Float16(1.001))":100},"76":{"(Float16(0.00076), Float16(1.001))":100},"34":{"(Float16(0.000836), Float16(1.001))":100},"50":{"(Float16(0.0006614), Float16(1.001))":100},"59":{"(Float16(0.0008903), Float16(1.001))":100},"93":{"(Float16(0.000718), Float16(1.001))":100},"2":{"(Float16(0.000862), Float16(1.001))":100},"10":{"(Float16(0.0007315), Float16(1.001))":100},"18":{"(Float16(0.00103), Float16(1.001))":100},"26":{"(Float16(0.0007477), Float16(1.001))":100},"27":{"(Float16(0.0008883), Float16(1.001))":100},"42":{"(Float16(0.0006623), Float16(1.001))":100},"87":{"(Float16(0.000787), Float16(1.001))":100},"100":{"(Float16(0.000792), Float16(1.001))":100},"79":{"(Float16(0.0008187), Float16(1.001))":100},"16":{"(Float16(0.000734), Float16(1.001))":100},"20":{"(Float16(0.0006804), Float16(1.001))":100},"81":{"(Float16(0.000963), Float16(1.001))":100},"19":{"(Float16(0.0008593), Float16(1.001))":100},"49":{"(Float16(0.001001), Float16(1.001))":100},"44":{"(Float16(0.000493), Float16(1.001))":100},"9":{"(Float16(0.000739), Float16(1.001))":100},"31":{"(Float16(0.0008497), Float16(1.001))":100},"74":{"(Float16(0.000834), Float16(1.001))":100},"61":{"(Float16(0.0008307), Float16(1.001))":100},"29":{"(Float16(0.0005436), Float16(1.001))":100},"94":{"(Float16(0.000767), Float16(1.001))":100},"46":{"(Float16(0.0007644), Float16(1.001))":100},"57":{"(Float16(0.0007706), Float16(1.001))":100},"70":{"(Float16(0.000969), Float16(1.001))":100},"21":{"(Float16(0.0007057), Float16(1.001))":100},"38":{"(Float16(0.0009356), Float16(1.001))":100},"88":{"(Float16(0.000618), Float16(1.001))":100},"78":{"(Float16(0.000805), Float16(1.001))":100},"72":{"(Float16(0.0006304), Float16(1.001))":100},"24":{"(Float16(0.000737), Float16(1.001))":100},"8":{"(Float16(0.00076), Float16(1.001))":100},"17":{"(Float16(0.0009027), Float16(1.001))":100},"37":{"(Float16(0.0009127), Float16(1.001))":100},"1":{"(Float16(0.000987), Float16(1.001))":100},"53":{"(Float16(0.000657), Float16(1.001))":100},"22":{"(Float16(0.0006366), Float16(1.001))":100},"47":{"(Float16(0.0005455), Float16(1.001))":100},"83":{"(Float16(0.0004787), Float16(1.0))":100},"99":{"(Float16(0.0008345), Float16(1.001))":100},"89":{"(Float16(0.0008907), Float16(1.001))":100},"14":{"(Float16(0.0006514), Float16(1.001))":100},"3":{"(Float16(0.000977), Float16(1.001))":100},"80":{"(Float16(0.0007634), Float16(1.001))":100},"96":{"(Float16(0.0006695), Float16(1.001))":100},"51":{"(Float16(0.000846), Float16(1.001))":100},"33":{"(Float16(0.0007896), Float16(1.001))":100},"40":{"(Float16(0.000892), Float16(1.001))":100},"48":{"(Float16(0.0007267), Float16(1.001))":100},"15":{"(Float16(0.000803), Float16(1.001))":100},"65":{"(Float16(0.0008025), Float16(1.001))":100},"97":{"(Float16(0.000782), Float16(1.001))":100}}