{"5":{"(Float16(0.0003753), Float16(0.3003))":47,"(Float16(0.7256), Float16(1.025))":53},"56":{"(Float16(0.6104), Float16(0.91))":67,"(Float16(0.000949), Float16(0.301))":33},"35":{"(Float16(0.6826), Float16(0.9824))":58,"(Float16(0.0005727), Float16(0.3005))":42},"55":{"(Float16(0.625), Float16(0.925))":70,"(Float16(0.0003302), Float16(0.3003))":30},"60":{"(Float16(0.0005393), Float16(0.3005))":41,"(Float16(0.702), Float16(1.002))":59},"30":{"(Float16(0.000649), Float16(0.3005))":51,"(Float16(0.6953), Float16(0.995))":49},"32":{"(Float16(0.0005484), Float16(0.3005))":45,"(Float16(0.7227), Float16(1.022))":55},"6":{"(Float16(0.6543), Float16(0.954))":66,"(Float16(0.000676), Float16(0.3008))":34},"67":{"(Float16(0.6973), Float16(0.997))":54,"(Float16(0.0004878), Float16(0.3005))":46},"45":{"(Float16(0.786), Float16(1.086))":44,"(Float16(0.000574), Float16(0.3005))":56},"73":{"(Float16(0.0007486), Float16(0.3008))":50,"(Float16(0.7236), Float16(1.023))":50},"64":{"(Float16(0.0004678), Float16(0.3005))":47,"(Float16(0.716), Float16(1.016))":53},"90":{"(Float16(0.6973), Float16(0.997))":59,"(Float16(0.000656), Float16(0.3005))":41},"4":{"(Float16(0.666), Float16(0.966))":55,"(Float16(0.000738), Float16(0.3008))":45},"13":{"(Float16(0.463), Float16(0.7627))":82,"(Float16(0.0007424), Float16(0.3008))":18},"54":{"(Float16(0.001282), Float16(0.3013))":17,"(Float16(0.58), Float16(0.88))":83},"63":{"(Float16(0.000737), Float16(0.3008))":36,"(Float16(0.6543), Float16(0.954))":64},"86":{"(Float16(0.712), Float16(1.012))":60,"(Float16(0.000862), Float16(0.3008))":40},"91":{"(Float16(0.7324), Float16(1.032))":58,"(Float16(0.00054), Float16(0.3005))":42},"62":{"(Float16(0.0005035), Float16(0.3005))":63,"(Float16(0.7773), Float16(1.077))":37},"58":{"(Float16(0.000971), Float16(0.301))":39,"(Float16(0.706), Float16(1.006))":61},"52":{"(Float16(0.0006084), Float16(0.3005))":48,"(Float16(0.702), Float16(1.002))":52},"12":{"(Float16(0.0004096), Float16(0.3003))":100},"28":{"(Float16(8.56e-5), Float16(0.3))":35,"(Float16(0.621), Float16(0.921))":65},"75":{"(Float16(0.0006933), Float16(0.3008))":40,"(Float16(0.703), Float16(1.003))":60},"23":{"(Float16(0.6777), Float16(0.9775))":57,"(Float16(0.001055), Float16(0.301))":43},"92":{"(Float16(0.000836), Float16(0.3008))":27,"(Float16(0.672), Float16(0.9717))":73},"41":{"(Float16(0.0007153), Float16(0.3008))":48,"(Float16(0.714), Float16(1.014))":52},"43":{"(Float16(0.5723), Float16(0.872))":73,"(Float16(0.0008264), Float16(0.3008))":27},"11":{"(Float16(0.593), Float16(0.8926))":75,"(Float16(0.000736), Float16(0.3008))":25},"36":{"(Float16(0.0007105), Float16(0.3008))":49,"(Float16(0.706), Float16(1.006))":51},"68":{"(Float16(0.0006094), Float16(0.3005))":51,"(Float16(0.7236), Float16(1.023))":49},"69":{"(Float16(0.000568), Float16(0.3005))":45,"(Float16(0.657), Float16(0.957))":55},"98":{"(Float16(0.6104), Float16(0.91))":49,"(Float16(0.000737), Float16(0.3008))":51},"82":{"(Float16(0.0004685), Float16(0.3005))":40,"(Float16(0.703), Float16(1.003))":60},"85":{"(Float16(0.0006886), Float16(0.3008))":44,"(Float16(0.6807), Float16(0.9805))":56},"39":{"(Float16(0.6973), Float16(0.997))":63,"(Float16(0.0008416), Float16(0.3008))":37},"84":{"(Float16(0.0007143), Float16(0.3008))":58,"(Float16(0.791), Float16(1.091))":42},"77":{"(Float16(0.000535), Float16(0.3005))":51,"(Float16(0.7666), Float16(1.066))":49},"7":{"(Float16(0.0003676), Float16(0.3003))":32,"(Float16(0.7), Float16(1.0))":68},"25":{"(Float16(0.0004377), Float16(0.3005))":48,"(Float16(0.747), Float16(1.047))":52},"95":{"(Float16(0.755), Float16(1.055))":45,"(Float16(0.000705), Float16(0.3008))":55},"71":{"(Float16(0.0005474), Float16(0.3005))":45,"(Float16(0.7705), Float16(1.07))":55},"66":{"(Float16(0.705), Float16(1.005))":59,"(Float16(0.000571), Float16(0.3005))":41},"76":{"(Float16(0.6025), Float16(0.9023))":59,"(Float16(0.0006104), Float16(0.3005))":41},"34":{"(Float16(0.3901), Float16(0.69))":100},"50":{"(Float16(0.66), Float16(0.96))":61,"(Float16(0.000841), Float16(0.3008))":39},"59":{"(Float16(0.0008855), Float16(0.3008))":27,"(Float16(0.621), Float16(0.921))":73},"93":{"(Float16(0.000782), Float16(0.3008))":34,"(Float16(0.671), Float16(0.9707))":66},"2":{"(Float16(0.579), Float16(0.879))":84,"(Float16(0.0001037), Float16(0.3))":16},"10":{"(Float16(0.7666), Float16(1.066))":39,"(Float16(0.000355), Float16(0.3003))":61},"18":{"(Float16(0.631), Float16(0.9307))":72,"(Float16(0.001244), Float16(0.3013))":28},"26":{"(Float16(0.674), Float16(0.9736))":64,"(Float16(0.0008526), Float16(0.3008))":36},"27":{"(Float16(0.000798), Float16(0.3008))":45,"(Float16(0.743), Float16(1.043))":55},"42":{"(Float16(0.000784), Float16(0.3008))":35,"(Float16(0.6885), Float16(0.9883))":65},"87":{"(Float16(0.0005307), Float16(0.3005))":71,"(Float16(0.798), Float16(1.098))":29},"100":{"(Float16(0.625), Float16(0.925))":56,"(Float16(0.0005894), Float16(0.3005))":44},"79":{"(Float16(0.6357), Float16(0.9355))":63,"(Float16(0.0006285), Float16(0.3005))":37},"16":{"(Float16(0.5654), Float16(0.865))":63,"(Float16(0.0005536), Float16(0.3005))":37},"20":{"(Float16(0.000558), Float16(0.3005))":37,"(Float16(0.5986), Float16(0.8984))":63},"81":{"(Float16(0.6816), Float16(0.9814))":62,"(Float16(0.000841), Float16(0.3008))":38},"19":{"(Float16(0.0004983), Float16(0.3005))":43,"(Float16(0.707), Float16(1.007))":57},"49":{"(Float16(0.000554), Float16(0.3005))":59,"(Float16(0.74), Float16(1.04))":41},"44":{"(Float16(0.786), Float16(1.086))":39,"(Float16(0.0005217), Float16(0.3005))":61},"9":{"(Float16(0.0004828), Float16(0.3005))":53,"(Float16(0.788), Float16(1.088))":47},"31":{"(Float16(0.6064), Float16(0.9062))":65,"(Float16(0.000289), Float16(0.3003))":35},"74":{"(Float16(0.0007734), Float16(0.3008))":30,"(Float16(0.62), Float16(0.92))":70},"61":{"(Float16(0.0007377), Float16(0.3008))":40,"(Float16(0.669), Float16(0.9688))":60},"29":{"(Float16(0.5967), Float16(0.8965))":50,"(Float16(0.000649), Float16(0.3005))":50},"94":{"(Float16(0.0004654), Float16(0.3005))":34,"(Float16(0.6484), Float16(0.948))":66},"46":{"(Float16(0.6836), Float16(0.9834))":52,"(Float16(0.0005054), Float16(0.3005))":48},"57":{"(Float16(0.0004876), Float16(0.3005))":39,"(Float16(0.672), Float16(0.9717))":61},"70":{"(Float16(0.0007052), Float16(0.3008))":45,"(Float16(0.747), Float16(1.047))":55},"21":{"(Float16(0.0006), Float16(0.3005))":42,"(Float16(0.754), Float16(1.054))":58},"38":{"(Float16(0.0007997), Float16(0.3008))":42,"(Float16(0.7197), Float16(1.02))":58},"88":{"(Float16(0.0003703), Float16(0.3003))":36,"(Float16(0.659), Float16(0.959))":64},"78":{"(Float16(0.000907), Float16(0.301))":25,"(Float16(0.6787), Float16(0.9785))":75},"72":{"(Float16(0.666), Float16(0.966))":63,"(Float16(0.000659), Float16(0.3005))":37},"24":{"(Float16(0.6797), Float16(0.9795))":56,"(Float16(0.000703), Float16(0.3008))":44},"8":{"(Float16(0.0005827), Float16(0.3005))":42,"(Float16(0.744), Float16(1.044))":58},"17":{"(Float16(0.0009575), Float16(0.301))":30,"(Float16(0.6104), Float16(0.91))":70},"37":{"(Float16(0.000766), Float16(0.3008))":43,"(Float16(0.6904), Float16(0.99))":57},"1":{"(Float16(0.7734), Float16(1.073))":60,"(Float16(0.000621), Float16(0.3005))":40},"53":{"(Float16(0.6494), Float16(0.949))":49,"(Float16(0.000533), Float16(0.3005))":51},"22":{"(Float16(0.0002319), Float16(0.3003))":25,"(Float16(0.5547), Float16(0.8545))":75},"47":{"(Float16(0.0006227), Float16(0.3005))":28,"(Float16(0.625), Float16(0.925))":72},"83":{"(Float16(0.6523), Float16(0.952))":73,"(Float16(0.0007434), Float16(0.3008))":27},"99":{"(Float16(0.7207), Float16(1.0205))":45,"(Float16(0.0005755), Float16(0.3005))":55},"89":{"(Float16(0.756), Float16(1.056))":42,"(Float16(0.000576), Float16(0.3005))":58},"14":{"(Float16(0.000863), Float16(0.3008))":28,"(Float16(0.6006), Float16(0.9004))":72},"3":{"(Float16(0.000781), Float16(0.3008))":45,"(Float16(0.7314), Float16(1.031))":55},"80":{"(Float16(0.7324), Float16(1.032))":51,