{"5":{"(Float16(0.05005), Float16(0.06006))":25,"(Float16(0.948), Float16(0.958))":75},"56":{"(Float16(0.948), Float16(0.958))":54,"(Float16(0.05002), Float16(0.06003))":44,"(Float16(0.4946), Float16(0.5044))":2},"35":{"(Float16(0.05023), Float16(0.06024))":58,"(Float16(0.949), Float16(0.959))":42},"55":{"(Float16(0.05005), Float16(0.06006))":32,"(Float16(0.948), Float16(0.958))":68},"60":{"(Float16(0.05), Float16(0.06))":34,"(Float16(0.9473), Float16(0.957))":66},"30":{"(Float16(0.948), Float16(0.958))":39,"(Float16(0.05038), Float16(0.0604))":61},"32":{"(Float16(0.05), Float16(0.06))":29,"(Float16(0.948), Float16(0.958))":71},"6":{"(Float16(0.05014), Float16(0.06015))":58,"(Float16(0.948), Float16(0.958))":42},"67":{"(Float16(0.0503), Float16(0.0603))":64,"(Float16(0.949), Float16(0.959))":36},"45":{"(Float16(0.05017), Float16(0.06018))":44,"(Float16(0.949), Float16(0.959))":56},"73":{"(Float16(0.05005), Float16(0.06006))":30,"(Float16(0.948), Float16(0.958))":70},"64":{"(Float16(0.05005), Float16(0.06006))":1,"(Float16(0.415), Float16(0.425))":86,"(Float16(0.95), Float16(0.96))":13},"90":{"(Float16(0.9487), Float16(0.9585))":38,"(Float16(0.0503), Float16(0.0603))":62},"4":{"(Float16(0.05035), Float16(0.06036))":63,"(Float16(0.949), Float16(0.959))":37},"13":{"(Float16(0.05017), Float16(0.06018))":36,"(Float16(0.948), Float16(0.958))":64},"54":{"(Float16(0.05), Float16(0.06))":22,"(Float16(0.948), Float16(0.958))":78},"63":{"(Float16(0.05), Float16(0.06))":24,"(Float16(0.948), Float16(0.958))":76},"86":{"(Float16(0.0502), Float16(0.0602))":60,"(Float16(0.949), Float16(0.959))":40},"91":{"(Float16(0.05), Float16(0.06))":55,"(Float16(0.4412), Float16(0.4512))":2,"(Float16(0.4202), Float16(0.4302))":4,"(Float16(0.4639), Float16(0.4739))":3,"(Float16(0.949), Float16(0.959))":36},"62":{"(Float16(0.05002), Float16(0.06003))":34,"(Float16(0.949), Float16(0.959))":66},"58":{"(Float16(0.9497), Float16(0.9595))":31,"(Float16(0.05035), Float16(0.06036))":69},"52":{"(Float16(0.05035), Float16(0.06036))":41,"(Float16(0.545), Float16(0.5547))":2,"(Float16(0.5703), Float16(0.58))":2,"(Float16(0.948), Float16(0.958))":51,"(Float16(0.507), Float16(0.5166))":4},"12":{"(Float16(0.5137), Float16(0.5234))":73,"(Float16(0.948), Float16(0.958))":19,"(Float16(0.05002), Float16(0.06003))":8},"28":{"(Float16(0.05017), Float16(0.06018))":75,"(Float16(0.949), Float16(0.959))":25},"75":{"(Float16(0.4158), Float16(0.4258))":1,"(Float16(0.05002), Float16(0.06003))":29,"(Float16(0.949), Float16(0.959))":70},"23":{"(Float16(0.05005), Float16(0.06006))":51,"(Float16(0.948), Float16(0.958))":49},"92":{"(Float16(0.948), Float16(0.958))":42,"(Float16(0.0503), Float16(0.0603))":58},"41":{"(Float16(0.948), Float16(0.958))":67,"(Float16(0.05002), Float16(0.06003))":33},"43":{"(Float16(0.05005), Float16(0.06006))":34,"(Float16(0.949), Float16(0.959))":66},"11":{"(Float16(0.542), Float16(0.552))":2,"(Float16(0.5293), Float16(0.539))":2,"(Float16(0.9487), Float16(0.9585))":53,"(Float16(0.05008), Float16(0.0601))":43},"36":{"(Float16(0.05023), Float16(0.06024))":73,"(Float16(0.9487), Float16(0.9585))":27},"68":{"(Float16(0.9478), Float16(0.9575))":73,"(Float16(0.05002), Float16(0.06003))":27},"69":{"(Float16(0.05005), Float16(0.06006))":39,"(Float16(0.948), Float16(0.958))":59,"(Float16(0.3787), Float16(0.3887))":2},"98":{"(Float16(0.6045), Float16(0.6143))":4,"(Float16(0.05005), Float16(0.06006))":34,"(Float16(0.546), Float16(0.5557))":4,"(Float16(0.567), Float16(0.5767))":2,"(Float16(0.9478), Float16(0.9575))":56},"82":{"(Float16(0.0505), Float16(0.06052))":68,"(Float16(0.5884), Float16(0.598))":1,"(Float16(0.9487), Float16(0.9585))":31},"85":{"(Float16(0.05014), Float16(0.06015))":37,"(Float16(0.948), Float16(0.958))":63},"39":{"(Float16(0.502), Float16(0.5117))":3,"(Float16(0.05002), Float16(0.06003))":53,"(Float16(0.949), Float16(0.959))":44},"84":{"(Float16(0.05), Float16(0.06))":52,"(Float16(0.9473), Float16(0.957))":48},"77":{"(Float16(0.948), Float16(0.958))":49,"(Float16(0.0501), Float16(0.06012))":51},"7":{"(Float16(0.05), Float16(0.06))":46,"(Float16(0.4795), Float16(0.4895))":3,"(Float16(0.949), Float16(0.959))":51},"25":{"(Float16(0.05), Float16(0.06))":25,"(Float16(0.948), Float16(0.958))":75},"95":{"(Float16(0.05005), Float16(0.06006))":50,"(Float16(0.4106), Float16(0.4207))":3,"(Float16(0.949), Float16(0.959))":47},"71":{"(Float16(0.05026), Float16(0.06027))":75,"(Float16(0.95), Float16(0.96))":25},"66":{"(Float16(0.05014), Float16(0.06015))":42,"(Float16(0.948), Float16(0.958))":57,"(Float16(0.4363), Float16(0.4463))":1},"76":{"(Float16(0.05023), Float16(0.06024))":71,"(Float16(0.949), Float16(0.959))":29},"34":{"(Float16(0.948), Float16(0.958))":44,"(Float16(0.5195), Float16(0.5293))":1,"(Float16(0.0504), Float16(0.06042))":55},"50":{"(Float16(0.9478), Float16(0.9575))":70,"(Float16(0.05002), Float16(0.06003))":30},"59":{"(Float16(0.418), Float16(0.428))":2,"(Float16(0.05005), Float16(0.06006))":54,"(Float16(0.5215), Float16(0.5312))":2,"(Float16(0.949), Float16(0.959))":42},"93":{"(Float16(0.05026), Float16(0.06027))":74,"(Float16(0.949), Float16(0.959))":26},"2":{"(Float16(0.05005), Float16(0.06006))":39,"(Float16(0.9478), Float16(0.9575))":61},"10":{"(Float16(0.9487), Float16(0.9585))":57,"(Float16(0.0503), Float16(0.0603))":43},"18":{"(Float16(0.05026), Float16(0.06027))":69,"(Float16(0.95), Float16(0.96))":31},"26":{"(Float16(0.05), Float16(0.06))":27,"(Float16(0.948), Float16(0.958))":73},"27":{"(Float16(0.587), Float16(0.5967))":1,"(Float16(0.9478), Float16(0.9575))":46,"(Float16(0.0503), Float16(0.0603))":53},"42":{"(Float16(0.05002), Float16(0.06003))":47,"(Float16(0.949), Float16(0.959))":53},"87":{"(Float16(0.05017), Float16(0.06018))":43,"(Float16(0.9487), Float16(0.9585))":57},"100":{"(Float16(0.483), Float16(0.493))":1,"(Float16(0.05017), Float16(0.06018))":56,"(Float16(0.948), Float16(0.958))":43},"79":{"(Float16(0.9497), Float16(0.9595))":19,"(Float16(0.6396), Float16(0.6494))":2,"(Float16(0.05032), Float16(0.06033))":79},"16":{"(Float16(0.05048), Float16(0.0605))":54,"(Float16(0.538), Float16(0.548))":1,"(Float16(0.9487), Float16(0.9585))":45},"20":{"(Float16(0.05008), Float16(0.0601))":55,"(Float16(0.949), Float16(0.959))":45},"81":{"(Float16(0.05), Float16(0.06))":56,"(Float16(0.4907), Float16(0.5005))":3,"(Float16(0.949), Float16(0.959))":41},"19":{"(Float16(0.0501), Float16(0.06012))":63,"(Float16(0.6143), Float16(0.624))":2,"(Float16(0.9487), Float16(0.9585))":35},"49":{"(Float16(0.05), Float16(0.06))":55,"(Float16(0.9487), Float16(0.9585))":44,"(Float16(0.4307), Float16(0.4407))":1},"44":{"(Float16(0.0503), Float16(0.0603))":73,"(Float16(0.949), Float16(0.959))":27},"9":{"(Float16(0.9497), Float16(0.9595))":39,"(Float16(0.05023), Float16(0.06024))":61},"31":{"(Float16(0.9478), Float16(0.9575))":61,"(Float16(0.0501), Float16(0.06012))":39},"74":{"(Float16(0.05008), Float16(0.0601))":47,"(Float16(0.4885), Float16(0.4985))":2,"(Float16(0.949), Float16(0.959))":51},"61":{"(Float16(0.4897), Float16(0.4998))":2,"(Float16(0.948), Float16(0.958))":57,"(Float16(0.438), Float16(0.448))":2,"(Float16(0.05008), Float16(0.0601))":39},"29":{"(Float16(0.05), Float16(0.06))":27,"(Float16(0.9473), Float16(0.957))":73},"94":{"(Float16(0.3772), Float16(0.3872))":2,"(Float16(0.3975), Float16(0.4075))":2,"(Float16(0.0501), Float16(0.06012))":52,"(Float16(0.949), Float16(0.959))":44},"46":{"(Float16(0.5586), Float16(0.5684))":2,"(Float16(0.609), Float16(0.6187))":2,"(Float16(0.05035), Float16(0.06036))":54,"(Float16(0.948), Float16(0.958))":42},"57":{"(Float16(0.64), Float16(0.65))":2,"(Float16(0.948), Float16(0.958))":34,"(Float16(0.54), Float16(0.55))":2,"(Float16(0.05008), Float16(0.0601))":62},"70":{"(Float16(0.433), Float16(0.443))":2,"(Float16(0.948), Float16(0.958))":52,"(Float16(0.0501), Float16(0.06012))":44,"(Float16(0.4902), Float16(0.5))":2},"21":{"(Float16(0.4038), Float16(0.4138))":3,"(Float16(0.05008), Float16(0.0601))":43,