{"5":{"(Float16(0.0005183), Float16(0.01052))":100},"56":{"(Float16(0.0002954), Float16(0.0103))":100},"35":{"(Float16(0.0004563), Float16(0.01046))":100},"55":{"(Float16(0.0005064), Float16(0.010506))":100},"60":{"(Float16(0.0006046), Float16(0.010605))":100},"30":{"(Float16(0.0004685), Float16(0.01047))":100},"32":{"(Float16(0.0002902), Float16(0.01029))":100},"6":{"(Float16(0.917), Float16(0.927))":1,"(Float16(0.00039), Float16(0.01039))":99},"67":{"(Float16(0.0005074), Float16(0.01051))":98,"(Float16(0.841), Float16(0.8506))":2},"45":{"(Float16(0.000481), Float16(0.01048))":100},"73":{"(Float16(0.000327), Float16(0.01033))":100},"64":{"(Float16(0.0003133), Float16(0.010315))":100},"90":{"(Float16(0.000621), Float16(0.01062))":100},"4":{"(Float16(0.0004592), Float16(0.01046))":100},"13":{"(Float16(0.0004735), Float16(0.010475))":100},"54":{"(Float16(0.000512), Float16(0.01051))":100},"63":{"(Float16(0.0003126), Float16(0.010315))":100},"86":{"(Float16(0.0005455), Float16(0.010544))":100},"91":{"(Float16(0.0003395), Float16(0.010345))":100},"62":{"(Float16(0.000454), Float16(0.01045))":100},"58":{"(Float16(0.000554), Float16(0.01056))":100},"52":{"(Float16(0.0004725), Float16(0.010475))":100},"12":{"(Float16(0.0004425), Float16(0.010445))":100},"28":{"(Float16(0.0003593), Float16(0.01036))":100},"75":{"(Float16(0.0003943), Float16(0.0104))":100},"23":{"(Float16(0.0005183), Float16(0.01052))":100},"92":{"(Float16(0.000596), Float16(0.0106))":100},"41":{"(Float16(2.26e-6), Float16(0.01))":98,"(Float16(0.924), Float16(0.9336))":2},"43":{"(Float16(0.000465), Float16(0.01047))":100},"11":{"(Float16(0.0005574), Float16(0.01056))":100},"36":{"(Float16(0.0005236), Float16(0.01053))":100},"68":{"(Float16(0.0004656), Float16(0.01047))":100},"69":{"(Float16(0.0005264), Float16(0.01053))":100},"98":{"(Float16(0.0005646), Float16(0.01057))":100},"82":{"(Float16(0.0003686), Float16(0.01037))":100},"85":{"(Float16(0.0005474), Float16(0.01055))":100},"39":{"(Float16(0.000391), Float16(0.01039))":100},"84":{"(Float16(0.000497), Float16(0.0105))":100},"77":{"(Float16(0.000515), Float16(0.01051))":99,"(Float16(0.9756), Float16(0.9854))":1},"7":{"(Float16(0.00047), Float16(0.010475))":100},"25":{"(Float16(0.0005245), Float16(0.01053))":100},"95":{"(Float16(0.872), Float16(0.882))":1,"(Float16(0.000349), Float16(0.01035))":99},"71":{"(Float16(0.000432), Float16(0.01044))":100},"66":{"(Float16(0.000442), Float16(0.010445))":100},"76":{"(Float16(0.0004406), Float16(0.010445))":100},"34":{"(Float16(0.9263), Float16(0.936))":2,"(Float16(1.52e-5), Float16(0.01002))":98},"50":{"(Float16(0.000272), Float16(0.01028))":100},"59":{"(Float16(0.000512), Float16(0.01051))":100},"93":{"(Float16(0.0004299), Float16(0.01043))":100},"2":{"(Float16(0.0004196), Float16(0.01042))":100},"10":{"(Float16(0.000577), Float16(0.01058))":100},"18":{"(Float16(0.000505), Float16(0.010506))":100},"26":{"(Float16(0.000472), Float16(0.010475))":100},"27":{"(Float16(0.0004582), Float16(0.01046))":100},"42":{"(Float16(0.000613), Float16(0.01061))":100},"87":{"(Float16(0.0004017), Float16(0.01041))":100},"100":{"(Float16(0.0005093), Float16(0.01051))":100},"79":{"(Float16(0.5537), Float16(0.5635))":99,"(Float16(0.001018), Float16(0.01102))":1},"16":{"(Float16(0.0004368), Float16(0.01044))":99,"(Float16(0.9995), Float16(1.01))":1},"20":{"(Float16(0.000496), Float16(0.0105))":100},"81":{"(Float16(0.0004437), Float16(0.010445))":100},"19":{"(Float16(0.0004532), Float16(0.01045))":100},"49":{"(Float16(0.0005546), Float16(0.01056))":100},"44":{"(Float16(0.000534), Float16(0.01054))":100},"9":{"(Float16(0.0004327), Float16(0.01044))":100},"31":{"(Float16(0.0004997), Float16(0.0105))":99,"(Float16(0.964), Float16(0.9736))":1},"74":{"(Float16(0.000479), Float16(0.01048))":100},"61":{"(Float16(0.0003376), Float16(0.01034))":100},"29":{"(Float16(0.0005713), Float16(0.010574))":100},"94":{"(Float16(0.0004714), Float16(0.010475))":100},"46":{"(Float16(0.0004387), Float16(0.01044))":100},"57":{"(Float16(0.000646), Float16(0.01065))":100},"70":{"(Float16(0.000536), Float16(0.01054))":100},"21":{"(Float16(0.0004864), Float16(0.01049))":100},"38":{"(Float16(0.0005293), Float16(0.01053))":100},"88":{"(Float16(0.0005546), Float16(0.01056))":100},"78":{"(Float16(0.0003803), Float16(0.01038))":100},"72":{"(Float16(0.0006995), Float16(0.010704))":100},"24":{"(Float16(0.0005217), Float16(0.01052))":100},"8":{"(Float16(0.0004275), Float16(0.01043))":100},"17":{"(Float16(0.000502), Float16(0.010506))":100},"37":{"(Float16(0.0005836), Float16(0.01059))":100},"1":{"(Float16(0.000381), Float16(0.01038))":99,"(Float16(0.889), Float16(0.899))":1},"53":{"(Float16(0.000491), Float16(0.01049))":100},"22":{"(Float16(0.0004537), Float16(0.01045))":100},"47":{"(Float16(0.0004804), Float16(0.01048))":100},"83":{"(Float16(0.000334), Float16(0.01034))":100},"99":{"(Float16(0.000507), Float16(0.010506))":100},"89":{"(Float16(0.9287), Float16(0.9385))":1,"(Float16(0.0003872), Float16(0.01039))":99},"14":{"(Float16(0.978), Float16(0.988))":1,"(Float16(0.0005), Float16(0.010506))":99},"3":{"(Float16(0.000508), Float16(0.01051))":100},"80":{"(Float16(0.0004773), Float16(0.01048))":100},"96":{"(Float16(0.9487), Float16(0.9585))":1,"(Float16(0.0005903), Float16(0.01059))":99},"51":{"(Float16(0.0004613), Float16(0.01046))":100},"33":{"(Float16(0.0005326), Float16(0.01054))":100},"40":{"(Float16(0.0003886), Float16(0.01039))":100},"48":{"(Float16(0.00054), Float16(0.010544))":100},"15":{"(Float16(0.0004153), Float16(0.010414))":100},"65":{"(Float16(0.0005445), Float16(0.010544))":100},"97":{"(Float16(0.0003645), Float16(0.01037))":100}}