{"5":{"(Float16(0.2778), Float16(0.4778))":52,"(Float16(0.708), Float16(0.908))":41,"(Float16(0.4893), Float16(0.6895))":7},"56":{"(Float16(0.308), Float16(0.5083))":18,"(Float16(0.783), Float16(0.9834))":42,"(Float16(0.099), Float16(0.299))":40},"35":{"(Float16(0.6553), Float16(0.8555))":70,"(Float16(0.1382), Float16(0.3381))":26,"(Float16(0.3542), Float16(0.554))":4},"55":{"(Float16(0.1065), Float16(0.3064))":37,"(Float16(0.3125), Float16(0.5127))":14,"(Float16(0.7207), Float16(0.921))":49},"60":{"(Float16(0.10614), Float16(0.3062))":26,"(Float16(0.744), Float16(0.9443))":56,"(Float16(0.3098), Float16(0.51))":18},"30":{"(Float16(0.5137), Float16(0.714))":28,"(Float16(0.718), Float16(0.918))":22,"(Float16(0.2358), Float16(0.4358))":50},"32":{"(Float16(0.05194), Float16(0.252))":14,"(Float16(0.7285), Float16(0.9287))":53,"(Float16(0.2642), Float16(0.464))":33},"6":{"(Float16(0.2744), Float16(0.4744))":70,"(Float16(0.704), Float16(0.9043))":30},"67":{"(Float16(0.5596), Float16(0.76))":62,"(Float16(0.0842), Float16(0.2842))":25,"(Float16(0.873), Float16(1.073))":13},"45":{"(Float16(0.274), Float16(0.4739))":26,"(Float16(0.04547), Float16(0.2455))":24,"(Float16(0.744), Float16(0.9443))":50},"73":{"(Float16(0.836), Float16(1.036))":16,"(Float16(0.6245), Float16(0.8247))":32,"(Float16(0.2896), Float16(0.4895))":52},"64":{"(Float16(0.1223), Float16(0.3223))":35,"(Float16(0.3281), Float16(0.5283))":4,"(Float16(0.707), Float16(0.907))":61},"90":{"(Float16(0.76), Float16(0.96))":51,"(Float16(0.1273), Float16(0.3274))":39,"(Float16(0.355), Float16(0.555))":10},"4":{"(Float16(0.066), Float16(0.2659))":38,"(Float16(0.6855), Float16(0.8857))":62},"13":{"(Float16(0.2563), Float16(0.4563))":45,"(Float16(0.5757), Float16(0.776))":28,"(Float16(0.7812), Float16(0.9814))":26,"(Float16(0.01227), Float16(0.2123))":1},"54":{"(Float16(0.4612), Float16(0.661))":2,"(Float16(0.254), Float16(0.4539))":31,"(Float16(0.796), Float16(0.996))":43,"(Float16(0.03354), Float16(0.2335))":24},"63":{"(Float16(0.8555), Float16(1.056))":12,"(Float16(0.3574), Float16(0.5576))":52,"(Float16(0.6533), Float16(0.8535))":31,"(Float16(0.08057), Float16(0.2805))":5},"86":{"(Float16(0.09924), Float16(0.2993))":28,"(Float16(0.3213), Float16(0.5215))":9,"(Float16(0.659), Float16(0.8594))":56,"(Float16(0.9297), Float16(1.13))":7},"91":{"(Float16(0.02708), Float16(0.227))":20,"(Float16(0.5615), Float16(0.7617))":64,"(Float16(0.288), Float16(0.488))":2,"(Float16(0.8716), Float16(1.071))":14},"62":{"(Float16(0.08673), Float16(0.2866))":3,"(Float16(0.3613), Float16(0.5615))":56,"(Float16(0.7603), Float16(0.9604))":41},"58":{"(Float16(0.6543), Float16(0.8545))":18,"(Float16(0.3877), Float16(0.588))":76,"(Float16(0.861), Float16(1.061))":6},"52":{"(Float16(0.6924), Float16(0.8926))":35,"(Float16(0.904), Float16(1.104))":6,"(Float16(0.1917), Float16(0.3916))":37,"(Float16(0.459), Float16(0.659))":22},"12":{"(Float16(0.241), Float16(0.441))":47,"(Float16(0.868), Float16(1.068))":6,"(Float16(0.6655), Float16(0.8657))":27,"(Float16(0.465), Float16(0.665))":20},"28":{"(Float16(0.0558), Float16(0.2559))":8,"(Float16(0.4668), Float16(0.667))":76,"(Float16(0.8486), Float16(1.049))":16},"75":{"(Float16(0.917), Float16(1.117))":2,"(Float16(0.2783), Float16(0.4783))":56,"(Float16(0.7), Float16(0.9004))":42},"23":{"(Float16(0.04822), Float16(0.2482))":1,"(Float16(0.834), Float16(1.034))":10,"(Float16(0.6255), Float16(0.8257))":32,"(Float16(0.2578), Float16(0.4578))":57},"92":{"(Float16(0.241), Float16(0.441))":14,"(Float16(0.67), Float16(0.87))":57,"(Float16(0.03894), Float16(0.2389))":25,"(Float16(0.912), Float16(1.112))":4},"41":{"(Float16(0.2375), Float16(0.4375))":49,"(Float16(0.7427), Float16(0.943))":43,"(Float16(0.528), Float16(0.728))":8},"43":{"(Float16(0.0799), Float16(0.2798))":34,"(Float16(0.286), Float16(0.4858))":12,"(Float16(0.7305), Float16(0.9307))":54},"11":{"(Float16(0.1357), Float16(0.3357))":28,"(Float16(0.355), Float16(0.555))":33,"(Float16(0.751), Float16(0.951))":39},"36":{"(Float16(0.3499), Float16(0.55))":8,"(Float16(0.7344), Float16(0.9346))":58,"(Float16(0.144), Float16(0.344))":34},"68":{"(Float16(0.844), Float16(1.044))":19,"(Float16(0.6216), Float16(0.822))":29,"(Float16(0.292), Float16(0.492))":52},"69":{"(Float16(0.3408), Float16(0.541))":20,"(Float16(0.1083), Float16(0.3083))":29,"(Float16(0.7734), Float16(0.9736))":51},"98":{"(Float16(0.4849), Float16(0.685))":24,"(Float16(0.217), Float16(0.417))":47,"(Float16(0.8003), Float16(1.0))":29},"82":{"(Float16(0.508), Float16(0.708))":28,"(Float16(0.1609), Float16(0.3608))":51,"(Float16(0.714), Float16(0.914))":21},"85":{"(Float16(0.875), Float16(1.075))":4,"(Float16(0.1301), Float16(0.33))":2,"(Float16(0.6562), Float16(0.8564))":19,"(Float16(0.3916), Float16(0.592))":75},"39":{"(Float16(0.8203), Float16(1.0205))":34,"(Float16(0.03842), Float16(0.2384))":12,"(Float16(0.3447), Float16(0.545))":52,"(Float16(0.592), Float16(0.792))":2},"84":{"(Float16(0.793), Float16(0.993))":26,"(Float16(0.04022), Float16(0.2402))":3,"(Float16(0.2715), Float16(0.4714))":57,"(Float16(0.5835), Float16(0.7837))":14},"77":{"(Float16(0.4744), Float16(0.6743))":16,"(Float16(0.907), Float16(1.107))":6,"(Float16(0.6895), Float16(0.8896))":33,"(Float16(0.2036), Float16(0.4036))":45},"7":{"(Float16(0.2715), Float16(0.4714))":65,"(Float16(0.796), Float16(0.996))":25,"(Float16(0.5117), Float16(0.712))":10},"25":{"(Float16(0.7744), Float16(0.9746))":48,"(Float16(0.05746), Float16(0.2576))":30,"(Float16(0.296), Float16(0.4958))":22},"95":{"(Float16(0.3875), Float16(0.5874))":8,"(Float16(0.1624), Float16(0.3623))":34,"(Float16(0.699), Float16(0.8994))":58},"71":{"(Float16(0.5264), Float16(0.7266))":25,"(Float16(0.197), Float16(0.397))":46,"(Float16(0.742), Float16(0.9424))":29},"66":{"(Float16(0.4082), Float16(0.6084))":2,"(Float16(0.657), Float16(0.8574))":60,"(Float16(0.0946), Float16(0.2947))":38},"76":{"(Float16(0.7295), Float16(0.9297))":51,"(Float16(0.3657), Float16(0.566))":6,"(Float16(0.159), Float16(0.3591))":43},"34":{"(Float16(0.764), Float16(0.9644))":46,"(Float16(0.1586), Float16(0.3586))":39,"(Float16(0.4375), Float16(0.6377))":15},"50":{"(Float16(0.877), Float16(1.077))":2,"(Float16(0.2993), Float16(0.4993))":65,"(Float16(0.673), Float16(0.873))":33},"59":{"(Float16(0.1394), Float16(0.3394))":28,"(Float16(0.3403), Float16(0.5405))":16,"(Float16(0.791), Float16(0.991))":56},"93":{"(Float16(0.7773), Float16(0.9775))":40,"(Float16(0.274), Float16(0.4739))":16,"(Float16(0.4836), Float16(0.6836))":6,"(Float16(0.0649), Float16(0.265))":38},"2":{"(Float16(0.439), Float16(0.639))":4,"(Float16(0.01088), Float16(0.2109))":10,"(Float16(0.7715), Float16(0.9717))":50,"(Float16(0.2162), Float16(0.4163))":36},"10":{"(Float16(0.5513), Float16(0.7515))":22,"(Float16(0.7603), Float16(0.9604))":21,"(Float16(0.2666), Float16(0.4666))":57},"18":{"(Float16(0.0699), Float16(0.2698))":18,"(Float16(0.4917), Float16(0.692))":8,"(Float16(0.2727), Float16(0.4727))":28,"(Float16(0.789), Float16(0.9893))":46},"26":{"(Float16(0.4624), Float16(0.6626))":47,"(Float16(0.10974), Float16(0.3098))":13,"(Float16(0.685), Float16(0.8853))":40},"27":{"(Float16(0.748), Float16(0.948))":53,"(Float16(0.2986), Float16(0.4985))":29,"(Float16(0.08826), Float16(0.2883))":18},"42":{"(Float16(0.493), Float16(0.693))":27,"(Float16(0.9385), Float16(1.139))":2,"(Float16(0.708), Float16(0.908))":24,"(Float16(0.236), Float16(0.436))":47},"87":{"(Float16(0.828), Float16(1.028))":12,"(Float16(0.309), Float16(0.5093))":45,"(Float16(0.5786), Float16(0.779))":41,"(Float16(0.06165), Float16(0.2617))":2},"100":{"(Float16(0.586), Float16(0.786))":26,"(Float16(0.02008), Float16(0.2201))":1,"(Float16(0.794), Float16(0.994))":18,"(Float16(0.2607), Float16(0.4607))":55},"79":{"(Float16(0.376), Float16(0.576))":49,"(Float16(0.837), Float16(1.037))":20,"(Float16(0.633), Float16(0.833))":24,"(Float16(0.06274), Float16(0.2627))":7},"16":{"(Float16(0.05164), Float16(0.2517))":1,"(Float16(0.2954), Float16(0.4954))":61,