{"5":{"(Float16(0.4282), Float16(0.6284))":9,"(Float16(0.759), Float16(0.959))":46,"(Float16(0.2129), Float16(0.4128))":27,"(Float16(8.047e-5), Float16(0.2001))":18},"56":{"(Float16(4.17e-5), Float16(0.2001))":28,"(Float16(0.4766), Float16(0.677))":2,"(Float16(0.2666), Float16(0.4666))":23,"(Float16(0.751), Float16(0.951))":47},"35":{"(Float16(0.8994), Float16(1.1))":6,"(Float16(0.4297), Float16(0.63))":2,"(Float16(2.4e-6), Float16(0.2))":19,"(Float16(0.2104), Float16(0.4104))":14,"(Float16(0.661), Float16(0.8613))":59},"55":{"(Float16(0.2175), Float16(0.4175))":23,"(Float16(0.00012076), Float16(0.2001))":18,"(Float16(0.4329), Float16(0.633))":4,"(Float16(0.739), Float16(0.939))":55},"60":{"(Float16(5.29e-5), Float16(0.2001))":19,"(Float16(0.732), Float16(0.932))":61,"(Float16(0.2468), Float16(0.4468))":16,"(Float16(0.4497), Float16(0.65))":4},"30":{"(Float16(0.5635), Float16(0.7637))":22,"(Float16(4.32e-5), Float16(0.2001))":24,"(Float16(0.3213), Float16(0.5215))":28,"(Float16(0.976), Float16(1.176))":2,"(Float16(0.7715), Float16(0.9717))":24},"32":{"(Float16(8.31e-5), Float16(0.2001))":30,"(Float16(0.4556), Float16(0.656))":9,"(Float16(0.2505), Float16(0.4504))":31,"(Float16(0.8115), Float16(1.012))":30},"6":{"(Float16(2.0e-7), Float16(0.2))":18,"(Float16(0.6133), Float16(0.8135))":82},"67":{"(Float16(0.2196), Float16(0.4197))":21,"(Float16(1.11e-5), Float16(0.2))":22,"(Float16(0.725), Float16(0.9253))":57},"45":{"(Float16(0.8535), Float16(1.054))":35,"(Float16(0.0002778), Float16(0.2003))":17,"(Float16(0.4365), Float16(0.6367))":27,"(Float16(0.2119), Float16(0.4119))":21},"73":{"(Float16(0.0002532), Float16(0.2002))":19,"(Float16(0.8853), Float16(1.085))":11,"(Float16(0.633), Float16(0.833))":39,"(Float16(0.2219), Float16(0.4219))":31},"64":{"(Float16(4.16e-5), Float16(0.2001))":20,"(Float16(0.2734), Float16(0.4734))":38,"(Float16(0.794), Float16(0.994))":30,"(Float16(0.4902), Float16(0.6904))":12},"90":{"(Float16(2.6e-6), Float16(0.2))":13,"(Float16(0.431), Float16(0.631))":59,"(Float16(0.79), Float16(0.99))":28},"4":{"(Float16(0.2451), Float16(0.445))":1,"(Float16(0.4731), Float16(0.6733))":51,"(Float16(0.758), Float16(0.958))":22,"(Float16(5.6e-6), Float16(0.2))":26},"13":{"(Float16(0.3462), Float16(0.5464))":28,"(Float16(0.574), Float16(0.7744))":29,"(Float16(0.8213), Float16(1.021))":24,"(Float16(0.000374), Float16(0.2003))":19},"54":{"(Float16(0.0002319), Float16(0.2002))":23,"(Float16(0.7793), Float16(0.9795))":37,"(Float16(0.2158), Float16(0.4158))":14,"(Float16(0.423), Float16(0.623))":26},"63":{"(Float16(0.9697), Float16(1.17))":3,"(Float16(0.2443), Float16(0.4443))":16,"(Float16(0.717), Float16(0.917))":56,"(Float16(0.4546), Float16(0.655))":2,"(Float16(1.48e-5), Float16(0.2001))":23},"86":{"(Float16(0.5635), Float16(0.7637))":61,"(Float16(0.00011015), Float16(0.2001))":23,"(Float16(0.2715), Float16(0.4714))":4,"(Float16(0.8633), Float16(1.063))":12},"91":{"(Float16(0.724), Float16(0.9243))":12,"(Float16(0.0001806), Float16(0.2002))":29,"(Float16(0.951), Float16(1.151))":6,"(Float16(0.289), Float16(0.489))":27,"(Float16(0.515), Float16(0.7153))":26},"62":{"(Float16(0.0001514), Float16(0.2002))":18,"(Float16(0.2009), Float16(0.401))":26,"(Float16(0.4028), Float16(0.603))":21,"(Float16(0.8193), Float16(1.02))":35},"58":{"(Float16(0.649), Float16(0.849))":26,"(Float16(0.8975), Float16(1.098))":4,"(Float16(0.435), Float16(0.6353))":47,"(Float16(1.454e-5), Float16(0.2001))":23},"52":{"(Float16(0.2808), Float16(0.4807))":9,"(Float16(0.907), Float16(1.107))":9,"(Float16(8.05e-6), Float16(0.2))":28,"(Float16(0.582), Float16(0.782))":54},"12":{"(Float16(0.461), Float16(0.661))":52,"(Float16(0.715), Float16(0.915))":24,"(Float16(0.932), Float16(1.132))":5,"(Float16(0.00016), Float16(0.2002))":19},"28":{"(Float16(0.846), Float16(1.046))":15,"(Float16(0.6455), Float16(0.8457))":32,"(Float16(0.413), Float16(0.6133))":34,"(Float16(6.53e-5), Float16(0.2001))":19},"75":{"(Float16(0.758), Float16(0.958))":21,"(Float16(0.3071), Float16(0.5073))":12,"(Float16(0.0002424), Float16(0.2002))":27,"(Float16(0.5317), Float16(0.732))":40},"23":{"(Float16(0.885), Float16(1.085))":11,"(Float16(0.681), Float16(0.8813))":24,"(Float16(0.0003626), Float16(0.2003))":22,"(Float16(0.2622), Float16(0.4622))":29,"(Float16(0.474), Float16(0.6743))":14},"92":{"(Float16(0.31), Float16(0.5103))":4,"(Float16(0.8735), Float16(1.073))":4,"(Float16(7.1e-6), Float16(0.2))":25,"(Float16(0.6016), Float16(0.802))":67},"41":{"(Float16(0.2415), Float16(0.4414))":30,"(Float16(0.6797), Float16(0.88))":53,"(Float16(0.949), Float16(1.149))":2,"(Float16(0.0003047), Float16(0.2003))":15},"43":{"(Float16(0.2603), Float16(0.4602))":22,"(Float16(0.0001669), Float16(0.2002))":22,"(Float16(0.4653), Float16(0.6655))":18,"(Float16(0.694), Float16(0.894))":30,"(Float16(0.897), Float16(1.097))":8},"11":{"(Float16(0.0001459), Float16(0.2002))":22,"(Float16(0.746), Float16(0.9463))":28,"(Float16(0.964), Float16(1.164))":2,"(Float16(0.4644), Float16(0.6646))":48},"36":{"(Float16(0.2305), Float16(0.4304))":10,"(Float16(0.7607), Float16(0.961))":34,"(Float16(0.0003316), Float16(0.2003))":17,"(Float16(0.545), Float16(0.745))":39},"68":{"(Float16(0.551), Float16(0.751))":62,"(Float16(0.273), Float16(0.473))":8,"(Float16(2.06e-5), Float16(0.2001))":19,"(Float16(0.8965), Float16(1.097))":11},"69":{"(Float16(0.634), Float16(0.834))":22,"(Float16(0.872), Float16(1.072))":15,"(Float16(0.3608), Float16(0.561))":49,"(Float16(9.73e-5), Float16(0.2001))":14},"98":{"(Float16(0.7383), Float16(0.9385))":54,"(Float16(0.2764), Float16(0.4763))":20,"(Float16(3.207e-5), Float16(0.2001))":26},"82":{"(Float16(0.745), Float16(0.9453))":34,"(Float16(4.73e-5), Float16(0.2001))":21,"(Float16(0.437), Float16(0.637))":45},"85":{"(Float16(0.0002782), Float16(0.2003))":15,"(Float16(0.7666), Float16(0.967))":28,"(Float16(0.4136), Float16(0.614))":53,"(Float16(0.9854), Float16(1.186))":4},"39":{"(Float16(0.0), Float16(0.2))":23,"(Float16(0.5957), Float16(0.796))":77},"84":{"(Float16(0.8496), Float16(1.05))":32,"(Float16(0.4668), Float16(0.667))":16,"(Float16(0.2559), Float16(0.4558))":27,"(Float16(0.0001165), Float16(0.2001))":25},"77":{"(Float16(0.8955), Float16(1.096))":6,"(Float16(0.6904), Float16(0.8906))":38,"(Float16(0.0001292), Float16(0.2001))":16,"(Float16(0.3945), Float16(0.5947))":40},"7":{"(Float16(0.00011283), Float16(0.2001))":26,"(Float16(0.8623), Float16(1.0625))":13,"(Float16(0.66), Float16(0.8604))":15,"(Float16(0.4316), Float16(0.632))":46},"25":{"(Float16(0.481), Float16(0.681))":6,"(Float16(0.0001564), Float16(0.2002))":15,"(Float16(0.2793), Float16(0.4792))":33,"(Float16(0.783), Float16(0.9834))":46},"95":{"(Float16(0.8086), Float16(1.009))":15,"(Float16(0.221), Float16(0.421))":3,"(Float16(3.1e-6), Float16(0.2))":21,"(Float16(0.4788), Float16(0.6787))":61},"71":{"(Float16(2.26e-6), Float16(0.2))":26,"(Float16(0.716), Float16(0.916))":52,"(Float16(0.2234), Float16(0.4233))":22},"66":{"(Float16(0.7314), Float16(0.9316))":47,"(Float16(0.2031), Float16(0.403))":23,"(Float16(4.554e-5), Float16(0.2001))":28,"(Float16(0.4956), Float16(0.696))":2},"76":{"(Float16(0.4346), Float16(0.635))":44,"(Float16(0.0004416), Float16(0.2004))":16,"(Float16(0.709), Float16(0.909))":40},"34":{"(Float16(1.97e-6), Float16(0.2))":21,"(Float16(0.807), Float16(1.007))":19,"(Float16(0.208), Float16(0.408))":5,"(Float16(0.5283), Float16(0.7285))":55},"50":{"(Float16(0.849), Float16(1.049))":18,"(Float16(0.00010854), Float16(0.2001))":16,"(Float16(0.4116), Float16(0.612))":49,"(Float16(0.6357), Float16(0.836))":17},"59":{"(Float16(0.0002801), Float16(0.2003))":13,"(Float16(0.2461), Float16(0.446))":29,"(Float16(0.7363), Float16(0.9365))":58},"93":{"(Float16(0.0), Float16(0.2))":24,"(Float16(0.6367), Float16(0.837))":76},"2":{"(Float16(3.177e-5), Float16(0.2001))":17,"(Float16(0.4297), Float16(0.63))":18,"(Float16(0.2179), Float16(0.418))":24,"(Float16(0.794), Float16(0.994))":41},"10":{"(Float16(0.87), Float16(1.07))":6,