{"5":{"(Float16(0.0001332), Float16(0.5))":100},"56":{"(Float16(0.0001463), Float16(0.5))":100},"35":{"(Float16(0.0001984), Float16(0.5))":100},"55":{"(Float16(0.7437), Float16(1.244))":2,"(Float16(0.0001962), Float16(0.5))":98},"60":{"(Float16(0.777), Float16(1.277))":2,"(Float16(0.0002055), Float16(0.5))":98},"30":{"(Float16(9.33e-5), Float16(0.5))":100},"32":{"(Float16(0.0002218), Float16(0.5))":100},"6":{"(Float16(0.0001154), Float16(0.5))":100},"67":{"(Float16(0.0001469), Float16(0.5))":100},"45":{"(Float16(0.000231), Float16(0.5))":100},"73":{"(Float16(0.0001595), Float16(0.5))":100},"64":{"(Float16(0.965), Float16(1.465))":1,"(Float16(0.000207), Float16(0.5))":99},"90":{"(Float16(0.0001413), Float16(0.5))":100},"4":{"(Float16(0.0002017), Float16(0.5))":100},"13":{"(Float16(0.0002723), Float16(0.5005))":100},"54":{"(Float16(0.0002515), Float16(0.5005))":100},"63":{"(Float16(0.0001668), Float16(0.5))":100},"86":{"(Float16(0.0002018), Float16(0.5))":100},"91":{"(Float16(0.0002251), Float16(0.5))":100},"62":{"(Float16(0.000207), Float16(0.5))":91,"(Float16(0.6943), Float16(1.194))":9},"58":{"(Float16(0.0002658), Float16(0.5005))":100},"52":{"(Float16(0.0001812), Float16(0.5))":100},"12":{"(Float16(0.0001742), Float16(0.5))":100},"28":{"(Float16(0.0001843), Float16(0.5))":100},"75":{"(Float16(0.00011617), Float16(0.5))":100},"23":{"(Float16(0.0001872), Float16(0.5))":100},"92":{"(Float16(0.0002029), Float16(0.5))":100},"41":{"(Float16(0.0001229), Float16(0.5))":100},"43":{"(Float16(0.748), Float16(1.248))":3,"(Float16(0.000265), Float16(0.5005))":97},"11":{"(Float16(0.0002213), Float16(0.5))":100},"36":{"(Float16(0.9893), Float16(1.489))":1,"(Float16(0.0002177), Float16(0.5))":99},"68":{"(Float16(0.0002007), Float16(0.5))":100},"69":{"(Float16(0.00011873), Float16(0.5))":100},"98":{"(Float16(0.0002484), Float16(0.5005))":100},"82":{"(Float16(0.0001907), Float16(0.5))":100},"85":{"(Float16(0.0002525), Float16(0.5005))":100},"39":{"(Float16(0.9033), Float16(1.403))":3,"(Float16(0.0001429), Float16(0.5))":97},"84":{"(Float16(0.0002338), Float16(0.5))":100},"77":{"(Float16(0.0002496), Float16(0.5005))":100},"7":{"(Float16(0.000184), Float16(0.5))":100},"25":{"(Float16(0.0002718), Float16(0.5005))":100},"95":{"(Float16(0.868), Float16(1.368))":1,"(Float16(0.0002704), Float16(0.5005))":99},"71":{"(Float16(0.0001377), Float16(0.5))":100},"66":{"(Float16(0.0001639), Float16(0.5))":100},"76":{"(Float16(0.0002596), Float16(0.5005))":100},"34":{"(Float16(0.0002768), Float16(0.5005))":100},"50":{"(Float16(0.0001744), Float16(0.5))":100},"59":{"(Float16(0.0001745), Float16(0.5))":100},"93":{"(Float16(0.8374), Float16(1.338))":1,"(Float16(0.0001376), Float16(0.5))":99},"2":{"(Float16(0.0001863), Float16(0.5))":100},"10":{"(Float16(0.0001928), Float16(0.5))":100},"18":{"(Float16(0.0001812), Float16(0.5))":100},"26":{"(Float16(0.0002205), Float16(0.5))":100},"27":{"(Float16(9.847e-5), Float16(0.5))":100},"42":{"(Float16(0.7285), Float16(1.229))":1,"(Float16(8.31e-5), Float16(0.5))":99},"87":{"(Float16(0.0001838), Float16(0.5))":98,"(Float16(0.8643), Float16(1.364))":2},"100":{"(Float16(0.0001936), Float16(0.5))":100},"79":{"(Float16(0.0002403), Float16(0.5))":100},"16":{"(Float16(0.0001538), Float16(0.5))":100},"20":{"(Float16(0.835), Float16(1.335))":4,"(Float16(0.0001358), Float16(0.5))":96},"81":{"(Float16(0.0001787), Float16(0.5))":100},"19":{"(Float16(0.0001969), Float16(0.5))":98,"(Float16(0.967), Float16(1.467))":2},"49":{"(Float16(0.0002606), Float16(0.5005))":100},"44":{"(Float16(0.00019), Float16(0.5))":100},"9":{"(Float16(0.0001507), Float16(0.5))":100},"31":{"(Float16(0.0002542), Float16(0.5005))":100},"74":{"(Float16(0.0002155), Float16(0.5))":100},"61":{"(Float16(0.0002704), Float16(0.5005))":100},"29":{"(Float16(8.523e-5), Float16(0.5))":100},"94":{"(Float16(0.00038), Float16(0.5005))":100},"46":{"(Float16(0.0002035), Float16(0.5))":100},"57":{"(Float16(0.0001899), Float16(0.5))":100},"70":{"(Float16(0.0002494), Float16(0.5005))":100},"21":{"(Float16(0.0002384), Float16(0.5))":100},"38":{"(Float16(0.0001652), Float16(0.5))":100},"88":{"(Float16(0.0001993), Float16(0.5))":100},"78":{"(Float16(0.00010717), Float16(0.5))":100},"72":{"(Float16(0.000166), Float16(0.5))":100},"24":{"(Float16(0.0002618), Float16(0.5005))":100},"8":{"(Float16(0.0001677), Float16(0.5))":100},"17":{"(Float16(0.0002049), Float16(0.5))":100},"37":{"(Float16(0.000238), Float16(0.5))":100},"1":{"(Float16(0.0001588), Float16(0.5))":100},"53":{"(Float16(0.0002818), Float16(0.5005))":100},"22":{"(Float16(0.0001762), Float16(0.5))":100},"47":{"(Float16(0.0001655), Float16(0.5))":100},"83":{"(Float16(0.0001329), Float16(0.5))":100},"99":{"(Float16(0.0001929), Float16(0.5))":100},"89":{"(Float16(0.814), Float16(1.314))":1,"(Float16(0.0001662), Float16(0.5))":99},"14":{"(Float16(0.0001508), Float16(0.5))":100},"3":{"(Float16(0.000253), Float16(0.5005))":100},"80":{"(Float16(0.000148), Float16(0.5))":100},"96":{"(Float16(0.7007), Float16(1.201))":1,"(Float16(0.0002321), Float16(0.5))":99},"51":{"(Float16(0.0001631), Float16(0.5))":100},"33":{"(Float16(0.0001872), Float16(0.5))":100},"40":{"(Float16(0.0002129), Float16(0.5))":100},"48":{"(Float16(0.0001425), Float16(0.5))":100},"15":{"(Float16(0.0001624), Float16(0.5))":100},"65":{"(Float16(0.0002766), Float16(0.5005))":100},"97":{"(Float16(0.9204), Float16(1.42))":1,"(Float16(0.0001587), Float16(0.5))":99}}