{"5":{"(Float16(0.4976), Float16(0.7974))":80,"(Float16(0.997), Float16(1.297))":20},"56":{"(Float16(0.498), Float16(0.798))":83,"(Float16(0.998), Float16(1.298))":17},"35":{"(Float16(0.001041), Float16(0.301))":19,"(Float16(0.501), Float16(0.801))":81},"55":{"(Float16(0.501), Float16(0.801))":100},"60":{"(Float16(0.001596), Float16(0.3015))":8,"(Float16(0.501), Float16(0.801))":92},"30":{"(Float16(0.501), Float16(0.801))":68,"(Float16(0.000963), Float16(0.301))":32},"32":{"(Float16(0.000937), Float16(0.301))":24,"(Float16(0.998), Float16(1.298))":6,"(Float16(0.501), Float16(0.801))":70},"6":{"(Float16(0.498), Float16(0.798))":70,"(Float16(0.998), Float16(1.298))":30},"67":{"(Float16(0.9976), Float16(1.298))":32,"(Float16(0.4985), Float16(0.7983))":68},"45":{"(Float16(0.0001876), Float16(0.3003))":30,"(Float16(0.501), Float16(0.801))":70},"73":{"(Float16(0.001917), Float16(0.302))":15,"(Float16(0.501), Float16(0.801))":85},"64":{"(Float16(0.0008435), Float16(0.3008))":15,"(Float16(0.501), Float16(0.801))":85},"90":{"(Float16(0.498), Float16(0.798))":100},"4":{"(Float16(0.999), Float16(1.299))":20,"(Float16(0.497), Float16(0.797))":80},"13":{"(Float16(0.4973), Float16(0.7974))":72,"(Float16(0.998), Float16(1.298))":28},"54":{"(Float16(0.498), Float16(0.798))":66,"(Float16(0.998), Float16(1.298))":34},"63":{"(Float16(0.501), Float16(0.801))":100},"86":{"(Float16(0.498), Float16(0.798))":100},"91":{"(Float16(0.4976), Float16(0.7974))":75,"(Float16(0.997), Float16(1.297))":25},"62":{"(Float16(0.998), Float16(1.298))":28,"(Float16(0.4978), Float16(0.798))":72},"58":{"(Float16(0.4976), Float16(0.7974))":64,"(Float16(0.999), Float16(1.299))":36},"52":{"(Float16(0.998), Float16(1.298))":34,"(Float16(0.4978), Float16(0.798))":66},"12":{"(Float16(0.0007944), Float16(0.3008))":32,"(Float16(0.501), Float16(0.801))":68},"28":{"(Float16(0.996), Float16(1.296))":27,"(Float16(0.4976), Float16(0.7974))":73},"75":{"(Float16(0.4995), Float16(0.7993))":73,"(Float16(0.997), Float16(1.297))":27},"23":{"(Float16(0.001188), Float16(0.3013))":24,"(Float16(0.501), Float16(0.801))":76},"92":{"(Float16(0.00148), Float16(0.3015))":20,"(Float16(0.501), Float16(0.801))":80},"41":{"(Float16(0.4973), Float16(0.7974))":100},"43":{"(Float16(0.497), Float16(0.797))":100},"11":{"(Float16(0.001016), Float16(0.301))":22,"(Float16(0.501), Float16(0.801))":78},"36":{"(Float16(0.001329), Float16(0.3013))":21,"(Float16(0.501), Float16(0.801))":79},"68":{"(Float16(0.9976), Float16(1.298))":42,"(Float16(0.4985), Float16(0.7983))":58},"69":{"(Float16(0.501), Float16(0.801))":100},"98":{"(Float16(0.497), Float16(0.797))":100},"82":{"(Float16(0.501), Float16(0.801))":100},"85":{"(Float16(0.501), Float16(0.801))":100},"39":{"(Float16(0.4973), Float16(0.7974))":66,"(Float16(0.998), Float16(1.298))":34},"84":{"(Float16(0.5), Float16(0.8))":100},"77":{"(Float16(0.998), Float16(1.298))":35,"(Float16(0.4983), Float16(0.7983))":65},"7":{"(Float16(0.9976), Float16(1.298))":45,"(Float16(0.4988), Float16(0.799))":55},"25":{"(Float16(0.000769), Float16(0.3008))":26,"(Float16(0.501), Float16(0.801))":74},"95":{"(Float16(0.4973), Float16(0.7974))":71,"(Float16(0.998), Float16(1.298))":29},"71":{"(Float16(0.001232), Float16(0.3013))":17,"(Float16(0.5), Float16(0.8))":83},"66":{"(Float16(0.4995), Float16(0.7993))":79,"(Float16(0.997), Float16(1.297))":21},"76":{"(Float16(0.000947), Float16(0.301))":21,"(Float16(0.501), Float16(0.801))":79},"34":{"(Float16(0.4976), Float16(0.7974))":65,"(Float16(0.9985), Float16(1.299))":35},"50":{"(Float16(0.0007544), Float16(0.3008))":28,"(Float16(0.501), Float16(0.801))":72},"59":{"(Float16(0.498), Float16(0.798))":54,"(Float16(0.998), Float16(1.298))":46},"93":{"(Float16(0.998), Float16(1.298))":25,"(Float16(0.497), Float16(0.797))":75},"2":{"(Float16(0.4976), Float16(0.7974))":70,"(Float16(0.998), Float16(1.298))":30},"10":{"(Float16(0.4985), Float16(0.7983))":100},"18":{"(Float16(0.4995), Float16(0.7993))":93,"(Float16(0.000997), Float16(0.301))":7},"26":{"(Float16(0.4995), Float16(0.7993))":92,"(Float16(0.002028), Float16(0.302))":8},"27":{"(Float16(0.498), Float16(0.798))":100},"42":{"(Float16(0.9976), Float16(1.298))":32,"(Float16(0.4973), Float16(0.7974))":68},"87":{"(Float16(0.00092), Float16(0.301))":27,"(Float16(0.501), Float16(0.801))":73},"100":{"(Float16(0.001029), Float16(0.301))":23,"(Float16(0.501), Float16(0.801))":77},"79":{"(Float16(3.016e-5), Float16(0.3))":39,"(Float16(0.501), Float16(0.801))":61},"16":{"(Float16(0.498), Float16(0.798))":80,"(Float16(0.998), Float16(1.298))":20},"20":{"(Float16(0.001118), Float16(0.301))":26,"(Float16(0.501), Float16(0.801))":74},"81":{"(Float16(0.497), Float16(0.797))":100},"19":{"(Float16(0.0009985), Float16(0.301))":40,"(Float16(0.501), Float16(0.801))":60},"49":{"(Float16(0.998), Float16(1.298))":25,"(Float16(0.4985), Float16(0.7983))":75},"44":{"(Float16(0.4976), Float16(0.7974))":65,"(Float16(0.998), Float16(1.298))":35},"9":{"(Float16(0.4976), Float16(0.7974))":100},"31":{"(Float16(0.0007396), Float16(0.3008))":30,"(Float16(0.501), Float16(0.801))":70},"74":{"(Float16(0.501), Float16(0.801))":100},"61":{"(Float16(0.499), Float16(0.799))":88,"(Float16(0.997), Float16(1.297))":12},"29":{"(Float16(0.0002704), Float16(0.3003))":37,"(Float16(0.501), Float16(0.801))":63},"94":{"(Float16(0.501), Float16(0.801))":100},"46":{"(Float16(0.0005665), Float16(0.3005))":61,"(Float16(0.999), Float16(1.299))":39},"57":{"(Float16(0.996), Float16(1.296))":3,"(Float16(0.4985), Float16(0.7983))":97},"70":{"(Float16(0.501), Float16(0.801))":100},"21":{"(Float16(0.0009475), Float16(0.301))":11,"(Float16(0.501), Float16(0.801))":89},"38":{"(Float16(0.000798), Float16(0.3008))":55,"(Float16(0.999), Float16(1.299))":45},"88":{"(Float16(0.0009565), Float16(0.301))":29,"(Float16(0.501), Float16(0.801))":71},"78":{"(Float16(0.498), Float16(0.798))":64,"(Float16(0.997), Float16(1.297))":36},"72":{"(Float16(0.998), Float16(1.298))":21,"(Float16(0.4978), Float16(0.798))":79},"24":{"(Float16(0.0004153), Float16(0.3005))":26,"(Float16(0.501), Float16(0.801))":74},"8":{"(Float16(0.498), Float16(0.798))":72,"(Float16(0.999), Float16(1.299))":28},"17":{"(Float16(0.0012), Float16(0.3013))":28,"(Float16(0.501), Float16(0.801))":72},"37":{"(Float16(0.998), Float16(1.298))":26,"(Float16(0.4978), Float16(0.798))":74},"1":{"(Float16(0.0008974), Float16(0.3008))":40,"(Float16(0.501), Float16(0.801))":60},"53":{"(Float16(0.4973), Float16(0.7974))":100},"22":{"(Float16(0.4966), Float16(0.7964))":87,"(Float16(0.999), Float16(1.299))":13},"47":{"(Float16(0.999), Float16(1.299))":27,"(Float16(0.497), Float16(0.797))":73},"83":{"(Float16(0.0006986), Float16(0.3008))":22,"(Float16(0.501), Float16(0.801))":78},"99":{"(Float16(0.0009394), Float16(0.301))":35,"(Float16(0.501), Float16(0.801))":65},"89":{"(Float16(0.0009394), Float16(0.301))":27,"(Float16(0.997), Float16(1.297))":26,"(Float16(0.501), Float16(0.801))":47},"14":{"(Float16(0.4976), Float16(0.7974))":57,"(Float16(0.998), Float16(1.298))":43},"3":{"(Float16(0.0004828), Float16(0.3005))":29,"(Float16(0.501), Float16(0.801))":71},"80":{"(Float16(0.9976), Float16(1.298))":52,"(Float16(0.0002718), Float16(0.3003))":48},"96":{"(Float16(0.501), Float16(0.801))":100},"51":{"(Float16(0.498), Float16(0.798))":81,"(Float16(0.997), Float16(1.297))":19},"33":{"(Float16(0.4976), Float16(0.7974))":89,"(Float16(0.997), Float16(1.297))":11},"40":{"(Float16(0.5015), Float16(0.8013))":66,"(Float16(0.0004644), Float16(0.3005))":34},"48":{"(Float16(0.0007195), Float16(0.3008))":23,"(Float16(0.4995), Float16(0.7993))":77},"15":{"(Float16(0.5015), Float16(0.8013))":70,"(Float16(0.000684), Float16(0.3008))":30},"65":{"(Float16(0.499), Float16(0.799))":61,"(Float16(0.998), Float16(1.298))":20,"(Float16(0.000923), Float16(0.301))":19},"97":{"(Float16(0.0007286), Float16(0.3008))":44,"(Float16(0.501), Float16(0.801))":56}}