{"5":[0.4878,0.4878,0.4878,0.4878,0.4878,0.4878,0.4878,0.4878,0.4878,0.4878,0.4878,0.4878,0.4878,0.4878,0.4878,0.4878,0.4878,0.4878,0.4878,0.4878,0.4878,0.4878,0.4878,0.4878,0.4878,0.4878,0.4878,0.4878,0.4878,0.4878,0.4878,0.4878,0.4878,0.4878,0.4878,0.4878,0.4878,0.4878,0.4878,0.4878,0.4878,0.4878,0.4878,0.4878,0.4878,0.4878,0.4878,0.4878,0.4878,0.4878,0.4878,0.4878,0.4878,0.4878,0.4878,0.4878,0.4878,0.4878,0.4878,0.4878,0.4878,0.4878,0.4878,0.4878,0.4878,0.4878,0.4878,0.4878,0.4878,0.4878,0.4878,0.4878,0.4878,0.4878,0.4878,0.4878,0.4878,0.4878,0.4878,0.4878,0.4878,0.4878,0.4878,0.4878,0.4878,0.4878,0.4878,0.4878,0.9487,0.4878,0.4878,0.4878,0.4878,0.4878,0.4878,0.4878,0.4878,0.4878,0.4878,0.4878],"4":[0.949,0.948,0.05008,0.0501,0.05005,0.0501,0.0501,0.0501,0.948,0.948,0.9487,0.9487,0.05008,0.0501,0.0501,0.0501,0.0501,0.948,0.0501,0.949,0.948,0.0501,0.948,0.0501,0.948,0.0501,0.948,0.9487,0.9487,0.0501,0.0501,0.05005,0.948,0.9487,0.9487,0.0501,0.0501,0.948,0.948,0.0501,0.05008,0.05008,0.0501,0.948,0.0501,0.0501,0.948,0.9487,0.948,0.949,0.948,0.949,0.0501,0.948,0.949,0.948,0.948,0.0501,0.948,0.948,0.0501,0.949,0.0501,0.948,0.0501,0.948,0.0501,0.0501,0.0501,0.05005,0.948,0.05008,0.948,0.949,0.0501,0.949,0.05008,0.0501,0.0501,0.948,0.948,0.0501,0.948,0.0501,0.949,0.948,0.949,0.948,0.948,0.05005,0.0501,0.949,0.0501,0.0501,0.949,0.0501,0.948,0.0501,0.948,0.0501],"6":[0.05005,0.948,0.948,0.948,0.05005,0.948,0.05005,0.948,0.948,0.05005,0.949,0.05005,0.05005,0.948,0.05005,0.9487,0.05005,0.05005,0.948,0.05005,0.05005,0.9487,0.948,0.05005,0.05005,0.948,0.948,0.05005,0.9487,0.05005,0.949,0.9487,0.948,0.05005,0.948,0.05005,0.949,0.948,0.948,0.948,0.05005,0.949,0.948,0.948,0.948,0.948,0.05002,0.948,0.948,0.948,0.948,0.9497,0.948,0.948,0.948,0.05005,0.948,0.948,0.05005,0.948,0.05005,0.948,0.05005,0.948,0.05005,0.948,0.05005,0.948,0.05002,0.05002,0.05005,0.949,0.949,0.948,0.05005,0.05005,0.05002,0.05005,0.9487,0.05005,0.948,0.05005,0.05005,0.948,0.948,0.948,0.948,0.948,0.948,0.9487,0.9487,0.948,0.948,0.948,0.05005,0.05002,0.05002,0.05005,0.948,0.948],"7":[0.948,0.05072,0.948,0.05075,0.948,0.0506,0.05078,0.948,0.948,0.0507,0.05066,0.05078,0.05072,0.05066,0.9487,0.948,0.05075,0.948,0.0508,0.9487,0.9487,0.948,0.05066,0.0507,0.948,0.05054,0.05054,0.9497,0.0507,0.05078,0.948,0.948,0.05072,0.05072,0.05075,0.05078,0.948,0.0505,0.0507,0.949,0.0507,0.05072,0.948,0.948,0.05066,0.948,0.948,0.948,0.948,0.948,0.05078,0.05035,0.05072,0.948,0.05075,0.9487,0.9487,0.948,0.05066,0.05066,0.948,0.949,0.05072,0.05066,0.948,0.05078,0.948,0.948,0.948,0.0507,0.05084,0.05072,0.05054,0.05066,0.05078,0.05063,0.948,0.0506,0.948,0.9487,0.948,0.05072,0.948,0.05066,0.949,0.9487,0.0505,0.948,0.05072,0.948,0.05063,0.949,0.0507,0.948,0.948,0.05066,0.948,0.05072,0.948,0.948],"2":[0.05173,0.0514,0.949,0.949,0.949,0.05145,0.949,0.05164,0.949,0.949,0.949,0.949,0.949,0.949,0.0508,0.0518,0.0517,0.949,0.0515,0.949,0.05164,0.949,0.0515,0.05115,0.0514,0.05157,0.949,0.0515,0.949,0.0512,0.949,0.05157,0.05084,0.05173,0.05173,0.05164,0.949,0.05164,0.949,0.949,0.949,0.949,0.0515,0.05164,0.949,0.05164,0.05145,0.05145,0.949,0.0516,0.949,0.05157,0.949,0.0514,0.05145,0.9497,0.05133,0.05133,0.949,0.05164,0.949,0.0509,0.949,0.0512,0.05084,0.05176,0.949,0.05124,0.0514,0.05182,0.05145,0.949,0.0514,0.0512,0.0515,0.05145,0.0517,0.949,0.0512,0.949,0.05164,0.949,0.949,0.0515,0.949,0.949,0.949,0.0514,0.949,0.05157,0.9497,0.949,0.949,0.949,0.949,0.0515,0.0519,0.949,0.05145,0.05145],"8":[0.948,0.05096,0.0511,0.05078,0.0511,0.051,0.948,0.949,0.05096,0.0511,0.05115,0.05106,0.05078,0.948,0.949,0.0511,0.05112,0.949,0.05084,0.05078,0.05115,0.948,0.948,0.948,0.948,0.051,0.948,0.05112,0.0505,0.948,0.051,0.948,0.05106,0.05112,0.948,0.05106,0.948,0.051,0.05106,0.948,0.05078,0.9487,0.05054,0.9487,0.05112,0.0508,0.05057,0.05093,0.9487,0.05078,0.948,0.05115,0.05048,0.0503,0.05078,0.05084,0.0511,0.9487,0.051,0.9487,0.948,0.0511,0.051,0.05112,0.05103,0.05112,0.05084,0.9487,0.05106,0.0511,0.05096,0.948,0.948,0.0511,0.05103,0.949,0.948,0.05084,0.05103,0.948,0.948,0.05112,0.05106,0.948,0.05057,0.05103,0.05096,0.05115,0.0511,0.948,0.948,0.948,0.948,0.05103,0.05112,0.05103,0.05078,0.05115,0.05115,0.9487],"3":[0.05,0.948,0.948,0.05,0.948,0.948,0.948,0.948,0.9487,0.948,0.948,0.948,0.948,0.9487,0.949,0.948,0.9487,0.948,0.948,0.948,0.9487,0.05,0.948,0.05,0.05,0.05,0.9487,0.948,0.948,0.948,0.948,0.948,0.948,0.05,0.948,0.948,0.948,0.948,0.948,0.9487,0.9487,0.948,0.948,0.05,0.948,0.948,0.948,0.948,0.948,0.9487,0.9487,0.948,0.05,0.948,0.949,0.948,0.948,0.05,0.05,0.948,0.9487,0.05,0.948,0.05,0.05,0.948,0.05,0.05,0.05,0.948,0.948,0.05,0.948,0.948,0.05,0.05,0.948,0.948,0.948,0.05,0.05,0.05,0.948,0.9487,0.948,0.948,0.948,0.948,0.948,0.948,0.948,0.948,0.9487,0.05,0.05,0.05,0.948,0.05,0.948,0.948],"1":[0.949,0.949,0.0508,0.949,0.0517,0.05157,0.9497,0.949,0.05136,0.05133,0.05157,0.05167,0.05096,0.949,0.949,0.0508,0.949,0.05176,0.05118,0.05157,0.949,0.949,0.0517,0.949,0.05127,0.05145,0.0514,0.0516,0.949,0.0517,0.949,0.0516,0.949,0.05115,0.05167,0.05118,0.05173,0.05157,0.05167,0.05154,0.949,0.05127,0.949,0.949,0.05127,0.0517,0.05066,0.949,0.0515,0.05167,0.949,0.05118,0.05142,0.05145,0.0512,0.949,0.0515,0.949,0.0509,0.949,0.949,0.05154,0.05167,0.05157,0.05145,0.05127,0.949,0.05142,0.05164,0.05176,0.0517,0.05096,0.0511,0.949,0.05084,0.949,0.0514,0.0517,0.05133,0.05084,0.0512,0.9497,0.05136,0.05133,0.05164,0.949,0.949,0.05157,0.949,0.05127,0.05167,0.9497,0.0506,0.05133,0.949,0.0514,0.05142,0.949,0.949,0.05118]}