{"5":{"(Float16(0.0006576), Float16(0.5005))":100},"56":{"(Float16(0.000846), Float16(0.501))":100},"35":{"(Float16(0.000717), Float16(0.5005))":100},"55":{"(Float16(0.000818), Float16(0.501))":100},"60":{"(Float16(0.000817), Float16(0.501))":100},"30":{"(Float16(0.0006056), Float16(0.5005))":100},"32":{"(Float16(0.872), Float16(1.372))":2,"(Float16(0.000713), Float16(0.5005))":98},"6":{"(Float16(0.000622), Float16(0.5005))":100},"67":{"(Float16(0.000782), Float16(0.501))":100},"45":{"(Float16(0.000487), Float16(0.5005))":100},"73":{"(Float16(0.0006657), Float16(0.5005))":100},"64":{"(Float16(0.0007224), Float16(0.5005))":100},"90":{"(Float16(0.0007935), Float16(0.501))":100},"4":{"(Float16(0.0004559), Float16(0.5005))":100},"13":{"(Float16(0.0007534), Float16(0.501))":100},"54":{"(Float16(0.000805), Float16(0.501))":100},"63":{"(Float16(0.000653), Float16(0.5005))":100},"86":{"(Float16(0.0007744), Float16(0.501))":100},"91":{"(Float16(0.0007277), Float16(0.5005))":100},"62":{"(Float16(0.0005746), Float16(0.5005))":100},"58":{"(Float16(0.0005136), Float16(0.5005))":100},"52":{"(Float16(0.0007877), Float16(0.501))":100},"12":{"(Float16(0.000531), Float16(0.5005))":100},"28":{"(Float16(0.0006113), Float16(0.5005))":100},"75":{"(Float16(0.0009265), Float16(0.501))":100},"23":{"(Float16(0.0008774), Float16(0.501))":100},"92":{"(Float16(0.000592), Float16(0.5005))":100},"41":{"(Float16(0.0006857), Float16(0.5005))":100},"43":{"(Float16(0.0007544), Float16(0.501))":100},"11":{"(Float16(0.0005302), Float16(0.5005))":100},"36":{"(Float16(0.0005894), Float16(0.5005))":100},"68":{"(Float16(0.0006332), Float16(0.5005))":100},"69":{"(Float16(0.0008526), Float16(0.501))":100},"98":{"(Float16(0.0007963), Float16(0.501))":100},"82":{"(Float16(0.0004807), Float16(0.5005))":100},"85":{"(Float16(0.0007753), Float16(0.501))":100},"39":{"(Float16(0.000627), Float16(0.5005))":100},"84":{"(Float16(0.000803), Float16(0.501))":100},"77":{"(Float16(0.000557), Float16(0.5005))":100},"7":{"(Float16(0.0005016), Float16(0.5005))":100},"25":{"(Float16(0.000759), Float16(0.501))":100},"95":{"(Float16(0.000681), Float16(0.5005))":100},"71":{"(Float16(0.000563), Float16(0.5005))":100},"66":{"(Float16(0.000673), Float16(0.5005))":100},"76":{"(Float16(0.0006857), Float16(0.5005))":100},"34":{"(Float16(0.000612), Float16(0.5005))":100},"50":{"(Float16(0.000681), Float16(0.5005))":100},"59":{"(Float16(0.0007687), Float16(0.501))":100},"93":{"(Float16(0.0008335), Float16(0.501))":100},"2":{"(Float16(0.0005727), Float16(0.5005))":100},"10":{"(Float16(0.000637), Float16(0.5005))":100},"18":{"(Float16(0.0007524), Float16(0.501))":100},"26":{"(Float16(0.0007277), Float16(0.5005))":100},"27":{"(Float16(0.000501), Float16(0.5005))":100},"42":{"(Float16(0.0007358), Float16(0.501))":100},"87":{"(Float16(0.0006676), Float16(0.5005))":100},"100":{"(Float16(0.0005608), Float16(0.5005))":100},"79":{"(Float16(0.0007586), Float16(0.501))":100},"16":{"(Float16(0.0006733), Float16(0.5005))":100},"20":{"(Float16(0.0007944), Float16(0.501))":100},"81":{"(Float16(0.000656), Float16(0.5005))":100},"19":{"(Float16(0.0005684), Float16(0.5005))":100},"49":{"(Float16(0.000751), Float16(0.501))":100},"44":{"(Float16(0.0005727), Float16(0.5005))":100},"9":{"(Float16(0.000828), Float16(0.501))":100},"31":{"(Float16(0.0006433), Float16(0.5005))":100},"74":{"(Float16(0.0007744), Float16(0.501))":100},"61":{"(Float16(0.000461), Float16(0.5005))":100},"29":{"(Float16(0.0005136), Float16(0.5005))":100},"94":{"(Float16(0.0007463), Float16(0.501))":100},"46":{"(Float16(0.0007005), Float16(0.5005))":100},"57":{"(Float16(0.0006437), Float16(0.5005))":100},"70":{"(Float16(0.000687), Float16(0.5005))":100},"21":{"(Float16(0.0006466), Float16(0.5005))":100},"38":{"(Float16(0.0006733), Float16(0.5005))":100},"88":{"(Float16(0.0005856), Float16(0.5005))":100},"78":{"(Float16(0.000595), Float16(0.5005))":100},"72":{"(Float16(0.0006285), Float16(0.5005))":100},"24":{"(Float16(0.000549), Float16(0.5005))":100},"8":{"(Float16(0.0006495), Float16(0.5005))":100},"17":{"(Float16(0.000662), Float16(0.5005))":100},"37":{"(Float16(0.000699), Float16(0.5005))":100},"1":{"(Float16(0.0004945), Float16(0.5005))":100},"53":{"(Float16(0.0007534), Float16(0.501))":100},"22":{"(Float16(0.00072), Float16(0.5005))":100},"47":{"(Float16(0.0006075), Float16(0.5005))":100},"83":{"(Float16(0.000583), Float16(0.5005))":100},"99":{"(Float16(0.000778), Float16(0.501))":100},"89":{"(Float16(0.0008745), Float16(0.501))":100},"14":{"(Float16(0.0006547), Float16(0.5005))":100},"3":{"(Float16(0.000698), Float16(0.5005))":100},"80":{"(Float16(0.0004754), Float16(0.5005))":100},"96":{"(Float16(0.000929), Float16(0.501))":100},"51":{"(Float16(0.0008254), Float16(0.501))":100},"33":{"(Float16(0.000718), Float16(0.5005))":100},"40":{"(Float16(0.000808), Float16(0.501))":100},"48":{"(Float16(0.000634), Float16(0.5005))":100},"15":{"(Float16(0.000715), Float16(0.5005))":100},"65":{"(Float16(0.000843), Float16(0.501))":100},"97":{"(Float16(0.000607), Float16(0.5005))":100}}