{"5":{"(Float16(0.7393), Float16(0.9395))":56,"(Float16(0.0006886), Float16(0.2007))":44},"56":{"(Float16(0.787), Float16(0.9873))":50,"(Float16(0.000826), Float16(0.2008))":17,"(Float16(0.4663), Float16(0.6665))":33},"35":{"(Float16(0.503), Float16(0.703))":48,"(Float16(0.000787), Float16(0.2008))":22,"(Float16(0.8076), Float16(1.008))":30},"55":{"(Float16(0.4468), Float16(0.647))":34,"(Float16(0.8105), Float16(1.011))":41,"(Float16(0.0007353), Float16(0.2007))":25},"60":{"(Float16(0.0003207), Float16(0.2003))":18,"(Float16(0.6465), Float16(0.8467))":82},"30":{"(Float16(0.000906), Float16(0.2009))":25,"(Float16(0.4702), Float16(0.6704))":29,"(Float16(0.8184), Float16(1.019))":46},"32":{"(Float16(0.4), Float16(0.6))":34,"(Float16(0.000908), Float16(0.2009))":27,"(Float16(0.7266), Float16(0.927))":39},"6":{"(Float16(0.4932), Float16(0.6934))":25,"(Float16(0.0007133), Float16(0.2007))":35,"(Float16(0.797), Float16(0.997))":40},"67":{"(Float16(0.8154), Float16(1.016))":28,"(Float16(0.001181), Float16(0.2012))":20,"(Float16(0.4448), Float16(0.645))":52},"45":{"(Float16(0.8555), Float16(1.056))":28,"(Float16(0.509), Float16(0.709))":44,"(Float16(0.000668), Float16(0.2007))":28},"73":{"(Float16(0.8555), Float16(1.056))":25,"(Float16(0.4824), Float16(0.6826))":53,"(Float16(0.001116), Float16(0.2012))":22},"64":{"(Float16(0.7344), Float16(0.9346))":51,"(Float16(0.0006385), Float16(0.2007))":49},"90":{"(Float16(0.741), Float16(0.9414))":43,"(Float16(0.3955), Float16(0.5957))":26,"(Float16(0.001061), Float16(0.201))":31},"4":{"(Float16(0.48), Float16(0.68))":40,"(Float16(0.000948), Float16(0.2009))":20,"(Float16(0.791), Float16(0.991))":40},"13":{"(Float16(0.0009985), Float16(0.201))":27,"(Float16(0.8125), Float16(1.013))":30,"(Float16(0.4336), Float16(0.634))":43},"54":{"(Float16(0.4224), Float16(0.6226))":48,"(Float16(0.832), Float16(1.032))":37,"(Float16(0.0011635), Float16(0.2012))":15},"63":{"(Float16(0.8457), Float16(1.046))":31,"(Float16(0.5264), Float16(0.7266))":29,"(Float16(0.000796), Float16(0.2008))":40},"86":{"(Float16(0.000724), Float16(0.2007))":29,"(Float16(0.8076), Float16(1.008))":32,"(Float16(0.4644), Float16(0.6646))":39},"91":{"(Float16(0.000636), Float16(0.2007))":29,"(Float16(0.7803), Float16(0.9805))":37,"(Float16(0.4375), Float16(0.6377))":34},"62":{"(Float16(0.707), Float16(0.907))":60,"(Float16(0.0005426), Float16(0.2006))":40},"58":{"(Float16(0.000883), Float16(0.2009))":24,"(Float16(0.3896), Float16(0.59))":44,"(Float16(0.7617), Float16(0.962))":32},"52":{"(Float16(0.00074), Float16(0.2007))":21,"(Float16(0.5273), Float16(0.7275))":52,"(Float16(0.8223), Float16(1.022))":27},"12":{"(Float16(0.758), Float16(0.958))":39,"(Float16(0.0008183), Float16(0.2008))":32,"(Float16(0.4438), Float16(0.644))":29},"28":{"(Float16(0.5137), Float16(0.714))":48,"(Float16(0.001078), Float16(0.201))":24,"(Float16(0.8545), Float16(1.055))":28},"75":{"(Float16(0.667), Float16(0.867))":57,"(Float16(0.001011), Float16(0.201))":43},"23":{"(Float16(0.8066), Float16(1.007))":37,"(Float16(0.3486), Float16(0.549))":39,"(Float16(0.0006156), Float16(0.2006))":24},"92":{"(Float16(0.0007057), Float16(0.2007))":39,"(Float16(0.6826), Float16(0.883))":61},"41":{"(Float16(0.001234), Float16(0.2013))":18,"(Float16(0.8604), Float16(1.061))":24,"(Float16(0.4434), Float16(0.6436))":58},"43":{"(Float16(0.000841), Float16(0.2008))":29,"(Float16(0.456), Float16(0.6562))":31,"(Float16(0.7715), Float16(0.9717))":40},"11":{"(Float16(0.787), Float16(0.9873))":39,"(Float16(0.000683), Float16(0.2007))":41,"(Float16(0.481), Float16(0.681))":20},"36":{"(Float16(0.532), Float16(0.7324))":21,"(Float16(0.0007725), Float16(0.2008))":26,"(Float16(0.795), Float16(0.995))":53},"68":{"(Float16(0.417), Float16(0.617))":44,"(Float16(0.8193), Float16(1.02))":24,"(Float16(0.000809), Float16(0.2008))":32},"69":{"(Float16(0.3994), Float16(0.5996))":56,"(Float16(0.839), Float16(1.039))":30,"(Float16(0.001249), Float16(0.2013))":14},"98":{"(Float16(0.000687), Float16(0.2007))":28,"(Float16(0.3877), Float16(0.588))":35,"(Float16(0.785), Float16(0.9854))":37},"82":{"(Float16(0.001003), Float16(0.201))":32,"(Float16(0.6133), Float16(0.8135))":68},"85":{"(Float16(0.001101), Float16(0.201))":29,"(Float16(0.79), Float16(0.99))":26,"(Float16(0.496), Float16(0.6963))":45},"39":{"(Float16(0.351), Float16(0.5513))":31,"(Float16(0.782), Float16(0.9824))":43,"(Float16(0.0007114), Float16(0.2007))":26},"84":{"(Float16(0.8447), Float16(1.045))":34,"(Float16(0.4097), Float16(0.61))":45,"(Float16(0.001038), Float16(0.201))":21},"77":{"(Float16(0.000921), Float16(0.2009))":41,"(Float16(0.709), Float16(0.909))":59},"7":{"(Float16(0.7773), Float16(0.9775))":37,"(Float16(0.0006166), Float16(0.2006))":21,"(Float16(0.3774), Float16(0.5776))":42},"25":{"(Float16(0.0007277), Float16(0.2007))":27,"(Float16(0.8516), Float16(1.052))":38,"(Float16(0.505), Float16(0.705))":35},"95":{"(Float16(0.4346), Float16(0.635))":34,"(Float16(0.7764), Float16(0.9766))":45,"(Float16(0.0004706), Float16(0.2004))":21},"71":{"(Float16(0.834), Float16(1.034))":35,"(Float16(0.0006285), Float16(0.2007))":26,"(Float16(0.496), Float16(0.6963))":39},"66":{"(Float16(0.549), Float16(0.749))":85,"(Float16(0.0002201), Float16(0.2002))":15},"76":{"(Float16(0.309), Float16(0.5093))":29,"(Float16(0.697), Float16(0.897))":64,"(Float16(0.0001502), Float16(0.2002))":7},"34":{"(Float16(0.7637), Float16(0.964))":51,"(Float16(0.474), Float16(0.6743))":12,"(Float16(0.0006666), Float16(0.2007))":37},"50":{"(Float16(0.745), Float16(0.9453))":47,"(Float16(0.0008483), Float16(0.2008))":34,"(Float16(0.399), Float16(0.599))":19},"59":{"(Float16(0.4165), Float16(0.6167))":34,"(Float16(0.7734), Float16(0.9736))":40,"(Float16(0.0009136), Float16(0.2009))":26},"93":{"(Float16(0.7686), Float16(0.9688))":39,"(Float16(0.3706), Float16(0.571))":37,"(Float16(0.000841), Float16(0.2008))":24},"2":{"(Float16(0.6543), Float16(0.8545))":80,"(Float16(0.0008354), Float16(0.2008))":20},"10":{"(Float16(0.4946), Float16(0.695))":41,"(Float16(0.000614), Float16(0.2006))":20,"(Float16(0.7627), Float16(0.963))":39},"18":{"(Float16(0.828), Float16(1.028))":33,"(Float16(0.507), Float16(0.707))":26,"(Float16(0.0003726), Float16(0.2003))":41},"26":{"(Float16(0.748), Float16(0.948))":42,"(Float16(0.459), Float16(0.659))":38,"(Float16(0.0007753), Float16(0.2008))":20},"27":{"(Float16(0.0007415), Float16(0.2007))":29,"(Float16(0.6826), Float16(0.883))":71},"42":{"(Float16(0.000991), Float16(0.201))":21,"(Float16(0.437), Float16(0.637))":34,"(Float16(0.8027), Float16(1.003))":45},"87":{"(Float16(0.8066), Float16(1.007))":20,"(Float16(0.507), Float16(0.707))":44,"(Float16(0.0009456), Float16(0.2009))":36},"100":{"(Float16(0.000552), Float16(0.2006))":44,"(Float16(0.6855), Float16(0.8857))":56},"79":{"(Float16(0.0009127), Float16(0.2009))":23,"(Float16(0.802), Float16(1.002))":30,"(Float16(0.4907), Float16(0.691))":47},"16":{"(Float16(0.0007205), Float16(0.2007))":30,"(Float16(0.8125), Float16(1.013))":38,"(Float16(0.4238), Float16(0.624))":32},"20":{"(Float16(0.6553), Float16(0.8555))":71,"(Float16(0.0007777), Float16(0.2008))":29},"81":{"(Float16(0.0006275), Float16(0.2007))":32,"(Float16(0.4365), Float16(0.6367))":23,"(Float16(0.797), Float16(0.997))":45},"19":{"(Float16(0.746), Float16(0.9463))":40,"(Float16(0.4106), Float16(0.611))":36,"(Float16(0.000892), Float16(0.2009))":24},"49":{"(Float16(0.4805), Float16(0.6807))":39,"(Float16(0.000992), Float16(0.201))":33,"(Float16(0.8945), Float16(1.095))":28},"44":{"(Float16(0.715), Float16(0.915))":57,"(Float16(0.000642), Float16(0.2007))":43},"9":{"(Float16(0.3623), Float16(0.5625))":24,"(Float16(0.0008307), Float16(0.2008))":29,"(Float16(0.7705), Float16(0.9707))":47},"31":{"(Float16(0.000723), Float16(0.2007))":23,"(Float16(0.8066), Float16(1.007))":38,"(Float16(0.4414), Float16(0.6416))":39},"74":{"(Float16(0.837), Float16(1.037))":31,"(Float16(0.0005927), Float16(0.2006))":22,"(Float16(0.412), Float16(0.6123))":47},