{"5":{"(Float16(2.77e-5), Float16(0.2001))":33,"(Float16(0.706), Float16(0.9062))":67},"56":{"(Float16(0.843), Float16(1.043))":34,"(Float16(0.0003633), Float16(0.2003))":10,"(Float16(0.4492), Float16(0.6494))":56},"35":{"(Float16(0.7383), Float16(0.9385))":46,"(Float16(0.0004878), Float16(0.2004))":22,"(Float16(0.4138), Float16(0.614))":32},"55":{"(Float16(0.7383), Float16(0.9385))":54,"(Float16(0.0003538), Float16(0.2003))":46},"60":{"(Float16(0.837), Float16(1.037))":46,"(Float16(0.000327), Float16(0.2003))":24,"(Float16(0.4116), Float16(0.612))":30},"30":{"(Float16(4.69e-5), Float16(0.2001))":26,"(Float16(0.3506), Float16(0.551))":14,"(Float16(0.709), Float16(0.909))":60},"32":{"(Float16(0.3604), Float16(0.5605))":20,"(Float16(0.0004795), Float16(0.2004))":28,"(Float16(0.744), Float16(0.9443))":52},"6":{"(Float16(0.0003994), Float16(0.2004))":30,"(Float16(0.5234), Float16(0.7236))":43,"(Float16(0.8086), Float16(1.009))":27},"67":{"(Float16(0.000565), Float16(0.2006))":23,"(Float16(0.6875), Float16(0.8877))":77},"45":{"(Float16(0.3806), Float16(0.5806))":28,"(Float16(0.0007), Float16(0.2007))":26,"(Float16(0.783), Float16(0.9834))":46},"73":{"(Float16(0.8154), Float16(1.016))":37,"(Float16(0.000559), Float16(0.2006))":20,"(Float16(0.456), Float16(0.6562))":43},"64":{"(Float16(0.0005703), Float16(0.2006))":27,"(Float16(0.476), Float16(0.6763))":42,"(Float16(0.831), Float16(1.031))":31},"90":{"(Float16(0.755), Float16(0.955))":59,"(Float16(0.3071), Float16(0.5073))":30,"(Float16(0.0005264), Float16(0.2006))":11},"4":{"(Float16(0.877), Float16(1.077))":22,"(Float16(0.4736), Float16(0.674))":47,"(Float16(0.0005283), Float16(0.2006))":31},"13":{"(Float16(0.0002263), Float16(0.2002))":18,"(Float16(0.8027), Float16(1.003))":46,"(Float16(0.3152), Float16(0.515))":36},"54":{"(Float16(0.671), Float16(0.871))":56,"(Float16(0.0002844), Float16(0.2003))":44},"63":{"(Float16(0.393), Float16(0.5933))":40,"(Float16(0.0005417), Float16(0.2006))":20,"(Float16(0.783), Float16(0.9834))":40},"86":{"(Float16(0.0003753), Float16(0.2003))":38,"(Float16(0.573), Float16(0.7734))":41,"(Float16(0.837), Float16(1.037))":21},"91":{"(Float16(0.441), Float16(0.641))":40,"(Float16(0.8213), Float16(1.021))":35,"(Float16(0.0003486), Float16(0.2003))":25},"62":{"(Float16(0.802), Float16(1.002))":49,"(Float16(0.4243), Float16(0.6245))":29,"(Float16(5.335e-5), Float16(0.2001))":22},"58":{"(Float16(0.4414), Float16(0.6416))":34,"(Float16(0.0003934), Float16(0.2004))":26,"(Float16(0.8076), Float16(1.008))":40},"52":{"(Float16(0.0004115), Float16(0.2004))":26,"(Float16(0.4854), Float16(0.6855))":38,"(Float16(0.83), Float16(1.03))":36},"12":{"(Float16(0.4531), Float16(0.6533))":45,"(Float16(0.000545), Float16(0.2006))":17,"(Float16(0.8105), Float16(1.011))":38},"28":{"(Float16(0.2725), Float16(0.4724))":8,"(Float16(0.6455), Float16(0.8457))":68,"(Float16(0.0001934), Float16(0.2002))":24},"75":{"(Float16(0.7812), Float16(0.9814))":43,"(Float16(0.000512), Float16(0.2006))":16,"(Float16(0.434), Float16(0.6343))":41},"23":{"(Float16(0.0002906), Float16(0.2003))":22,"(Float16(0.842), Float16(1.042))":35,"(Float16(0.4092), Float16(0.6094))":43},"92":{"(Float16(0.745), Float16(0.9453))":43,"(Float16(0.3618), Float16(0.562))":34,"(Float16(0.0002279), Float16(0.2002))":23},"41":{"(Float16(0.000351), Float16(0.2003))":40,"(Float16(0.703), Float16(0.9033))":60},"43":{"(Float16(0.792), Float16(0.992))":42,"(Float16(0.000575), Float16(0.2006))":16,"(Float16(0.46), Float16(0.66))":42},"11":{"(Float16(0.842), Float16(1.042))":36,"(Float16(0.000554), Float16(0.2006))":29,"(Float16(0.5254), Float16(0.7256))":35},"36":{"(Float16(0.0004983), Float16(0.2004))":34,"(Float16(0.4897), Float16(0.69))":41,"(Float16(0.8447), Float16(1.045))":25},"68":{"(Float16(0.000405), Float16(0.2004))":42,"(Float16(0.872), Float16(1.072))":27,"(Float16(0.5234), Float16(0.7236))":31},"69":{"(Float16(0.4421), Float16(0.642))":35,"(Float16(0.000602), Float16(0.2006))":28,"(Float16(0.8506), Float16(1.051))":37},"98":{"(Float16(0.000781), Float16(0.2008))":20,"(Float16(0.4854), Float16(0.6855))":40,"(Float16(0.785), Float16(0.9854))":40},"82":{"(Float16(0.0003881), Float16(0.2004))":28,"(Float16(0.794), Float16(0.994))":38,"(Float16(0.4048), Float16(0.605))":34},"85":{"(Float16(0.3857), Float16(0.586))":46,"(Float16(0.000656), Float16(0.2007))":17,"(Float16(0.796), Float16(0.996))":37},"39":{"(Float16(0.00028), Float16(0.2003))":22,"(Float16(0.8047), Float16(1.005))":43,"(Float16(0.4216), Float16(0.6216))":35},"84":{"(Float16(0.000423), Float16(0.2004))":40,"(Float16(0.7266), Float16(0.927))":60},"77":{"(Float16(0.000273), Float16(0.2003))":31,"(Float16(0.834), Float16(1.034))":23,"(Float16(0.497), Float16(0.6973))":46},"7":{"(Float16(0.787), Float16(0.9873))":26,"(Float16(0.4365), Float16(0.6367))":42,"(Float16(0.0003219), Float16(0.2003))":32},"25":{"(Float16(0.801), Float16(1.001))":46,"(Float16(0.0006394), Float16(0.2007))":18,"(Float16(0.399), Float16(0.599))":36},"95":{"(Float16(0.3584), Float16(0.5586))":37,"(Float16(8.71e-5), Float16(0.2001))":18,"(Float16(0.749), Float16(0.949))":45},"71":{"(Float16(2.07e-5), Float16(0.2001))":16,"(Float16(0.7617), Float16(0.962))":47,"(Float16(0.399), Float16(0.599))":37},"66":{"(Float16(0.0001901), Float16(0.2002))":25,"(Float16(0.744), Float16(0.9443))":36,"(Float16(0.4902), Float16(0.6904))":39},"76":{"(Float16(0.00049), Float16(0.2004))":22,"(Float16(0.4592), Float16(0.659))":49,"(Float16(0.867), Float16(1.067))":29},"34":{"(Float16(0.0005684), Float16(0.2006))":27,"(Float16(0.827), Float16(1.027))":35,"(Float16(0.4268), Float16(0.627))":38},"50":{"(Float16(0.0001926), Float16(0.2002))":25,"(Float16(0.4233), Float16(0.6235))":46,"(Float16(0.8076), Float16(1.008))":29},"59":{"(Float16(0.0001448), Float16(0.2002))":21,"(Float16(0.834), Float16(1.034))":34,"(Float16(0.4302), Float16(0.6304))":45},"93":{"(Float16(0.8174), Float16(1.018))":32,"(Float16(0.399), Float16(0.599))":46,"(Float16(0.0001686), Float16(0.2002))":22},"2":{"(Float16(0.374), Float16(0.574))":31,"(Float16(0.7324), Float16(0.9326))":53,"(Float16(0.0002037), Float16(0.2002))":16},"10":{"(Float16(0.3738), Float16(0.5737))":38,"(Float16(0.7593), Float16(0.9595))":43,"(Float16(0.0006657), Float16(0.2007))":19},"18":{"(Float16(0.3638), Float16(0.564))":26,"(Float16(0.7563), Float16(0.9565))":54,"(Float16(0.0001564), Float16(0.2002))":20},"26":{"(Float16(0.0007024), Float16(0.2007))":17,"(Float16(0.4165), Float16(0.6167))":41,"(Float16(0.788), Float16(0.9883))":42},"27":{"(Float16(0.4556), Float16(0.656))":34,"(Float16(0.0005217), Float16(0.2006))":30,"(Float16(0.789), Float16(0.9893))":36},"42":{"(Float16(0.4585), Float16(0.6587))":39,"(Float16(0.8213), Float16(1.021))":40,"(Float16(0.0005155), Float16(0.2006))":21},"87":{"(Float16(0.000369), Float16(0.2003))":22,"(Float16(0.4062), Float16(0.6064))":44,"(Float16(0.8047), Float16(1.005))":34},"100":{"(Float16(0.0004303), Float16(0.2004))":25,"(Float16(0.4414), Float16(0.6416))":34,"(Float16(0.8037), Float16(1.004))":41},"79":{"(Float16(0.000502), Float16(0.2006))":20,"(Float16(0.8057), Float16(1.006))":34,"(Float16(0.434), Float16(0.6343))":46},"16":{"(Float16(0.0003142), Float16(0.2003))":29,"(Float16(0.913), Float16(1.113))":20,"(Float16(0.574), Float16(0.7744))":51},"20":{"(Float16(0.0001493), Float16(0.2002))":25,"(Float16(0.4783), Float16(0.678))":61,"(Float16(0.8896), Float16(1.09))":14},"81":{"(Float16(0.757), Float16(0.957))":49,"(Float16(0.4062), Float16(0.6064))":21,"(Float16(0.0006638), Float16(0.2007))":30},"19":{"(Float16(0.764), Float16(0.9644))":45,"(Float16(0.4072), Float16(0.6074))":34,"(Float16(0.000499), Float16(0.2004))":21},"49":{"(Float16(0.358), Float16(0.558))":20,"(Float16(0.00010467), Float16(0.2001))":31,"(Float16(0.7324), Float16(0.9326))":49},"44":{"(Float16(0.0004315), Float16(0.2004))":27,"(Float16(0.4238), Float16(0.624))":33,"(Float16(0.7227), Float16(0.923))":40},"9":{"(Float16(0.8525), Float16(1.053))":28,