{"5":[0.502,0.5015,0.5015,0.5015,0.5015,0.5015,0.502,0.502,0.5015,0.5015,0.502,0.501,0.05,0.501,0.5005,0.502,0.502,0.5015,0.501,0.5015,0.501,0.05,0.5015,0.501,0.5015,0.501,0.501,0.5015,0.502,0.501,0.502,0.502,0.502,0.501,0.501,0.501,0.501,0.502,0.502,0.502,0.5015,0.502,0.501,0.501,0.502,0.501,0.501,0.502,0.5005,0.501,0.5015,0.5015,0.501,0.502,0.501,0.502,0.5015,0.501,0.502,0.501,0.502,0.501,0.5015,0.05,0.502,0.5015,0.501,0.502,0.5015,0.501,0.501,0.5015,0.5015,0.5015,0.502,0.501,0.501,0.502,0.501,0.5015,0.5015,0.501,0.501,0.5015,0.502,0.5015,0.501,0.501,0.501,0.501,0.5015,0.501,0.501,0.501,0.501,0.5015,0.5015,0.502,0.501,0.501],"4":[0.4988,0.4985,0.4985,0.4985,0.949,0.4985,0.949,0.499,0.949,0.4985,0.4985,0.9497,0.4985,0.4985,0.4985,0.4985,0.4985,0.4985,0.4985,0.4985,0.4995,0.9487,0.4983,0.4985,0.949,0.499,0.4993,0.9487,0.499,0.949,0.9487,0.4985,0.4985,0.499,0.4985,0.4985,0.4985,0.4985,0.4985,0.949,0.4985,0.4985,0.4985,0.4985,0.4985,0.4985,0.4985,0.4985,0.499,0.4993,0.499,0.949,0.4985,0.4993,0.499,0.949,0.4985,0.4985,0.4985,0.499,0.4988,0.4985,0.4993,0.4985,0.4985,0.4985,0.4985,0.4985,0.4985,0.949,0.4988,0.499,0.4985,0.499,0.4985,0.4983,0.4985,0.4985,0.4988,0.949,0.949,0.949,0.4985,0.4985,0.4985,0.4985,0.4993,0.9497,0.4985,0.949,0.4985,0.4988,0.499,0.949,0.4985,0.499,0.4985,0.4985,0.4985,0.499],"6":[0.4985,0.4988,0.4988,0.4988,0.4988,0.4988,0.4985,0.4985,0.4985,0.4985,0.4993,0.4988,0.4985,0.4985,0.4985,0.4985,0.4985,0.4988,0.4988,0.498,0.4988,0.4993,0.4985,0.4985,0.4988,0.4983,0.4985,0.4985,0.4985,0.4985,0.4988,0.4988,0.4983,0.499,0.4985,0.4985,0.4985,0.4993,0.499,0.499,0.4985,0.499,0.499,0.4985,0.499,0.4985,0.4993,0.4985,0.948,0.4985,0.4988,0.949,0.4985,0.4985,0.499,0.4985,0.4985,0.4985,0.4995,0.4988,0.4985,0.4985,0.499,0.4985,0.4985,0.499,0.4988,0.4985,0.499,0.499,0.4985,0.4985,0.4988,0.4985,0.4985,0.4985,0.4988,0.4988,0.4985,0.4985,0.4985,0.4993,0.4988,0.4988,0.4985,0.4995,0.4985,0.4985,0.4995,0.499,0.4988,0.4985,0.4988,0.4985,0.4988,0.4985,0.4985,0.4985,0.4985,0.4985],"7":[0.95,0.05157,0.05164,0.05164,0.05133,0.05176,0.05066,0.05164,0.0517,0.95,0.05148,0.0513,0.05154,0.05182,0.95,0.0517,0.05182,0.95,0.05124,0.05145,0.0517,0.0517,0.05182,0.05124,0.05173,0.0515,0.95,0.05084,0.0512,0.0516,0.05164,0.05164,0.0512,0.95,0.95,0.05185,0.95,0.0509,0.05127,0.05182,0.05118,0.95,0.95,0.05145,0.05164,0.95,0.05164,0.0515,0.95,0.95,0.05182,0.0515,0.05084,0.0515,0.05176,0.0509,0.95,0.05133,0.95,0.05084,0.05145,0.95,0.0516,0.0519,0.95,0.0513,0.05164,0.0517,0.05167,0.05148,0.95,0.05164,0.05133,0.0517,0.05078,0.95,0.05167,0.05084,0.95,0.05164,0.95,0.95,0.95,0.95,0.0516,0.95,0.05142,0.05164,0.95,0.05164,0.05176,0.0515,0.05145,0.05066,0.95,0.05182,0.05164,0.95,0.05148,0.0517],"2":[0.499,0.949,0.499,0.949,0.499,0.4993,0.499,0.499,0.4993,0.499,0.4993,0.499,0.4993,0.949,0.499,0.499,0.949,0.499,0.949,0.499,0.499,0.499,0.949,0.949,0.499,0.4993,0.499,0.499,0.499,0.4993,0.499,0.4993,0.499,0.499,0.4993,0.499,0.4993,0.499,0.4995,0.499,0.499,0.499,0.499,0.948,0.05,0.499,0.4993,0.499,0.948,0.4993,0.4993,0.499,0.948,0.499,0.499,0.499,0.4995,0.4993,0.499,0.499,0.949,0.499,0.499,0.9487,0.499,0.499,0.499,0.499,0.499,0.499,0.499,0.499,0.499,0.4993,0.4993,0.499,0.499,0.4993,0.499,0.499,0.499,0.4993,0.499,0.499,0.499,0.499,0.948,0.4993,0.949,0.499,0.499,0.499,0.499,0.499,0.499,0.949,0.499,0.4993,0.499,0.4993],"10":[0.499,0.499,0.499,0.499,0.4993,0.4988,0.948,0.499,0.499,0.499,0.499,0.949,0.499,0.4985,0.499,0.499,0.499,0.499,0.4993,0.4988,0.499,0.9473,0.4985,0.499,0.499,0.949,0.4995,0.4985,0.95,0.4985,0.4988,0.4985,0.499,0.499,0.499,0.499,0.499,0.4993,0.499,0.948,0.4988,0.499,0.499,0.499,0.9487,0.499,0.4995,0.499,0.499,0.499,0.4988,0.4988,0.499,0.499,0.4988,0.499,0.499,0.948,0.499,0.9497,0.9487,0.499,0.499,0.499,0.499,0.499,0.499,0.499,0.499,0.499,0.499,0.499,0.499,0.499,0.499,0.499,0.499,0.499,0.499,0.499,0.499,0.499,0.499,0.4995,0.949,0.4993,0.499,0.4995,0.499,0.499,0.499,0.499,0.499,0.4995,0.499,0.4988,0.499,0.499,0.499,0.499],"9":[0.501,0.501,0.501,0.501,0.501,0.501,0.501,0.501,0.501,0.501,0.501,0.501,0.501,0.5005,0.501,0.501,0.501,0.501,0.501,0.501,0.501,0.501,0.501,0.501,0.501,0.501,0.05145,0.501,0.501,0.5005,0.501,0.501,0.95,0.501,0.501,0.05194,0.501,0.501,0.501,0.05096,0.501,0.05176,0.501,0.501,0.501,0.501,0.05145,0.501,0.501,0.501,0.501,0.501,0.501,0.05118,0.501,0.501,0.501,0.501,0.501,0.501,0.501,0.501,0.5005,0.501,0.501,0.05054,0.501,0.5005,0.5005,0.501,0.501,0.501,0.501,0.05127,0.501,0.05145,0.501,0.501,0.5005,0.501,0.501,0.501,0.05115,0.501,0.501,0.501,0.501,0.5005,0.501,0.501,0.5005,0.501,0.05118,0.501,0.501,0.501,0.501,0.501,0.0512,0.05142],"8":[0.498,0.498,0.498,0.4985,0.949,0.4993,0.4985,0.4983,0.949,0.499,0.499,0.4983,0.4983,0.4985,0.4985,0.4985,0.9497,0.949,0.949,0.4983,0.949,0.4983,0.949,0.9497,0.499,0.949,0.4985,0.4985,0.4985,0.4988,0.4985,0.949,0.9497,0.4985,0.4985,0.4985,0.4988,0.4985,0.4985,0.4983,0.4985,0.949,0.499,0.949,0.4985,0.4983,0.4985,0.4985,0.4985,0.4985,0.9497,0.4985,0.4985,0.4983,0.9497,0.4993,0.4983,0.4985,0.4985,0.4985,0.498,0.4983,0.499,0.9497,0.9497,0.4985,0.4983,0.4985,0.9497,0.4993,0.498,0.4985,0.4985,0.4985,0.498,0.4985,0.4985,0.4985,0.4985,0.949,0.4985,0.4983,0.9497,0.4985,0.4985,0.4985,0.4985,0.4985,0.4983,0.4985,0.4985,0.9497,0.4993,0.4988,0.4993,0.4985,0.4985,0.499,0.498,0.4993],"3":[0.5015,0.501,0.501,0.502,0.501,0.501,0.05,0.501,0.5015,0.501,0.501,0.501,0.501,0.501,0.501,0.501,0.501,0.5015,0.5015,0.502,0.501,0.501,0.501,0.5015,0.501,0.501,0.05,0.501,0.502,0.5015,0.502,0.05,0.501,0.5015,0.05,0.501,0.5015,0.501,0.501,0.501,0.05,0.5015,0.5015,0.501,0.5015,0.502,0.502,0.501,0.501,0.501,0.501,0.05,0.5015,0.502,0.501,0.501,0.501,0.501,0.501,0.501,0.501,0.501,0.5005,0.501,0.501,0.502,0.5015,0.5015,0.501,0.501,0.501,0.501,0.501,0.501,0.501,0.502,0.501,0.501,0.501,0.5015,0.5005,0.5015,0.501,0.5015,0.501,0.501,0.501,0.5015,0.5015,0.5015,0.5015,0.5015,0.5015,0.5015,0.501,0.501,0.501,0.501,0.5005,0.501],"1":[0.501,0.501,0.0504,0.0503,0.5015,0.501,0.502,0.501,0.05035,0.0503,0.0503,0.501,0.05038,0.502,0.05035,0.05038,0.501,0.0503,0.0504,0.05035,0.05032,0.0504,0.501,0.501,0.0503,0.501,0.501,0.502,0.5015,0.5015,0.501,0.5005,0.05048,0.5015,0.501,0.5015,0.5005,0.501,0.501,0.501,0.5015,0.0503,0.05017,0.5015,0.0504,0.501,0.502,0.501,0.5015,0.0504,0.502,0.501,0.501,0.502,0.501,0.0504,0.05032,0.0503,0.502,0.501,0.501,0.501,0.05032,0.0503,0.501,0.5015,0.502,0.501,0.501,0.501,0.501,0.05035,0.0503,0.05035,0.502,0.05038,0.5015,0.5015,0.501,0.05035,0.0503,0.0503,0.5015,0.5015,0.502,0.502,0.501,0.05023,0.501,0.501,0.501,0.5015,0.0503,0.5015,0.5015,0.501,0.502,0.5015,0.501,0.05032]}