{"4":{"(Float16(0.4253), Float16(0.725))":84,"(Float16(0.02939), Float16(0.3293))":4,"(Float16(0.7793), Float16(1.079))":12},"1":{"(Float16(0.506), Float16(0.8057))":91,"(Float16(0.01915), Float16(0.319))":6,"(Float16(0.9326), Float16(1.232))":3},"5":{"(Float16(0.51), Float16(0.8096))":97,"(Float16(0.04352), Float16(0.3435))":3},"2":{"(Float16(0.2734), Float16(0.573))":52,"(Float16(0.663), Float16(0.963))":48},"3":{"(Float16(0.01276), Float16(0.3127))":14,"(Float16(0.575), Float16(0.875))":84,"(Float16(0.958), Float16(1.258))":2}}