{"5":{"(Float16(0.3643), Float16(0.5645))":38,"(Float16(0.5654), Float16(0.7656))":3,"(Float16(1.85e-6), Float16(0.2))":24,"(Float16(0.8223), Float16(1.022))":35},"56":{"(Float16(0.62), Float16(0.8203))":68,"(Float16(0.3164), Float16(0.5166))":4,"(Float16(0.9507), Float16(1.15))":2,"(Float16(1.22e-5), Float16(0.2001))":26},"35":{"(Float16(0.274), Float16(0.4739))":23,"(Float16(0.0), Float16(0.2))":18,"(Float16(0.7236), Float16(0.924))":59},"55":{"(Float16(0.788), Float16(0.9883))":18,"(Float16(0.3528), Float16(0.5527))":12,"(Float16(0.0), Float16(0.2))":44,"(Float16(0.5737), Float16(0.774))":26},"60":{"(Float16(0.75), Float16(0.95))":50,"(Float16(0.0), Float16(0.2))":19,"(Float16(0.3042), Float16(0.5044))":31},"30":{"(Float16(0.823), Float16(1.023))":7,"(Float16(0.541), Float16(0.741))":74,"(Float16(0.0), Float16(0.2))":19},"32":{"(Float16(0.331), Float16(0.5312))":26,"(Float16(0.746), Float16(0.9463))":50,"(Float16(6.1e-6), Float16(0.2))":24},"6":{"(Float16(3.46e-6), Float16(0.2))":16,"(Float16(0.394), Float16(0.594))":34,"(Float16(0.7715), Float16(0.9717))":50},"67":{"(Float16(0.3926), Float16(0.593))":55,"(Float16(0.715), Float16(0.915))":31,"(Float16(0.0), Float16(0.2))":14},"45":{"(Float16(0.656), Float16(0.856))":34,"(Float16(0.386), Float16(0.586))":34,"(Float16(0.0), Float16(0.2))":32},"73":{"(Float16(0.2391), Float16(0.4392))":14,"(Float16(0.801), Float16(1.001))":47,"(Float16(0.497), Float16(0.6973))":16,"(Float16(1.717e-5), Float16(0.2001))":23},"64":{"(Float16(0.00012), Float16(0.2001))":37,"(Float16(0.3062), Float16(0.5063))":14,"(Float16(0.518), Float16(0.7183))":21,"(Float16(0.7393), Float16(0.9395))":24,"(Float16(0.945), Float16(1.145))":4},"90":{"(Float16(0.0001616), Float16(0.2002))":18,"(Float16(0.754), Float16(0.954))":52,"(Float16(0.252), Float16(0.452))":30},"4":{"(Float16(0.793), Float16(0.993))":33,"(Float16(0.3647), Float16(0.565))":24,"(Float16(0.5806), Float16(0.781))":10,"(Float16(7.75e-6), Float16(0.2))":33},"13":{"(Float16(0.865), Float16(1.065))":12,"(Float16(0.662), Float16(0.8623))":30,"(Float16(0.0), Float16(0.2))":15,"(Float16(0.4316), Float16(0.632))":43},"54":{"(Float16(0.2603), Float16(0.4602))":33,"(Float16(0.493), Float16(0.693))":6,"(Float16(0.802), Float16(1.002))":43,"(Float16(9.096e-5), Float16(0.2001))":18},"63":{"(Float16(0.2876), Float16(0.4875))":2,"(Float16(1.407e-5), Float16(0.2001))":18,"(Float16(0.509), Float16(0.709))":59,"(Float16(0.8916), Float16(1.092))":21},"86":{"(Float16(0.3164), Float16(0.5166))":27,"(Float16(0.7607), Float16(0.961))":48,"(Float16(0.0), Float16(0.2))":25},"91":{"(Float16(0.9873), Float16(1.1875))":1,"(Float16(0.4192), Float16(0.619))":8,"(Float16(0.749), Float16(0.949))":50,"(Float16(0.00010467), Float16(0.2001))":19,"(Float16(0.2131), Float16(0.413))":22},"62":{"(Float16(0.3345), Float16(0.5347))":35,"(Float16(0.7344), Float16(0.9346))":47,"(Float16(0.0), Float16(0.2))":18},"58":{"(Float16(0.7744), Float16(0.9746))":61,"(Float16(2.4e-7), Float16(0.2))":20,"(Float16(0.327), Float16(0.527))":19},"52":{"(Float16(0.84), Float16(1.04))":37,"(Float16(0.4717), Float16(0.672))":13,"(Float16(0.2715), Float16(0.4714))":22,"(Float16(0.0), Float16(0.2))":28},"12":{"(Float16(0.3237), Float16(0.524))":15,"(Float16(0.9863), Float16(1.187))":2,"(Float16(0.707), Float16(0.907))":61,"(Float16(0.0), Float16(0.2))":22},"28":{"(Float16(0.6265), Float16(0.8267))":65,"(Float16(6.4e-6), Float16(0.2))":35},"75":{"(Float16(0.269), Float16(0.469))":20,"(Float16(0.7354), Float16(0.9355))":56,"(Float16(0.0001046), Float16(0.2001))":24},"23":{"(Float16(0.4136), Float16(0.614))":42,"(Float16(0.7393), Float16(0.9395))":36,"(Float16(1.466e-5), Float16(0.2001))":22},"92":{"(Float16(0.2822), Float16(0.4822))":25,"(Float16(0.753), Float16(0.953))":50,"(Float16(0.0), Float16(0.2))":25},"41":{"(Float16(0.713), Float16(0.913))":31,"(Float16(0.9326), Float16(1.133))":2,"(Float16(0.3887), Float16(0.589))":44,"(Float16(0.0), Float16(0.2))":23},"43":{"(Float16(0.2527), Float16(0.4526))":23,"(Float16(0.705), Float16(0.9053))":57,"(Float16(0.0), Float16(0.2))":20},"11":{"(Float16(0.76), Float16(0.96))":54,"(Float16(0.3403), Float16(0.5405))":18,"(Float16(3.904e-5), Float16(0.2001))":28},"36":{"(Float16(0.876), Float16(1.076))":8,"(Float16(2.08e-5), Float16(0.2001))":11,"(Float16(0.665), Float16(0.865))":27,"(Float16(0.416), Float16(0.616))":54},"68":{"(Float16(0.8594), Float16(1.06))":12,"(Float16(0.2175), Float16(0.4175))":2,"(Float16(0.0), Float16(0.2))":18,"(Float16(0.5303), Float16(0.7305))":68},"69":{"(Float16(0.7246), Float16(0.925))":30,"(Float16(6.0e-8), Float16(0.2))":27,"(Float16(0.2815), Float16(0.4814))":27,"(Float16(0.953), Float16(1.153))":2,"(Float16(0.51), Float16(0.71))":14},"98":{"(Float16(0.4683), Float16(0.6685))":47,"(Float16(9.376e-5), Float16(0.2001))":29,"(Float16(0.91), Float16(1.11))":10,"(Float16(0.703), Float16(0.9033))":14},"82":{"(Float16(0.4219), Float16(0.622))":18,"(Float16(0.788), Float16(0.9883))":46,"(Float16(4.005e-5), Float16(0.2001))":18,"(Float16(0.2186), Float16(0.4187))":18},"85":{"(Float16(0.772), Float16(0.972))":26,"(Float16(1.67e-6), Float16(0.2))":27,"(Float16(0.5146), Float16(0.715))":47},"39":{"(Float16(0.4746), Float16(0.675))":24,"(Float16(0.0001564), Float16(0.2002))":34,"(Float16(0.8164), Float16(1.017))":32,"(Float16(0.271), Float16(0.471))":10},"84":{"(Float16(0.7793), Float16(0.9795))":46,"(Float16(9.0e-7), Float16(0.2))":34,"(Float16(0.506), Float16(0.706))":4,"(Float16(0.3042), Float16(0.5044))":16},"77":{"(Float16(0.668), Float16(0.868))":44,"(Float16(0.442), Float16(0.642))":17,"(Float16(1.0e-7), Float16(0.2))":35,"(Float16(0.8896), Float16(1.09))":4},"7":{"(Float16(0.757), Float16(0.957))":36,"(Float16(0.4897), Float16(0.69))":53,"(Float16(5.07e-6), Float16(0.2))":11},"25":{"(Float16(0.827), Float16(1.027))":46,"(Float16(0.4138), Float16(0.614))":28,"(Float16(3.0e-7), Float16(0.2))":26},"95":{"(Float16(0.641), Float16(0.8413))":18,"(Float16(0.3818), Float16(0.582))":45,"(Float16(0.848), Float16(1.048))":18,"(Float16(2.74e-6), Float16(0.2))":19},"71":{"(Float16(4.923e-5), Float16(0.2001))":22,"(Float16(0.4324), Float16(0.6323))":8,"(Float16(0.7656), Float16(0.966))":47,"(Float16(0.995), Float16(1.195))":1,"(Float16(0.2234), Float16(0.4233))":22},"66":{"(Float16(0.481), Float16(0.681))":4,"(Float16(6.0e-8), Float16(0.2))":26,"(Float16(0.2651), Float16(0.465))":20,"(Float16(0.7275), Float16(0.9277))":47,"(Float16(0.976), Float16(1.176))":3},"76":{"(Float16(0.755), Float16(0.955))":46,"(Float16(1.85e-5), Float16(0.2001))":22,"(Float16(0.2764), Float16(0.4763))":32},"34":{"(Float16(5.71e-5), Float16(0.2001))":25,"(Float16(0.3643), Float16(0.5645))":29,"(Float16(0.753), Float16(0.953))":46},"50":{"(Float16(0.4563), Float16(0.6562))":31,"(Float16(0.251), Float16(0.451))":16,"(Float16(6.0e-8), Float16(0.2))":26,"(Float16(0.874), Float16(1.074))":27},"59":{"(Float16(6.0e-8), Float16(0.2))":20,"(Float16(0.48), Float16(0.68))":51,"(Float16(0.7695), Float16(0.9697))":29},"93":{"(Float16(2.134e-5), Float16(0.2001))":19,"(Float16(0.6074), Float16(0.8076))":79,"(Float16(0.8506), Float16(1.051))":2},"2":{"(Float16(0.3018), Float16(0.502))":6,"(Float16(0.0), Float16(0.2))":26,"(Float16(0.661), Float16(0.8613))":68},"10":{"(Float16(0.5635), Float16(0.7637))":76,"(Float16(2.3e-6), Float16(0.2))":24},"18":{"(Float16(0.457), Float16(0.657))":45,"(Float16(4.137e-5), Float16(0.2001))":24,"(Float16(0.7515), Float16(0.9517))":31},"26":{"(Float16(4.97e-5), Float16(0.2001))":16,"(Float16(0.5435), Float16(0.7437))":4,"(Float16(0.8105), Float16(1.011))":37,"(Float16(0.319), Float16(0.519))":43},"27":{"(Float16(0.3228), Float16(0.523))":31,"(Float16(6.6e-7), Float16(0.2))":29,"(Float16(0.7812), Float16(0.9814))":40},"42":{"(Float16(0.4656), Float16(0.6655))":6,"(Float16(0.0), Float16(0.2))":28,"(Float16(0.2607), Float16(0.4607))":22,"(Float16(0.795), Float16(0.995))":44},"87":{"(Float16(0.8525), Float16(1.053))":36,"(Float16(0.2812), Float16(0.4812))":26,