{"5":{"(Float16(0.05), Float16(0.06))":27,"(Float16(0.5), Float16(0.51))":45,"(Float16(0.949), Float16(0.959))":28},"4":{"(Float16(0.05005), Float16(0.06006))":26,"(Float16(0.4995), Float16(0.5093))":37,"(Float16(0.9487), Float16(0.9585))":37},"6":{"(Float16(0.05005), Float16(0.06006))":18,"(Float16(0.5), Float16(0.51))":56,"(Float16(0.949), Float16(0.959))":26},"7":{"(Float16(0.05014), Float16(0.06015))":41,"(Float16(0.499), Float16(0.509))":31,"(Float16(0.949), Float16(0.959))":28},"2":{"(Float16(0.4985), Float16(0.5083))":41,"(Float16(0.05023), Float16(0.06024))":37,"(Float16(0.949), Float16(0.959))":22},"10":{"(Float16(0.05005), Float16(0.06006))":28,"(Float16(0.4995), Float16(0.5093))":45,"(Float16(0.949), Float16(0.959))":27},"9":{"(Float16(0.05), Float16(0.06))":25,"(Float16(0.5005), Float16(0.5103))":48,"(Float16(0.949), Float16(0.959))":27},"8":{"(Float16(0.05005), Float16(0.06006))":24,"(Float16(0.5), Float16(0.51))":42,"(Float16(0.9487), Float16(0.9585))":34},"3":{"(Float16(0.9497), Float16(0.9595))":11,"(Float16(0.05002), Float16(0.06003))":32,"(Float16(0.5005), Float16(0.5103))":57},"1":{"(Float16(0.05005), Float16(0.06006))":32,"(Float16(0.4995), Float16(0.5093))":46,"(Float16(0.949), Float16(0.959))":22}}