{"5":{"(Float16(9.62e-5), Float16(0.2001))":27,"(Float16(0.8438), Float16(1.044))":24,"(Float16(0.4192), Float16(0.619))":49},"56":{"(Float16(0.7773), Float16(0.9775))":49,"(Float16(0.3606), Float16(0.5605))":23,"(Float16(0.0), Float16(0.2))":28},"35":{"(Float16(0.441), Float16(0.641))":32,"(Float16(0.0001905), Float16(0.2002))":25,"(Float16(0.7466), Float16(0.947))":43},"55":{"(Float16(0.0002012), Float16(0.2002))":17,"(Float16(0.2338), Float16(0.4338))":10,"(Float16(0.6953), Float16(0.8955))":73},"60":{"(Float16(0.8555), Float16(1.056))":11,"(Float16(0.5576), Float16(0.758))":61,"(Float16(0.000231), Float16(0.2002))":28},"30":{"(Float16(0.2693), Float16(0.4692))":22,"(Float16(4.93e-5), Float16(0.2001))":29,"(Float16(0.7227), Float16(0.923))":49},"32":{"(Float16(0.8955), Float16(1.096))":2,"(Float16(0.4385), Float16(0.6387))":51,"(Float16(8.047e-5), Float16(0.2001))":26,"(Float16(0.686), Float16(0.886))":21},"6":{"(Float16(0.5586), Float16(0.759))":26,"(Float16(0.806), Float16(1.006))":17,"(Float16(6.0e-8), Float16(0.2))":57},"67":{"(Float16(0.0003443), Float16(0.2003))":22,"(Float16(0.3713), Float16(0.5713))":24,"(Float16(0.6567), Float16(0.857))":40,"(Float16(0.8667), Float16(1.066))":14},"45":{"(Float16(0.6274), Float16(0.8276))":17,"(Float16(1.12e-5), Float16(0.2))":12,"(Float16(0.8345), Float16(1.034))":24,"(Float16(0.3467), Float16(0.547))":47},"73":{"(Float16(0.3599), Float16(0.56))":65,"(Float16(0.576), Float16(0.7764))":1,"(Float16(0.8086), Float16(1.009))":24,"(Float16(1.57e-5), Float16(0.2001))":10},"64":{"(Float16(1.4e-6), Float16(0.2))":13,"(Float16(0.9326), Float16(1.133))":2,"(Float16(0.2344), Float16(0.4343))":32,"(Float16(0.6914), Float16(0.8916))":53},"90":{"(Float16(0.4165), Float16(0.6167))":47,"(Float16(0.65), Float16(0.85))":33,"(Float16(0.8657), Float16(1.065))":2,"(Float16(0.0002542), Float16(0.2002))":18},"4":{"(Float16(0.00011516), Float16(0.2001))":28,"(Float16(0.4668), Float16(0.667))":34,"(Float16(0.8125), Float16(1.013))":38},"13":{"(Float16(0.436), Float16(0.636))":49,"(Float16(0.7354), Float16(0.9355))":29,"(Float16(0.000283), Float16(0.2003))":22},"54":{"(Float16(0.00031), Float16(0.2003))":17,"(Float16(0.2666), Float16(0.4666))":36,"(Float16(0.756), Float16(0.956))":47},"63":{"(Float16(0.0003362), Float16(0.2003))":24,"(Float16(0.549), Float16(0.749))":58,"(Float16(0.7964), Float16(0.9966))":18},"86":{"(Float16(0.745), Float16(0.9453))":45,"(Float16(0.9927), Float16(1.192))":2,"(Float16(0.0001652), Float16(0.2002))":16,"(Float16(0.289), Float16(0.489))":37},"91":{"(Float16(0.462), Float16(0.662))":17,"(Float16(0.2524), Float16(0.4524))":24,"(Float16(0.0001807), Float16(0.2002))":23,"(Float16(0.8467), Float16(1.047))":36},"62":{"(Float16(0.6797), Float16(0.88))":59,"(Float16(0.9414), Float16(1.142))":1,"(Float16(0.3887), Float16(0.589))":9,"(Float16(6.0e-8), Float16(0.2))":31},"58":{"(Float16(0.2825), Float16(0.4824))":34,"(Float16(0.00015), Float16(0.2002))":16,"(Float16(0.4878), Float16(0.688))":4,"(Float16(0.7725), Float16(0.9727))":46},"52":{"(Float16(0.6064), Float16(0.8066))":64,"(Float16(0.8203), Float16(1.0205))":8,"(Float16(0.2654), Float16(0.4653))":5,"(Float16(0.0), Float16(0.2))":23},"12":{"(Float16(0.4998), Float16(0.6997))":5,"(Float16(0.0), Float16(0.2))":36,"(Float16(0.291), Float16(0.491))":3,"(Float16(0.7695), Float16(0.9697))":56},"28":{"(Float16(0.7295), Float16(0.9297))":46,"(Float16(0.4814), Float16(0.6816))":2,"(Float16(0.0), Float16(0.2))":25,"(Float16(0.2546), Float16(0.4546))":27},"75":{"(Float16(0.000133), Float16(0.2001))":30,"(Float16(0.6875), Float16(0.8877))":64,"(Float16(0.2512), Float16(0.4512))":6},"23":{"(Float16(0.3857), Float16(0.586))":45,"(Float16(5.066e-5), Float16(0.2001))":10,"(Float16(0.879), Float16(1.079))":16,"(Float16(0.6777), Float16(0.878))":29},"92":{"(Float16(0.7383), Float16(0.9385))":28,"(Float16(0.398), Float16(0.598))":43,"(Float16(0.9414), Float16(1.142))":6,"(Float16(0.0002518), Float16(0.2002))":23},"41":{"(Float16(0.0002687), Float16(0.2003))":39,"(Float16(0.371), Float16(0.5713))":20,"(Float16(0.6074), Float16(0.8076))":22,"(Float16(0.8096), Float16(1.01))":19},"43":{"(Float16(0.2391), Float16(0.4392))":1,"(Float16(3.58e-5), Float16(0.2001))":18,"(Float16(0.833), Float16(1.033))":16,"(Float16(0.484), Float16(0.684))":65},"11":{"(Float16(3.4e-6), Float16(0.2))":20,"(Float16(0.71), Float16(0.91))":58,"(Float16(0.2856), Float16(0.4856))":22},"36":{"(Float16(0.7188), Float16(0.919))":48,"(Float16(0.0001793), Float16(0.2002))":18,"(Float16(0.2324), Float16(0.4324))":34},"68":{"(Float16(0.2489), Float16(0.449))":9,"(Float16(0.0), Float16(0.2))":33,"(Float16(0.716), Float16(0.916))":58},"69":{"(Float16(0.4277), Float16(0.628))":43,"(Float16(0.0001838), Float16(0.2002))":20,"(Float16(0.6836), Float16(0.884))":37},"98":{"(Float16(0.458), Float16(0.658))":45,"(Float16(0.7334), Float16(0.9336))":29,"(Float16(0.00010943), Float16(0.2001))":26},"82":{"(Float16(0.802), Float16(1.002))":42,"(Float16(0.3184), Float16(0.5186))":20,"(Float16(0.5234), Float16(0.7236))":4,"(Float16(0.0001783), Float16(0.2002))":34},"85":{"(Float16(0.5244), Float16(0.7246))":60,"(Float16(0.869), Float16(1.069))":21,"(Float16(0.0), Float16(0.2))":16,"(Float16(0.2996), Float16(0.4995))":3},"39":{"(Float16(6.21e-5), Float16(0.2001))":25,"(Float16(0.5977), Float16(0.798))":63,"(Float16(0.3442), Float16(0.5444))":1,"(Float16(0.8467), Float16(1.047))":11},"84":{"(Float16(0.2705), Float16(0.4705))":6,"(Float16(0.0003676), Float16(0.2003))":28,"(Float16(0.6875), Float16(0.8877))":26,"(Float16(0.4836), Float16(0.6836))":40},"77":{"(Float16(0.0003932), Float16(0.2004))":55,"(Float16(0.6064), Float16(0.8066))":36,"(Float16(0.8174), Float16(1.018))":9},"7":{"(Float16(0.4766), Float16(0.677))":51,"(Float16(0.7285), Float16(0.9287))":25,"(Float16(0.00022), Float16(0.2002))":24},"25":{"(Float16(0.0003045), Float16(0.2003))":8,"(Float16(0.5615), Float16(0.7617))":20,"(Float16(0.8027), Float16(1.003))":24,"(Float16(0.2588), Float16(0.4587))":48},"95":{"(Float16(9.98e-5), Float16(0.2001))":25,"(Float16(0.6084), Float16(0.8086))":75},"71":{"(Float16(2.53e-5), Float16(0.2001))":29,"(Float16(0.462), Float16(0.662))":38,"(Float16(0.2438), Float16(0.4438))":1,"(Float16(0.665), Float16(0.865))":21,"(Float16(0.893), Float16(1.093))":11},"66":{"(Float16(0.7866), Float16(0.987))":12,"(Float16(0.585), Float16(0.785))":26,"(Float16(0.2573), Float16(0.4573))":60,"(Float16(0.0), Float16(0.2))":2},"76":{"(Float16(0.0001434), Float16(0.2002))":19,"(Float16(0.7246), Float16(0.925))":42,"(Float16(0.3035), Float16(0.5034))":39},"34":{"(Float16(0.423), Float16(0.623))":29,"(Float16(0.796), Float16(0.996))":46,"(Float16(0.0), Float16(0.2))":25},"50":{"(Float16(0.782), Float16(0.9824))":41,"(Float16(0.2155), Float16(0.4155))":20,"(Float16(0.0001729), Float16(0.2002))":19,"(Float16(0.418), Float16(0.618))":20},"59":{"(Float16(0.9854), Float16(1.186))":2,"(Float16(0.71), Float16(0.91))":45,"(Float16(4.47e-5), Float16(0.2001))":36,"(Float16(0.2231), Float16(0.423))":17},"93":{"(Float16(0.7246), Float16(0.925))":18,"(Float16(0.4604), Float16(0.6606))":56,"(Float16(0.944), Float16(1.144))":8,"(Float16(0.000531), Float16(0.2006))":18},"2":{"(Float16(0.0), Float16(0.2))":35,"(Float16(0.2268), Float16(0.4268))":3,"(Float16(0.6836), Float16(0.884))":61,"(Float16(0.4397), Float16(0.6396))":1},"10":{"(Float16(0.0007715), Float16(0.2008))":12,"(Float16(0.7354), Float16(0.9355))":40,"(Float16(0.4214), Float16(0.6216))":48},"18":{"(Float16(0.2817), Float16(0.4817))":14,"(Float16(0.0001779), Float16(0.2002))":34,"(Float16(0.7324), Float16(0.9326))":52},"26":{"(Float16(0.666), Float16(0.866))":53,"(Float16(0.2788), Float16(0.4788))":11,"(Float16(0.0), Float16(0.2))":31,"(Float16(0.9023), Float16(1.103))":5},"27":{"(Float16(0.88), Float16(1.08))":4,"(Float16(0.66), Float16(0.8604))":61,"(Float16(3.886e-5), Float16(0.2001))":31,"(Float16(0.255), Float16(0.4548))":4},"42":{"(Float16(0.7656), Float16(0.966))":45,"(Float16(1.07e-5), Float16(0.2))":32,