{"5":{"(Float16(0.0002345), Float16(1.0))":100},"56":{"(Float16(0.000247), Float16(1.0))":100},"35":{"(Float16(0.0001283), Float16(1.0))":100},"55":{"(Float16(0.00011206), Float16(1.0))":100},"60":{"(Float16(0.0002264), Float16(1.0))":100},"30":{"(Float16(0.000143), Float16(1.0))":100},"32":{"(Float16(0.0001338), Float16(1.0))":100},"6":{"(Float16(0.0002321), Float16(1.0))":100},"67":{"(Float16(0.0002873), Float16(1.0))":100},"45":{"(Float16(0.0001488), Float16(1.0))":100},"73":{"(Float16(0.0001507), Float16(1.0))":100},"64":{"(Float16(0.0001373), Float16(1.0))":100},"90":{"(Float16(0.0001673), Float16(1.0))":100},"4":{"(Float16(0.0001563), Float16(1.0))":100},"13":{"(Float16(0.000155), Float16(1.0))":100},"54":{"(Float16(0.000186), Float16(1.0))":100},"63":{"(Float16(0.0002254), Float16(1.0))":100},"86":{"(Float16(0.0001003), Float16(1.0))":100},"91":{"(Float16(0.0002584), Float16(1.0))":100},"62":{"(Float16(0.0002685), Float16(1.0))":100},"58":{"(Float16(0.0002086), Float16(1.0))":100},"52":{"(Float16(0.0001462), Float16(1.0))":100},"12":{"(Float16(0.0002407), Float16(1.0))":100},"28":{"(Float16(0.0002453), Float16(1.0))":100},"75":{"(Float16(0.0002902), Float16(1.0))":100},"23":{"(Float16(0.0001835), Float16(1.0))":100},"92":{"(Float16(0.0002322), Float16(1.0))":100},"41":{"(Float16(0.000163), Float16(1.0))":100},"43":{"(Float16(0.0002102), Float16(1.0))":100},"11":{"(Float16(0.0002646), Float16(1.0))":100},"36":{"(Float16(0.0003405), Float16(1.0))":100},"68":{"(Float16(0.0002401), Float16(1.0))":100},"69":{"(Float16(0.00026), Float16(1.0))":100},"98":{"(Float16(0.0002352), Float16(1.0))":100},"82":{"(Float16(0.0002751), Float16(1.0))":100},"85":{"(Float16(0.0001409), Float16(1.0))":100},"39":{"(Float16(0.0001693), Float16(1.0))":100},"84":{"(Float16(0.000327), Float16(1.0))":100},"77":{"(Float16(0.0002275), Float16(1.0))":100},"7":{"(Float16(0.000211), Float16(1.0))":100},"25":{"(Float16(0.0001309), Float16(1.0))":100},"95":{"(Float16(0.000225), Float16(1.0))":100},"71":{"(Float16(0.0002694), Float16(1.0))":100},"66":{"(Float16(0.0002118), Float16(1.0))":100},"76":{"(Float16(0.0001116), Float16(1.0))":100},"34":{"(Float16(0.0001658), Float16(1.0))":100},"50":{"(Float16(6.133e-5), Float16(1.0))":100},"59":{"(Float16(0.0002637), Float16(1.0))":100},"93":{"(Float16(0.0001957), Float16(1.0))":100},"2":{"(Float16(0.0001733), Float16(1.0))":100},"10":{"(Float16(0.0002218), Float16(1.0))":100},"18":{"(Float16(0.0001936), Float16(1.0))":100},"26":{"(Float16(0.000261), Float16(1.0))":100},"27":{"(Float16(0.0002369), Float16(1.0))":100},"42":{"(Float16(0.0001473), Float16(1.0))":100},"87":{"(Float16(0.000185), Float16(1.0))":100},"100":{"(Float16(0.000302), Float16(1.0))":100},"79":{"(Float16(0.000256), Float16(1.0))":100},"16":{"(Float16(0.0002271), Float16(1.0))":100},"20":{"(Float16(0.0002217), Float16(1.0))":100},"81":{"(Float16(0.000204), Float16(1.0))":100},"19":{"(Float16(0.0002277), Float16(1.0))":100},"49":{"(Float16(0.000146), Float16(1.0))":100},"44":{"(Float16(0.0002166), Float16(1.0))":100},"9":{"(Float16(0.0001922), Float16(1.0))":100},"31":{"(Float16(0.0001622), Float16(1.0))":100},"74":{"(Float16(0.0002189), Float16(1.0))":100},"61":{"(Float16(0.0001562), Float16(1.0))":100},"29":{"(Float16(9.17e-5), Float16(1.0))":100},"94":{"(Float16(0.0002394), Float16(1.0))":100},"46":{"(Float16(0.000247), Float16(1.0))":100},"57":{"(Float16(0.0002096), Float16(1.0))":100},"70":{"(Float16(0.0002046), Float16(1.0))":100},"21":{"(Float16(0.0003064), Float16(1.0))":100},"38":{"(Float16(0.0001903), Float16(1.0))":100},"88":{"(Float16(0.0002413), Float16(1.0))":100},"78":{"(Float16(0.0001593), Float16(1.0))":100},"72":{"(Float16(0.0002074), Float16(1.0))":100},"24":{"(Float16(0.00019), Float16(1.0))":100},"8":{"(Float16(0.0001208), Float16(1.0))":100},"17":{"(Float16(0.0001607), Float16(1.0))":100},"37":{"(Float16(0.000134), Float16(1.0))":100},"1":{"(Float16(0.0002244), Float16(1.0))":100},"53":{"(Float16(0.0002111), Float16(1.0))":100},"22":{"(Float16(0.0001188), Float16(1.0))":100},"47":{"(Float16(0.0002668), Float16(1.0))":100},"83":{"(Float16(0.0001452), Float16(1.0))":100},"99":{"(Float16(0.0003126), Float16(1.0))":100},"89":{"(Float16(0.0001525), Float16(1.0))":100},"14":{"(Float16(0.0001558), Float16(1.0))":100},"3":{"(Float16(0.0002149), Float16(1.0))":100},"80":{"(Float16(0.0001836), Float16(1.0))":100},"96":{"(Float16(0.0002382), Float16(1.0))":100},"51":{"(Float16(0.000254), Float16(1.0))":100},"33":{"(Float16(0.000202), Float16(1.0))":100},"40":{"(Float16(0.000249), Float16(1.0))":100},"48":{"(Float16(0.0002052), Float16(1.0))":100},"15":{"(Float16(0.000142), Float16(1.0))":100},"65":{"(Float16(0.0001068), Float16(1.0))":100},"97":{"(Float16(0.00011444), Float16(1.0))":100}}