{"5":{"(Float16(0.000945), Float16(0.301))":57,"(Float16(0.6895), Float16(0.9893))":43},"56":{"(Float16(0.001001), Float16(0.301))":17,"(Float16(0.54), Float16(0.84))":83},"35":{"(Float16(0.7227), Float16(1.022))":42,"(Float16(0.000909), Float16(0.301))":58},"55":{"(Float16(0.000845), Float16(0.3008))":41,"(Float16(0.6855), Float16(0.9854))":59},"60":{"(Float16(0.6514), Float16(0.951))":63,"(Float16(0.0009227), Float16(0.301))":37},"30":{"(Float16(0.000906), Float16(0.301))":38,"(Float16(0.699), Float16(0.999))":62},"32":{"(Float16(0.001112), Float16(0.301))":48,"(Float16(0.7275), Float16(1.027))":52},"6":{"(Float16(0.5576), Float16(0.8574))":74,"(Float16(0.001019), Float16(0.301))":26},"67":{"(Float16(0.00073), Float16(0.3008))":45,"(Float16(0.703), Float16(1.003))":55},"45":{"(Float16(0.7324), Float16(1.032))":54,"(Float16(0.0009627), Float16(0.301))":46},"73":{"(Float16(0.0007925), Float16(0.3008))":39,"(Float16(0.6377), Float16(0.9375))":61},"64":{"(Float16(0.0005493), Float16(0.3005))":46,"(Float16(0.7324), Float16(1.032))":54},"90":{"(Float16(0.4966), Float16(0.7964))":100},"4":{"(Float16(0.667), Float16(0.967))":66,"(Float16(0.0005207), Float16(0.3005))":34},"13":{"(Float16(0.000986), Float16(0.301))":36,"(Float16(0.669), Float16(0.9688))":64},"54":{"(Float16(0.6025), Float16(0.9023))":79,"(Float16(0.001051), Float16(0.301))":21},"63":{"(Float16(0.000838), Float16(0.3008))":39,"(Float16(0.6953), Float16(0.995))":61},"86":{"(Float16(0.000878), Float16(0.3008))":68,"(Float16(0.835), Float16(1.135))":32},"91":{"(Float16(0.8174), Float16(1.117))":44,"(Float16(0.0005636), Float16(0.3005))":56},"62":{"(Float16(0.0009365), Float16(0.301))":41,"(Float16(0.58), Float16(0.88))":59},"58":{"(Float16(0.001293), Float16(0.3013))":31,"(Float16(0.6494), Float16(0.949))":69},"52":{"(Float16(0.0006638), Float16(0.3008))":54,"(Float16(0.788), Float16(1.088))":46},"12":{"(Float16(0.000383), Float16(0.3003))":31,"(Float16(0.6406), Float16(0.9404))":69},"28":{"(Float16(0.000783), Float16(0.3008))":63,"(Float16(0.791), Float16(1.091))":37},"75":{"(Float16(0.0011015), Float16(0.301))":17,"(Float16(0.5), Float16(0.8))":83},"23":{"(Float16(0.0006742), Float16(0.3008))":42,"(Float16(0.6816), Float16(0.9814))":58},"92":{"(Float16(0.000794), Float16(0.3008))":43,"(Float16(0.698), Float16(0.998))":57},"41":{"(Float16(0.7734), Float16(1.073))":42,"(Float16(0.000931), Float16(0.301))":58},"43":{"(Float16(0.75), Float16(1.05))":53,"(Float16(0.000827), Float16(0.3008))":47},"11":{"(Float16(0.6084), Float16(0.908))":70,"(Float16(0.000802), Float16(0.3008))":30},"36":{"(Float16(0.6367), Float16(0.9365))":61,"(Float16(0.0009203), Float16(0.301))":39},"68":{"(Float16(0.6367), Float16(0.9365))":62,"(Float16(0.0008097), Float16(0.3008))":38},"69":{"(Float16(0.668), Float16(0.968))":58,"(Float16(0.0007486), Float16(0.3008))":42},"98":{"(Float16(0.6416), Float16(0.9414))":69,"(Float16(0.001021), Float16(0.301))":31},"82":{"(Float16(0.6367), Float16(0.9365))":68,"(Float16(0.0008087), Float16(0.3008))":32},"85":{"(Float16(0.6875), Float16(0.9873))":65,"(Float16(0.001147), Float16(0.301))":35},"39":{"(Float16(0.585), Float16(0.885))":76,"(Float16(0.001116), Float16(0.301))":24},"84":{"(Float16(0.0006995), Float16(0.3008))":65,"(Float16(0.715), Float16(1.015))":35},"77":{"(Float16(0.0008254), Float16(0.3008))":41,"(Float16(0.754), Float16(1.054))":59},"7":{"(Float16(0.7646), Float16(1.064))":43,"(Float16(0.0008135), Float16(0.3008))":57},"25":{"(Float16(0.6436), Float16(0.9434))":66,"(Float16(0.0008683), Float16(0.3008))":34},"95":{"(Float16(0.000679), Float16(0.3008))":32,"(Float16(0.6904), Float16(0.99))":68},"71":{"(Float16(0.7393), Float16(1.039))":57,"(Float16(0.0009727), Float16(0.301))":43},"66":{"(Float16(0.0009537), Float16(0.301))":34,"(Float16(0.675), Float16(0.9746))":66},"76":{"(Float16(0.436), Float16(0.736))":87,"(Float16(0.001573), Float16(0.3015))":13},"34":{"(Float16(0.8174), Float16(1.117))":45,"(Float16(0.000992), Float16(0.301))":55},"50":{"(Float16(0.000753), Float16(0.3008))":52,"(Float16(0.6934), Float16(0.993))":48},"59":{"(Float16(0.5713), Float16(0.871))":67,"(Float16(0.0008125), Float16(0.3008))":33},"93":{"(Float16(0.000942), Float16(0.301))":34,"(Float16(0.6816), Float16(0.9814))":66},"2":{"(Float16(0.001047), Float16(0.301))":38,"(Float16(0.6504), Float16(0.95))":62},"10":{"(Float16(0.0007944), Float16(0.3008))":40,"(Float16(0.6953), Float16(0.995))":60},"18":{"(Float16(0.000909), Float16(0.301))":35,"(Float16(0.6533), Float16(0.953))":65},"26":{"(Float16(0.0008345), Float16(0.3008))":54,"(Float16(0.7295), Float16(1.029))":46},"27":{"(Float16(0.5244), Float16(0.824))":100},"42":{"(Float16(0.000752), Float16(0.3008))":45,"(Float16(0.746), Float16(1.046))":55},"87":{"(Float16(0.6436), Float16(0.9434))":67,"(Float16(0.001295), Float16(0.3013))":33},"100":{"(Float16(0.6494), Float16(0.949))":62,"(Float16(0.001218), Float16(0.3013))":38},"79":{"(Float16(0.000696), Float16(0.3008))":54,"(Float16(0.752), Float16(1.052))":46},"16":{"(Float16(0.001177), Float16(0.3013))":34,"(Float16(0.62), Float16(0.92))":66},"20":{"(Float16(0.000811), Float16(0.3008))":64,"(Float16(0.7744), Float16(1.074))":36},"81":{"(Float16(0.702), Float16(1.002))":47,"(Float16(0.0004144), Float16(0.3003))":53},"19":{"(Float16(0.0007567), Float16(0.3008))":51,"(Float16(0.7725), Float16(1.072))":49},"49":{"(Float16(0.0007167), Float16(0.3008))":52,"(Float16(0.7627), Float16(1.0625))":48},"44":{"(Float16(0.7344), Float16(1.034))":55,"(Float16(0.00102), Float16(0.301))":45},"9":{"(Float16(0.547), Float16(0.8467))":77,"(Float16(0.001133), Float16(0.301))":23},"31":{"(Float16(0.000599), Float16(0.3005))":43,"(Float16(0.621), Float16(0.921))":57},"74":{"(Float16(0.6836), Float16(0.9834))":52,"(Float16(0.0004997), Float16(0.3005))":48},"61":{"(Float16(0.000918), Float16(0.301))":38,"(Float16(0.62), Float16(0.92))":62},"29":{"(Float16(0.715), Float16(1.015))":48,"(Float16(0.0008106), Float16(0.3008))":52},"94":{"(Float16(0.0007744), Float16(0.3008))":52,"(Float16(0.715), Float16(1.015))":48},"46":{"(Float16(0.0009613), Float16(0.301))":36,"(Float16(0.662), Float16(0.962))":64},"57":{"(Float16(0.0009117), Float16(0.301))":45,"(Float16(0.715), Float16(1.015))":55},"70":{"(Float16(0.000971), Float16(0.301))":31,"(Float16(0.671), Float16(0.9707))":69},"21":{"(Float16(0.0006685), Float16(0.3008))":48,"(Float16(0.706), Float16(1.006))":52},"38":{"(Float16(0.0007534), Float16(0.3008))":51,"(Float16(0.7637), Float16(1.063))":49},"88":{"(Float16(0.7275), Float16(1.027))":57,"(Float16(0.0009727), Float16(0.301))":43},"78":{"(Float16(0.000991), Float16(0.301))":23,"(Float16(0.6816), Float16(0.9814))":77},"72":{"(Float16(0.0009007), Float16(0.3008))":56,"(Float16(0.7266), Float16(1.026))":44},"24":{"(Float16(0.000805), Float16(0.3008))":32,"(Float16(0.591), Float16(0.8906))":68},"8":{"(Float16(0.001059), Float16(0.301))":48,"(Float16(0.668), Float16(0.968))":52},"17":{"(Float16(0.75), Float16(1.05))":39,"(Float16(0.000843), Float16(0.3008))":61},"37":{"(Float16(0.376), Float16(0.676))":100},"1":{"(Float16(0.000808), Float16(0.3008))":43,"(Float16(0.657), Float16(0.957))":57},"53":{"(Float16(0.0008335), Float16(0.3008))":39,"(Float16(0.658), Float16(0.958))":61},"22":{"(Float16(0.4526), Float16(0.7524))":100},"47":{"(Float16(0.632), Float16(0.9316))":55,"(Float16(0.0007915), Float16(0.3008))":45},"83":{"(Float16(0.658), Float16(0.958))":63,"(Float16(0.000738), Float16(0.3008))":37},"99":{"(Float16(0.000678), Float16(0.3008))":41,"(Float16(0.6787), Float16(0.9785))":59},"89":{"(Float16(0.7217), Float16(1.021))":53,"(Float16(0.0009317), Float16(0.301))":47},"14":{"(Float16(0.000791), Float16(0.3008))":57,"(Float16(0.785), Float16(1.085))":43},"3":{"(Float16(0.662), Float16(0.962))":57,"(Float16(0.000994), Float16(0.301))":43},"80":{"(Float16(0.0006757), Float16(0.3008))":39,"(Float16(0.7246), Float16(1.024))":61},"96":{"(Float16(0.0009117), Float16(0.301))":46,"(Float16(0.6934), Float16(0.993))":54},