{"5":{"(Float16(0.6934), Float16(0.8936))":66,"(Float16(0.001112), Float16(0.2012))":34},"56":{"(Float16(0.4727), Float16(0.673))":58,"(Float16(0.8623), Float16(1.0625))":22,"(Float16(0.001102), Float16(0.201))":20},"35":{"(Float16(0.001079), Float16(0.201))":46,"(Float16(0.6846), Float16(0.885))":54},"55":{"(Float16(0.2437), Float16(0.4436))":52,"(Float16(0.795), Float16(0.995))":48},"60":{"(Float16(0.829), Float16(1.029))":35,"(Float16(0.00103), Float16(0.201))":41,"(Float16(0.506), Float16(0.706))":24},"30":{"(Float16(0.001078), Float16(0.201))":33,"(Float16(0.834), Float16(1.034))":29,"(Float16(0.4995), Float16(0.6997))":38},"32":{"(Float16(0.2493), Float16(0.4492))":55,"(Float16(0.756), Float16(0.956))":45},"6":{"(Float16(0.2617), Float16(0.4617))":60,"(Float16(0.8145), Float16(1.015))":40},"67":{"(Float16(0.499), Float16(0.699))":49,"(Float16(0.8223), Float16(1.022))":26,"(Float16(0.001533), Float16(0.2015))":25},"45":{"(Float16(0.001347), Float16(0.2013))":27,"(Float16(0.8066), Float16(1.007))":35,"(Float16(0.4604), Float16(0.6606))":38},"73":{"(Float16(0.000952), Float16(0.2009))":41,"(Float16(0.711), Float16(0.911))":59},"64":{"(Float16(0.669), Float16(0.869))":66,"(Float16(0.001677), Float16(0.2017))":34},"90":{"(Float16(0.715), Float16(0.915))":53,"(Float16(0.2666), Float16(0.4666))":47},"4":{"(Float16(0.7705), Float16(0.9707))":35,"(Float16(0.3525), Float16(0.5527))":45,"(Float16(0.001001), Float16(0.201))":20},"13":{"(Float16(0.784), Float16(0.9844))":36,"(Float16(0.4668), Float16(0.667))":34,"(Float16(0.001607), Float16(0.2017))":30},"54":{"(Float16(0.716), Float16(0.916))":51,"(Float16(0.001001), Float16(0.201))":49},"63":{"(Float16(0.001053), Float16(0.201))":48,"(Float16(0.7207), Float16(0.921))":52},"86":{"(Float16(0.7363), Float16(0.9365))":66,"(Float16(0.000998), Float16(0.201))":34},"91":{"(Float16(0.7744), Float16(0.9746))":37,"(Float16(0.4067), Float16(0.607))":41,"(Float16(0.001322), Float16(0.2013))":22},"62":{"(Float16(0.615), Float16(0.8154))":53,"(Float16(0.001113), Float16(0.2012))":47},"58":{"(Float16(0.616), Float16(0.8164))":69,"(Float16(0.0009055), Float16(0.2009))":31},"52":{"(Float16(0.0009074), Float16(0.2009))":47,"(Float16(0.6904), Float16(0.8906))":53},"12":{"(Float16(0.000961), Float16(0.2009))":33,"(Float16(0.4863), Float16(0.6865))":35,"(Float16(0.8467), Float16(1.047))":32},"28":{"(Float16(0.000739), Float16(0.2007))":37,"(Float16(0.7227), Float16(0.923))":63},"75":{"(Float16(0.505), Float16(0.705))":46,"(Float16(0.8545), Float16(1.055))":20,"(Float16(0.001149), Float16(0.2012))":34},"23":{"(Float16(0.8457), Float16(1.046))":38,"(Float16(0.4346), Float16(0.635))":48,"(Float16(0.001999), Float16(0.202))":14},"92":{"(Float16(0.001753), Float16(0.2018))":44,"(Float16(0.756), Float16(0.956))":56},"41":{"(Float16(0.824), Float16(1.024))":36,"(Float16(0.3665), Float16(0.5664))":64},"43":{"(Float16(0.2595), Float16(0.4595))":53,"(Float16(0.7466), Float16(0.947))":47},"11":{"(Float16(0.7637), Float16(0.964))":50,"(Float16(0.252), Float16(0.452))":50},"36":{"(Float16(0.872), Float16(1.072))":31,"(Float16(0.2993), Float16(0.4993))":69},"68":{"(Float16(0.7773), Float16(0.9775))":36,"(Float16(0.5156), Float16(0.716))":35,"(Float16(0.001184), Float16(0.2012))":29},"69":{"(Float16(0.668), Float16(0.868))":68,"(Float16(0.0016365), Float16(0.2017))":32},"98":{"(Float16(0.7744), Float16(0.9746))":31,"(Float16(0.0008717), Float16(0.2009))":69},"82":{"(Float16(0.8438), Float16(1.044))":44,"(Float16(0.3105), Float16(0.5107))":56},"85":{"(Float16(0.839), Float16(1.039))":32,"(Float16(0.001625), Float16(0.2017))":24,"(Float16(0.482), Float16(0.682))":44},"39":{"(Float16(0.25), Float16(0.45))":60,"(Float16(0.7734), Float16(0.9736))":40},"84":{"(Float16(0.001235), Float16(0.2013))":45,"(Float16(0.6895), Float16(0.8896))":55},"77":{"(Float16(0.6924), Float16(0.8926))":51,"(Float16(0.0008745), Float16(0.2009))":49},"7":{"(Float16(0.0009513), Float16(0.2009))":31,"(Float16(0.833), Float16(1.033))":32,"(Float16(0.44), Float16(0.64))":37},"25":{"(Float16(0.00083), Float16(0.2008))":41,"(Float16(0.6562), Float16(0.8564))":59},"95":{"(Float16(0.2273), Float16(0.4272))":48,"(Float16(0.739), Float16(0.939))":52},"71":{"(Float16(0.3079), Float16(0.508))":58,"(Float16(0.83), Float16(1.03))":42},"66":{"(Float16(0.8555), Float16(1.056))":29,"(Float16(0.5127), Float16(0.713))":47,"(Float16(0.001387), Float16(0.2014))":24},"76":{"(Float16(0.711), Float16(0.911))":53,"(Float16(0.001386), Float16(0.2014))":47},"34":{"(Float16(0.675), Float16(0.875))":55,"(Float16(0.000841), Float16(0.2008))":45},"50":{"(Float16(0.8496), Float16(1.05))":19,"(Float16(0.5703), Float16(0.7705))":42,"(Float16(0.001587), Float16(0.2015))":39},"59":{"(Float16(0.001504), Float16(0.2015))":21,"(Float16(0.396), Float16(0.596))":42,"(Float16(0.8223), Float16(1.022))":37},"93":{"(Float16(0.001278), Float16(0.2013))":32,"(Float16(0.707), Float16(0.907))":68},"2":{"(Float16(0.001322), Float16(0.2013))":37,"(Float16(0.677), Float16(0.877))":63},"10":{"(Float16(0.6455), Float16(0.8457))":77,"(Float16(0.001762), Float16(0.2018))":23},"18":{"(Float16(0.675), Float16(0.875))":56,"(Float16(0.001274), Float16(0.2013))":44},"26":{"(Float16(0.000986), Float16(0.2009))":40,"(Float16(0.6523), Float16(0.8525))":60},"27":{"(Float16(0.214), Float16(0.414))":42,"(Float16(0.593), Float16(0.793))":30,"(Float16(0.883), Float16(1.083))":28},"42":{"(Float16(0.791), Float16(0.991))":26,"(Float16(0.503), Float16(0.703))":36,"(Float16(0.001441), Float16(0.2014))":38},"87":{"(Float16(0.74), Float16(0.9404))":45,"(Float16(0.308), Float16(0.5083))":55},"100":{"(Float16(0.726), Float16(0.9263))":49,"(Float16(0.2341), Float16(0.434))":51},"79":{"(Float16(0.4932), Float16(0.6934))":11,"(Float16(0.000978), Float16(0.2009))":36,"(Float16(0.795), Float16(0.995))":53},"16":{"(Float16(0.876), Float16(1.076))":27,"(Float16(0.001036), Float16(0.201))":29,"(Float16(0.4907), Float16(0.691))":44},"20":{"(Float16(0.829), Float16(1.029))":38,"(Float16(0.000947), Float16(0.2009))":43,"(Float16(0.3965), Float16(0.5967))":19},"81":{"(Float16(0.743), Float16(0.9434))":48,"(Float16(0.001022), Float16(0.201))":52},"19":{"(Float16(0.2795), Float16(0.4795))":61,"(Float16(0.789), Float16(0.9893))":39},"49":{"(Float16(0.787), Float16(0.9873))":41,"(Float16(0.2402), Float16(0.4402))":59},"44":{"(Float16(0.001331), Float16(0.2013))":41,"(Float16(0.633), Float16(0.833))":59},"9":{"(Float16(0.00126), Float16(0.2013))":30,"(Float16(0.475), Float16(0.6753))":22,"(Float16(0.791), Float16(0.991))":48},"31":{"(Float16(0.001297), Float16(0.2013))":39,"(Float16(0.6514), Float16(0.8516))":61},"74":{"(Float16(0.6807), Float16(0.881))":56,"(Float16(0.0009437), Float16(0.2009))":44},"61":{"(Float16(0.75), Float16(0.95))":44,"(Float16(0.00212), Float16(0.2021))":16,"(Float16(0.4268), Float16(0.627))":40},"29":{"(Float16(0.00132), Float16(0.2013))":32,"(Float16(0.627), Float16(0.827))":68},"94":{"(Float16(0.543), Float16(0.743))":41,"(Float16(0.001064), Float16(0.201))":38,"(Float16(0.91), Float16(1.11))":21},"46":{"(Float16(0.7793), Float16(0.9795))":30,"(Float16(0.2886), Float16(0.4885))":70},"57":{"(Float16(0.001108), Float16(0.201))":41,"(Float16(0.6553), Float16(0.8555))":59},"70":{"(Float16(0.001192), Float16(0.2012))":26,"(Float16(0.532), Float16(0.7324))":44,"(Float16(0.8096), Float16(1.01))":30},"21":{"(Float16(0.00124), Float16(0.2013))":32,"(Float16(0.477), Float16(0.6772))":35,"(Float16(0.832), Float16(1.032))":33},"38":{"(Float16(0.757), Float16(0.957))":52,"(Float16(0.292), Float16(0.492))":48},"88":{"(Float16(0.8027), Float16(1.003))":43,"(Float16(0.001509), Float16(0.2015))":37,"(Float16(0.507), Float16(0.707))":20},"78":{"(Float16(0.000984), Float16(0.2009))":37,"(Float16(0.4912), Float16(0.6914))":35,"(Float16(0.884), Float16(1.084))":28},"72":{"(Float16(0.8066), Float16(1.007))":36,"(Float16(0.0015545), Float16(0.2015))":29,"(Float16(0.5176), Float16(0.718))":35},"24":{"(Float16(0.7744), Float16(0.9746))":43,