{"5":{"(Float16(0.4983), Float16(0.8984))":100},"56":{"(Float16(0.497), Float16(0.897))":90,"(Float16(0.948), Float16(1.349))":10},"35":{"(Float16(0.497), Float16(0.897))":95,"(Float16(0.949), Float16(1.35))":5},"55":{"(Float16(0.05112), Float16(0.4512))":49,"(Float16(0.948), Float16(1.349))":51},"60":{"(Float16(0.05078), Float16(0.4507))":100},"30":{"(Float16(0.05096), Float16(0.451))":100},"32":{"(Float16(0.4983), Float16(0.8984))":22,"(Float16(0.947), Float16(1.347))":78},"6":{"(Float16(0.05093), Float16(0.451))":100},"67":{"(Float16(0.502), Float16(0.902))":22,"(Float16(0.05048), Float16(0.4504))":78},"45":{"(Float16(0.05115), Float16(0.4512))":69,"(Float16(0.951), Float16(1.352))":31},"73":{"(Float16(0.4976), Float16(0.8975))":100},"64":{"(Float16(0.502), Float16(0.902))":93,"(Float16(0.05017), Float16(0.4502))":7},"90":{"(Float16(0.4976), Float16(0.8975))":97,"(Float16(0.9473), Float16(1.348))":3},"4":{"(Float16(0.4978), Float16(0.898))":72,"(Float16(0.949), Float16(1.35))":28},"13":{"(Float16(0.5015), Float16(0.9014))":100},"54":{"(Float16(0.501), Float16(0.901))":100},"63":{"(Float16(0.502), Float16(0.902))":100},"86":{"(Float16(0.9478), Float16(1.348))":60,"(Float16(0.05026), Float16(0.4502))":40},"91":{"(Float16(0.497), Float16(0.897))":100},"62":{"(Float16(0.498), Float16(0.898))":98,"(Float16(0.949), Float16(1.35))":2},"58":{"(Float16(0.5015), Float16(0.9014))":91,"(Float16(0.05127), Float16(0.4512))":9},"52":{"(Float16(0.5015), Float16(0.9014))":100},"12":{"(Float16(0.4976), Float16(0.8975))":100},"28":{"(Float16(0.4976), Float16(0.8975))":100},"75":{"(Float16(0.4978), Float16(0.898))":60,"(Float16(0.951), Float16(1.352))":40},"23":{"(Float16(0.497), Float16(0.897))":100},"92":{"(Float16(0.501), Float16(0.901))":100},"41":{"(Float16(0.4973), Float16(0.8975))":100},"43":{"(Float16(0.4976), Float16(0.8975))":100},"11":{"(Float16(0.502), Float16(0.902))":100},"36":{"(Float16(0.947), Float16(1.347))":100},"68":{"(Float16(0.9478), Float16(1.348))":90,"(Float16(0.0501), Float16(0.4502))":10},"69":{"(Float16(0.4976), Float16(0.8975))":100},"98":{"(Float16(0.05045), Float16(0.4504))":28,"(Float16(0.948), Float16(1.349))":72},"82":{"(Float16(0.05023), Float16(0.4502))":63,"(Float16(0.9473), Float16(1.348))":37},"85":{"(Float16(0.4976), Float16(0.8975))":95,"(Float16(0.9463), Float16(1.347))":5},"39":{"(Float16(0.051), Float16(0.451))":100},"84":{"(Float16(0.4978), Float16(0.898))":100},"77":{"(Float16(0.05145), Float16(0.4514))":100},"7":{"(Float16(0.501), Float16(0.901))":100},"25":{"(Float16(0.4995), Float16(0.8994))":96,"(Float16(0.9473), Float16(1.348))":4},"95":{"(Float16(0.498), Float16(0.898))":100},"71":{"(Float16(0.501), Float16(0.901))":95,"(Float16(0.05127), Float16(0.4512))":5},"66":{"(Float16(0.5015), Float16(0.9014))":88,"(Float16(0.0481), Float16(0.448))":12},"76":{"(Float16(0.502), Float16(0.902))":46,"(Float16(0.05023), Float16(0.4502))":54},"34":{"(Float16(0.05115), Float16(0.4512))":56,"(Float16(0.949), Float16(1.35))":44},"50":{"(Float16(0.05032), Float16(0.4504))":41,"(Float16(0.947), Float16(1.347))":59},"59":{"(Float16(0.4978), Float16(0.898))":83,"(Float16(0.948), Float16(1.349))":17},"93":{"(Float16(0.04782), Float16(0.4478))":100},"2":{"(Float16(0.501), Float16(0.901))":100},"10":{"(Float16(0.502), Float16(0.902))":82,"(Float16(0.05026), Float16(0.4502))":18},"18":{"(Float16(0.502), Float16(0.902))":100},"26":{"(Float16(0.05103), Float16(0.451))":100},"27":{"(Float16(0.9478), Float16(1.348))":100},"42":{"(Float16(0.496), Float16(0.896))":19,"(Float16(0.948), Float16(1.349))":81},"87":{"(Float16(0.497), Float16(0.897))":62,"(Float16(0.949), Float16(1.35))":38},"100":{"(Float16(0.9478), Float16(1.348))":5,"(Float16(0.4985), Float16(0.8984))":95},"79":{"(Float16(0.5), Float16(0.9))":97,"(Float16(0.9463), Float16(1.347))":3},"16":{"(Float16(0.496), Float16(0.896))":100},"20":{"(Float16(0.502), Float16(0.902))":100},"81":{"(Float16(0.9478), Float16(1.348))":55,"(Float16(0.05078), Float16(0.4507))":45},"19":{"(Float16(0.05164), Float16(0.4517))":6,"(Float16(0.9473), Float16(1.348))":94},"49":{"(Float16(0.4983), Float16(0.8984))":100},"44":{"(Float16(0.502), Float16(0.902))":100},"9":{"(Float16(0.0497), Float16(0.4497))":6,"(Float16(0.501), Float16(0.901))":94},"31":{"(Float16(0.502), Float16(0.902))":92,"(Float16(0.0506), Float16(0.4507))":8},"74":{"(Float16(0.4973), Float16(0.8975))":100},"61":{"(Float16(0.4976), Float16(0.8975))":84,"(Float16(0.949), Float16(1.35))":16},"29":{"(Float16(0.05096), Float16(0.451))":34,"(Float16(0.948), Float16(1.349))":66},"94":{"(Float16(0.4976), Float16(0.8975))":100},"46":{"(Float16(0.05106), Float16(0.4512))":71,"(Float16(0.95), Float16(1.351))":29},"57":{"(Float16(0.502), Float16(0.902))":100},"70":{"(Float16(0.501), Float16(0.901))":100},"21":{"(Float16(0.498), Float16(0.898))":83,"(Float16(0.951), Float16(1.352))":17},"38":{"(Float16(0.0501), Float16(0.4502))":56,"(Float16(0.9473), Float16(1.348))":44},"88":{"(Float16(0.502), Float16(0.902))":100},"78":{"(Float16(0.502), Float16(0.902))":87,"(Float16(0.05005), Float16(0.45))":13},"72":{"(Float16(0.05075), Float16(0.4507))":94,"(Float16(0.948), Float16(1.349))":6},"24":{"(Float16(0.05072), Float16(0.4507))":67,"(Float16(0.948), Float16(1.349))":33},"8":{"(Float16(0.4983), Float16(0.8984))":100},"17":{"(Float16(0.949), Float16(1.35))":58,"(Float16(0.05087), Float16(0.451))":42},"37":{"(Float16(0.497), Float16(0.897))":100},"1":{"(Float16(0.9478), Float16(1.348))":56,"(Float16(0.05093), Float16(0.451))":44},"53":{"(Float16(0.5015), Float16(0.9014))":100},"22":{"(Float16(0.05078), Float16(0.4507))":78,"(Float16(0.948), Float16(1.349))":22},"47":{"(Float16(0.4973), Float16(0.8975))":100},"83":{"(Float16(0.501), Float16(0.901))":100},"99":{"(Float16(0.497), Float16(0.897))":100},"89":{"(Float16(0.9478), Float16(1.348))":60,"(Float16(0.05005), Float16(0.45))":40},"14":{"(Float16(0.05072), Float16(0.4507))":13,"(Float16(0.501), Float16(0.901))":87},"3":{"(Float16(0.497), Float16(0.897))":100},"80":{"(Float16(0.4976), Float16(0.8975))":100},"96":{"(Float16(0.05096), Float16(0.451))":66,"(Float16(0.948), Float16(1.349))":34},"51":{"(Float16(0.502), Float16(0.902))":100},"33":{"(Float16(0.05084), Float16(0.451))":9,"(Float16(0.501), Float16(0.901))":91},"40":{"(Float16(0.4976), Float16(0.8975))":87,"(Float16(0.951), Float16(1.352))":13},"48":{"(Float16(0.05096), Float16(0.451))":2,"(Float16(0.501), Float16(0.901))":98},"15":{"(Float16(0.4973), Float16(0.8975))":100},"65":{"(Float16(0.497), Float16(0.897))":100},"97":{"(Float16(0.497), Float16(0.897))":98,"(Float16(0.949), Float16(1.35))":2}}