{"5":{"(Float16(0.4336), Float16(0.4436))":78,"(Float16(0.8223), Float16(0.832))":22},"56":{"(Float16(0.0005393), Float16(0.010544))":70,"(Float16(0.6914), Float16(0.701))":30},"55":{"(Float16(0.699), Float16(0.709))":45,"(Float16(0.0004735), Float16(0.010475))":55},"35":{"(Float16(0.0006175), Float16(0.01062))":59,"(Float16(0.752), Float16(0.7617))":41},"60":{"(Float16(0.541), Float16(0.551))":86,"(Float16(0.0001826), Float16(0.010185))":14},"30":{"(Float16(0.714), Float16(0.7236))":64,"(Float16(0.000699), Float16(0.010704))":36},"32":{"(Float16(0.753), Float16(0.7627))":57,"(Float16(0.0006), Float16(0.010605))":43},"6":{"(Float16(0.94), Float16(0.9497))":1,"(Float16(0.0004866), Float16(0.01049))":4,"(Float16(0.4805), Float16(0.4905))":95},"67":{"(Float16(0.000493), Float16(0.0105))":23,"(Float16(0.5947), Float16(0.6045))":77},"45":{"(Float16(0.458), Float16(0.468))":96,"(Float16(0.0008445), Float16(0.01085))":4},"73":{"(Float16(0.5938), Float16(0.6035))":61,"(Float16(0.9155), Float16(0.9253))":1,"(Float16(0.0001868), Float16(0.010185))":38},"64":{"(Float16(0.000373), Float16(0.010376))":4,"(Float16(0.91), Float16(0.92))":5,"(Float16(0.4424), Float16(0.4524))":91},"90":{"(Float16(0.0001752), Float16(0.01018))":3,"(Float16(0.501), Float16(0.5107))":91,"(Float16(0.878), Float16(0.8877))":6},"4":{"(Float16(0.8975), Float16(0.907))":2,"(Float16(0.000381), Float16(0.01038))":18,"(Float16(0.5605), Float16(0.5703))":80},"13":{"(Float16(0.0002997), Float16(0.0103))":34,"(Float16(0.616), Float16(0.626))":66},"54":{"(Float16(0.0006003), Float16(0.010605))":43,"(Float16(0.6963), Float16(0.706))":57},"63":{"(Float16(0.0004137), Float16(0.010414))":42,"(Float16(0.7324), Float16(0.742))":58},"86":{"(Float16(0.4897), Float16(0.4998))":90,"(Float16(0.00011474), Float16(0.01012))":10},"91":{"(Float16(0.0001891), Float16(0.01019))":1,"(Float16(0.4287), Float16(0.4387))":97,"(Float16(0.752), Float16(0.7617))":2},"62":{"(Float16(0.0004263), Float16(0.01043))":37,"(Float16(0.6426), Float16(0.6523))":63},"58":{"(Float16(0.0006514), Float16(0.01065))":61,"(Float16(0.8057), Float16(0.8154))":39},"52":{"(Float16(0.0001742), Float16(0.01018))":9,"(Float16(0.9194), Float16(0.929))":8,"(Float16(0.4673), Float16(0.4773))":83},"12":{"(Float16(0.0006914), Float16(0.0107))":56,"(Float16(0.7305), Float16(0.74))":44},"28":{"(Float16(0.6973), Float16(0.707))":54,"(Float16(0.0005145), Float16(0.01051))":46},"75":{"(Float16(0.7363), Float16(0.746))":46,"(Float16(0.0006123), Float16(0.01061))":54},"23":{"(Float16(0.0003076), Float16(0.01031))":41,"(Float16(0.716), Float16(0.7256))":59},"92":{"(Float16(0.6895), Float16(0.699))":64,"(Float16(0.0005856), Float16(0.01059))":36},"41":{"(Float16(0.000627), Float16(0.01063))":22,"(Float16(0.576), Float16(0.586))":78},"43":{"(Float16(0.001593), Float16(0.0116))":3,"(Float16(0.481), Float16(0.491))":97},"69":{"(Float16(0.0001491), Float16(0.010155))":8,"(Float16(0.4731), Float16(0.4832))":92},"11":{"(Float16(0.0003653), Float16(0.01037))":23,"(Float16(0.616), Float16(0.626))":77},"68":{"(Float16(0.3135), Float16(0.3235))":79,"(Float16(0.802), Float16(0.8115))":21},"98":{"(Float16(0.746), Float16(0.756))":52,"(Float16(0.0005083), Float16(0.01051))":48},"36":{"(Float16(0.7373), Float16(0.747))":54,"(Float16(0.0003633), Float16(0.01037))":46},"82":{"(Float16(0.676), Float16(0.6855))":52,"(Float16(0.0004091), Float16(0.010414))":48},"85":{"(Float16(0.0006065), Float16(0.010605))":56,"(Float16(0.751), Float16(0.7607))":44},"39":{"(Float16(0.0007634), Float16(0.010765))":35,"(Float16(0.624), Float16(0.634))":65},"84":{"(Float16(0.4934), Float16(0.5034))":100},"77":{"(Float16(0.0006795), Float16(0.01068))":9,"(Float16(0.6035), Float16(0.6133))":91},"7":{"(Float16(0.001087), Float16(0.01109))":1,"(Float16(0.415), Float16(0.425))":99},"25":{"(Float16(0.0004725), Float16(0.010475))":54,"(Float16(0.749), Float16(0.759))":46},"95":{"(Float16(0.536), Float16(0.546))":92,"(Float16(0.0003915), Float16(0.01039))":8},"71":{"(Float16(0.000666), Float16(0.010666))":2,"(Float16(0.851), Float16(0.861))":1,"(Float16(0.5283), Float16(0.538))":97},"66":{"(Float16(0.000595), Float16(0.0106))":59,"(Float16(0.741), Float16(0.751))":41},"76":{"(Float16(0.8047), Float16(0.8145))":43,"(Float16(0.0006366), Float16(0.010635))":57},"93":{"(Float16(0.000503), Float16(0.010506))":25,"(Float16(0.6084), Float16(0.618))":75},"50":{"(Float16(0.0003881), Float16(0.01039))":24,"(Float16(0.672), Float16(0.6816))":76},"59":{"(Float16(0.6074), Float16(0.617))":91,"(Float16(0.000142), Float16(0.01015))":9},"34":{"(Float16(0.0003881), Float16(0.01039))":18,"(Float16(0.6025), Float16(0.6123))":82},"2":{"(Float16(0.6133), Float16(0.623))":82,"(Float16(0.000657), Float16(0.01066))":18},"27":{"(Float16(0.0001256), Float16(0.010124))":10,"(Float16(0.548), Float16(0.5576))":90},"10":{"(Float16(0.965), Float16(0.9746))":1,"(Float16(4.09e-5), Float16(0.01004))":3,"(Float16(0.4585), Float16(0.4685))":96},"26":{"(Float16(0.7324), Float16(0.742))":49,"(Float16(0.0003543), Float16(0.01035))":51},"18":{"(Float16(0.4624), Float16(0.4724))":97,"(Float16(0.9033), Float16(0.913))":3},"42":{"(Float16(0.000516), Float16(0.01052))":38,"(Float16(0.67), Float16(0.6797))":62},"87":{"(Float16(0.6943), Float16(0.704))":57,"(Float16(0.0009704), Float16(0.01097))":43},"100":{"(Float16(0.0001676), Float16(0.01017))":9,"(Float16(0.5596), Float16(0.5693))":91},"79":{"(Float16(0.7246), Float16(0.7344))":46,"(Float16(0.00064), Float16(0.01064))":54},"16":{"(Float16(0.000489), Float16(0.01049))":18,"(Float16(0.66), Float16(0.67))":82},"81":{"(Float16(0.5176), Float16(0.5273))":83,"(Float16(0.000488), Float16(0.01049))":17},"20":{"(Float16(0.000306), Float16(0.01031))":36,"(Float16(0.746), Float16(0.756))":64},"19":{"(Float16(0.000707), Float16(0.01071))":10,"(Float16(0.5986), Float16(0.6084))":90},"49":{"(Float16(0.3813), Float16(0.3914))":79,"(Float16(0.796), Float16(0.8057))":21},"44":{"(Float16(0.662), Float16(0.672))":69,"(Float16(0.0003972), Float16(0.0104))":31},"31":{"(Float16(0.9834), Float16(0.993))":1,"(Float16(0.0004838), Float16(0.01048))":10,"(Float16(0.545), Float16(0.5547))":89},"9":{"(Float16(0.5205), Float16(0.5303))":87,"(Float16(0.0004067), Float16(0.01041))":13},"74":{"(Float16(0.4321), Float16(0.4421))":93,"(Float16(0.8633), Float16(0.873))":5,"(Float16(0.001369), Float16(0.01137))":2},"61":{"(Float16(0.000602), Float16(0.010605))":53,"(Float16(0.7686), Float16(0.7783))":47},"29":{"(Float16(0.634), Float16(0.6436))":73,"(Float16(0.0004268), Float16(0.01043))":27},"94":{"(Float16(0.674), Float16(0.6836))":73,"(Float16(0.000614), Float16(0.01062))":27},"46":{"(Float16(0.4985), Float16(0.5083))":99,"(Float16(0.001916), Float16(0.01192))":1},"57":{"(Float16(0.6787), Float16(0.6885))":62,"(Float16(0.997), Float16(1.007))":1,"(Float16(0.0004406), Float16(0.010445))":37},"70":{"(Float16(0.746), Float16(0.756))":63,"(Float16(0.000593), Float16(0.0106))":37},"21":{"(Float16(0.0003288), Float16(0.01033))":33,"(Float16(0.661), Float16(0.671))":67},"88":{"(Float16(0.0006137), Float16(0.01061))":40,"(Float16(0.709), Float16(0.7188))":60},"38":{"(Float16(0.4111), Float16(0.4211))":99,"(Float16(0.001035), Float16(0.01104))":1},"78":{"(Float16(0.4292), Float16(0.4392))":100},"72":{"(Float16(0.0005083), Float16(0.01051))":48,"(Float16(0.631), Float16(0.6406))":52},"24":{"(Float16(0.0001831), Float16(0.010185))":12,"(Float16(0.577), Float16(0.587))":88},"8":{"(Float16(0.6455), Float16(0.6553))":67,"(Float16(0.000617), Float16(0.01062))":33},"17":{"(Float16(0.624), Float16(0.634))":77,"(Float16(0.00072), Float16(0.01072))":23},"37":{"(Float16(0.0005574), Float16(0.01056))":69,"(Float16(0.7627), Float16(0.7725))":31},"1":{"(Float16(0.7295), Float16(0.7393))":57,"(Float16(0.000578), Float16(0.01058))":43},"53":{"(Float16(0.0004258), Float16(0.01043))":49,"(Float16(0.6914), Float16(0.701))":51},"22":{"(Float16(0.000726), Float16(0.01073))":48,"(Float16(0.7627), Float16(0.7725))":52},