{"5":{"(Float16(0.6396), Float16(1.04))":62,"(Float16(7.89e-5), Float16(0.4001))":38},"56":{"(Float16(0.4731), Float16(0.873))":47,"(Float16(0.0001988), Float16(0.4001))":53},"35":{"(Float16(0.0001255), Float16(0.4001))":38,"(Float16(0.5996), Float16(0.9995))":62},"55":{"(Float16(0.0001476), Float16(0.4001))":49,"(Float16(0.6064), Float16(1.007))":51},"60":{"(Float16(0.539), Float16(0.939))":72,"(Float16(1.13e-6), Float16(0.4))":28},"30":{"(Float16(0.0002135), Float16(0.4001))":35,"(Float16(0.6523), Float16(1.053))":65},"32":{"(Float16(0.00032), Float16(0.4004))":50,"(Float16(0.673), Float16(1.073))":50},"6":{"(Float16(0.0001209), Float16(0.4001))":36,"(Float16(0.661), Float16(1.062))":64},"67":{"(Float16(6.0e-8), Float16(0.4))":89,"(Float16(0.584), Float16(0.984))":11},"45":{"(Float16(0.6904), Float16(1.091))":49,"(Float16(8.154e-5), Float16(0.4001))":51},"73":{"(Float16(0.0001382), Float16(0.4001))":37,"(Float16(0.6797), Float16(1.08))":63},"64":{"(Float16(0.0001643), Float16(0.4001))":40,"(Float16(0.659), Float16(1.06))":60},"90":{"(Float16(0.0001315), Float16(0.4001))":34,"(Float16(0.7275), Float16(1.128))":66},"4":{"(Float16(0.6465), Float16(1.047))":62,"(Float16(7.42e-5), Float16(0.4001))":38},"13":{"(Float16(0.0001259), Float16(0.4001))":40,"(Float16(0.6475), Float16(1.048))":60},"54":{"(Float16(0.6865), Float16(1.087))":48,"(Float16(0.000115), Float16(0.4001))":52},"63":{"(Float16(0.0001248), Float16(0.4001))":64,"(Float16(0.593), Float16(0.9927))":36},"86":{"(Float16(0.664), Float16(1.064))":67,"(Float16(0.000142), Float16(0.4001))":33},"91":{"(Float16(0.0001358), Float16(0.4001))":99,"(Float16(0.5874), Float16(0.9873))":1},"62":{"(Float16(0.0002096), Float16(0.4001))":35,"(Float16(0.6055), Float16(1.006))":65},"58":{"(Float16(0.000145), Float16(0.4001))":36,"(Float16(0.6787), Float16(1.079))":64},"52":{"(Float16(0.616), Float16(1.017))":64,"(Float16(0.0001545), Float16(0.4001))":36},"12":{"(Float16(0.00011206), Float16(0.4001))":40,"(Float16(0.6357), Float16(1.036))":60},"28":{"(Float16(0.5703), Float16(0.97))":75,"(Float16(0.0001457), Float16(0.4001))":25},"75":{"(Float16(0.0001489), Float16(0.4001))":100},"23":{"(Float16(0.0001295), Float16(0.4001))":35,"(Float16(0.675), Float16(1.075))":65},"92":{"(Float16(0.667), Float16(1.067))":61,"(Float16(4.864e-5), Float16(0.4001))":39},"41":{"(Float16(0.6533), Float16(1.054))":55,"(Float16(1.6e-5), Float16(0.4))":45},"43":{"(Float16(0.6816), Float16(1.082))":70,"(Float16(1.97e-6), Float16(0.4))":30},"11":{"(Float16(0.0001951), Float16(0.4001))":44,"(Float16(0.6484), Float16(1.049))":56},"36":{"(Float16(0.0001002), Float16(0.4001))":42,"(Float16(0.585), Float16(0.985))":58},"68":{"(Float16(0.6094), Float16(1.01))":77,"(Float16(0.0001858), Float16(0.4001))":23},"69":{"(Float16(0.00011206), Float16(0.4001))":31,"(Float16(0.618), Float16(1.019))":69},"98":{"(Float16(0.634), Float16(1.034))":64,"(Float16(0.0001309), Float16(0.4001))":36},"82":{"(Float16(0.6533), Float16(1.054))":66,"(Float16(0.0002577), Float16(0.4001))":34},"85":{"(Float16(0.586), Float16(0.986))":67,"(Float16(0.0001316), Float16(0.4001))":33},"39":{"(Float16(0.673), Float16(1.073))":64,"(Float16(0.00010556), Float16(0.4001))":36},"84":{"(Float16(0.0001339), Float16(0.4001))":100},"77":{"(Float16(0.5625), Float16(0.9624))":68,"(Float16(0.000252), Float16(0.4001))":32},"7":{"(Float16(0.0001345), Float16(0.4001))":100},"25":{"(Float16(0.0001717), Float16(0.4001))":35,"(Float16(0.6143), Float16(1.015))":65},"95":{"(Float16(0.0001583), Float16(0.4001))":47,"(Float16(0.547), Float16(0.947))":53},"71":{"(Float16(0.6436), Float16(1.044))":72,"(Float16(0.000317), Float16(0.4004))":28},"66":{"(Float16(0.6714), Float16(1.071))":70,"(Float16(1.687e-5), Float16(0.4))":30},"76":{"(Float16(0.673), Float16(1.073))":62,"(Float16(0.0002375), Float16(0.4001))":38},"34":{"(Float16(0.579), Float16(0.979))":1,"(Float16(0.0002148), Float16(0.4001))":99},"50":{"(Float16(0.000173), Float16(0.4001))":36,"(Float16(0.702), Float16(1.103))":64},"59":{"(Float16(0.0001845), Float16(0.4001))":29,"(Float16(0.552), Float16(0.9517))":71},"93":{"(Float16(0.0003324), Float16(0.4004))":39,"(Float16(0.5244), Float16(0.9243))":61},"2":{"(Float16(0.537), Float16(0.937))":68,"(Float16(0.0002618), Float16(0.4001))":32},"10":{"(Float16(0.621), Float16(1.021))":60,"(Float16(0.00010806), Float16(0.4001))":40},"18":{"(Float16(0.709), Float16(1.109))":63,"(Float16(0.0002203), Float16(0.4001))":37},"26":{"(Float16(0.0001047), Float16(0.4001))":100},"27":{"(Float16(0.6543), Float16(1.055))":64,"(Float16(5.245e-5), Float16(0.4001))":36},"42":{"(Float16(0.5977), Float16(0.9976))":69,"(Float16(0.00011027), Float16(0.4001))":31},"87":{"(Float16(0.625), Float16(1.025))":19,"(Float16(9.9e-6), Float16(0.4))":81},"100":{"(Float16(0.5986), Float16(0.9985))":67,"(Float16(0.0002203), Float16(0.4001))":33},"79":{"(Float16(0.631), Float16(1.031))":63,"(Float16(0.0002162), Float16(0.4001))":37},"16":{"(Float16(0.0001425), Float16(0.4001))":36,"(Float16(0.6836), Float16(1.084))":64},"20":{"(Float16(0.0001523), Float16(0.4001))":35,"(Float16(0.6494), Float16(1.05))":65},"81":{"(Float16(0.0001462), Float16(0.4001))":37,"(Float16(0.632), Float16(1.032))":63},"19":{"(Float16(5.937e-5), Float16(0.4001))":37,"(Float16(0.622), Float16(1.022))":63},"49":{"(Float16(0.000164), Float16(0.4001))":42,"(Float16(0.659), Float16(1.06))":58},"44":{"(Float16(0.6416), Float16(1.042))":73,"(Float16(0.0001628), Float16(0.4001))":27},"9":{"(Float16(0.0001638), Float16(0.4001))":41,"(Float16(0.6943), Float16(1.095))":59},"31":{"(Float16(0.000276), Float16(0.4004))":34,"(Float16(0.5723), Float16(0.972))":66},"74":{"(Float16(0.6494), Float16(1.05))":65,"(Float16(0.0001302), Float16(0.4001))":35},"61":{"(Float16(6.694e-5), Float16(0.4001))":28,"(Float16(0.6885), Float16(1.089))":72},"29":{"(Float16(0.0001926), Float16(0.4001))":32,"(Float16(0.6123), Float16(1.013))":68},"94":{"(Float16(0.0002038), Float16(0.4001))":46,"(Float16(0.6025), Float16(1.003))":54},"46":{"(Float16(0.634), Float16(1.034))":67,"(Float16(9.31e-5), Float16(0.4001))":33},"57":{"(Float16(0.000261), Float16(0.4001))":37,"(Float16(0.6406), Float16(1.041))":63},"70":{"(Float16(8.583e-5), Float16(0.4001))":48,"(Float16(0.6367), Float16(1.037))":52},"21":{"(Float16(0.6475), Float16(1.048))":81,"(Float16(0.0002313), Float16(0.4001))":19},"38":{"(Float16(0.0001748), Float16(0.4001))":45,"(Float16(0.6836), Float16(1.084))":55},"88":{"(Float16(0.0001118), Float16(0.4001))":47,"(Float16(0.534), Float16(0.934))":53},"78":{"(Float16(0.0001041), Float16(0.4001))":50,"(Float16(0.6523), Float16(1.053))":50},"72":{"(Float16(0.674), Float16(1.074))":67,"(Float16(0.000152), Float16(0.4001))":33},"24":{"(Float16(0.0001355), Float16(0.4001))":40,"(Float16(0.668), Float16(1.068))":60},"8":{"(Float16(0.669), Float16(1.069))":58,"(Float16(0.0002077), Float16(0.4001))":42},"17":{"(Float16(0.698), Float16(1.099))":65,"(Float16(0.0003228), Float16(0.4004))":35},"37":{"(Float16(0.0002366), Float16(0.4001))":24,"(Float16(0.593), Float16(0.9927))":76},"1":{"(Float16(0.9785), Float16(1.379))":2,"(Float16(0.0001489), Float16(0.4001))":98},"53":{"(Float16(0.6562), Float16(1.057))":62,"(Float16(0.00010085), Float16(0.4001))":38},"22":{"(Float16(0.6416), Float16(1.042))":61,"(Float16(0.00011253), Float16(0.4001))":39},"47":{"(Float16(0.6826), Float16(1.083))":60,"(Float16(0.0002095), Float16(0.4001))":40},"83":{"(Float16(0.000209), Float16(0.4001))":28,"(Float16(0.6416), Float16(1.042))":72},"99":{"(Float16(5.65e-5), Float16(0.4001))":58,"(Float16(0.6426), Float16(1.043))":42},"89":{"(Float16(0.7266), Float16(1.127))":54,"(Float16(0.0001628), Float16(0.4001))":46},"14":{"(Float16(7.39e-5), Float16(0.4001))":39,"(Float16(0.668), Float16(1.068))":61},"3":{"(Float16(0.5664), Float16(0.9663))":60,"(Float16(0.0001515), Float16(0.4001))":40},"80":{"(Float16(0.71), Float16(1.11))":65,"(Float16(0.00010026), Float16(0.4001))":35},"96":{"(Float16(2.7e-6), Float16(0.4))":49,